model,block_length_timestamps,block_minutes,resample,mean_rank_ic
lightgbm,12,60,0,0.0135821211933
lightgbm,12,60,1,0.0108127013308
lightgbm,12,60,2,0.0251182935111
lightgbm,12,60,3,0.00565390402801
lightgbm,12,60,4,0.0175924901226
lightgbm,12,60,5,0.00915173825803
lightgbm,12,60,6,0.0140059383526
lightgbm,12,60,7,0.0111388490445
lightgbm,12,60,8,0.0156721707246
lightgbm,12,60,9,0.0169293152506
lightgbm,12,60,10,0.0147782418975
lightgbm,12,60,11,0.0118101925958
lightgbm,12,60,12,0.00972317995163
lightgbm,12,60,13,0.0126269021212
lightgbm,12,60,14,0.015546337941
lightgbm,12,60,15,0.0218666911427
lightgbm,12,60,16,0.00870219845112
lightgbm,12,60,17,0.00616373882132
lightgbm,12,60,18,0.012675226569
lightgbm,12,60,19,0.0203321553094
lightgbm,12,60,20,0.0161197543915
lightgbm,12,60,21,0.0104347651037
lightgbm,12,60,22,0.0106006756547
lightgbm,12,60,23,0.0105410503814
lightgbm,12,60,24,0.00671867434755
lightgbm,12,60,25,0.0158106112942
lightgbm,12,60,26,0.0144645478332
lightgbm,12,60,27,0.0154303335661
lightgbm,12,60,28,0.0241278731817
lightgbm,12,60,29,0.0102775280928
lightgbm,12,60,30,0.0172176773606
lightgbm,12,60,31,0.0148596505833
lightgbm,12,60,32,0.0107370445575
lightgbm,12,60,33,0.0139679869934
lightgbm,12,60,34,0.0147071080678
lightgbm,12,60,35,0.0110607146341
lightgbm,12,60,36,0.0172985914997
lightgbm,12,60,37,0.013002149271
lightgbm,12,60,38,0.00888546016276
lightgbm,12,60,39,0.00832571400695
lightgbm,12,60,40,0.0223034781465
lightgbm,12,60,41,0.0185126207752
lightgbm,12,60,42,0.0205103807935
lightgbm,12,60,43,0.00827986795979
lightgbm,12,60,44,0.0104483523536
lightgbm,12,60,45,0.0219857246994
lightgbm,12,60,46,0.0111975837535
lightgbm,12,60,47,0.0123525572836
lightgbm,12,60,48,0.0206818924727
lightgbm,12,60,49,0.0105868537182
lightgbm,12,60,50,0.0129005571196
lightgbm,12,60,51,0.0100703703026
lightgbm,12,60,52,0.0138170267259
lightgbm,12,60,53,0.00482130272623
lightgbm,12,60,54,0.0128859729234
lightgbm,12,60,55,0.0146147608531
lightgbm,12,60,56,0.0218524731878
lightgbm,12,60,57,0.0118794698482
lightgbm,12,60,58,0.0089271218414
lightgbm,12,60,59,0.009121861254
lightgbm,12,60,60,0.0201385432552
lightgbm,12,60,61,0.0128660924532
lightgbm,12,60,62,0.0208700096433
lightgbm,12,60,63,0.0153215974802
lightgbm,12,60,64,0.0146262549198
lightgbm,12,60,65,0.0168887201385
lightgbm,12,60,66,0.0160766309031
lightgbm,12,60,67,0.00940493883308
lightgbm,12,60,68,0.00959566601328
lightgbm,12,60,69,0.00805160036192
lightgbm,12,60,70,0.00639525752257
lightgbm,12,60,71,0.00969341343996
lightgbm,12,60,72,0.0181715205087
lightgbm,12,60,73,0.0099947188326
lightgbm,12,60,74,0.026543275355
lightgbm,12,60,75,0.0131668172575
lightgbm,12,60,76,0.0138898196636
lightgbm,12,60,77,0.0130799824428
lightgbm,12,60,78,0.0140288853191
lightgbm,12,60,79,0.00752065474474
lightgbm,12,60,80,0.0136807034951
lightgbm,12,60,81,0.00390475562738
lightgbm,12,60,82,0.0155681921305
lightgbm,12,60,83,0.0140154973952
lightgbm,12,60,84,0.0148511344698
lightgbm,12,60,85,0.0139753330985
lightgbm,12,60,86,0.00901700259399
lightgbm,12,60,87,0.0049313066623
lightgbm,12,60,88,0.0167594674436
lightgbm,12,60,89,0.0105150590645
lightgbm,12,60,90,0.00978170624139
lightgbm,12,60,91,0.0171721524474
lightgbm,12,60,92,0.0185616590171
lightgbm,12,60,93,0.0141976942962
lightgbm,12,60,94,0.0101503867913
lightgbm,12,60,95,0.015575429363
lightgbm,12,60,96,0.0163031087036
lightgbm,12,60,97,0.0120085959111
lightgbm,12,60,98,0.0132130075586
lightgbm,12,60,99,0.0163990187511
lightgbm,12,60,100,0.0138134914029
lightgbm,12,60,101,0.0125110455082
lightgbm,12,60,102,0.00849950741308
lightgbm,12,60,103,0.0136302029905
lightgbm,12,60,104,0.0189841757112
lightgbm,12,60,105,0.0150049358602
lightgbm,12,60,106,0.0106372191106
lightgbm,12,60,107,0.016357980345
lightgbm,12,60,108,0.0118001221316
lightgbm,12,60,109,0.0132396331683
lightgbm,12,60,110,0.0201839681981
lightgbm,12,60,111,0.00897832808807
lightgbm,12,60,112,0.0154585919692
lightgbm,12,60,113,0.0136824765683
lightgbm,12,60,114,0.0184381643493
lightgbm,12,60,115,0.012372777925
lightgbm,12,60,116,0.0162592726055
lightgbm,12,60,117,0.0176780929103
lightgbm,12,60,118,0.0258302708086
lightgbm,12,60,119,0.0166426393589
lightgbm,12,60,120,0.0118940961888
lightgbm,12,60,121,0.0175002099714
lightgbm,12,60,122,0.0134326595905
lightgbm,12,60,123,0.00988269970244
lightgbm,12,60,124,0.00857362017609
lightgbm,12,60,125,0.0141686748661
lightgbm,12,60,126,0.0131813416409
lightgbm,12,60,127,0.0179427910706
lightgbm,12,60,128,0.0117058956024
lightgbm,12,60,129,0.0135222114195
lightgbm,12,60,130,0.0171421629458
lightgbm,12,60,131,0.0158949890486
lightgbm,12,60,132,0.0151404555892
lightgbm,12,60,133,0.0164349107265
lightgbm,12,60,134,0.018279826585
lightgbm,12,60,135,0.0134621919436
lightgbm,12,60,136,0.0169559682732
lightgbm,12,60,137,0.0133138472081
lightgbm,12,60,138,0.0118640182586
lightgbm,12,60,139,0.0192239697309
lightgbm,12,60,140,0.010636440073
lightgbm,12,60,141,0.0119503083135
lightgbm,12,60,142,0.0154831468021
lightgbm,12,60,143,0.0172199857397
lightgbm,12,60,144,0.0162014815457
lightgbm,12,60,145,0.0174449061714
lightgbm,12,60,146,0.0161052486396
lightgbm,12,60,147,0.0110829614472
lightgbm,12,60,148,0.00834531270143
lightgbm,12,60,149,0.00799611774965
lightgbm,12,60,150,0.0128883497817
lightgbm,12,60,151,0.0140067746465
lightgbm,12,60,152,0.0153438448976
lightgbm,12,60,153,0.00666559723059
lightgbm,12,60,154,0.013493641863
lightgbm,12,60,155,0.0192230932561
lightgbm,12,60,156,0.0229984780093
lightgbm,12,60,157,0.014286440776
lightgbm,12,60,158,0.00441990510235
lightgbm,12,60,159,0.0141806255539
lightgbm,12,60,160,0.0149537489786
lightgbm,12,60,161,0.0131324434197
lightgbm,12,60,162,0.0113724663005
lightgbm,12,60,163,0.0192494586647
lightgbm,12,60,164,0.00815476865766
lightgbm,12,60,165,0.0173867079224
lightgbm,12,60,166,0.018131882778
lightgbm,12,60,167,0.0183786125353
lightgbm,12,60,168,0.0102358260276
lightgbm,12,60,169,0.0116323437743
lightgbm,12,60,170,0.0188039666757
lightgbm,12,60,171,0.0126321693482
lightgbm,12,60,172,0.00703665240494
lightgbm,12,60,173,0.0216430839707
lightgbm,12,60,174,0.0129893531894
lightgbm,12,60,175,0.0155628001217
lightgbm,12,60,176,0.0197680489055
lightgbm,12,60,177,0.0143325036671
lightgbm,12,60,178,0.0181916307141
lightgbm,12,60,179,0.0214702233358
lightgbm,12,60,180,0.0201421073921
lightgbm,12,60,181,0.00456100148696
lightgbm,12,60,182,0.0140284957224
lightgbm,12,60,183,0.0106238725527
lightgbm,12,60,184,0.00968119595037
lightgbm,12,60,185,0.0173464525354
lightgbm,12,60,186,0.00965207976667
lightgbm,12,60,187,0.0098962205089
lightgbm,12,60,188,0.0166893998897
lightgbm,12,60,189,0.0193252660034
lightgbm,12,60,190,0.0116952696324
lightgbm,12,60,191,0.0109214390064
lightgbm,12,60,192,0.0190747283608
lightgbm,12,60,193,0.0136938180835
lightgbm,12,60,194,0.0223843631988
lightgbm,12,60,195,0.0164859689749
lightgbm,12,60,196,0.00925999066138
lightgbm,12,60,197,0.0107557849058
lightgbm,12,60,198,0.0147761605567
lightgbm,12,60,199,0.0101366521779
lightgbm,12,60,200,0.0118279140075
lightgbm,12,60,201,0.0152033469927
lightgbm,12,60,202,0.0119816367306
lightgbm,12,60,203,0.0067760360112
lightgbm,12,60,204,0.00740698576854
lightgbm,12,60,205,0.0177623684463
lightgbm,12,60,206,0.01377928265
lightgbm,12,60,207,0.015929210206
lightgbm,12,60,208,0.0129340591019
lightgbm,12,60,209,0.00943836933133
lightgbm,12,60,210,0.0140172892552
lightgbm,12,60,211,0.0183666357771
lightgbm,12,60,212,0.0132143156509
lightgbm,12,60,213,0.0201938855888
lightgbm,12,60,214,0.0131283978384
lightgbm,12,60,215,0.00470629636305
lightgbm,12,60,216,0.0198756669878
lightgbm,12,60,217,0.0177559213137
lightgbm,12,60,218,0.00364832477553
lightgbm,12,60,219,0.0149755583123
lightgbm,12,60,220,0.00670405377659
lightgbm,12,60,221,0.0160984093184
lightgbm,12,60,222,0.0099288076337
lightgbm,12,60,223,0.00868149091015
lightgbm,12,60,224,0.0107960185541
lightgbm,12,60,225,0.017332305498
lightgbm,12,60,226,0.0158410221681
lightgbm,12,60,227,0.0192731448303
lightgbm,12,60,228,0.0107356434916
lightgbm,12,60,229,0.014925631877
lightgbm,12,60,230,0.0229739012337
lightgbm,12,60,231,0.0144972547617
lightgbm,12,60,232,0.0130519322721
lightgbm,12,60,233,0.00839942000902
lightgbm,12,60,234,0.016280400353
lightgbm,12,60,235,0.0165345604723
lightgbm,12,60,236,0.0123612793989
lightgbm,12,60,237,0.015669932327
lightgbm,12,60,238,0.0131284280457
lightgbm,12,60,239,0.0160366782767
lightgbm,12,60,240,0.016098807036
lightgbm,12,60,241,0.0189936298126
lightgbm,12,60,242,0.0144222105543
lightgbm,12,60,243,0.00733336794861
lightgbm,12,60,244,0.0172582084943
lightgbm,12,60,245,0.0124669604173
lightgbm,12,60,246,0.00727010988946
lightgbm,12,60,247,0.0190253258562
lightgbm,12,60,248,0.00287665548776
lightgbm,12,60,249,0.0160951103023
lightgbm,12,60,250,0.0166962335474
lightgbm,12,60,251,0.0072738197624
lightgbm,12,60,252,0.0152552848048
lightgbm,12,60,253,0.00988311711591
lightgbm,12,60,254,0.0150022877804
lightgbm,12,60,255,0.0109644778098
lightgbm,12,60,256,0.0147810798996
lightgbm,12,60,257,0.00957790557138
lightgbm,12,60,258,0.00892154656085
lightgbm,12,60,259,0.0174857405375
lightgbm,12,60,260,0.0217114650863
lightgbm,12,60,261,0.014600758923
lightgbm,12,60,262,0.0112849929845
lightgbm,12,60,263,0.0161041756992
lightgbm,12,60,264,0.0110220670082
lightgbm,12,60,265,0.0140952638296
lightgbm,12,60,266,0.0163695644584
lightgbm,12,60,267,0.0191192071954
lightgbm,12,60,268,0.0133424912286
lightgbm,12,60,269,0.0175775997912
lightgbm,12,60,270,0.013028488948
lightgbm,12,60,271,0.01776264189
lightgbm,12,60,272,0.0142670326545
lightgbm,12,60,273,0.0104649286239
lightgbm,12,60,274,0.0153428983352
lightgbm,12,60,275,0.0167706981751
lightgbm,12,60,276,0.00726775970368
lightgbm,12,60,277,0.00805975133701
lightgbm,12,60,278,0.0128139469659
lightgbm,12,60,279,0.0143157349337
lightgbm,12,60,280,0.0101998510984
lightgbm,12,60,281,0.0176058670924
lightgbm,12,60,282,0.0193308142682
lightgbm,12,60,283,0.0170259867982
lightgbm,12,60,284,0.0118534094805
lightgbm,12,60,285,0.0100010415102
lightgbm,12,60,286,0.0211971406298
lightgbm,12,60,287,0.0122870152284
lightgbm,12,60,288,0.0126095116879
lightgbm,12,60,289,0.0141251405614
lightgbm,12,60,290,0.0112861644863
lightgbm,12,60,291,0.0115203166535
lightgbm,12,60,292,0.0135422339265
lightgbm,12,60,293,0.0148882956975
lightgbm,12,60,294,0.0164153612734
lightgbm,12,60,295,0.0166544701096
lightgbm,12,60,296,0.0121162690386
lightgbm,12,60,297,0.0101139625997
lightgbm,12,60,298,0.0204241570729
lightgbm,12,60,299,0.0218025934589
lightgbm,12,60,300,0.00485747882548
lightgbm,12,60,301,0.0140082585817
lightgbm,12,60,302,0.00704315355308
lightgbm,12,60,303,0.0100005472004
lightgbm,12,60,304,0.0172411769641
lightgbm,12,60,305,0.0125687807252
lightgbm,12,60,306,0.0137526400309
lightgbm,12,60,307,0.0118189157015
lightgbm,12,60,308,0.0151170687893
lightgbm,12,60,309,0.0187654188995
lightgbm,12,60,310,0.0187943257897
lightgbm,12,60,311,0.00543568164068
lightgbm,12,60,312,0.0105864384568
lightgbm,12,60,313,0.0107648454491
lightgbm,12,60,314,0.0166968838136
lightgbm,12,60,315,0.015766814064
lightgbm,12,60,316,0.018037310033
lightgbm,12,60,317,0.0105175372285
lightgbm,12,60,318,0.00895380107501
lightgbm,12,60,319,0.0135136073461
lightgbm,12,60,320,0.0213047056331
lightgbm,12,60,321,0.0161926171958
lightgbm,12,60,322,0.0148397577668
lightgbm,12,60,323,0.0109879191294
lightgbm,12,60,324,0.00889343640207
lightgbm,12,60,325,0.0119636030412
lightgbm,12,60,326,0.0187754159395
lightgbm,12,60,327,0.0196482171959
lightgbm,12,60,328,0.011304545608
lightgbm,12,60,329,0.0104729045604
lightgbm,12,60,330,0.0105234052231
lightgbm,12,60,331,0.00815762478247
lightgbm,12,60,332,0.0124739544085
lightgbm,12,60,333,0.0162160685812
lightgbm,12,60,334,0.016991263464
lightgbm,12,60,335,0.0125377335646
lightgbm,12,60,336,0.0105389905162
lightgbm,12,60,337,0.0198924084763
lightgbm,12,60,338,0.0146185431501
lightgbm,12,60,339,0.0181768635057
lightgbm,12,60,340,0.0135544867411
lightgbm,12,60,341,0.0120702564563
lightgbm,12,60,342,0.0130807106192
lightgbm,12,60,343,0.0112111716528
lightgbm,12,60,344,0.0180385648553
lightgbm,12,60,345,0.0134736745223
lightgbm,12,60,346,0.0157529572574
lightgbm,12,60,347,0.0191585781919
lightgbm,12,60,348,0.0125289755062
lightgbm,12,60,349,0.010982690647
lightgbm,12,60,350,0.0125649212848
lightgbm,12,60,351,0.0157678178406
lightgbm,12,60,352,0.0136958021096
lightgbm,12,60,353,0.0143805192831
lightgbm,12,60,354,0.0130799583781
lightgbm,12,60,355,0.0219854450958
lightgbm,12,60,356,0.0157652717852
lightgbm,12,60,357,0.0171892989222
lightgbm,12,60,358,0.0102409819654
lightgbm,12,60,359,0.00722425313566
lightgbm,12,60,360,0.01457344321
lightgbm,12,60,361,0.0119877927948
lightgbm,12,60,362,0.0156001194326
lightgbm,12,60,363,0.0181061679401
lightgbm,12,60,364,0.0157099815996
lightgbm,12,60,365,0.0117180955451
lightgbm,12,60,366,0.0152099178915
lightgbm,12,60,367,0.0149979787316
lightgbm,12,60,368,0.0133658240529
lightgbm,12,60,369,0.00927034075569
lightgbm,12,60,370,0.0191991777376
lightgbm,12,60,371,0.0161204462454
lightgbm,12,60,372,0.0213323723688
lightgbm,12,60,373,0.00842093409799
lightgbm,12,60,374,0.0145644830187
lightgbm,12,60,375,0.0108726955525
lightgbm,12,60,376,0.0175937280158
lightgbm,12,60,377,0.00751609573345
lightgbm,12,60,378,0.0103415271061
lightgbm,12,60,379,0.00613139948809
lightgbm,12,60,380,0.0159088096533
lightgbm,12,60,381,0.012221748232
lightgbm,12,60,382,0.00550476605519
lightgbm,12,60,383,0.011638337441
lightgbm,12,60,384,0.00518966101976
lightgbm,12,60,385,0.0133813168517
lightgbm,12,60,386,0.0134811548233
lightgbm,12,60,387,0.0108932753436
lightgbm,12,60,388,0.0175612617097
lightgbm,12,60,389,0.0153053720723
lightgbm,12,60,390,0.014356791942
lightgbm,12,60,391,0.0134406167725
lightgbm,12,60,392,0.00837931315154
lightgbm,12,60,393,0.0150818001847
lightgbm,12,60,394,0.0135806904759
lightgbm,12,60,395,0.00899752606362
lightgbm,12,60,396,0.0141694905857
lightgbm,12,60,397,0.0164110859576
lightgbm,12,60,398,0.0194277961013
lightgbm,12,60,399,0.00960188556848
lightgbm,12,60,400,0.0134794677479
lightgbm,12,60,401,0.00780501955167
lightgbm,12,60,402,0.00809492726398
lightgbm,12,60,403,0.0187572297057
lightgbm,12,60,404,0.00595336024209
lightgbm,12,60,405,0.00996399069498
lightgbm,12,60,406,0.0181380711907
lightgbm,12,60,407,0.0147477952207
lightgbm,12,60,408,0.0154910023637
lightgbm,12,60,409,0.010836789664
lightgbm,12,60,410,0.00998489242173
lightgbm,12,60,411,0.0122255096849
lightgbm,12,60,412,0.0158314072265
lightgbm,12,60,413,0.0131547876105
lightgbm,12,60,414,0.00557425994741
lightgbm,12,60,415,0.0124389434474
lightgbm,12,60,416,0.0192638219048
lightgbm,12,60,417,0.0129079452488
lightgbm,12,60,418,0.0125377534188
lightgbm,12,60,419,0.0112227303733
lightgbm,12,60,420,0.00972511694483
lightgbm,12,60,421,0.0113411960656
lightgbm,12,60,422,0.0121964875006
lightgbm,12,60,423,0.0148237622335
lightgbm,12,60,424,0.00870537504353
lightgbm,12,60,425,0.00821628143975
lightgbm,12,60,426,0.00905834205116
lightgbm,12,60,427,0.0133355361992
lightgbm,12,60,428,0.00921328720106
lightgbm,12,60,429,0.0099710373863
lightgbm,12,60,430,0.00811147484718
lightgbm,12,60,431,0.0236067222767
lightgbm,12,60,432,0.0155202291965
lightgbm,12,60,433,0.0150020292919
lightgbm,12,60,434,0.00799557956792
lightgbm,12,60,435,0.0138371439084
lightgbm,12,60,436,0.0162846502534
lightgbm,12,60,437,0.0107794156444
lightgbm,12,60,438,0.0152592736959
lightgbm,12,60,439,0.00919289961115
lightgbm,12,60,440,0.0104225973511
lightgbm,12,60,441,0.0159883541018
lightgbm,12,60,442,0.0137064325277
lightgbm,12,60,443,0.0170466213391
lightgbm,12,60,444,0.0132012975472
lightgbm,12,60,445,0.0150831711614
lightgbm,12,60,446,0.0237145086283
lightgbm,12,60,447,0.0144471877707
lightgbm,12,60,448,0.0142725619057
lightgbm,12,60,449,0.0133025092925
lightgbm,12,60,450,0.0105478329173
lightgbm,12,60,451,0.00632630527727
lightgbm,12,60,452,0.0183404784016
lightgbm,12,60,453,0.0128946727147
lightgbm,12,60,454,0.0141325319046
lightgbm,12,60,455,0.0146660851844
lightgbm,12,60,456,0.0103814541666
lightgbm,12,60,457,0.0162351046137
lightgbm,12,60,458,0.0167540726313
lightgbm,12,60,459,0.0191097470409
lightgbm,12,60,460,0.0178573966299
lightgbm,12,60,461,0.00764786323268
lightgbm,12,60,462,0.0111476032616
lightgbm,12,60,463,0.0106607428272
lightgbm,12,60,464,0.019199855484
lightgbm,12,60,465,0.0111210980791
lightgbm,12,60,466,0.0136242956125
lightgbm,12,60,467,0.0143567473318
lightgbm,12,60,468,0.0242152989766
lightgbm,12,60,469,0.0185700312872
lightgbm,12,60,470,0.00941417034066
lightgbm,12,60,471,0.0154710637995
lightgbm,12,60,472,0.0152472620953
lightgbm,12,60,473,0.0058510556664
lightgbm,12,60,474,0.0062196514389
lightgbm,12,60,475,0.00825432270722
lightgbm,12,60,476,0.0181250450243
lightgbm,12,60,477,0.0162039219592
lightgbm,12,60,478,0.0161014451914
lightgbm,12,60,479,0.00894834286992
lightgbm,12,60,480,0.0133949909918
lightgbm,12,60,481,0.0124399289169
lightgbm,12,60,482,0.0164388827643
lightgbm,12,60,483,0.00977597975662
lightgbm,12,60,484,0.0183623068342
lightgbm,12,60,485,0.0158485904138
lightgbm,12,60,486,0.0110954364013
lightgbm,12,60,487,0.00909181268236
lightgbm,12,60,488,0.015256498477
lightgbm,12,60,489,0.0128032616003
lightgbm,12,60,490,0.00921430386862
lightgbm,12,60,491,0.0140560153261
lightgbm,12,60,492,0.0133777493391
lightgbm,12,60,493,0.0146615572565
lightgbm,12,60,494,0.0157764939425
lightgbm,12,60,495,0.0123547677258
lightgbm,12,60,496,0.0095177030073
lightgbm,12,60,497,0.012838506244
lightgbm,12,60,498,0.012502098494
lightgbm,12,60,499,0.0135647695225
lightgbm,12,60,500,0.0151448126959
lightgbm,12,60,501,0.0186502883745
lightgbm,12,60,502,0.0208244812767
lightgbm,12,60,503,0.00795180422301
lightgbm,12,60,504,0.00869478013253
lightgbm,12,60,505,0.00395619170792
lightgbm,12,60,506,0.0148316217018
lightgbm,12,60,507,0.00949389209122
lightgbm,12,60,508,0.0156495613859
lightgbm,12,60,509,0.0195859305329
lightgbm,12,60,510,0.007026950899
lightgbm,12,60,511,0.0115491483725
lightgbm,12,60,512,0.0206344839105
lightgbm,12,60,513,0.0152918629872
lightgbm,12,60,514,0.0098520389888
lightgbm,12,60,515,0.017021250702
lightgbm,12,60,516,0.0130643490339
lightgbm,12,60,517,0.0131255290044
lightgbm,12,60,518,0.0121004399474
lightgbm,12,60,519,0.0180109175859
lightgbm,12,60,520,0.0139317779686
lightgbm,12,60,521,0.0126931966785
lightgbm,12,60,522,0.018823775975
lightgbm,12,60,523,0.0185750085593
lightgbm,12,60,524,0.0148978859718
lightgbm,12,60,525,0.018363893314
lightgbm,12,60,526,0.00986554347914
lightgbm,12,60,527,0.0186152324851
lightgbm,12,60,528,0.0165151440722
lightgbm,12,60,529,0.0104549016192
lightgbm,12,60,530,0.00972623889966
lightgbm,12,60,531,0.00311959151344
lightgbm,12,60,532,0.0156300321996
lightgbm,12,60,533,0.0162482650549
lightgbm,12,60,534,0.0149648128862
lightgbm,12,60,535,0.0120671568099
lightgbm,12,60,536,0.00518700542622
lightgbm,12,60,537,0.0173077717813
lightgbm,12,60,538,0.0168518198474
lightgbm,12,60,539,0.0118292767905
lightgbm,12,60,540,0.0139553438884
lightgbm,12,60,541,0.0185310069106
lightgbm,12,60,542,0.0170729495556
lightgbm,12,60,543,0.0171356672686
lightgbm,12,60,544,0.0133056397707
lightgbm,12,60,545,0.0130927505956
lightgbm,12,60,546,0.00961881546446
lightgbm,12,60,547,0.0136207572784
lightgbm,12,60,548,0.00907621339207
lightgbm,12,60,549,0.00844990391989
lightgbm,12,60,550,0.0222213820731
lightgbm,12,60,551,0.00766230070314
lightgbm,12,60,552,0.0186081949403
lightgbm,12,60,553,0.0140698355356
lightgbm,12,60,554,0.0114804484814
lightgbm,12,60,555,0.015026066042
lightgbm,12,60,556,0.0110485454165
lightgbm,12,60,557,0.0128406772747
lightgbm,12,60,558,0.0183703235304
lightgbm,12,60,559,0.021498176911
lightgbm,12,60,560,0.0145908245393
lightgbm,12,60,561,0.0117488911229
lightgbm,12,60,562,0.0181460944947
lightgbm,12,60,563,0.0109232301565
lightgbm,12,60,564,0.0125257651375
lightgbm,12,60,565,0.0120665115448
lightgbm,12,60,566,0.016677261652
lightgbm,12,60,567,0.0187028792627
lightgbm,12,60,568,0.0119726871956
lightgbm,12,60,569,0.012668625958
lightgbm,12,60,570,0.00779607777066
lightgbm,12,60,571,0.0178565669486
lightgbm,12,60,572,0.0125122054604
lightgbm,12,60,573,0.01156419452
lightgbm,12,60,574,0.0079980368456
lightgbm,12,60,575,0.0139619526692
lightgbm,12,60,576,0.0104080794549
lightgbm,12,60,577,0.0163100892895
lightgbm,12,60,578,0.013706644135
lightgbm,12,60,579,0.0125859322561
lightgbm,12,60,580,0.0163535231127
lightgbm,12,60,581,0.00795401702203
lightgbm,12,60,582,0.0202683472154
lightgbm,12,60,583,0.0141895055286
lightgbm,12,60,584,0.0180968849774
lightgbm,12,60,585,0.0151562041365
lightgbm,12,60,586,0.0158995820283
lightgbm,12,60,587,0.0163069730825
lightgbm,12,60,588,0.0102541121811
lightgbm,12,60,589,0.0148013823916
lightgbm,12,60,590,0.00849439425121
lightgbm,12,60,591,0.0191107259769
lightgbm,12,60,592,0.0138596537696
lightgbm,12,60,593,0.00714119267747
lightgbm,12,60,594,0.00894199690263
lightgbm,12,60,595,0.0181487615917
lightgbm,12,60,596,0.0121688860725
lightgbm,12,60,597,0.0130861376609
lightgbm,12,60,598,0.0108834702438
lightgbm,12,60,599,0.0114883787536
lightgbm,12,60,600,0.0273983537676
lightgbm,12,60,601,0.014674624234
lightgbm,12,60,602,0.00981131538376
lightgbm,12,60,603,0.00950872921288
lightgbm,12,60,604,0.018680313052
lightgbm,12,60,605,0.0152559378189
lightgbm,12,60,606,0.0164468361567
lightgbm,12,60,607,0.0162750916701
lightgbm,12,60,608,0.0173041165395
lightgbm,12,60,609,0.0141883144534
lightgbm,12,60,610,0.0256299298225
lightgbm,12,60,611,0.0151250735817
lightgbm,12,60,612,0.0135407793168
lightgbm,12,60,613,0.0117922086526
lightgbm,12,60,614,0.0174027612754
lightgbm,12,60,615,0.00682925382577
lightgbm,12,60,616,0.012244738668
lightgbm,12,60,617,0.0142857255252
lightgbm,12,60,618,0.011711727244
lightgbm,12,60,619,0.0192767250823
lightgbm,12,60,620,0.0144965507137
lightgbm,12,60,621,0.0170958125562
lightgbm,12,60,622,0.0154872788052
lightgbm,12,60,623,0.0157627131571
lightgbm,12,60,624,0.0104776221281
lightgbm,12,60,625,0.0123835492493
lightgbm,12,60,626,0.00859282847839
lightgbm,12,60,627,0.0141586623012
lightgbm,12,60,628,0.00810930405261
lightgbm,12,60,629,0.0076976413752
lightgbm,12,60,630,0.0099913436275
lightgbm,12,60,631,0.0107241974182
lightgbm,12,60,632,0.00996426956685
lightgbm,12,60,633,0.0109493899927
lightgbm,12,60,634,0.0201060179257
lightgbm,12,60,635,0.0187753246813
lightgbm,12,60,636,0.00800814234097
lightgbm,12,60,637,0.0205585505288
lightgbm,12,60,638,0.0188749941647
lightgbm,12,60,639,0.012426795027
lightgbm,12,60,640,0.011018261808
lightgbm,12,60,641,0.0153171415064
lightgbm,12,60,642,0.00847320760708
lightgbm,12,60,643,0.0111540856561
lightgbm,12,60,644,0.011560161079
lightgbm,12,60,645,0.0204057022991
lightgbm,12,60,646,0.0172112881685
lightgbm,12,60,647,0.0082303152059
lightgbm,12,60,648,0.0157057034636
lightgbm,12,60,649,0.0196083749256
lightgbm,12,60,650,0.0172158844072
lightgbm,12,60,651,0.0106405275179
lightgbm,12,60,652,0.0202149717344
lightgbm,12,60,653,0.0130715351874
lightgbm,12,60,654,0.0131624879237
lightgbm,12,60,655,0.00911523015479
lightgbm,12,60,656,0.0153775657709
lightgbm,12,60,657,0.0106076009132
lightgbm,12,60,658,0.0083288252211
lightgbm,12,60,659,0.00771258346988
lightgbm,12,60,660,0.00981916314402
lightgbm,12,60,661,0.00920638560258
lightgbm,12,60,662,0.0134006335964
lightgbm,12,60,663,0.0107380895461
lightgbm,12,60,664,0.012926742583
lightgbm,12,60,665,0.00562569094088
lightgbm,12,60,666,0.0146950941935
lightgbm,12,60,667,0.0183878416274
lightgbm,12,60,668,0.0135812650983
lightgbm,12,60,669,0.0115453945828
lightgbm,12,60,670,0.0156976134914
lightgbm,12,60,671,0.0158094493379
lightgbm,12,60,672,0.0168803298078
lightgbm,12,60,673,0.0104196284204
lightgbm,12,60,674,0.0204884023183
lightgbm,12,60,675,0.0120537650111
lightgbm,12,60,676,0.0227041787763
lightgbm,12,60,677,0.0141595972785
lightgbm,12,60,678,0.0149907110399
lightgbm,12,60,679,0.0146682059867
lightgbm,12,60,680,0.0148574782109
lightgbm,12,60,681,0.0109241248647
lightgbm,12,60,682,0.0116606209288
lightgbm,12,60,683,0.0135421717032
lightgbm,12,60,684,0.0126684014272
lightgbm,12,60,685,0.0116258191432
lightgbm,12,60,686,0.0166109773092
lightgbm,12,60,687,0.00799576464699
lightgbm,12,60,688,0.0188972660071
lightgbm,12,60,689,0.0117043630475
lightgbm,12,60,690,0.00826092497848
lightgbm,12,60,691,0.0176781913606
lightgbm,12,60,692,0.0101335153837
lightgbm,12,60,693,0.0115780483085
lightgbm,12,60,694,0.0176455020766
lightgbm,12,60,695,0.0191923675655
lightgbm,12,60,696,0.0149652203485
lightgbm,12,60,697,0.0193042288945
lightgbm,12,60,698,0.0166364576358
lightgbm,12,60,699,0.00798392928629
lightgbm,12,60,700,0.0124416533054
lightgbm,12,60,701,0.0128809773138
lightgbm,12,60,702,0.0147828663738
lightgbm,12,60,703,0.0124377940377
lightgbm,12,60,704,0.0153747774674
lightgbm,12,60,705,0.0146978864695
lightgbm,12,60,706,0.00925521290923
lightgbm,12,60,707,0.00774908546547
lightgbm,12,60,708,0.0148320530266
lightgbm,12,60,709,0.0123058586395
lightgbm,12,60,710,0.0120666808062
lightgbm,12,60,711,0.0136816805958
lightgbm,12,60,712,0.0144480807749
lightgbm,12,60,713,0.0110887583809
lightgbm,12,60,714,0.011951339085
lightgbm,12,60,715,0.00247931873677
lightgbm,12,60,716,0.0190855265569
lightgbm,12,60,717,0.0160583994036
lightgbm,12,60,718,0.0136822665326
lightgbm,12,60,719,0.016528032946
lightgbm,12,60,720,0.0108781107412
lightgbm,12,60,721,0.0111432733783
lightgbm,12,60,722,0.0114271931504
lightgbm,12,60,723,0.0123421110121
lightgbm,12,60,724,0.0148814666321
lightgbm,12,60,725,0.015933312436
lightgbm,12,60,726,0.0132255521416
lightgbm,12,60,727,0.0119708826641
lightgbm,12,60,728,0.020471573425
lightgbm,12,60,729,0.00947979798478
lightgbm,12,60,730,0.0106797113918
lightgbm,12,60,731,0.0149033315916
lightgbm,12,60,732,0.0105584109913
lightgbm,12,60,733,0.00349364102982
lightgbm,12,60,734,0.0154029019009
lightgbm,12,60,735,0.0122193297229
lightgbm,12,60,736,0.0146297832977
lightgbm,12,60,737,0.00857450612535
lightgbm,12,60,738,0.0223377905639
lightgbm,12,60,739,0.00751585065876
lightgbm,12,60,740,0.0135453757611
lightgbm,12,60,741,0.0120411103829
lightgbm,12,60,742,0.0158767469723
lightgbm,12,60,743,0.016616434871
lightgbm,12,60,744,0.0192088103415
lightgbm,12,60,745,0.018583074453
lightgbm,12,60,746,0.0134534281959
lightgbm,12,60,747,0.0251410827155
lightgbm,12,60,748,0.0156408453003
lightgbm,12,60,749,0.00948679471577
lightgbm,12,60,750,0.016021712129
lightgbm,12,60,751,0.0114064471446
lightgbm,12,60,752,0.0176515350565
lightgbm,12,60,753,0.0152108735416
lightgbm,12,60,754,0.011912277064
lightgbm,12,60,755,0.0173208819555
lightgbm,12,60,756,0.0149337723454
lightgbm,12,60,757,0.019756178254
lightgbm,12,60,758,0.0113371280436
lightgbm,12,60,759,0.00375804599983
lightgbm,12,60,760,0.0147984076888
lightgbm,12,60,761,0.0179404292381
lightgbm,12,60,762,0.017737325872
lightgbm,12,60,763,0.018202469221
lightgbm,12,60,764,0.0112439814175
lightgbm,12,60,765,0.0221364924115
lightgbm,12,60,766,0.0133803563121
lightgbm,12,60,767,0.0163916445652
lightgbm,12,60,768,0.0188226817381
lightgbm,12,60,769,0.0200479188397
lightgbm,12,60,770,0.0211433683949
lightgbm,12,60,771,0.0121637832706
lightgbm,12,60,772,0.0149307673398
lightgbm,12,60,773,0.0134252413479
lightgbm,12,60,774,0.015415185507
lightgbm,12,60,775,0.017811486522
lightgbm,12,60,776,0.0199389679234
lightgbm,12,60,777,0.0174362335827
lightgbm,12,60,778,0.0168156006648
lightgbm,12,60,779,0.0134635674342
lightgbm,12,60,780,0.0128492871692
lightgbm,12,60,781,0.00632667566305
lightgbm,12,60,782,0.0186957365302
lightgbm,12,60,783,0.0112946948403
lightgbm,12,60,784,0.0125738201482
lightgbm,12,60,785,0.011884537822
lightgbm,12,60,786,0.0131916101315
lightgbm,12,60,787,0.0147764443258
lightgbm,12,60,788,0.015205219335
lightgbm,12,60,789,0.0116040523155
lightgbm,12,60,790,0.0137694404104
lightgbm,12,60,791,0.0105399046334
lightgbm,12,60,792,0.0179745203924
lightgbm,12,60,793,0.0224581368684
lightgbm,12,60,794,0.0114936624813
lightgbm,12,60,795,0.011658209766
lightgbm,12,60,796,0.0112849616674
lightgbm,12,60,797,0.0177613787775
lightgbm,12,60,798,0.0142031423621
lightgbm,12,60,799,0.0100531383483
lightgbm,12,60,800,0.0119586473579
lightgbm,12,60,801,0.0126609716145
lightgbm,12,60,802,0.00889207336919
lightgbm,12,60,803,0.0154048103288
lightgbm,12,60,804,0.00504278590263
lightgbm,12,60,805,0.0159885171976
lightgbm,12,60,806,0.0128032683873
lightgbm,12,60,807,0.017323473634
lightgbm,12,60,808,0.0115489034527
lightgbm,12,60,809,0.0148402337758
lightgbm,12,60,810,0.0129483158782
lightgbm,12,60,811,0.0190495480494
lightgbm,12,60,812,0.0146090618274
lightgbm,12,60,813,0.0191732149104
lightgbm,12,60,814,0.0133622865863
lightgbm,12,60,815,0.0116061173401
lightgbm,12,60,816,0.0113266723024
lightgbm,12,60,817,0.0153518848066
lightgbm,12,60,818,0.0162847317857
lightgbm,12,60,819,0.0191419312174
lightgbm,12,60,820,0.0110855745052
lightgbm,12,60,821,0.0143535560663
lightgbm,12,60,822,0.0146600117297
lightgbm,12,60,823,0.0136593027592
lightgbm,12,60,824,0.0155788496064
lightgbm,12,60,825,0.0199905802041
lightgbm,12,60,826,0.0217769995037
lightgbm,12,60,827,0.0158971596505
lightgbm,12,60,828,0.0118692042292
lightgbm,12,60,829,0.00689132216495
lightgbm,12,60,830,0.00767806478162
lightgbm,12,60,831,0.0139138397127
lightgbm,12,60,832,0.0143140582901
lightgbm,12,60,833,0.0135418039958
lightgbm,12,60,834,0.0151371675271
lightgbm,12,60,835,0.00559627652171
lightgbm,12,60,836,0.0190684691005
lightgbm,12,60,837,0.0127356966823
lightgbm,12,60,838,0.0173388378815
lightgbm,12,60,839,0.0219094505696
lightgbm,12,60,840,0.00761642582056
lightgbm,12,60,841,0.0116877252816
lightgbm,12,60,842,0.0206280930177
lightgbm,12,60,843,0.0149988065671
lightgbm,12,60,844,0.0162189122346
lightgbm,12,60,845,0.00327275640546
lightgbm,12,60,846,0.0147963114326
lightgbm,12,60,847,0.00867465346435
lightgbm,12,60,848,0.0127253287439
lightgbm,12,60,849,0.0104831105911
lightgbm,12,60,850,0.0123798474442
lightgbm,12,60,851,0.0166122649835
lightgbm,12,60,852,0.0139333167231
lightgbm,12,60,853,0.0126124809023
lightgbm,12,60,854,0.00420773839812
lightgbm,12,60,855,0.0112756920936
lightgbm,12,60,856,0.0105625348303
lightgbm,12,60,857,0.0143142769928
lightgbm,12,60,858,0.0173223933141
lightgbm,12,60,859,0.0217154258201
lightgbm,12,60,860,0.0193550984424
lightgbm,12,60,861,0.017693130831
lightgbm,12,60,862,0.0125690811987
lightgbm,12,60,863,0.00714041366665
lightgbm,12,60,864,0.0127980649781
lightgbm,12,60,865,0.00573281751549
lightgbm,12,60,866,0.0150330024783
lightgbm,12,60,867,0.0158464574313
lightgbm,12,60,868,0.0151922883366
lightgbm,12,60,869,0.0165461812156
lightgbm,12,60,870,0.016188066344
lightgbm,12,60,871,0.00920184984095
lightgbm,12,60,872,0.00872945619067
lightgbm,12,60,873,0.0124004575757
lightgbm,12,60,874,0.00914863114214
lightgbm,12,60,875,0.00684056923086
lightgbm,12,60,876,0.0114421546105
lightgbm,12,60,877,0.0141981716609
lightgbm,12,60,878,0.0132600749485
lightgbm,12,60,879,0.01500223106
lightgbm,12,60,880,0.0161262300655
lightgbm,12,60,881,0.0162561070373
lightgbm,12,60,882,0.0104447663066
lightgbm,12,60,883,0.0141816671381
lightgbm,12,60,884,0.00611207678518
lightgbm,12,60,885,0.0166060068718
lightgbm,12,60,886,0.0120085633908
lightgbm,12,60,887,0.0152908877969
lightgbm,12,60,888,0.0135744047032
lightgbm,12,60,889,0.012955953172
lightgbm,12,60,890,0.0174081838611
lightgbm,12,60,891,0.0219463421326
lightgbm,12,60,892,0.0138225275056
lightgbm,12,60,893,0.0111282124771
lightgbm,12,60,894,0.0164980474408
lightgbm,12,60,895,0.00986036774972
lightgbm,12,60,896,0.016457442042
lightgbm,12,60,897,0.0152736770097
lightgbm,12,60,898,0.0223053381956
lightgbm,12,60,899,0.0183895563816
lightgbm,12,60,900,0.0108708169854
lightgbm,12,60,901,0.0179874666563
lightgbm,12,60,902,0.00946307751917
lightgbm,12,60,903,0.0193746678926
lightgbm,12,60,904,0.0177851824797
lightgbm,12,60,905,0.0161377113661
lightgbm,12,60,906,0.012061972586
lightgbm,12,60,907,0.0177562167288
lightgbm,12,60,908,0.0171472775116
lightgbm,12,60,909,0.0143223628964
lightgbm,12,60,910,0.0123027660164
lightgbm,12,60,911,0.0165722300559
lightgbm,12,60,912,0.00743838617629
lightgbm,12,60,913,0.00388241239553
lightgbm,12,60,914,0.00804467035213
lightgbm,12,60,915,0.010495410387
lightgbm,12,60,916,0.0119116300522
lightgbm,12,60,917,0.0168679516605
lightgbm,12,60,918,0.0119379996304
lightgbm,12,60,919,0.0185531957161
lightgbm,12,60,920,0.0134796032867
lightgbm,12,60,921,0.0116679353623
lightgbm,12,60,922,0.0224582807467
lightgbm,12,60,923,0.00916842306568
lightgbm,12,60,924,0.0142223136253
lightgbm,12,60,925,0.0149655948995
lightgbm,12,60,926,0.0183345140558
lightgbm,12,60,927,0.0174675365924
lightgbm,12,60,928,0.013050016802
lightgbm,12,60,929,0.00953901781046
lightgbm,12,60,930,0.0123013011485
lightgbm,12,60,931,0.0143540446984
lightgbm,12,60,932,0.0233782223001
lightgbm,12,60,933,0.0169111568314
lightgbm,12,60,934,0.0124681766221
lightgbm,12,60,935,0.0122181980977
lightgbm,12,60,936,0.0219016665759
lightgbm,12,60,937,0.0195049922055
lightgbm,12,60,938,0.0161575045823
lightgbm,12,60,939,0.00890685327129
lightgbm,12,60,940,0.0121784226467
lightgbm,12,60,941,0.0164455525495
lightgbm,12,60,942,0.0151204087009
lightgbm,12,60,943,0.0101890497264
lightgbm,12,60,944,0.0164286491686
lightgbm,12,60,945,0.0116422953252
lightgbm,12,60,946,0.0160735035793
lightgbm,12,60,947,0.0147985855007
lightgbm,12,60,948,0.0115061754781
lightgbm,12,60,949,0.0224820350237
lightgbm,12,60,950,0.0164312890092
lightgbm,12,60,951,0.0196260147857
lightgbm,12,60,952,0.0123520450205
lightgbm,12,60,953,0.011047263117
lightgbm,12,60,954,0.0142173994553
lightgbm,12,60,955,0.0161328184388
lightgbm,12,60,956,0.00867436747702
lightgbm,12,60,957,0.0112217197661
lightgbm,12,60,958,0.0136719827576
lightgbm,12,60,959,0.0102256315508
lightgbm,12,60,960,0.0146374804918
lightgbm,12,60,961,0.0173353827148
lightgbm,12,60,962,0.0133375002757
lightgbm,12,60,963,0.0112121643015
lightgbm,12,60,964,0.0128064165754
lightgbm,12,60,965,0.0100246718904
lightgbm,12,60,966,0.0135818875935
lightgbm,12,60,967,0.00522877121487
lightgbm,12,60,968,0.0161166825483
lightgbm,12,60,969,0.0102360389037
lightgbm,12,60,970,0.00308276954602
lightgbm,12,60,971,0.0107436220986
lightgbm,12,60,972,0.021160599559
lightgbm,12,60,973,0.00580195624296
lightgbm,12,60,974,0.015279576334
lightgbm,12,60,975,0.0150023984492
lightgbm,12,60,976,0.0213742619868
lightgbm,12,60,977,0.00926429571637
lightgbm,12,60,978,0.00488824904466
lightgbm,12,60,979,0.0185527403236
lightgbm,12,60,980,0.00895759937814
lightgbm,12,60,981,0.0136046980899
lightgbm,12,60,982,0.0140606281813
lightgbm,12,60,983,0.0165262143102
lightgbm,12,60,984,0.0100131184672
lightgbm,12,60,985,0.00984036631703
lightgbm,12,60,986,0.0149115197233
lightgbm,12,60,987,0.0129513211087
lightgbm,12,60,988,0.0148248441686
lightgbm,12,60,989,0.0182153134008
lightgbm,12,60,990,0.0178108511872
lightgbm,12,60,991,0.0132568455141
lightgbm,12,60,992,0.0128199123296
lightgbm,12,60,993,0.0163605038292
lightgbm,12,60,994,0.0164740259664
lightgbm,12,60,995,0.016251793635
lightgbm,12,60,996,0.00960709286982
lightgbm,12,60,997,0.00987818760077
lightgbm,12,60,998,0.012288018541
lightgbm,12,60,999,0.0117894533348
lightgbm,24,120,0,0.00788567804406
lightgbm,24,120,1,0.0144664837192
lightgbm,24,120,2,0.0165975823818
lightgbm,24,120,3,0.00719527043542
lightgbm,24,120,4,0.010870886737
lightgbm,24,120,5,0.0137084707066
lightgbm,24,120,6,0.0116003326343
lightgbm,24,120,7,0.023529387144
lightgbm,24,120,8,0.0114502996719
lightgbm,24,120,9,0.0157143893202
lightgbm,24,120,10,0.0164323094341
lightgbm,24,120,11,0.00712323925246
lightgbm,24,120,12,0.0141539299389
lightgbm,24,120,13,0.0142540509937
lightgbm,24,120,14,0.00883360291822
lightgbm,24,120,15,0.0203456597108
lightgbm,24,120,16,0.021619978886
lightgbm,24,120,17,0.0123245662576
lightgbm,24,120,18,0.00836756750505
lightgbm,24,120,19,0.0123951841313
lightgbm,24,120,20,0.0119904935921
lightgbm,24,120,21,0.00483533372813
lightgbm,24,120,22,0.0103741961077
lightgbm,24,120,23,0.019560171271
lightgbm,24,120,24,0.00676844146002
lightgbm,24,120,25,0.0170340435815
lightgbm,24,120,26,0.0129953304604
lightgbm,24,120,27,0.00536535139202
lightgbm,24,120,28,0.0136017739169
lightgbm,24,120,29,0.0144168758803
lightgbm,24,120,30,0.00999797739661
lightgbm,24,120,31,0.000727495876334
lightgbm,24,120,32,0.014413064087
lightgbm,24,120,33,0.016759217612
lightgbm,24,120,34,0.00821398918864
lightgbm,24,120,35,0.018926397056
lightgbm,24,120,36,0.0191215105525
lightgbm,24,120,37,0.0171278726504
lightgbm,24,120,38,0.0167002716114
lightgbm,24,120,39,0.0210892398494
lightgbm,24,120,40,0.00479550026578
lightgbm,24,120,41,0.0123890895215
lightgbm,24,120,42,0.0146641311673
lightgbm,24,120,43,0.00740824251485
lightgbm,24,120,44,0.0149889874741
lightgbm,24,120,45,0.0132784530679
lightgbm,24,120,46,0.0122738000217
lightgbm,24,120,47,0.0230875148588
lightgbm,24,120,48,0.0079321271922
lightgbm,24,120,49,0.0108069941102
lightgbm,24,120,50,0.0110663014397
lightgbm,24,120,51,0.0122601712313
lightgbm,24,120,52,0.0223794844572
lightgbm,24,120,53,0.00345485466664
lightgbm,24,120,54,0.0133129754851
lightgbm,24,120,55,0.00891867050284
lightgbm,24,120,56,0.0175929986689
lightgbm,24,120,57,0.0185306177338
lightgbm,24,120,58,0.0117530496745
lightgbm,24,120,59,0.013600727541
lightgbm,24,120,60,0.018997992601
lightgbm,24,120,61,0.0101403902455
lightgbm,24,120,62,0.0139895889914
lightgbm,24,120,63,0.014384043583
lightgbm,24,120,64,0.00695731395337
lightgbm,24,120,65,0.0124024749453
lightgbm,24,120,66,0.00670604207023
lightgbm,24,120,67,0.0136615914432
lightgbm,24,120,68,0.0221828911644
lightgbm,24,120,69,0.0171686358211
lightgbm,24,120,70,0.0146078614854
lightgbm,24,120,71,0.0124037451758
lightgbm,24,120,72,0.00866063102788
lightgbm,24,120,73,0.0045924869666
lightgbm,24,120,74,0.0111211525165
lightgbm,24,120,75,0.0207403030983
lightgbm,24,120,76,0.0114187437181
lightgbm,24,120,77,0.0174097333536
lightgbm,24,120,78,0.0141307691762
lightgbm,24,120,79,0.00869190067682
lightgbm,24,120,80,0.0105955729428
lightgbm,24,120,81,0.015053669001
lightgbm,24,120,82,0.0123988580391
lightgbm,24,120,83,0.015002305328
lightgbm,24,120,84,0.0127571164194
lightgbm,24,120,85,0.0160406758028
lightgbm,24,120,86,0.0120985088552
lightgbm,24,120,87,0.0160466052383
lightgbm,24,120,88,0.0126938924534
lightgbm,24,120,89,0.0129102248972
lightgbm,24,120,90,0.012224308177
lightgbm,24,120,91,0.0105045751851
lightgbm,24,120,92,0.00591535758908
lightgbm,24,120,93,0.0133414491611
lightgbm,24,120,94,0.0151076332169
lightgbm,24,120,95,0.0108755768541
lightgbm,24,120,96,0.0239892009856
lightgbm,24,120,97,0.00877630383064
lightgbm,24,120,98,0.0163543826741
lightgbm,24,120,99,0.00770009011487
lightgbm,24,120,100,0.0152133256898
lightgbm,24,120,101,0.000362554496881
lightgbm,24,120,102,0.00608120371427
lightgbm,24,120,103,0.00819826169653
lightgbm,24,120,104,0.00918133357445
lightgbm,24,120,105,0.014564707512
lightgbm,24,120,106,0.00376950591444
lightgbm,24,120,107,0.0138100652693
lightgbm,24,120,108,0.0130644350895
lightgbm,24,120,109,0.00684497177879
lightgbm,24,120,110,0.0179572572855
lightgbm,24,120,111,0.0159678732634
lightgbm,24,120,112,0.0170426863546
lightgbm,24,120,113,0.0123209444201
lightgbm,24,120,114,0.0120730878145
lightgbm,24,120,115,0.013015914332
lightgbm,24,120,116,0.0142033312469
lightgbm,24,120,117,0.0142857188188
lightgbm,24,120,118,0.0111317833109
lightgbm,24,120,119,0.0147886443276
lightgbm,24,120,120,0.0121331099593
lightgbm,24,120,121,0.00989462778689
lightgbm,24,120,122,0.019541696689
lightgbm,24,120,123,0.0186217147457
lightgbm,24,120,124,0.0124446595105
lightgbm,24,120,125,0.0125615005292
lightgbm,24,120,126,0.0193204930388
lightgbm,24,120,127,0.009631267655
lightgbm,24,120,128,0.0169668545627
lightgbm,24,120,129,0.020211806372
lightgbm,24,120,130,0.0156255343828
lightgbm,24,120,131,0.011610603886
lightgbm,24,120,132,0.0101536127017
lightgbm,24,120,133,0.0220160266486
lightgbm,24,120,134,0.0159327689361
lightgbm,24,120,135,0.0146632700609
lightgbm,24,120,136,0.0180344717833
lightgbm,24,120,137,0.00738380037315
lightgbm,24,120,138,0.0205185077081
lightgbm,24,120,139,0.0114979616041
lightgbm,24,120,140,0.0195068566735
lightgbm,24,120,141,0.0134300060498
lightgbm,24,120,142,0.0104801576719
lightgbm,24,120,143,0.018017898431
lightgbm,24,120,144,0.0106117689988
lightgbm,24,120,145,0.00544160390617
lightgbm,24,120,146,0.0180333505474
lightgbm,24,120,147,0.0135211294187
lightgbm,24,120,148,0.014102527325
lightgbm,24,120,149,0.0104349623976
lightgbm,24,120,150,0.00924435508823
lightgbm,24,120,151,0.0131451467894
lightgbm,24,120,152,0.0107588760771
lightgbm,24,120,153,0.0133262278706
lightgbm,24,120,154,0.0104338409477
lightgbm,24,120,155,0.0243690772466
lightgbm,24,120,156,0.0136824359647
lightgbm,24,120,157,0.0100135345553
lightgbm,24,120,158,0.00732766487186
lightgbm,24,120,159,0.00666521545649
lightgbm,24,120,160,0.0150629258261
lightgbm,24,120,161,0.0105933939262
lightgbm,24,120,162,0.0219598523209
lightgbm,24,120,163,0.0179679494331
lightgbm,24,120,164,0.0202199029636
lightgbm,24,120,165,0.0140125383711
lightgbm,24,120,166,0.0192337552762
lightgbm,24,120,167,0.0138551037428
lightgbm,24,120,168,0.00661442004138
lightgbm,24,120,169,0.0150222956999
lightgbm,24,120,170,0.0115980913021
lightgbm,24,120,171,0.0137885778776
lightgbm,24,120,172,0.0112187342926
lightgbm,24,120,173,0.00595636359117
lightgbm,24,120,174,0.0122828742812
lightgbm,24,120,175,0.0182434039361
lightgbm,24,120,176,0.0227135171874
lightgbm,24,120,177,0.0147064461974
lightgbm,24,120,178,0.0110605170304
lightgbm,24,120,179,0.0135718095439
lightgbm,24,120,180,0.00879722690069
lightgbm,24,120,181,0.0173512737375
lightgbm,24,120,182,0.00514028084502
lightgbm,24,120,183,0.014670115025
lightgbm,24,120,184,0.0124719285022
lightgbm,24,120,185,0.00924558323059
lightgbm,24,120,186,0.0114470177142
lightgbm,24,120,187,0.0117115861641
lightgbm,24,120,188,0.0124376225142
lightgbm,24,120,189,0.0146079150609
lightgbm,24,120,190,0.0104558190237
lightgbm,24,120,191,0.0189093534651
lightgbm,24,120,192,0.00969339248581
lightgbm,24,120,193,0.0131793884924
lightgbm,24,120,194,0.0110873561306
lightgbm,24,120,195,0.0234626998658
lightgbm,24,120,196,0.0112693840638
lightgbm,24,120,197,0.00484073428316
lightgbm,24,120,198,0.0151454834152
lightgbm,24,120,199,0.0132063471578
lightgbm,24,120,200,0.0170131589038
lightgbm,24,120,201,0.00980937719138
lightgbm,24,120,202,0.0155275750913
lightgbm,24,120,203,0.0111179008091
lightgbm,24,120,204,0.0150240499436
lightgbm,24,120,205,0.0114697615367
lightgbm,24,120,206,0.0146813280505
lightgbm,24,120,207,0.0160528063975
lightgbm,24,120,208,0.00950703662246
lightgbm,24,120,209,0.00770972164723
lightgbm,24,120,210,0.0132298433611
lightgbm,24,120,211,0.0108106586688
lightgbm,24,120,212,0.00717907430818
lightgbm,24,120,213,0.0157143769218
lightgbm,24,120,214,0.0131247358732
lightgbm,24,120,215,0.00350469446557
lightgbm,24,120,216,0.0102789492834
lightgbm,24,120,217,0.0116000219513
lightgbm,24,120,218,0.0117912076071
lightgbm,24,120,219,0.013388409315
lightgbm,24,120,220,0.0137302796683
lightgbm,24,120,221,0.0200311567141
lightgbm,24,120,222,0.0109798492801
lightgbm,24,120,223,0.00776054567024
lightgbm,24,120,224,0.0156659027142
lightgbm,24,120,225,0.0106982457577
lightgbm,24,120,226,0.0162450826295
lightgbm,24,120,227,0.0144682847437
lightgbm,24,120,228,0.0163841092354
lightgbm,24,120,229,0.00844182971388
lightgbm,24,120,230,0.0222602815507
lightgbm,24,120,231,0.00621033210415
lightgbm,24,120,232,0.0103580303941
lightgbm,24,120,233,0.0112227713244
lightgbm,24,120,234,0.00855319012261
lightgbm,24,120,235,0.0187112045552
lightgbm,24,120,236,0.0117160383937
lightgbm,24,120,237,0.0143330027593
lightgbm,24,120,238,0.0154685226644
lightgbm,24,120,239,0.0140581538906
lightgbm,24,120,240,0.0171618228222
lightgbm,24,120,241,0.00540490102133
lightgbm,24,120,242,0.0124733941094
lightgbm,24,120,243,0.00858775057593
lightgbm,24,120,244,0.00765345465451
lightgbm,24,120,245,0.0160984191537
lightgbm,24,120,246,0.0132915111128
lightgbm,24,120,247,0.0130721770534
lightgbm,24,120,248,0.0152389673634
lightgbm,24,120,249,0.00668609701628
lightgbm,24,120,250,0.0158102402482
lightgbm,24,120,251,0.0160920100343
lightgbm,24,120,252,0.012353936195
lightgbm,24,120,253,0.0175516206694
lightgbm,24,120,254,0.0111480018221
lightgbm,24,120,255,0.0108689836012
lightgbm,24,120,256,0.0191875048625
lightgbm,24,120,257,0.0105661355456
lightgbm,24,120,258,0.0178662697876
lightgbm,24,120,259,0.00273291807214
lightgbm,24,120,260,0.015436249487
lightgbm,24,120,261,0.00979112778234
lightgbm,24,120,262,0.0186420339451
lightgbm,24,120,263,0.00949594667344
lightgbm,24,120,264,0.0185176372817
lightgbm,24,120,265,0.0171915962736
lightgbm,24,120,266,0.00812005460244
lightgbm,24,120,267,0.00528708795134
lightgbm,24,120,268,0.01207814887
lightgbm,24,120,269,0.0203379894438
lightgbm,24,120,270,0.0178407670698
lightgbm,24,120,271,0.00673210185855
lightgbm,24,120,272,0.0155500894986
lightgbm,24,120,273,0.0153474671637
lightgbm,24,120,274,0.012419668293
lightgbm,24,120,275,0.0118473147423
lightgbm,24,120,276,0.0165125084338
lightgbm,24,120,277,0.0118779658986
lightgbm,24,120,278,0.022408379037
lightgbm,24,120,279,0.0150579830022
lightgbm,24,120,280,0.00646630944685
lightgbm,24,120,281,0.0163900709037
lightgbm,24,120,282,0.0140314593946
lightgbm,24,120,283,0.014503615163
lightgbm,24,120,284,0.0182803620531
lightgbm,24,120,285,0.00626552709742
lightgbm,24,120,286,0.0158381006868
lightgbm,24,120,287,0.0104337738362
lightgbm,24,120,288,0.0167879819785
lightgbm,24,120,289,0.0143256108457
lightgbm,24,120,290,0.0154637896119
lightgbm,24,120,291,0.0284365145201
lightgbm,24,120,292,0.0179544234733
lightgbm,24,120,293,0.0160092938595
lightgbm,24,120,294,0.0104149251721
lightgbm,24,120,295,0.00815717307915
lightgbm,24,120,296,0.0149065374438
lightgbm,24,120,297,0.0139344752989
lightgbm,24,120,298,0.0113046676616
lightgbm,24,120,299,0.0127433767074
lightgbm,24,120,300,0.0160674044656
lightgbm,24,120,301,0.0144782390727
lightgbm,24,120,302,0.0112659702221
lightgbm,24,120,303,0.0136662044603
lightgbm,24,120,304,0.014742337639
lightgbm,24,120,305,0.0166451938593
lightgbm,24,120,306,0.0119686579533
lightgbm,24,120,307,0.0261538945799
lightgbm,24,120,308,0.0112892241095
lightgbm,24,120,309,0.0183298329375
lightgbm,24,120,310,0.0152898865248
lightgbm,24,120,311,0.0166567373784
lightgbm,24,120,312,0.00970088588979
lightgbm,24,120,313,0.0121433297784
lightgbm,24,120,314,0.00927736200133
lightgbm,24,120,315,0.0164239230119
lightgbm,24,120,316,0.0160994650702
lightgbm,24,120,317,0.0113424075759
lightgbm,24,120,318,0.0111804428775
lightgbm,24,120,319,0.0137474350479
lightgbm,24,120,320,0.0116796093917
lightgbm,24,120,321,0.0248211634683
lightgbm,24,120,322,0.0124944324797
lightgbm,24,120,323,0.014817367155
lightgbm,24,120,324,0.0199520036574
lightgbm,24,120,325,0.0168631898503
lightgbm,24,120,326,0.000969252941003
lightgbm,24,120,327,0.0113419954462
lightgbm,24,120,328,0.0106482612743
lightgbm,24,120,329,0.016601638062
lightgbm,24,120,330,0.0133059242956
lightgbm,24,120,331,0.00940467315625
lightgbm,24,120,332,0.0166438091704
lightgbm,24,120,333,0.0197037896737
lightgbm,24,120,334,0.0141628063046
lightgbm,24,120,335,0.0118140220031
lightgbm,24,120,336,0.0213560726243
lightgbm,24,120,337,0.0137854829343
lightgbm,24,120,338,0.0114501616033
lightgbm,24,120,339,0.0165130007888
lightgbm,24,120,340,0.0126950135548
lightgbm,24,120,341,0.0161419516271
lightgbm,24,120,342,0.00904614433147
lightgbm,24,120,343,0.0122325122418
lightgbm,24,120,344,0.0208928366345
lightgbm,24,120,345,0.00977424569828
lightgbm,24,120,346,0.0159942770485
lightgbm,24,120,347,0.0153593531893
lightgbm,24,120,348,0.0160318897496
lightgbm,24,120,349,0.00829112574808
lightgbm,24,120,350,0.0126014102483
lightgbm,24,120,351,0.00945630146546
lightgbm,24,120,352,0.0152242207128
lightgbm,24,120,353,0.0125908213487
lightgbm,24,120,354,0.0159244411024
lightgbm,24,120,355,0.0117973183104
lightgbm,24,120,356,0.00945061186211
lightgbm,24,120,357,0.0189199131194
lightgbm,24,120,358,0.014475778891
lightgbm,24,120,359,0.0125793723836
lightgbm,24,120,360,0.0176764194803
lightgbm,24,120,361,0.00864003405749
lightgbm,24,120,362,0.0173961381832
lightgbm,24,120,363,0.00996608340914
lightgbm,24,120,364,0.0124085884946
lightgbm,24,120,365,0.0171513439296
lightgbm,24,120,366,0.00888767930843
lightgbm,24,120,367,0.0204758241987
lightgbm,24,120,368,0.0196661739552
lightgbm,24,120,369,0.0101272761795
lightgbm,24,120,370,0.0109810407616
lightgbm,24,120,371,0.00608478038417
lightgbm,24,120,372,0.0105242104985
lightgbm,24,120,373,0.0177073404115
lightgbm,24,120,374,0.023077453688
lightgbm,24,120,375,0.0132372541114
lightgbm,24,120,376,0.0112534225406
lightgbm,24,120,377,0.0164119857883
lightgbm,24,120,378,0.00419382338331
lightgbm,24,120,379,0.0157520922519
lightgbm,24,120,380,0.0143231049658
lightgbm,24,120,381,0.0131924316245
lightgbm,24,120,382,0.0134065315326
lightgbm,24,120,383,0.0118235714739
lightgbm,24,120,384,0.0124944659254
lightgbm,24,120,385,0.017499853281
lightgbm,24,120,386,0.0194822645493
lightgbm,24,120,387,0.0157780492831
lightgbm,24,120,388,0.0170709110818
lightgbm,24,120,389,0.0191893721761
lightgbm,24,120,390,0.0130610252459
lightgbm,24,120,391,0.0194305990208
lightgbm,24,120,392,0.0168517419766
lightgbm,24,120,393,0.00986180292022
lightgbm,24,120,394,0.0212303023018
lightgbm,24,120,395,0.0086643621062
lightgbm,24,120,396,0.0136895514403
lightgbm,24,120,397,0.00661008583832
lightgbm,24,120,398,0.0096364789939
lightgbm,24,120,399,0.0135176899648
lightgbm,24,120,400,0.0153445151963
lightgbm,24,120,401,0.0235331453342
lightgbm,24,120,402,0.0121032168916
lightgbm,24,120,403,0.00933414532412
lightgbm,24,120,404,0.0109097155765
lightgbm,24,120,405,0.015579678147
lightgbm,24,120,406,0.00717387837633
lightgbm,24,120,407,0.0181488602063
lightgbm,24,120,408,0.00887170997063
lightgbm,24,120,409,0.00721424543355
lightgbm,24,120,410,0.0142619319602
lightgbm,24,120,411,0.0144628801681
lightgbm,24,120,412,0.0059977655646
lightgbm,24,120,413,0.013802927985
lightgbm,24,120,414,0.0066370614803
lightgbm,24,120,415,0.0177835905043
lightgbm,24,120,416,0.0196034844566
lightgbm,24,120,417,0.0121252826923
lightgbm,24,120,418,0.0216857474925
lightgbm,24,120,419,0.0098017365328
lightgbm,24,120,420,0.0142481102293
lightgbm,24,120,421,0.00966816433669
lightgbm,24,120,422,0.00870764714483
lightgbm,24,120,423,0.0137427302698
lightgbm,24,120,424,0.00778222478958
lightgbm,24,120,425,0.0138867580297
lightgbm,24,120,426,0.0206415100634
lightgbm,24,120,427,0.00937085961741
lightgbm,24,120,428,0.0124721537597
lightgbm,24,120,429,0.015117792758
lightgbm,24,120,430,0.0136990735519
lightgbm,24,120,431,0.0175414722209
lightgbm,24,120,432,0.00665311614922
lightgbm,24,120,433,0.00598095582296
lightgbm,24,120,434,0.0111419988975
lightgbm,24,120,435,0.0152907264242
lightgbm,24,120,436,0.011405489622
lightgbm,24,120,437,0.00880195846217
lightgbm,24,120,438,0.0109093357328
lightgbm,24,120,439,0.0132531221446
lightgbm,24,120,440,0.00901819790166
lightgbm,24,120,441,0.0228434426171
lightgbm,24,120,442,0.012502506293
lightgbm,24,120,443,0.0125110736415
lightgbm,24,120,444,0.016014970787
lightgbm,24,120,445,0.00804592446665
lightgbm,24,120,446,0.0109585232902
lightgbm,24,120,447,0.00747486461926
lightgbm,24,120,448,0.0133053228224
lightgbm,24,120,449,0.0228279383897
lightgbm,24,120,450,0.0111070622479
lightgbm,24,120,451,0.00843486131786
lightgbm,24,120,452,0.00978755385197
lightgbm,24,120,453,0.0154527393435
lightgbm,24,120,454,0.00797994746188
lightgbm,24,120,455,0.0143892343289
lightgbm,24,120,456,0.0222507501478
lightgbm,24,120,457,0.00953668375606
lightgbm,24,120,458,0.0180065885816
lightgbm,24,120,459,0.0178457933208
lightgbm,24,120,460,0.00469922773935
lightgbm,24,120,461,0.0231269649194
lightgbm,24,120,462,0.00441600072915
lightgbm,24,120,463,0.0146403760398
lightgbm,24,120,464,0.00870670247348
lightgbm,24,120,465,0.00687232091429
lightgbm,24,120,466,0.0161280863753
lightgbm,24,120,467,0.0158227404344
lightgbm,24,120,468,0.0148569138987
lightgbm,24,120,469,0.0139588078815
lightgbm,24,120,470,0.0114113123881
lightgbm,24,120,471,0.0162014830446
lightgbm,24,120,472,0.00586679419389
lightgbm,24,120,473,0.0200930922184
lightgbm,24,120,474,0.00960123982969
lightgbm,24,120,475,0.00736411414902
lightgbm,24,120,476,0.0121850399994
lightgbm,24,120,477,0.0114294367953
lightgbm,24,120,478,0.0133927912183
lightgbm,24,120,479,0.000453618771092
lightgbm,24,120,480,0.0125513085125
lightgbm,24,120,481,0.00699404965718
lightgbm,24,120,482,0.0189401823242
lightgbm,24,120,483,0.0095964922125
lightgbm,24,120,484,0.0156779377858
lightgbm,24,120,485,0.00944615644397
lightgbm,24,120,486,0.0166436083405
lightgbm,24,120,487,0.0157801234686
lightgbm,24,120,488,0.0086127773383
lightgbm,24,120,489,0.0132831690959
lightgbm,24,120,490,0.0197055229494
lightgbm,24,120,491,0.0161337443353
lightgbm,24,120,492,0.0168679925946
lightgbm,24,120,493,0.0198094418636
lightgbm,24,120,494,0.01331239862
lightgbm,24,120,495,0.017305294003
lightgbm,24,120,496,0.0130892858741
lightgbm,24,120,497,0.0149545726776
lightgbm,24,120,498,0.0259864584639
lightgbm,24,120,499,0.0122754590134
lightgbm,24,120,500,0.0128538499421
lightgbm,24,120,501,0.0120718191621
lightgbm,24,120,502,0.0115960029224
lightgbm,24,120,503,0.0203373949549
lightgbm,24,120,504,0.00951975635263
lightgbm,24,120,505,0.0164593423194
lightgbm,24,120,506,0.011248271857
lightgbm,24,120,507,0.0111449166175
lightgbm,24,120,508,0.0148284171342
lightgbm,24,120,509,0.014850476002
lightgbm,24,120,510,0.0146291523624
lightgbm,24,120,511,0.0150808681397
lightgbm,24,120,512,0.0181419309078
lightgbm,24,120,513,0.0117214963008
lightgbm,24,120,514,0.00984608494187
lightgbm,24,120,515,0.0141103215482
lightgbm,24,120,516,0.0113685681372
lightgbm,24,120,517,0.0265942007243
lightgbm,24,120,518,0.0190370609233
lightgbm,24,120,519,0.0234417806778
lightgbm,24,120,520,0.0171744464491
lightgbm,24,120,521,0.0165450794318
lightgbm,24,120,522,0.0215477180846
lightgbm,24,120,523,0.0120230394927
lightgbm,24,120,524,0.0105721033404
lightgbm,24,120,525,0.0130026283913
lightgbm,24,120,526,0.0116478961308
lightgbm,24,120,527,0.0117115839112
lightgbm,24,120,528,0.0124363189246
lightgbm,24,120,529,0.0109423196125
lightgbm,24,120,530,0.0103046876885
lightgbm,24,120,531,0.00542266481031
lightgbm,24,120,532,0.0223170356582
lightgbm,24,120,533,0.0136198791037
lightgbm,24,120,534,0.0130684831786
lightgbm,24,120,535,0.0216139112863
lightgbm,24,120,536,0.0174291254709
lightgbm,24,120,537,0.0139705706775
lightgbm,24,120,538,0.0133444275411
lightgbm,24,120,539,0.0216588465067
lightgbm,24,120,540,0.0205152729702
lightgbm,24,120,541,0.0169870405711
lightgbm,24,120,542,0.0129534468995
lightgbm,24,120,543,0.00519876658171
lightgbm,24,120,544,0.0130545462371
lightgbm,24,120,545,0.011450605104
lightgbm,24,120,546,0.00329990771678
lightgbm,24,120,547,0.0162764646227
lightgbm,24,120,548,0.0151494631024
lightgbm,24,120,549,0.0188001350464
lightgbm,24,120,550,0.0120084150287
lightgbm,24,120,551,0.0137694013433
lightgbm,24,120,552,0.0132948344178
lightgbm,24,120,553,0.0148247234248
lightgbm,24,120,554,0.00998602851115
lightgbm,24,120,555,0.0152927877718
lightgbm,24,120,556,0.0142337717169
lightgbm,24,120,557,0.00944832616689
lightgbm,24,120,558,0.0105138574632
lightgbm,24,120,559,0.00612209635536
lightgbm,24,120,560,0.0144396309298
lightgbm,24,120,561,0.0196615031427
lightgbm,24,120,562,0.00927386878595
lightgbm,24,120,563,0.0174734632955
lightgbm,24,120,564,0.0192703558834
lightgbm,24,120,565,0.0167745731333
lightgbm,24,120,566,0.0125494300056
lightgbm,24,120,567,0.0105077084373
lightgbm,24,120,568,0.0138500134439
lightgbm,24,120,569,0.0040685253664
lightgbm,24,120,570,0.0162995060629
lightgbm,24,120,571,0.0111803244369
lightgbm,24,120,572,0.0193669177675
lightgbm,24,120,573,0.011613902346
lightgbm,24,120,574,0.0127654595234
lightgbm,24,120,575,0.00783491981924
lightgbm,24,120,576,0.0155422496637
lightgbm,24,120,577,0.0192221154284
lightgbm,24,120,578,0.0107689605098
lightgbm,24,120,579,0.0153373365087
lightgbm,24,120,580,0.0135211660036
lightgbm,24,120,581,0.0113843380486
lightgbm,24,120,582,0.00883188737439
lightgbm,24,120,583,0.0174129718112
lightgbm,24,120,584,0.00711120014125
lightgbm,24,120,585,0.0139315713533
lightgbm,24,120,586,0.00713092619134
lightgbm,24,120,587,0.0151601918212
lightgbm,24,120,588,0.0127469731936
lightgbm,24,120,589,0.0153365474906
lightgbm,24,120,590,0.0122319360363
lightgbm,24,120,591,0.0124714143978
lightgbm,24,120,592,0.0206788641259
lightgbm,24,120,593,0.0228808824545
lightgbm,24,120,594,0.00489481754596
lightgbm,24,120,595,0.00925738836029
lightgbm,24,120,596,0.0112079027705
lightgbm,24,120,597,0.0150946403616
lightgbm,24,120,598,0.0130285463556
lightgbm,24,120,599,0.0188324459466
lightgbm,24,120,600,0.0167668453981
lightgbm,24,120,601,0.0138304580437
lightgbm,24,120,602,0.014485048851
lightgbm,24,120,603,0.0123289803438
lightgbm,24,120,604,0.014942886149
lightgbm,24,120,605,0.017641671062
lightgbm,24,120,606,0.0109281671176
lightgbm,24,120,607,0.0176855861119
lightgbm,24,120,608,0.00879150263667
lightgbm,24,120,609,0.0141891441331
lightgbm,24,120,610,0.0123615080628
lightgbm,24,120,611,0.0120112550142
lightgbm,24,120,612,0.0175516977458
lightgbm,24,120,613,0.0148686005064
lightgbm,24,120,614,0.0105680822815
lightgbm,24,120,615,0.0148478326926
lightgbm,24,120,616,0.0138230532937
lightgbm,24,120,617,0.0186429088535
lightgbm,24,120,618,0.0136913094224
lightgbm,24,120,619,0.0160136231393
lightgbm,24,120,620,0.00554008717342
lightgbm,24,120,621,0.0142488913608
lightgbm,24,120,622,0.012626396474
lightgbm,24,120,623,0.00714714539313
lightgbm,24,120,624,0.0127842103389
lightgbm,24,120,625,0.0215653729118
lightgbm,24,120,626,0.0183043148781
lightgbm,24,120,627,0.0187406804556
lightgbm,24,120,628,0.0150029056442
lightgbm,24,120,629,0.00552435259913
lightgbm,24,120,630,0.0107514981272
lightgbm,24,120,631,0.00953861342868
lightgbm,24,120,632,0.012152205443
lightgbm,24,120,633,0.0141207226628
lightgbm,24,120,634,0.0173695280852
lightgbm,24,120,635,0.0136966555363
lightgbm,24,120,636,0.0129326534197
lightgbm,24,120,637,0.0138456766268
lightgbm,24,120,638,0.00443179553161
lightgbm,24,120,639,0.00879192617782
lightgbm,24,120,640,0.0154505387432
lightgbm,24,120,641,0.0131380689283
lightgbm,24,120,642,0.0160229799962
lightgbm,24,120,643,0.0164133126566
lightgbm,24,120,644,0.0132911976599
lightgbm,24,120,645,0.00659820126997
lightgbm,24,120,646,0.00406170844856
lightgbm,24,120,647,0.00757370770728
lightgbm,24,120,648,0.017756308168
lightgbm,24,120,649,0.0151808687272
lightgbm,24,120,650,0.00959096916675
lightgbm,24,120,651,0.0163951753706
lightgbm,24,120,652,0.010712123739
lightgbm,24,120,653,0.021918103005
lightgbm,24,120,654,0.0216602777232
lightgbm,24,120,655,0.0182563593136
lightgbm,24,120,656,0.0149804405669
lightgbm,24,120,657,0.00901121814041
lightgbm,24,120,658,0.0113352056385
lightgbm,24,120,659,0.0117474893039
lightgbm,24,120,660,0.0224705255932
lightgbm,24,120,661,0.00883365568417
lightgbm,24,120,662,0.0093204113148
lightgbm,24,120,663,0.0142445023282
lightgbm,24,120,664,0.0144882765503
lightgbm,24,120,665,0.0100689369662
lightgbm,24,120,666,0.0221278229578
lightgbm,24,120,667,0.0243279633632
lightgbm,24,120,668,0.0157846690623
lightgbm,24,120,669,0.0131468549815
lightgbm,24,120,670,0.014335596528
lightgbm,24,120,671,0.0145712436072
lightgbm,24,120,672,0.0151921390014
lightgbm,24,120,673,0.0175175531162
lightgbm,24,120,674,0.0137472878686
lightgbm,24,120,675,0.0108046363925
lightgbm,24,120,676,0.0108651234452
lightgbm,24,120,677,0.0101878323949
lightgbm,24,120,678,0.0152875809097
lightgbm,24,120,679,0.0205571294922
lightgbm,24,120,680,0.0181056309954
lightgbm,24,120,681,0.0128260419565
lightgbm,24,120,682,0.0155840823989
lightgbm,24,120,683,0.0138339300999
lightgbm,24,120,684,0.0174672875121
lightgbm,24,120,685,0.0167040873272
lightgbm,24,120,686,0.0184543198524
lightgbm,24,120,687,0.0120755496344
lightgbm,24,120,688,0.0181071446073
lightgbm,24,120,689,0.00894236226238
lightgbm,24,120,690,0.0168697818749
lightgbm,24,120,691,0.0154898202789
lightgbm,24,120,692,0.0143779429943
lightgbm,24,120,693,0.017567612711
lightgbm,24,120,694,0.00569800438552
lightgbm,24,120,695,0.00996288003003
lightgbm,24,120,696,0.00879612344073
lightgbm,24,120,697,0.0106845032608
lightgbm,24,120,698,0.00945827208591
lightgbm,24,120,699,0.0130300286537
lightgbm,24,120,700,0.0175392580344
lightgbm,24,120,701,0.016250024934
lightgbm,24,120,702,0.00820662837237
lightgbm,24,120,703,0.00612050993888
lightgbm,24,120,704,0.0140865278637
lightgbm,24,120,705,0.01761711855
lightgbm,24,120,706,0.0161526749331
lightgbm,24,120,707,0.0110711630403
lightgbm,24,120,708,0.0143724745748
lightgbm,24,120,709,0.011737329224
lightgbm,24,120,710,0.00590252685317
lightgbm,24,120,711,0.0189587327438
lightgbm,24,120,712,0.0182839633003
lightgbm,24,120,713,0.00768584173871
lightgbm,24,120,714,0.0095463623498
lightgbm,24,120,715,0.00777832426034
lightgbm,24,120,716,0.00755760753258
lightgbm,24,120,717,0.0164770208761
lightgbm,24,120,718,0.0175533047653
lightgbm,24,120,719,0.0151695166617
lightgbm,24,120,720,0.00979180277103
lightgbm,24,120,721,0.0160109321023
lightgbm,24,120,722,0.0124472798438
lightgbm,24,120,723,0.00986944777061
lightgbm,24,120,724,0.0157516904979
lightgbm,24,120,725,0.00754565789845
lightgbm,24,120,726,0.0221423691858
lightgbm,24,120,727,0.0132803249626
lightgbm,24,120,728,0.00714574186453
lightgbm,24,120,729,0.0110709690047
lightgbm,24,120,730,0.0146658171897
lightgbm,24,120,731,0.0160922469003
lightgbm,24,120,732,0.0110643064668
lightgbm,24,120,733,0.02398922024
lightgbm,24,120,734,0.0113778188446
lightgbm,24,120,735,0.0158051409339
lightgbm,24,120,736,0.0154179538353
lightgbm,24,120,737,0.0165161656216
lightgbm,24,120,738,0.015854714233
lightgbm,24,120,739,0.0152312489174
lightgbm,24,120,740,0.0135475795123
lightgbm,24,120,741,0.0169793691921
lightgbm,24,120,742,0.0146719100541
lightgbm,24,120,743,0.0110977065775
lightgbm,24,120,744,0.0133763426468
lightgbm,24,120,745,0.0120482096675
lightgbm,24,120,746,0.00974794037659
lightgbm,24,120,747,0.0108505808869
lightgbm,24,120,748,0.020120949339
lightgbm,24,120,749,0.0122480618001
lightgbm,24,120,750,0.0143274153998
lightgbm,24,120,751,0.00704847233789
lightgbm,24,120,752,0.0106304591206
lightgbm,24,120,753,0.0198940862846
lightgbm,24,120,754,0.0042916847888
lightgbm,24,120,755,0.0140203591417
lightgbm,24,120,756,0.00732945791995
lightgbm,24,120,757,0.0141567435081
lightgbm,24,120,758,0.00832755684773
lightgbm,24,120,759,0.0107817757604
lightgbm,24,120,760,0.0158167406659
lightgbm,24,120,761,0.0167051062722
lightgbm,24,120,762,0.0128714831975
lightgbm,24,120,763,0.0123256071973
lightgbm,24,120,764,0.00663733890794
lightgbm,24,120,765,0.0170569888732
lightgbm,24,120,766,0.0128322658134
lightgbm,24,120,767,0.0120142654252
lightgbm,24,120,768,0.0098055218966
lightgbm,24,120,769,0.0128340377279
lightgbm,24,120,770,0.0159676754115
lightgbm,24,120,771,0.0129225993857
lightgbm,24,120,772,0.0153498653058
lightgbm,24,120,773,0.0127348314601
lightgbm,24,120,774,0.00747318584753
lightgbm,24,120,775,0.00900798538166
lightgbm,24,120,776,0.015752312308
lightgbm,24,120,777,0.00935666482456
lightgbm,24,120,778,0.0102477378338
lightgbm,24,120,779,0.0139264828455
lightgbm,24,120,780,0.00770876409877
lightgbm,24,120,781,0.0215270590838
lightgbm,24,120,782,0.0107898573161
lightgbm,24,120,783,0.0130923559266
lightgbm,24,120,784,0.0164432903424
lightgbm,24,120,785,0.00752176917334
lightgbm,24,120,786,0.0143953973527
lightgbm,24,120,787,0.0126074448557
lightgbm,24,120,788,0.0195657394265
lightgbm,24,120,789,0.0081419592849
lightgbm,24,120,790,0.017222424624
lightgbm,24,120,791,0.0118328894924
lightgbm,24,120,792,0.0143381131431
lightgbm,24,120,793,0.0141079522255
lightgbm,24,120,794,0.0156858664298
lightgbm,24,120,795,0.0132546913962
lightgbm,24,120,796,0.0174722920059
lightgbm,24,120,797,0.0144098231214
lightgbm,24,120,798,0.00861171537579
lightgbm,24,120,799,0.0148125004185
lightgbm,24,120,800,0.0135356355317
lightgbm,24,120,801,0.0105117705817
lightgbm,24,120,802,0.0179334804696
lightgbm,24,120,803,0.011929951972
lightgbm,24,120,804,0.0172147566899
lightgbm,24,120,805,0.00913837462171
lightgbm,24,120,806,0.0142360271368
lightgbm,24,120,807,0.00561384057044
lightgbm,24,120,808,0.0184755962373
lightgbm,24,120,809,0.0133373746696
lightgbm,24,120,810,0.0158633646395
lightgbm,24,120,811,0.00858294145929
lightgbm,24,120,812,0.0124423480307
lightgbm,24,120,813,0.00781685915485
lightgbm,24,120,814,0.0110204842513
lightgbm,24,120,815,0.0141500612949
lightgbm,24,120,816,0.0179713617554
lightgbm,24,120,817,0.0148452322054
lightgbm,24,120,818,0.0168829953064
lightgbm,24,120,819,0.019544821781
lightgbm,24,120,820,0.00948384823547
lightgbm,24,120,821,0.020257545975
lightgbm,24,120,822,0.00907359525504
lightgbm,24,120,823,0.0129666303573
lightgbm,24,120,824,0.0146515903945
lightgbm,24,120,825,0.0149502503616
lightgbm,24,120,826,0.00997293305403
lightgbm,24,120,827,0.0105382670882
lightgbm,24,120,828,0.0149570057013
lightgbm,24,120,829,0.0150436113358
lightgbm,24,120,830,0.0127781645948
lightgbm,24,120,831,0.015930504329
lightgbm,24,120,832,0.012466372185
lightgbm,24,120,833,0.0199022563202
lightgbm,24,120,834,0.015639087952
lightgbm,24,120,835,0.0178875798969
lightgbm,24,120,836,0.0168029095022
lightgbm,24,120,837,0.00722295862665
lightgbm,24,120,838,0.0162101460664
lightgbm,24,120,839,0.020522278699
lightgbm,24,120,840,0.0127456390466
lightgbm,24,120,841,0.0197455505172
lightgbm,24,120,842,0.00527035841796
lightgbm,24,120,843,0.000849286558904
lightgbm,24,120,844,0.013264808365
lightgbm,24,120,845,0.0111544806336
lightgbm,24,120,846,0.0159757081409
lightgbm,24,120,847,0.0200668248105
lightgbm,24,120,848,0.0182891293353
lightgbm,24,120,849,0.01155226718
lightgbm,24,120,850,0.0088920501232
lightgbm,24,120,851,0.0197279809091
lightgbm,24,120,852,0.0125089220879
lightgbm,24,120,853,0.014462812903
lightgbm,24,120,854,0.0153913640122
lightgbm,24,120,855,0.0160207407255
lightgbm,24,120,856,0.0150797059372
lightgbm,24,120,857,0.0119210566923
lightgbm,24,120,858,0.0125220480614
lightgbm,24,120,859,0.0162092275511
lightgbm,24,120,860,0.012823320134
lightgbm,24,120,861,0.015555509883
lightgbm,24,120,862,0.0199492699564
lightgbm,24,120,863,0.0167142648332
lightgbm,24,120,864,0.00737118004365
lightgbm,24,120,865,0.0187471962554
lightgbm,24,120,866,0.00932103396245
lightgbm,24,120,867,0.0191908987322
lightgbm,24,120,868,0.0056291912435
lightgbm,24,120,869,0.0129974700983
lightgbm,24,120,870,0.0142938228367
lightgbm,24,120,871,0.00994638121185
lightgbm,24,120,872,0.0172252386621
lightgbm,24,120,873,0.0128372915408
lightgbm,24,120,874,0.0169609033655
lightgbm,24,120,875,0.0197436705346
lightgbm,24,120,876,0.0120150647625
lightgbm,24,120,877,0.0129188206209
lightgbm,24,120,878,0.0128941065356
lightgbm,24,120,879,0.00641251308787
lightgbm,24,120,880,0.011321899977
lightgbm,24,120,881,0.0140584055372
lightgbm,24,120,882,0.0124271008039
lightgbm,24,120,883,0.00983535773772
lightgbm,24,120,884,0.0128193623519
lightgbm,24,120,885,0.0193644901607
lightgbm,24,120,886,0.0116229353543
lightgbm,24,120,887,0.0189137545204
lightgbm,24,120,888,0.0211723072501
lightgbm,24,120,889,0.0138266073174
lightgbm,24,120,890,0.00520490751456
lightgbm,24,120,891,0.015004517041
lightgbm,24,120,892,0.0113797663371
lightgbm,24,120,893,0.011632420949
lightgbm,24,120,894,0.015662153151
lightgbm,24,120,895,0.0137295325115
lightgbm,24,120,896,0.0143041123218
lightgbm,24,120,897,0.019690620563
lightgbm,24,120,898,0.0146280431614
lightgbm,24,120,899,0.0140345399672
lightgbm,24,120,900,0.00935437501531
lightgbm,24,120,901,0.0197284118981
lightgbm,24,120,902,0.0233797251061
lightgbm,24,120,903,0.0178100399534
lightgbm,24,120,904,0.00421609874074
lightgbm,24,120,905,0.0185303856799
lightgbm,24,120,906,0.0149282298755
lightgbm,24,120,907,0.00977053365013
lightgbm,24,120,908,0.00917534438814
lightgbm,24,120,909,0.0147823205783
lightgbm,24,120,910,0.0133495353883
lightgbm,24,120,911,0.0105607152359
lightgbm,24,120,912,0.00917732468999
lightgbm,24,120,913,0.0122955416116
lightgbm,24,120,914,0.0148799571554
lightgbm,24,120,915,0.0103832893144
lightgbm,24,120,916,0.00921845323598
lightgbm,24,120,917,0.0135065433028
lightgbm,24,120,918,0.0167908739059
lightgbm,24,120,919,0.0145524334097
lightgbm,24,120,920,0.011649731163
lightgbm,24,120,921,0.00921916633535
lightgbm,24,120,922,0.0138216090267
lightgbm,24,120,923,0.0213635312846
lightgbm,24,120,924,0.0134560219405
lightgbm,24,120,925,0.0133947131819
lightgbm,24,120,926,0.0146106069675
lightgbm,24,120,927,0.0168794108937
lightgbm,24,120,928,0.0095524641358
lightgbm,24,120,929,0.0110816637998
lightgbm,24,120,930,0.0195614596031
lightgbm,24,120,931,0.0124522860121
lightgbm,24,120,932,0.0170590420524
lightgbm,24,120,933,0.0137944682958
lightgbm,24,120,934,0.0132105481938
lightgbm,24,120,935,0.0172496969141
lightgbm,24,120,936,0.0116406638758
lightgbm,24,120,937,0.0186219605873
lightgbm,24,120,938,0.0116674590088
lightgbm,24,120,939,0.0139305924149
lightgbm,24,120,940,0.0127665853208
lightgbm,24,120,941,0.0153685285425
lightgbm,24,120,942,0.00895032879311
lightgbm,24,120,943,0.00812510726216
lightgbm,24,120,944,0.0134245260499
lightgbm,24,120,945,0.0167254188276
lightgbm,24,120,946,0.0077321608476
lightgbm,24,120,947,0.0123389235479
lightgbm,24,120,948,0.0189924635283
lightgbm,24,120,949,0.024600836649
lightgbm,24,120,950,0.0197941686269
lightgbm,24,120,951,0.00978541792707
lightgbm,24,120,952,0.0120342941752
lightgbm,24,120,953,0.00679667839724
lightgbm,24,120,954,0.0205362265959
lightgbm,24,120,955,0.00694817745359
lightgbm,24,120,956,0.00593183066942
lightgbm,24,120,957,0.0118337505772
lightgbm,24,120,958,0.00546431725064
lightgbm,24,120,959,0.0176913140016
lightgbm,24,120,960,0.010271206528
lightgbm,24,120,961,0.0188685963661
lightgbm,24,120,962,0.0154710376017
lightgbm,24,120,963,0.0140067506724
lightgbm,24,120,964,0.0127380839665
lightgbm,24,120,965,0.0087877662136
lightgbm,24,120,966,0.0147546371844
lightgbm,24,120,967,0.00128182357066
lightgbm,24,120,968,0.00703611155039
lightgbm,24,120,969,0.00168475803733
lightgbm,24,120,970,0.0137100036974
lightgbm,24,120,971,0.0160913640199
lightgbm,24,120,972,0.00638255095444
lightgbm,24,120,973,0.0161984493792
lightgbm,24,120,974,0.00935479537314
lightgbm,24,120,975,0.0143695806581
lightgbm,24,120,976,0.00766546863654
lightgbm,24,120,977,0.0201613809656
lightgbm,24,120,978,0.00741395754323
lightgbm,24,120,979,0.00743672557448
lightgbm,24,120,980,0.0176227255587
lightgbm,24,120,981,0.0100205163901
lightgbm,24,120,982,0.00986044078633
lightgbm,24,120,983,0.00833565790933
lightgbm,24,120,984,0.0141657950695
lightgbm,24,120,985,-0.000623604623362
lightgbm,24,120,986,0.0212870546026
lightgbm,24,120,987,0.0111834729275
lightgbm,24,120,988,0.0118019024981
lightgbm,24,120,989,0.0217076215293
lightgbm,24,120,990,0.00684657694941
lightgbm,24,120,991,0.0113669122199
lightgbm,24,120,992,0.0140889984498
lightgbm,24,120,993,0.00659298028931
lightgbm,24,120,994,0.0177954247292
lightgbm,24,120,995,0.00794787204619
lightgbm,24,120,996,0.0128427406899
lightgbm,24,120,997,0.0195485319435
lightgbm,24,120,998,0.0169299902042
lightgbm,24,120,999,0.0091258321093
lightgbm,48,240,0,0.0116895436103
lightgbm,48,240,1,0.017396232686
lightgbm,48,240,2,0.00941020324883
lightgbm,48,240,3,0.0153770129765
lightgbm,48,240,4,0.00957569888614
lightgbm,48,240,5,0.0109046270946
lightgbm,48,240,6,0.0125183576185
lightgbm,48,240,7,0.0200976932183
lightgbm,48,240,8,0.0138770317387
lightgbm,48,240,9,0.00796916706364
lightgbm,48,240,10,0.0204904259399
lightgbm,48,240,11,0.0126385256151
lightgbm,48,240,12,0.0132849103301
lightgbm,48,240,13,0.0120908659674
lightgbm,48,240,14,0.0117226434694
lightgbm,48,240,15,0.00911747162903
lightgbm,48,240,16,0.00787288440862
lightgbm,48,240,17,0.0169953236255
lightgbm,48,240,18,0.00985874944832
lightgbm,48,240,19,0.0141335432806
lightgbm,48,240,20,0.0172109033538
lightgbm,48,240,21,0.012839472388
lightgbm,48,240,22,0.00452981165929
lightgbm,48,240,23,0.0119185582342
lightgbm,48,240,24,0.00874456989749
lightgbm,48,240,25,0.0154945888145
lightgbm,48,240,26,0.0121767776362
lightgbm,48,240,27,0.00509484130922
lightgbm,48,240,28,0.00744314814503
lightgbm,48,240,29,0.0116067409873
lightgbm,48,240,30,0.0107113185494
lightgbm,48,240,31,0.0191337613794
lightgbm,48,240,32,0.0123192588058
lightgbm,48,240,33,0.0211774635794
lightgbm,48,240,34,0.0110531287396
lightgbm,48,240,35,0.0101819627049
lightgbm,48,240,36,0.00713994871033
lightgbm,48,240,37,0.0211493784721
lightgbm,48,240,38,0.0107652529742
lightgbm,48,240,39,0.00909081913211
lightgbm,48,240,40,0.0118734431135
lightgbm,48,240,41,0.0105959868852
lightgbm,48,240,42,0.0155780374613
lightgbm,48,240,43,0.0123572772875
lightgbm,48,240,44,0.0233082702755
lightgbm,48,240,45,0.0109752456858
lightgbm,48,240,46,0.0151856169858
lightgbm,48,240,47,0.0133136855908
lightgbm,48,240,48,0.00762367125467
lightgbm,48,240,49,0.0154931323867
lightgbm,48,240,50,0.0124182182755
lightgbm,48,240,51,0.01643551789
lightgbm,48,240,52,0.015923676964
lightgbm,48,240,53,0.0150388748901
lightgbm,48,240,54,0.0218579981501
lightgbm,48,240,55,0.0147403705961
lightgbm,48,240,56,0.0038423414817
lightgbm,48,240,57,0.00909454216753
lightgbm,48,240,58,0.0130491326344
lightgbm,48,240,59,0.00908282477899
lightgbm,48,240,60,0.0129534816272
lightgbm,48,240,61,0.0119385684401
lightgbm,48,240,62,0.0122661967591
lightgbm,48,240,63,0.0147309178911
lightgbm,48,240,64,0.00929598248704
lightgbm,48,240,65,0.0146280100475
lightgbm,48,240,66,0.00667297385849
lightgbm,48,240,67,0.0205293079127
lightgbm,48,240,68,0.0111935598723
lightgbm,48,240,69,0.0155562533911
lightgbm,48,240,70,0.0123475270046
lightgbm,48,240,71,0.016888818954
lightgbm,48,240,72,0.0125218036253
lightgbm,48,240,73,0.0123688265743
lightgbm,48,240,74,0.0186551062373
lightgbm,48,240,75,0.0102401807264
lightgbm,48,240,76,0.0118335581236
lightgbm,48,240,77,0.0060092370877
lightgbm,48,240,78,0.0129499977279
lightgbm,48,240,79,0.0104404494138
lightgbm,48,240,80,0.01349173711
lightgbm,48,240,81,0.0127484198959
lightgbm,48,240,82,0.0178506045016
lightgbm,48,240,83,0.0108368810188
lightgbm,48,240,84,0.00471574246732
lightgbm,48,240,85,0.00913875596887
lightgbm,48,240,86,0.0187595196742
lightgbm,48,240,87,0.0135529367619
lightgbm,48,240,88,0.0188115872282
lightgbm,48,240,89,0.0142967187733
lightgbm,48,240,90,0.0145966540948
lightgbm,48,240,91,0.0164698499559
lightgbm,48,240,92,0.0165917373558
lightgbm,48,240,93,0.0159814458008
lightgbm,48,240,94,0.0161326563168
lightgbm,48,240,95,0.0137840173471
lightgbm,48,240,96,0.010390287547
lightgbm,48,240,97,0.0166872062122
lightgbm,48,240,98,0.0149956509398
lightgbm,48,240,99,0.00830890525776
lightgbm,48,240,100,0.012792806464
lightgbm,48,240,101,0.0200394722821
lightgbm,48,240,102,0.00714569061321
lightgbm,48,240,103,0.0120566729156
lightgbm,48,240,104,0.0100042623872
lightgbm,48,240,105,0.00717832674328
lightgbm,48,240,106,0.00860785462231
lightgbm,48,240,107,0.0148780185413
lightgbm,48,240,108,0.0145765193441
lightgbm,48,240,109,0.00688254485549
lightgbm,48,240,110,0.00733851494256
lightgbm,48,240,111,0.0214248408155
lightgbm,48,240,112,0.0156086511357
lightgbm,48,240,113,0.0166159116708
lightgbm,48,240,114,0.00531196079977
lightgbm,48,240,115,0.0157726224821
lightgbm,48,240,116,0.0115399833768
lightgbm,48,240,117,0.0133664351778
lightgbm,48,240,118,0.0109610219288
lightgbm,48,240,119,0.0169898344762
lightgbm,48,240,120,0.0122399087989
lightgbm,48,240,121,0.0126227845209
lightgbm,48,240,122,0.0119642675304
lightgbm,48,240,123,0.0147990433061
lightgbm,48,240,124,0.0140997319518
lightgbm,48,240,125,0.00921888748026
lightgbm,48,240,126,0.00616298827236
lightgbm,48,240,127,0.00672773921699
lightgbm,48,240,128,0.0133488520473
lightgbm,48,240,129,0.0139260268319
lightgbm,48,240,130,0.0209076996993
lightgbm,48,240,131,0.0248334611747
lightgbm,48,240,132,0.0206552250932
lightgbm,48,240,133,0.00665464866256
lightgbm,48,240,134,0.0156981183612
lightgbm,48,240,135,0.0171565403392
lightgbm,48,240,136,0.0140221090887
lightgbm,48,240,137,0.0176619042071
lightgbm,48,240,138,0.0171194815184
lightgbm,48,240,139,0.0149991264625
lightgbm,48,240,140,0.0148330581669
lightgbm,48,240,141,0.0206154075036
lightgbm,48,240,142,0.0140576869784
lightgbm,48,240,143,0.0130861706145
lightgbm,48,240,144,0.00439906289144
lightgbm,48,240,145,0.0131233291969
lightgbm,48,240,146,0.0113564319455
lightgbm,48,240,147,0.0143149302006
lightgbm,48,240,148,0.0150028769732
lightgbm,48,240,149,0.0170911561994
lightgbm,48,240,150,0.0180927884742
lightgbm,48,240,151,0.0200001149444
lightgbm,48,240,152,0.0161704659796
lightgbm,48,240,153,0.0213595551439
lightgbm,48,240,154,0.024774968157
lightgbm,48,240,155,0.0129652230313
lightgbm,48,240,156,0.0164036009203
lightgbm,48,240,157,0.0137077865945
lightgbm,48,240,158,0.0129816381254
lightgbm,48,240,159,0.0165055456153
lightgbm,48,240,160,0.00817332466934
lightgbm,48,240,161,0.0201140286123
lightgbm,48,240,162,0.0127475566322
lightgbm,48,240,163,0.0158125373116
lightgbm,48,240,164,0.00779601392867
lightgbm,48,240,165,0.0167562823949
lightgbm,48,240,166,0.0127036079329
lightgbm,48,240,167,0.0081862567085
lightgbm,48,240,168,0.012786143392
lightgbm,48,240,169,0.0105097321619
lightgbm,48,240,170,0.0181633783387
lightgbm,48,240,171,0.0158186033339
lightgbm,48,240,172,0.016166595606
lightgbm,48,240,173,0.00630342234006
lightgbm,48,240,174,0.0105912608575
lightgbm,48,240,175,0.0100431209272
lightgbm,48,240,176,0.0167409904519
lightgbm,48,240,177,0.0201131954595
lightgbm,48,240,178,0.0125163919323
lightgbm,48,240,179,0.0178741843223
lightgbm,48,240,180,0.012298656797
lightgbm,48,240,181,0.0153325795342
lightgbm,48,240,182,0.0104746525686
lightgbm,48,240,183,0.00594559285176
lightgbm,48,240,184,0.0158709274581
lightgbm,48,240,185,0.0187929997449
lightgbm,48,240,186,0.0163313147094
lightgbm,48,240,187,0.0101823561566
lightgbm,48,240,188,0.0154018723652
lightgbm,48,240,189,0.0010715509089
lightgbm,48,240,190,0.0202559174358
lightgbm,48,240,191,0.00743008343858
lightgbm,48,240,192,0.00989901879646
lightgbm,48,240,193,0.00697992159797
lightgbm,48,240,194,0.0155809512153
lightgbm,48,240,195,0.0141150258657
lightgbm,48,240,196,0.0153416468537
lightgbm,48,240,197,0.0125533772467
lightgbm,48,240,198,0.0166268687875
lightgbm,48,240,199,0.0157706059667
lightgbm,48,240,200,0.0137730078394
lightgbm,48,240,201,0.0101835581508
lightgbm,48,240,202,0.010424472211
lightgbm,48,240,203,0.0119023567034
lightgbm,48,240,204,0.0226769393136
lightgbm,48,240,205,0.0185604065931
lightgbm,48,240,206,0.0158668392117
lightgbm,48,240,207,0.00895897103166
lightgbm,48,240,208,0.019043957226
lightgbm,48,240,209,0.0139315428019
lightgbm,48,240,210,0.0153328402826
lightgbm,48,240,211,0.0132303792565
lightgbm,48,240,212,0.0129944916676
lightgbm,48,240,213,0.00915117492684
lightgbm,48,240,214,0.0180562768956
lightgbm,48,240,215,0.0220444183346
lightgbm,48,240,216,0.0120889517602
lightgbm,48,240,217,0.0134914643336
lightgbm,48,240,218,0.0129693269097
lightgbm,48,240,219,0.0187767423156
lightgbm,48,240,220,0.0179732443418
lightgbm,48,240,221,0.0199739747173
lightgbm,48,240,222,0.0211068103692
lightgbm,48,240,223,0.0141827237527
lightgbm,48,240,224,0.0138546915915
lightgbm,48,240,225,0.0138425684276
lightgbm,48,240,226,0.0189551395902
lightgbm,48,240,227,0.0227971711867
lightgbm,48,240,228,0.0108507847488
lightgbm,48,240,229,0.0154343938856
lightgbm,48,240,230,0.0127597407716
lightgbm,48,240,231,0.0119972444051
lightgbm,48,240,232,0.00766014414279
lightgbm,48,240,233,0.0110444431367
lightgbm,48,240,234,0.0092089649117
lightgbm,48,240,235,0.010772676918
lightgbm,48,240,236,0.0126202888032
lightgbm,48,240,237,0.0151555875878
lightgbm,48,240,238,0.0165415860063
lightgbm,48,240,239,0.018310563325
lightgbm,48,240,240,0.00266471541504
lightgbm,48,240,241,0.00964318896741
lightgbm,48,240,242,0.0141669545047
lightgbm,48,240,243,0.0171083715362
lightgbm,48,240,244,0.0138165415849
lightgbm,48,240,245,0.0126281699179
lightgbm,48,240,246,0.0150600698462
lightgbm,48,240,247,0.0144179540452
lightgbm,48,240,248,0.00815330507679
lightgbm,48,240,249,0.0146094321902
lightgbm,48,240,250,0.0175617161202
lightgbm,48,240,251,0.0197259995747
lightgbm,48,240,252,0.0121579080732
lightgbm,48,240,253,0.00551451374973
lightgbm,48,240,254,0.0107856368145
lightgbm,48,240,255,0.0122224260544
lightgbm,48,240,256,0.0136880346799
lightgbm,48,240,257,0.00729010051492
lightgbm,48,240,258,0.0173895025694
lightgbm,48,240,259,0.00927420161465
lightgbm,48,240,260,0.0200766529028
lightgbm,48,240,261,0.0125637116072
lightgbm,48,240,262,0.0155748643008
lightgbm,48,240,263,0.0179192618366
lightgbm,48,240,264,0.0168850676336
lightgbm,48,240,265,0.0125010722072
lightgbm,48,240,266,0.0165986298394
lightgbm,48,240,267,0.0167561745529
lightgbm,48,240,268,0.0222114098334
lightgbm,48,240,269,0.0170041286706
lightgbm,48,240,270,0.0115167987179
lightgbm,48,240,271,0.0130081005578
lightgbm,48,240,272,0.0103429392228
lightgbm,48,240,273,0.0151283756987
lightgbm,48,240,274,0.016219486427
lightgbm,48,240,275,0.014726887313
lightgbm,48,240,276,0.0208544041611
lightgbm,48,240,277,0.0166178261379
lightgbm,48,240,278,0.0107974831835
lightgbm,48,240,279,0.024598032209
lightgbm,48,240,280,0.0150772630061
lightgbm,48,240,281,0.0128180897192
lightgbm,48,240,282,0.0115939236418
lightgbm,48,240,283,0.0183126708422
lightgbm,48,240,284,0.0153814078413
lightgbm,48,240,285,0.00836294888224
lightgbm,48,240,286,0.017240911974
lightgbm,48,240,287,0.00987293245151
lightgbm,48,240,288,0.00822097136681
lightgbm,48,240,289,0.0156817024399
lightgbm,48,240,290,0.0115753418871
lightgbm,48,240,291,0.0170054684445
lightgbm,48,240,292,0.012554533842
lightgbm,48,240,293,0.00871089449607
lightgbm,48,240,294,0.0143256695147
lightgbm,48,240,295,0.0187627805731
lightgbm,48,240,296,0.00941709103766
lightgbm,48,240,297,0.00749431824658
lightgbm,48,240,298,0.0116692505296
lightgbm,48,240,299,0.0139777663106
lightgbm,48,240,300,0.0194756798757
lightgbm,48,240,301,0.0102775667251
lightgbm,48,240,302,0.0083146782545
lightgbm,48,240,303,0.0107660006332
lightgbm,48,240,304,0.0148721182595
lightgbm,48,240,305,0.0112135298018
lightgbm,48,240,306,0.00680184434769
lightgbm,48,240,307,0.00327507180244
lightgbm,48,240,308,0.0225656265615
lightgbm,48,240,309,0.0158548500683
lightgbm,48,240,310,0.0144055570435
lightgbm,48,240,311,0.00859064439566
lightgbm,48,240,312,0.0186867710289
lightgbm,48,240,313,0.00720111828898
lightgbm,48,240,314,0.00875347935372
lightgbm,48,240,315,0.0170340732694
lightgbm,48,240,316,0.018335737051
lightgbm,48,240,317,0.0180590338539
lightgbm,48,240,318,0.0137959879718
lightgbm,48,240,319,0.017009041027
lightgbm,48,240,320,0.0176665268924
lightgbm,48,240,321,0.0140920026983
lightgbm,48,240,322,0.00464860359623
lightgbm,48,240,323,0.013532429136
lightgbm,48,240,324,0.0160369441314
lightgbm,48,240,325,0.0144224889434
lightgbm,48,240,326,0.00917618143032
lightgbm,48,240,327,0.00851354565816
lightgbm,48,240,328,0.0110069529689
lightgbm,48,240,329,0.0155284781306
lightgbm,48,240,330,0.018675812065
lightgbm,48,240,331,0.0158803995902
lightgbm,48,240,332,0.0177367747276
lightgbm,48,240,333,0.0130880739604
lightgbm,48,240,334,0.0110094232717
lightgbm,48,240,335,0.0110183379307
lightgbm,48,240,336,0.0121151333104
lightgbm,48,240,337,0.00992552962607
lightgbm,48,240,338,0.011074081691
lightgbm,48,240,339,0.0136662789799
lightgbm,48,240,340,0.00971438410005
lightgbm,48,240,341,0.00847728609576
lightgbm,48,240,342,0.0110961493072
lightgbm,48,240,343,0.0150253098657
lightgbm,48,240,344,0.00883517318888
lightgbm,48,240,345,0.0181179129929
lightgbm,48,240,346,0.0125087386691
lightgbm,48,240,347,0.0129631855234
lightgbm,48,240,348,0.0166837250706
lightgbm,48,240,349,0.0110375582071
lightgbm,48,240,350,0.0152295272036
lightgbm,48,240,351,0.0183147903853
lightgbm,48,240,352,0.0170200413191
lightgbm,48,240,353,0.0125872814476
lightgbm,48,240,354,0.00913217645685
lightgbm,48,240,355,0.0110677860471
lightgbm,48,240,356,0.0144321462951
lightgbm,48,240,357,0.00538380172849
lightgbm,48,240,358,0.0135158674658
lightgbm,48,240,359,0.0144902915429
lightgbm,48,240,360,0.0112504651054
lightgbm,48,240,361,0.0107436143139
lightgbm,48,240,362,0.0111533842411
lightgbm,48,240,363,0.0158370663865
lightgbm,48,240,364,0.0231130762022
lightgbm,48,240,365,0.0175689865722
lightgbm,48,240,366,0.0185420665599
lightgbm,48,240,367,0.015946909601
lightgbm,48,240,368,0.0121588553367
lightgbm,48,240,369,0.016890619307
lightgbm,48,240,370,0.0199740243167
lightgbm,48,240,371,0.014483168472
lightgbm,48,240,372,0.014689018407
lightgbm,48,240,373,0.0164528926608
lightgbm,48,240,374,0.0244889693974
lightgbm,48,240,375,0.0196354419865
lightgbm,48,240,376,0.0124586904913
lightgbm,48,240,377,0.00822232306767
lightgbm,48,240,378,0.013686825743
lightgbm,48,240,379,0.0140737068036
lightgbm,48,240,380,0.0204029231778
lightgbm,48,240,381,0.00835738082479
lightgbm,48,240,382,0.0139280794734
lightgbm,48,240,383,0.0135409157769
lightgbm,48,240,384,0.0177540916468
lightgbm,48,240,385,0.0264903584176
lightgbm,48,240,386,0.00686285597247
lightgbm,48,240,387,0.0134666431184
lightgbm,48,240,388,0.0181333423513
lightgbm,48,240,389,0.00415104479642
lightgbm,48,240,390,0.0244470882912
lightgbm,48,240,391,0.0161828624931
lightgbm,48,240,392,0.00868049419224
lightgbm,48,240,393,0.00862578057261
lightgbm,48,240,394,0.0132694840749
lightgbm,48,240,395,0.0106792629228
lightgbm,48,240,396,0.00940525275956
lightgbm,48,240,397,0.0169542583704
lightgbm,48,240,398,0.0169433325458
lightgbm,48,240,399,0.0121190184493
lightgbm,48,240,400,0.0171585350986
lightgbm,48,240,401,0.0201117827271
lightgbm,48,240,402,0.0137516800965
lightgbm,48,240,403,0.0187226176664
lightgbm,48,240,404,0.0130590193627
lightgbm,48,240,405,0.00926822540309
lightgbm,48,240,406,0.0157123141247
lightgbm,48,240,407,0.0196632655837
lightgbm,48,240,408,0.0102874414029
lightgbm,48,240,409,0.00988604367133
lightgbm,48,240,410,0.0109132092357
lightgbm,48,240,411,0.00811460413346
lightgbm,48,240,412,0.0201011658104
lightgbm,48,240,413,0.0213195295351
lightgbm,48,240,414,0.00539324952588
lightgbm,48,240,415,0.012135000486
lightgbm,48,240,416,0.00828692336512
lightgbm,48,240,417,0.0177405511129
lightgbm,48,240,418,0.015685712481
lightgbm,48,240,419,0.0120268533589
lightgbm,48,240,420,0.0205166467599
lightgbm,48,240,421,0.00519504162876
lightgbm,48,240,422,0.0121155835053
lightgbm,48,240,423,0.0197757372943
lightgbm,48,240,424,0.010867709624
lightgbm,48,240,425,0.0104761131393
lightgbm,48,240,426,0.015847859829
lightgbm,48,240,427,0.0185688061583
lightgbm,48,240,428,0.0077810152248
lightgbm,48,240,429,0.0164787480178
lightgbm,48,240,430,0.0148191354261
lightgbm,48,240,431,0.0157540366428
lightgbm,48,240,432,0.010573167174
lightgbm,48,240,433,0.0173152295127
lightgbm,48,240,434,0.00674379237225
lightgbm,48,240,435,0.0152426264296
lightgbm,48,240,436,0.00970171662306
lightgbm,48,240,437,0.0180117594864
lightgbm,48,240,438,0.0173568067817
lightgbm,48,240,439,0.0174118056713
lightgbm,48,240,440,0.0156121164979
lightgbm,48,240,441,0.0091517642577
lightgbm,48,240,442,0.00956367937472
lightgbm,48,240,443,0.00965099515086
lightgbm,48,240,444,0.0132776990347
lightgbm,48,240,445,0.0109379176176
lightgbm,48,240,446,0.0216835109394
lightgbm,48,240,447,0.00994908929023
lightgbm,48,240,448,0.0246505783815
lightgbm,48,240,449,0.0085674614215
lightgbm,48,240,450,0.0188488938772
lightgbm,48,240,451,0.0163657684618
lightgbm,48,240,452,0.00618184720353
lightgbm,48,240,453,0.00957092573737
lightgbm,48,240,454,0.0132953323011
lightgbm,48,240,455,0.00978816701831
lightgbm,48,240,456,0.00755091505769
lightgbm,48,240,457,0.0157379351789
lightgbm,48,240,458,0.0193153260693
lightgbm,48,240,459,0.010344473219
lightgbm,48,240,460,0.0172336352101
lightgbm,48,240,461,0.0163726318809
lightgbm,48,240,462,0.00594779257008
lightgbm,48,240,463,0.0125256517665
lightgbm,48,240,464,0.0210567172315
lightgbm,48,240,465,0.0113383650184
lightgbm,48,240,466,0.0100913218503
lightgbm,48,240,467,0.0140314839506
lightgbm,48,240,468,0.0206247612666
lightgbm,48,240,469,0.0181377799369
lightgbm,48,240,470,0.0173243499635
lightgbm,48,240,471,0.015101504934
lightgbm,48,240,472,0.00518446427172
lightgbm,48,240,473,0.0103947008187
lightgbm,48,240,474,0.00282954881317
lightgbm,48,240,475,0.0211151902768
lightgbm,48,240,476,0.0103611635561
lightgbm,48,240,477,0.0138116857912
lightgbm,48,240,478,0.0223272373342
lightgbm,48,240,479,0.0197393267154
lightgbm,48,240,480,0.0127040443024
lightgbm,48,240,481,0.0111337326584
lightgbm,48,240,482,0.0137039986146
lightgbm,48,240,483,0.0101280864075
lightgbm,48,240,484,0.0182813346399
lightgbm,48,240,485,0.00850208723854
lightgbm,48,240,486,0.00786022641464
lightgbm,48,240,487,0.0128138695556
lightgbm,48,240,488,0.0138489315429
lightgbm,48,240,489,0.00752637562775
lightgbm,48,240,490,0.0176897293797
lightgbm,48,240,491,0.0124720756758
lightgbm,48,240,492,0.0125678900668
lightgbm,48,240,493,0.0182759746631
lightgbm,48,240,494,0.010528222536
lightgbm,48,240,495,0.0102541087451
lightgbm,48,240,496,0.00726061638791
lightgbm,48,240,497,0.0181046909197
lightgbm,48,240,498,0.0161916613954
lightgbm,48,240,499,0.0160505778266
lightgbm,48,240,500,0.014769282011
lightgbm,48,240,501,0.0140437035999
lightgbm,48,240,502,0.0054496255622
lightgbm,48,240,503,0.00212934448281
lightgbm,48,240,504,0.0167350948648
lightgbm,48,240,505,0.0140242863844
lightgbm,48,240,506,0.0160279473961
lightgbm,48,240,507,0.0110119770386
lightgbm,48,240,508,0.0183900953396
lightgbm,48,240,509,0.0127371158386
lightgbm,48,240,510,0.0086112880175
lightgbm,48,240,511,0.0164480384321
lightgbm,48,240,512,0.0213781191685
lightgbm,48,240,513,0.0119932677528
lightgbm,48,240,514,0.0133831640978
lightgbm,48,240,515,0.0147022774041
lightgbm,48,240,516,0.0132951259851
lightgbm,48,240,517,0.00846927978941
lightgbm,48,240,518,0.0103174830315
lightgbm,48,240,519,0.00334820669859
lightgbm,48,240,520,0.0178588945221
lightgbm,48,240,521,0.00747697667846
lightgbm,48,240,522,0.00754946817958
lightgbm,48,240,523,0.0174829677931
lightgbm,48,240,524,0.0164456293663
lightgbm,48,240,525,0.0140193012594
lightgbm,48,240,526,0.00577532587251
lightgbm,48,240,527,0.0132410779428
lightgbm,48,240,528,0.017345744508
lightgbm,48,240,529,0.0127724352417
lightgbm,48,240,530,0.0190001038354
lightgbm,48,240,531,0.0145657380194
lightgbm,48,240,532,0.0194648156661
lightgbm,48,240,533,0.00715069906898
lightgbm,48,240,534,0.012228082176
lightgbm,48,240,535,0.0135474622588
lightgbm,48,240,536,0.0128560234306
lightgbm,48,240,537,0.0166905526538
lightgbm,48,240,538,0.00898115529527
lightgbm,48,240,539,0.0135971364997
lightgbm,48,240,540,0.0155906903803
lightgbm,48,240,541,0.0153786584991
lightgbm,48,240,542,0.0131462796675
lightgbm,48,240,543,0.013379007819
lightgbm,48,240,544,0.0137991881002
lightgbm,48,240,545,0.0142468177938
lightgbm,48,240,546,0.0171118138025
lightgbm,48,240,547,0.02088725873
lightgbm,48,240,548,0.0139053019611
lightgbm,48,240,549,0.0162445052877
lightgbm,48,240,550,0.0176652682794
lightgbm,48,240,551,0.0206182862706
lightgbm,48,240,552,0.00618314594543
lightgbm,48,240,553,0.0130818561471
lightgbm,48,240,554,0.00840812095425
lightgbm,48,240,555,0.0124581802201
lightgbm,48,240,556,0.0139257482381
lightgbm,48,240,557,0.0140643594605
lightgbm,48,240,558,0.0143662771522
lightgbm,48,240,559,0.0146137697076
lightgbm,48,240,560,0.0148843264846
lightgbm,48,240,561,0.00909440276767
lightgbm,48,240,562,0.0130138021798
lightgbm,48,240,563,0.0160201287135
lightgbm,48,240,564,0.0194372608074
lightgbm,48,240,565,0.0190342782539
lightgbm,48,240,566,0.0132354410133
lightgbm,48,240,567,0.0090075511291
lightgbm,48,240,568,0.0207687460869
lightgbm,48,240,569,0.0171220251306
lightgbm,48,240,570,0.0123456637981
lightgbm,48,240,571,0.0134346438176
lightgbm,48,240,572,0.00973691886578
lightgbm,48,240,573,0.0144555492804
lightgbm,48,240,574,0.0129913965979
lightgbm,48,240,575,0.0090871704201
lightgbm,48,240,576,0.0176583908897
lightgbm,48,240,577,0.0187330498602
lightgbm,48,240,578,0.0216615964114
lightgbm,48,240,579,0.012576859838
lightgbm,48,240,580,0.00899125868501
lightgbm,48,240,581,0.0234891549324
lightgbm,48,240,582,0.00872333933638
lightgbm,48,240,583,0.0102150637357
lightgbm,48,240,584,0.00249282907571
lightgbm,48,240,585,0.0115018679738
lightgbm,48,240,586,0.00912302391208
lightgbm,48,240,587,0.0121703770325
lightgbm,48,240,588,0.0115966280796
lightgbm,48,240,589,0.00689248069922
lightgbm,48,240,590,0.00960857853566
lightgbm,48,240,591,0.0129941506278
lightgbm,48,240,592,0.0179188725278
lightgbm,48,240,593,0.0200574200035
lightgbm,48,240,594,0.0103304914058
lightgbm,48,240,595,0.0124945056207
lightgbm,48,240,596,0.0129498553205
lightgbm,48,240,597,0.00551478435986
lightgbm,48,240,598,0.0212318805952
lightgbm,48,240,599,0.0132034353595
lightgbm,48,240,600,0.0144239073337
lightgbm,48,240,601,0.0125961508787
lightgbm,48,240,602,0.0110126569299
lightgbm,48,240,603,0.0152674153109
lightgbm,48,240,604,0.0152443205901
lightgbm,48,240,605,0.0168407019893
lightgbm,48,240,606,0.0122352725103
lightgbm,48,240,607,0.0101266800063
lightgbm,48,240,608,0.0185500312632
lightgbm,48,240,609,0.0118319587513
lightgbm,48,240,610,0.0102964245622
lightgbm,48,240,611,0.00922293800253
lightgbm,48,240,612,0.0130296750353
lightgbm,48,240,613,0.0109794375482
lightgbm,48,240,614,0.00888295481917
lightgbm,48,240,615,0.0152869730266
lightgbm,48,240,616,0.0112681772063
lightgbm,48,240,617,0.0178790343839
lightgbm,48,240,618,0.0150580186284
lightgbm,48,240,619,0.0106682182256
lightgbm,48,240,620,0.0168786735768
lightgbm,48,240,621,0.0170471160388
lightgbm,48,240,622,0.0100292825819
lightgbm,48,240,623,0.0137424958605
lightgbm,48,240,624,0.0206355542277
lightgbm,48,240,625,0.0165828786971
lightgbm,48,240,626,0.0105667586736
lightgbm,48,240,627,0.0244423748579
lightgbm,48,240,628,0.011616640411
lightgbm,48,240,629,0.0142509046057
lightgbm,48,240,630,0.0168838975377
lightgbm,48,240,631,0.0146373290257
lightgbm,48,240,632,0.0176429984528
lightgbm,48,240,633,0.0230372534468
lightgbm,48,240,634,0.0140056507626
lightgbm,48,240,635,0.0122688535379
lightgbm,48,240,636,0.00843930088596
lightgbm,48,240,637,0.00693647824762
lightgbm,48,240,638,0.0150660068153
lightgbm,48,240,639,0.00888513505925
lightgbm,48,240,640,0.0157305976513
lightgbm,48,240,641,0.0140395478737
lightgbm,48,240,642,0.0178467570147
lightgbm,48,240,643,0.0109243429372
lightgbm,48,240,644,0.016459482702
lightgbm,48,240,645,0.0217701884586
lightgbm,48,240,646,0.0131104401605
lightgbm,48,240,647,0.0152760090842
lightgbm,48,240,648,0.0146341241487
lightgbm,48,240,649,0.0126953138227
lightgbm,48,240,650,0.0094463405067
lightgbm,48,240,651,0.0105999512401
lightgbm,48,240,652,0.0122508942977
lightgbm,48,240,653,0.0120745611625
lightgbm,48,240,654,0.0122876009089
lightgbm,48,240,655,0.0133726644672
lightgbm,48,240,656,0.0175910558063
lightgbm,48,240,657,0.0148305051906
lightgbm,48,240,658,0.00842625256813
lightgbm,48,240,659,0.0165602533773
lightgbm,48,240,660,0.0186585798851
lightgbm,48,240,661,0.0170867468408
lightgbm,48,240,662,0.0175728574739
lightgbm,48,240,663,0.00786278825748
lightgbm,48,240,664,0.0103913832204
lightgbm,48,240,665,0.00974330729855
lightgbm,48,240,666,0.00803733332793
lightgbm,48,240,667,0.00587994463223
lightgbm,48,240,668,0.0263805891463
lightgbm,48,240,669,0.0139548474292
lightgbm,48,240,670,0.0106314373394
lightgbm,48,240,671,0.0110235692228
lightgbm,48,240,672,0.0182650206687
lightgbm,48,240,673,0.00994444859478
lightgbm,48,240,674,0.0153561691214
lightgbm,48,240,675,0.0150179152543
lightgbm,48,240,676,0.00999166017316
lightgbm,48,240,677,0.00477905702836
lightgbm,48,240,678,0.00693526174083
lightgbm,48,240,679,0.0149813083116
lightgbm,48,240,680,0.0169325441136
lightgbm,48,240,681,0.013753194969
lightgbm,48,240,682,0.0202896625033
lightgbm,48,240,683,0.012225261507
lightgbm,48,240,684,0.0103433502241
lightgbm,48,240,685,0.00611966126015
lightgbm,48,240,686,0.0161211118779
lightgbm,48,240,687,0.00813666128321
lightgbm,48,240,688,0.0186307552594
lightgbm,48,240,689,0.0098641190498
lightgbm,48,240,690,0.0125151500535
lightgbm,48,240,691,0.0137835164201
lightgbm,48,240,692,0.0129887093262
lightgbm,48,240,693,0.014865253424
lightgbm,48,240,694,0.0157433385715
lightgbm,48,240,695,0.0140378845752
lightgbm,48,240,696,0.0125040992086
lightgbm,48,240,697,0.0141865537683
lightgbm,48,240,698,0.0130395779781
lightgbm,48,240,699,0.00796923297922
lightgbm,48,240,700,0.0240121185397
lightgbm,48,240,701,0.0162293949498
lightgbm,48,240,702,0.00805816773036
lightgbm,48,240,703,0.00619930759145
lightgbm,48,240,704,0.0175978811797
lightgbm,48,240,705,0.0112891428
lightgbm,48,240,706,0.00951101789701
lightgbm,48,240,707,0.0110742693436
lightgbm,48,240,708,0.0138626430996
lightgbm,48,240,709,0.0141415014228
lightgbm,48,240,710,0.0120964510017
lightgbm,48,240,711,0.0168564193601
lightgbm,48,240,712,0.0107377431837
lightgbm,48,240,713,0.00711330635011
lightgbm,48,240,714,0.0180944313603
lightgbm,48,240,715,0.0186431247458
lightgbm,48,240,716,0.0105620005624
lightgbm,48,240,717,0.022345082122
lightgbm,48,240,718,0.0104496747519
lightgbm,48,240,719,0.00737894762278
lightgbm,48,240,720,0.0146945397229
lightgbm,48,240,721,0.0190736867115
lightgbm,48,240,722,0.0128078909099
lightgbm,48,240,723,0.00836515214382
lightgbm,48,240,724,0.00864185967485
lightgbm,48,240,725,0.00976253375702
lightgbm,48,240,726,0.0118528715929
lightgbm,48,240,727,0.0122086471587
lightgbm,48,240,728,0.0198941975364
lightgbm,48,240,729,0.0104091405766
lightgbm,48,240,730,0.0223250299873
lightgbm,48,240,731,0.0145754249035
lightgbm,48,240,732,0.00806939428218
lightgbm,48,240,733,0.00915055522975
lightgbm,48,240,734,0.0109901467008
lightgbm,48,240,735,0.0243791522641
lightgbm,48,240,736,0.00891369531998
lightgbm,48,240,737,0.0112661203553
lightgbm,48,240,738,0.0163257670458
lightgbm,48,240,739,0.0168093973542
lightgbm,48,240,740,0.00718641166667
lightgbm,48,240,741,0.0225348470127
lightgbm,48,240,742,0.0135543717868
lightgbm,48,240,743,0.00635632777809
lightgbm,48,240,744,0.0227075728376
lightgbm,48,240,745,0.0152003637414
lightgbm,48,240,746,0.0095067558074
lightgbm,48,240,747,0.0138188151606
lightgbm,48,240,748,0.00729348621942
lightgbm,48,240,749,0.0152615409066
lightgbm,48,240,750,0.00979722278524
lightgbm,48,240,751,0.00922885239751
lightgbm,48,240,752,0.00767079784116
lightgbm,48,240,753,0.00507237464825
lightgbm,48,240,754,0.0111875464371
lightgbm,48,240,755,0.0130243588131
lightgbm,48,240,756,0.0112222898949
lightgbm,48,240,757,0.0149555242843
lightgbm,48,240,758,0.0117842320612
lightgbm,48,240,759,0.0146811608325
lightgbm,48,240,760,0.00752888825546
lightgbm,48,240,761,0.0120089446301
lightgbm,48,240,762,0.0154378326025
lightgbm,48,240,763,0.0136988022709
lightgbm,48,240,764,0.0166292468989
lightgbm,48,240,765,0.0162340362158
lightgbm,48,240,766,0.0114126196206
lightgbm,48,240,767,0.00753629377731
lightgbm,48,240,768,0.0116595273004
lightgbm,48,240,769,0.00779731260513
lightgbm,48,240,770,0.0147883481424
lightgbm,48,240,771,0.0174915496182
lightgbm,48,240,772,0.0151540474197
lightgbm,48,240,773,0.025914719802
lightgbm,48,240,774,0.0169890022402
lightgbm,48,240,775,0.0179635968232
lightgbm,48,240,776,0.0124135733956
lightgbm,48,240,777,0.0238706900073
lightgbm,48,240,778,0.0097649273748
lightgbm,48,240,779,0.0178086958028
lightgbm,48,240,780,0.005758650514
lightgbm,48,240,781,0.00555697348719
lightgbm,48,240,782,0.0144874966796
lightgbm,48,240,783,0.0197185217904
lightgbm,48,240,784,0.00420363427171
lightgbm,48,240,785,0.00965474802573
lightgbm,48,240,786,0.0285453905199
lightgbm,48,240,787,0.0104858531016
lightgbm,48,240,788,0.0124509613685
lightgbm,48,240,789,0.0139700127243
lightgbm,48,240,790,0.0157583443072
lightgbm,48,240,791,0.0111450704541
lightgbm,48,240,792,0.0102271621039
lightgbm,48,240,793,0.0120127264203
lightgbm,48,240,794,0.016235584597
lightgbm,48,240,795,0.0169179007923
lightgbm,48,240,796,0.0183580284059
lightgbm,48,240,797,0.0119235556554
lightgbm,48,240,798,0.00905650375536
lightgbm,48,240,799,0.0104947851677
lightgbm,48,240,800,0.00853736327328
lightgbm,48,240,801,0.0187063572233
lightgbm,48,240,802,0.0106141276631
lightgbm,48,240,803,0.0083199114089
lightgbm,48,240,804,0.00897893007197
lightgbm,48,240,805,0.0112255417167
lightgbm,48,240,806,0.0176654357251
lightgbm,48,240,807,0.013859466772
lightgbm,48,240,808,0.0161353206144
lightgbm,48,240,809,0.00821826513756
lightgbm,48,240,810,0.0145027602323
lightgbm,48,240,811,0.0187866856608
lightgbm,48,240,812,0.0139981224786
lightgbm,48,240,813,0.0104105674192
lightgbm,48,240,814,0.0143795990737
lightgbm,48,240,815,0.00232041782649
lightgbm,48,240,816,0.0125284700759
lightgbm,48,240,817,0.017257201474
lightgbm,48,240,818,0.00837835754128
lightgbm,48,240,819,0.0172388589284
lightgbm,48,240,820,0.0140080785064
lightgbm,48,240,821,0.0188553076488
lightgbm,48,240,822,0.0128192224429
lightgbm,48,240,823,0.0129087808429
lightgbm,48,240,824,0.013945428452
lightgbm,48,240,825,0.00856429978528
lightgbm,48,240,826,0.0167772277623
lightgbm,48,240,827,0.0198775837917
lightgbm,48,240,828,0.0153069522741
lightgbm,48,240,829,0.0157458444133
lightgbm,48,240,830,0.0164844758709
lightgbm,48,240,831,0.00860726141415
lightgbm,48,240,832,0.0114682432031
lightgbm,48,240,833,0.00706752855029
lightgbm,48,240,834,0.0224648410967
lightgbm,48,240,835,0.0125742801136
lightgbm,48,240,836,0.00828806589609
lightgbm,48,240,837,0.0141915427842
lightgbm,48,240,838,0.0213467564089
lightgbm,48,240,839,0.0163170040925
lightgbm,48,240,840,0.0036597355302
lightgbm,48,240,841,0.0127194166216
lightgbm,48,240,842,0.0124839326649
lightgbm,48,240,843,0.00547609690344
lightgbm,48,240,844,0.0127764643625
lightgbm,48,240,845,0.0144338602924
lightgbm,48,240,846,0.0175722644345
lightgbm,48,240,847,0.0213441446274
lightgbm,48,240,848,0.00979507352462
lightgbm,48,240,849,0.0270203856711
lightgbm,48,240,850,0.0129662194644
lightgbm,48,240,851,0.00714097501701
lightgbm,48,240,852,0.00685187707762
lightgbm,48,240,853,0.0131858522506
lightgbm,48,240,854,0.0124052351853
lightgbm,48,240,855,0.00991773716161
lightgbm,48,240,856,0.0128260866669
lightgbm,48,240,857,0.0129486517473
lightgbm,48,240,858,0.0163227882623
lightgbm,48,240,859,0.0127150721781
lightgbm,48,240,860,0.0102320025138
lightgbm,48,240,861,0.0137589867742
lightgbm,48,240,862,0.0039556898469
lightgbm,48,240,863,0.0134571695057
lightgbm,48,240,864,0.0133751474358
lightgbm,48,240,865,0.0116743081039
lightgbm,48,240,866,0.00817542916435
lightgbm,48,240,867,0.0186784824833
lightgbm,48,240,868,0.0161614066194
lightgbm,48,240,869,0.0106569804609
lightgbm,48,240,870,0.0120763646354
lightgbm,48,240,871,0.012112844679
lightgbm,48,240,872,0.0200188912144
lightgbm,48,240,873,0.00970982129846
lightgbm,48,240,874,0.0146388458769
lightgbm,48,240,875,0.0155269297996
lightgbm,48,240,876,0.0128031427187
lightgbm,48,240,877,0.00461748081526
lightgbm,48,240,878,0.00787384239395
lightgbm,48,240,879,0.0177264781241
lightgbm,48,240,880,0.00465594594023
lightgbm,48,240,881,0.0116483032996
lightgbm,48,240,882,0.0110407807484
lightgbm,48,240,883,0.0194255489711
lightgbm,48,240,884,0.0172288022866
lightgbm,48,240,885,0.0174627176455
lightgbm,48,240,886,0.0216852344298
lightgbm,48,240,887,0.012383823302
lightgbm,48,240,888,0.0225012792383
lightgbm,48,240,889,0.0116036108246
lightgbm,48,240,890,0.0209954858511
lightgbm,48,240,891,0.0161333885405
lightgbm,48,240,892,0.0178608639003
lightgbm,48,240,893,0.0049308750874
lightgbm,48,240,894,0.0178113055925
lightgbm,48,240,895,0.0127288823529
lightgbm,48,240,896,0.0164761102482
lightgbm,48,240,897,0.0197457894047
lightgbm,48,240,898,0.0147640288002
lightgbm,48,240,899,0.00551007893033
lightgbm,48,240,900,0.0172351334001
lightgbm,48,240,901,0.0148324580909
lightgbm,48,240,902,0.0139879982565
lightgbm,48,240,903,0.0186633280514
lightgbm,48,240,904,0.00919028025641
lightgbm,48,240,905,0.0198345689315
lightgbm,48,240,906,0.0124488524493
lightgbm,48,240,907,0.0125224497065
lightgbm,48,240,908,0.0126376203386
lightgbm,48,240,909,0.0145790521434
lightgbm,48,240,910,0.0206967614037
lightgbm,48,240,911,0.012958151741
lightgbm,48,240,912,0.0110790607894
lightgbm,48,240,913,0.0180879813163
lightgbm,48,240,914,0.017823597615
lightgbm,48,240,915,0.00655821867797
lightgbm,48,240,916,0.0120936253687
lightgbm,48,240,917,0.0134528044045
lightgbm,48,240,918,0.0172071326781
lightgbm,48,240,919,0.020685180697
lightgbm,48,240,920,0.0144357203431
lightgbm,48,240,921,0.013866556127
lightgbm,48,240,922,0.0173642744855
lightgbm,48,240,923,0.0147332285673
lightgbm,48,240,924,0.016516213248
lightgbm,48,240,925,0.00914015551438
lightgbm,48,240,926,0.00571015760938
lightgbm,48,240,927,0.0153756336864
lightgbm,48,240,928,0.0154414425812
lightgbm,48,240,929,0.00948400848272
lightgbm,48,240,930,0.0165067108524
lightgbm,48,240,931,0.0121529474158
lightgbm,48,240,932,0.0163149770051
lightgbm,48,240,933,0.0142301041356
lightgbm,48,240,934,0.00981205516595
lightgbm,48,240,935,0.00858508321227
lightgbm,48,240,936,0.015338406152
lightgbm,48,240,937,0.0192840273276
lightgbm,48,240,938,0.0141998003552
lightgbm,48,240,939,0.0166414398968
lightgbm,48,240,940,0.0108470301519
lightgbm,48,240,941,0.00783804300883
lightgbm,48,240,942,0.00819338033621
lightgbm,48,240,943,0.0102487554517
lightgbm,48,240,944,0.00680689693027
lightgbm,48,240,945,0.0218678805853
lightgbm,48,240,946,0.00877891408164
lightgbm,48,240,947,0.0144108058482
lightgbm,48,240,948,0.0106672265308
lightgbm,48,240,949,0.0129745922253
lightgbm,48,240,950,0.0127891987952
lightgbm,48,240,951,0.00913326229796
lightgbm,48,240,952,0.0109986307078
lightgbm,48,240,953,0.0132097493578
lightgbm,48,240,954,0.0160970004133
lightgbm,48,240,955,0.0101652440708
lightgbm,48,240,956,0.0106021273063
lightgbm,48,240,957,0.0214448545026
lightgbm,48,240,958,0.0126730737336
lightgbm,48,240,959,0.0123437329777
lightgbm,48,240,960,0.0124911699528
lightgbm,48,240,961,0.00382944528582
lightgbm,48,240,962,0.0108727954369
lightgbm,48,240,963,0.0177475630579
lightgbm,48,240,964,0.0163142550719
lightgbm,48,240,965,0.0170427848189
lightgbm,48,240,966,0.0070408131324
lightgbm,48,240,967,0.0116265764224
lightgbm,48,240,968,0.0121244965027
lightgbm,48,240,969,0.0187614175288
lightgbm,48,240,970,0.017709192429
lightgbm,48,240,971,0.0167110908497
lightgbm,48,240,972,0.0138145329375
lightgbm,48,240,973,0.0125103793322
lightgbm,48,240,974,0.0178082204535
lightgbm,48,240,975,0.0160595810901
lightgbm,48,240,976,0.0171142013006
lightgbm,48,240,977,0.0209728216065
lightgbm,48,240,978,0.0166463824376
lightgbm,48,240,979,0.0165550167132
lightgbm,48,240,980,0.0136385664909
lightgbm,48,240,981,0.0145638150485
lightgbm,48,240,982,0.0115995209524
lightgbm,48,240,983,0.0117424633098
lightgbm,48,240,984,0.0117121600062
lightgbm,48,240,985,0.0165748643352
lightgbm,48,240,986,0.014429834759
lightgbm,48,240,987,0.0148341117903
lightgbm,48,240,988,0.0229559843635
lightgbm,48,240,989,0.0160714257531
lightgbm,48,240,990,0.0216360637303
lightgbm,48,240,991,0.0163149697296
lightgbm,48,240,992,0.0118869477318
lightgbm,48,240,993,0.00953855956067
lightgbm,48,240,994,0.013650754096
lightgbm,48,240,995,0.0107999201403
lightgbm,48,240,996,0.0144039032404
lightgbm,48,240,997,0.00258664438588
lightgbm,48,240,998,0.0114634205763
lightgbm,48,240,999,0.0108752365207
mlp,12,60,0,0.0105143223752
mlp,12,60,1,0.0123083939333
mlp,12,60,2,0.00906644962596
mlp,12,60,3,0.0109859327432
mlp,12,60,4,0.0111125138355
mlp,12,60,5,0.0131332163247
mlp,12,60,6,0.0136443090898
mlp,12,60,7,0.0103860609783
mlp,12,60,8,0.0120671084453
mlp,12,60,9,0.0115678292147
mlp,12,60,10,0.0140741280469
mlp,12,60,11,0.0115547922598
mlp,12,60,12,0.0120359892009
mlp,12,60,13,0.0129106574577
mlp,12,60,14,0.0104082612787
mlp,12,60,15,0.0178279853856
mlp,12,60,16,0.0130636831077
mlp,12,60,17,0.0107185428045
mlp,12,60,18,0.0110672705517
mlp,12,60,19,0.0118031345987
mlp,12,60,20,0.00815042220687
mlp,12,60,21,0.0135667071484
mlp,12,60,22,0.00941353640986
mlp,12,60,23,0.00895148851605
mlp,12,60,24,0.0129692902567
mlp,12,60,25,0.0136602257878
mlp,12,60,26,0.0074606605768
mlp,12,60,27,0.0112082816374
mlp,12,60,28,0.0096081516186
mlp,12,60,29,0.0082249086018
mlp,12,60,30,0.0129759910435
mlp,12,60,31,0.0115497755807
mlp,12,60,32,0.00917850095578
mlp,12,60,33,0.00959643540201
mlp,12,60,34,0.0121498002238
mlp,12,60,35,0.00983447945927
mlp,12,60,36,0.0084857701351
mlp,12,60,37,0.0129661398509
mlp,12,60,38,0.0142220973279
mlp,12,60,39,0.010702819989
mlp,12,60,40,0.012040863662
mlp,12,60,41,0.0113752391694
mlp,12,60,42,0.011107498248
mlp,12,60,43,0.0126420815269
mlp,12,60,44,0.0130413381696
mlp,12,60,45,0.0110567882714
mlp,12,60,46,0.00976440576785
mlp,12,60,47,0.0138674241255
mlp,12,60,48,0.0106024413921
mlp,12,60,49,0.0144200884099
mlp,12,60,50,0.0117439248755
mlp,12,60,51,0.0110723904943
mlp,12,60,52,0.0129511691161
mlp,12,60,53,0.00829340356631
mlp,12,60,54,0.00913803357567
mlp,12,60,55,0.00923326773886
mlp,12,60,56,0.0138314251539
mlp,12,60,57,0.010649590488
mlp,12,60,58,0.00951311623025
mlp,12,60,59,0.0122016451134
mlp,12,60,60,0.0122150659232
mlp,12,60,61,0.0117950122285
mlp,12,60,62,0.0107831217089
mlp,12,60,63,0.0128134958937
mlp,12,60,64,0.00938991436786
mlp,12,60,65,0.0113782215351
mlp,12,60,66,0.0138512557947
mlp,12,60,67,0.0100458201378
mlp,12,60,68,0.0157913564237
mlp,12,60,69,0.0117418742592
mlp,12,60,70,0.00955647572779
mlp,12,60,71,0.0148026428468
mlp,12,60,72,0.0163399090078
mlp,12,60,73,0.00711968588885
mlp,12,60,74,0.00937879770168
mlp,12,60,75,0.0120559116552
mlp,12,60,76,0.0095983602856
mlp,12,60,77,0.0119706409752
mlp,12,60,78,0.0125825241534
mlp,12,60,79,0.0119568627099
mlp,12,60,80,0.0100711197575
mlp,12,60,81,0.0118747288666
mlp,12,60,82,0.0110290846459
mlp,12,60,83,0.0119088535103
mlp,12,60,84,0.0123573118383
mlp,12,60,85,0.0145080281569
mlp,12,60,86,0.0119702323719
mlp,12,60,87,0.011188673822
mlp,12,60,88,0.0108555224495
mlp,12,60,89,0.0131092797793
mlp,12,60,90,0.0100590646474
mlp,12,60,91,0.0121118123686
mlp,12,60,92,0.0108176811611
mlp,12,60,93,0.0110394832051
mlp,12,60,94,0.0125666792923
mlp,12,60,95,0.0090665953244
mlp,12,60,96,0.0111825812499
mlp,12,60,97,0.0107338404859
mlp,12,60,98,0.0133018910832
mlp,12,60,99,0.014025911614
mlp,12,60,100,0.00882745847468
mlp,12,60,101,0.0116846724641
mlp,12,60,102,0.0095100916122
mlp,12,60,103,0.00830115873821
mlp,12,60,104,0.0131920445978
mlp,12,60,105,0.0105788775848
mlp,12,60,106,0.0101528919594
mlp,12,60,107,0.00947837528705
mlp,12,60,108,0.0110549256088
mlp,12,60,109,0.0115425134122
mlp,12,60,110,0.01093443356
mlp,12,60,111,0.0120462799013
mlp,12,60,112,0.0133545398797
mlp,12,60,113,0.0120125314387
mlp,12,60,114,0.0105330697883
mlp,12,60,115,0.0124856002055
mlp,12,60,116,0.013234771496
mlp,12,60,117,0.0135487547184
mlp,12,60,118,0.0131751860294
mlp,12,60,119,0.0108634183159
mlp,12,60,120,0.00922740064171
mlp,12,60,121,0.0133215316711
mlp,12,60,122,0.0135916565364
mlp,12,60,123,0.0121031050761
mlp,12,60,124,0.0117160565527
mlp,12,60,125,0.00625904094827
mlp,12,60,126,0.0124649524519
mlp,12,60,127,0.0140998070741
mlp,12,60,128,0.0144416741895
mlp,12,60,129,0.0117239327909
mlp,12,60,130,0.0109120641517
mlp,12,60,131,0.0136306360035
mlp,12,60,132,0.010417930645
mlp,12,60,133,0.0102304390889
mlp,12,60,134,0.0103227456718
mlp,12,60,135,0.015428518081
mlp,12,60,136,0.0124476010028
mlp,12,60,137,0.00986159323718
mlp,12,60,138,0.0122162027838
mlp,12,60,139,0.0126414182085
mlp,12,60,140,0.00679694199705
mlp,12,60,141,0.0128519596277
mlp,12,60,142,0.0104508640775
mlp,12,60,143,0.00996173926709
mlp,12,60,144,0.00992791022014
mlp,12,60,145,0.0127862723815
mlp,12,60,146,0.0114729454348
mlp,12,60,147,0.0110094189108
mlp,12,60,148,0.0101379560658
mlp,12,60,149,0.00957303614806
mlp,12,60,150,0.00855596500923
mlp,12,60,151,0.011396222131
mlp,12,60,152,0.0102554171247
mlp,12,60,153,0.0124376496751
mlp,12,60,154,0.009995478699
mlp,12,60,155,0.0151159897684
mlp,12,60,156,0.011709698074
mlp,12,60,157,0.0102871184747
mlp,12,60,158,0.00917624598469
mlp,12,60,159,0.00748371636674
mlp,12,60,160,0.0116489487769
mlp,12,60,161,0.0100783950448
mlp,12,60,162,0.010865588211
mlp,12,60,163,0.0146633842927
mlp,12,60,164,0.011398665343
mlp,12,60,165,0.0124337999671
mlp,12,60,166,0.0105895257373
mlp,12,60,167,0.0123535988652
mlp,12,60,168,0.0125105645737
mlp,12,60,169,0.0101460652971
mlp,12,60,170,0.0112340698532
mlp,12,60,171,0.011217689095
mlp,12,60,172,0.011083237156
mlp,12,60,173,0.00984216517611
mlp,12,60,174,0.0146287586475
mlp,12,60,175,0.0137964275056
mlp,12,60,176,0.00878404382744
mlp,12,60,177,0.00751296600328
mlp,12,60,178,0.0105074712507
mlp,12,60,179,0.0119256669905
mlp,12,60,180,0.0131077555761
mlp,12,60,181,0.0115932335526
mlp,12,60,182,0.0136719289104
mlp,12,60,183,0.0115461279091
mlp,12,60,184,0.0114671949273
mlp,12,60,185,0.0109101246296
mlp,12,60,186,0.0121025583312
mlp,12,60,187,0.0124965062828
mlp,12,60,188,0.0116365849491
mlp,12,60,189,0.0105155216687
mlp,12,60,190,0.0123153921739
mlp,12,60,191,0.0140513526938
mlp,12,60,192,0.0124478433919
mlp,12,60,193,0.0106512932468
mlp,12,60,194,0.0121942073292
mlp,12,60,195,0.0114378977399
mlp,12,60,196,0.0132741624927
mlp,12,60,197,0.0157525321147
mlp,12,60,198,0.00948494273969
mlp,12,60,199,0.0100858698875
mlp,12,60,200,0.00842078909805
mlp,12,60,201,0.00828074361307
mlp,12,60,202,0.0141219995435
mlp,12,60,203,0.00857583558686
mlp,12,60,204,0.0138699472605
mlp,12,60,205,0.00991543505931
mlp,12,60,206,0.0129803858562
mlp,12,60,207,0.0111914895005
mlp,12,60,208,0.0117328315539
mlp,12,60,209,0.0159913242821
mlp,12,60,210,0.0113221570592
mlp,12,60,211,0.0083276559493
mlp,12,60,212,0.0125317493193
mlp,12,60,213,0.00982194090236
mlp,12,60,214,0.0117185350854
mlp,12,60,215,0.0096553589999
mlp,12,60,216,0.00988392603495
mlp,12,60,217,0.0132703204331
mlp,12,60,218,0.0113892619596
mlp,12,60,219,0.0115925601314
mlp,12,60,220,0.00993383820827
mlp,12,60,221,0.0116256680637
mlp,12,60,222,0.0109521629245
mlp,12,60,223,0.0107013509271
mlp,12,60,224,0.0138601884421
mlp,12,60,225,0.00671881105791
mlp,12,60,226,0.00868662324734
mlp,12,60,227,0.0119716053172
mlp,12,60,228,0.0101620050725
mlp,12,60,229,0.0115909808238
mlp,12,60,230,0.0132691799341
mlp,12,60,231,0.00876509077897
mlp,12,60,232,0.0134593486524
mlp,12,60,233,0.0121272108728
mlp,12,60,234,0.00962187478861
mlp,12,60,235,0.00991568251407
mlp,12,60,236,0.00926089460086
mlp,12,60,237,0.0120979487366
mlp,12,60,238,0.0102451629669
mlp,12,60,239,0.0123734198492
mlp,12,60,240,0.00831418319209
mlp,12,60,241,0.0129828141824
mlp,12,60,242,0.0111079229366
mlp,12,60,243,0.0144178050463
mlp,12,60,244,0.0123341482629
mlp,12,60,245,0.013867666497
mlp,12,60,246,0.00735723449687
mlp,12,60,247,0.0136676435151
mlp,12,60,248,0.0118597699432
mlp,12,60,249,0.0115493011929
mlp,12,60,250,0.0121392037455
mlp,12,60,251,0.0138645007747
mlp,12,60,252,0.0100066627609
mlp,12,60,253,0.0116179637589
mlp,12,60,254,0.0130237169027
mlp,12,60,255,0.00970645428749
mlp,12,60,256,0.0117826201028
mlp,12,60,257,0.0080713074972
mlp,12,60,258,0.0104154979724
mlp,12,60,259,0.0121642019572
mlp,12,60,260,0.00970123000255
mlp,12,60,261,0.0118761804719
mlp,12,60,262,0.0128853922946
mlp,12,60,263,0.00791872429816
mlp,12,60,264,0.0115017599652
mlp,12,60,265,0.0101558278531
mlp,12,60,266,0.011062028826
mlp,12,60,267,0.010052608339
mlp,12,60,268,0.0100475568843
mlp,12,60,269,0.0104017858418
mlp,12,60,270,0.0134270803553
mlp,12,60,271,0.0127245210985
mlp,12,60,272,0.0119395277041
mlp,12,60,273,0.0101245831189
mlp,12,60,274,0.0125062716623
mlp,12,60,275,0.0140964850677
mlp,12,60,276,0.00943347284721
mlp,12,60,277,0.0141254263949
mlp,12,60,278,0.0120564102421
mlp,12,60,279,0.00908931634756
mlp,12,60,280,0.0118673243173
mlp,12,60,281,0.00934817865242
mlp,12,60,282,0.0075651359139
mlp,12,60,283,0.0132094176608
mlp,12,60,284,0.0130289813463
mlp,12,60,285,0.00849696174983
mlp,12,60,286,0.0139180576838
mlp,12,60,287,0.00988442646638
mlp,12,60,288,0.011444344525
mlp,12,60,289,0.00953519663043
mlp,12,60,290,0.00986388774685
mlp,12,60,291,0.0101033504914
mlp,12,60,292,0.0104072911145
mlp,12,60,293,0.0125150934466
mlp,12,60,294,0.0099773829202
mlp,12,60,295,0.0144738049929
mlp,12,60,296,0.00707817168162
mlp,12,60,297,0.0106998829203
mlp,12,60,298,0.012279960418
mlp,12,60,299,0.0100607607681
mlp,12,60,300,0.0123801113165
mlp,12,60,301,0.0104263189861
mlp,12,60,302,0.0113011299973
mlp,12,60,303,0.0109012808478
mlp,12,60,304,0.0112191202331
mlp,12,60,305,0.0127010404972
mlp,12,60,306,0.0116598817574
mlp,12,60,307,0.011205918171
mlp,12,60,308,0.0121539446228
mlp,12,60,309,0.00895938721836
mlp,12,60,310,0.0141809694491
mlp,12,60,311,0.00933462198766
mlp,12,60,312,0.0111794227915
mlp,12,60,313,0.00767220965839
mlp,12,60,314,0.0126943550646
mlp,12,60,315,0.0155035185066
mlp,12,60,316,0.0123480007494
mlp,12,60,317,0.0103703233154
mlp,12,60,318,0.013112453424
mlp,12,60,319,0.00971163673244
mlp,12,60,320,0.0117468017084
mlp,12,60,321,0.0125616491544
mlp,12,60,322,0.0181853597804
mlp,12,60,323,0.0122141598245
mlp,12,60,324,0.0119897071569
mlp,12,60,325,0.013294553868
mlp,12,60,326,0.0100479738288
mlp,12,60,327,0.0127055935705
mlp,12,60,328,0.0110059790614
mlp,12,60,329,0.0115333501327
mlp,12,60,330,0.0117313813156
mlp,12,60,331,0.0135323861652
mlp,12,60,332,0.0139821422219
mlp,12,60,333,0.0103032085535
mlp,12,60,334,0.0131262873738
mlp,12,60,335,0.0121556275739
mlp,12,60,336,0.0134257147024
mlp,12,60,337,0.011286236517
mlp,12,60,338,0.0133392693135
mlp,12,60,339,0.0110929114615
mlp,12,60,340,0.00874588290127
mlp,12,60,341,0.0119461852126
mlp,12,60,342,0.00794617708336
mlp,12,60,343,0.0156051300415
mlp,12,60,344,0.0153540807828
mlp,12,60,345,0.0115292036391
mlp,12,60,346,0.0109221754174
mlp,12,60,347,0.00898755558339
mlp,12,60,348,0.011201908643
mlp,12,60,349,0.0132125374833
mlp,12,60,350,0.0127731144213
mlp,12,60,351,0.0109764978715
mlp,12,60,352,0.00903353470522
mlp,12,60,353,0.0110430962881
mlp,12,60,354,0.010654976931
mlp,12,60,355,0.0113193776002
mlp,12,60,356,0.0117038425502
mlp,12,60,357,0.00912131075713
mlp,12,60,358,0.0151180359339
mlp,12,60,359,0.0133376349013
mlp,12,60,360,0.0122623849136
mlp,12,60,361,0.0133611229703
mlp,12,60,362,0.00949278898041
mlp,12,60,363,0.0104204787979
mlp,12,60,364,0.0111963487473
mlp,12,60,365,0.00961589053375
mlp,12,60,366,0.0107432345034
mlp,12,60,367,0.00987789980057
mlp,12,60,368,0.00955688909203
mlp,12,60,369,0.0110193760811
mlp,12,60,370,0.0128935550167
mlp,12,60,371,0.0102349781317
mlp,12,60,372,0.00861797419239
mlp,12,60,373,0.0151324284202
mlp,12,60,374,0.0104546768562
mlp,12,60,375,0.009497771651
mlp,12,60,376,0.0132622417068
mlp,12,60,377,0.0118220487592
mlp,12,60,378,0.0123440085592
mlp,12,60,379,0.00867121637745
mlp,12,60,380,0.010147260578
mlp,12,60,381,0.0119059422285
mlp,12,60,382,0.0139606888546
mlp,12,60,383,0.0108254636462
mlp,12,60,384,0.0102451208061
mlp,12,60,385,0.0110115146868
mlp,12,60,386,0.0124928164645
mlp,12,60,387,0.0155118829266
mlp,12,60,388,0.00956939159339
mlp,12,60,389,0.0107927683502
mlp,12,60,390,0.0142986997922
mlp,12,60,391,0.00801826805533
mlp,12,60,392,0.0136180797806
mlp,12,60,393,0.0120820972288
mlp,12,60,394,0.00994178264696
mlp,12,60,395,0.00777975062249
mlp,12,60,396,0.0113878872781
mlp,12,60,397,0.0100824875209
mlp,12,60,398,0.00979057300123
mlp,12,60,399,0.0107625329968
mlp,12,60,400,0.0141818413185
mlp,12,60,401,0.00856400361098
mlp,12,60,402,0.0158723888572
mlp,12,60,403,0.00927383090625
mlp,12,60,404,0.0126858863116
mlp,12,60,405,0.00996058892467
mlp,12,60,406,0.0097687541283
mlp,12,60,407,0.0144835254135
mlp,12,60,408,0.0125702151324
mlp,12,60,409,0.0118287908277
mlp,12,60,410,0.0103381756432
mlp,12,60,411,0.0100245680037
mlp,12,60,412,0.0120801308314
mlp,12,60,413,0.0106304538089
mlp,12,60,414,0.0126166601571
mlp,12,60,415,0.00862746625811
mlp,12,60,416,0.0111136148442
mlp,12,60,417,0.0102244468754
mlp,12,60,418,0.00756348927219
mlp,12,60,419,0.0108791372403
mlp,12,60,420,0.0153614483004
mlp,12,60,421,0.0122810915084
mlp,12,60,422,0.00763112203829
mlp,12,60,423,0.0126718970963
mlp,12,60,424,0.0106315798156
mlp,12,60,425,0.010789816179
mlp,12,60,426,0.00618385577622
mlp,12,60,427,0.0131830748436
mlp,12,60,428,0.0123716664777
mlp,12,60,429,0.00999841258764
mlp,12,60,430,0.0111546881255
mlp,12,60,431,0.0118168738796
mlp,12,60,432,0.00933471094178
mlp,12,60,433,0.0109439160977
mlp,12,60,434,0.0115536117121
mlp,12,60,435,0.0148268323959
mlp,12,60,436,0.0123798148442
mlp,12,60,437,0.012357270906
mlp,12,60,438,0.01073416586
mlp,12,60,439,0.0104931859431
mlp,12,60,440,0.0143148187699
mlp,12,60,441,0.0125005406652
mlp,12,60,442,0.0108542184877
mlp,12,60,443,0.01461941602
mlp,12,60,444,0.0127893744071
mlp,12,60,445,0.00955569493862
mlp,12,60,446,0.010607968322
mlp,12,60,447,0.00955386680815
mlp,12,60,448,0.0105448676378
mlp,12,60,449,0.0119797833692
mlp,12,60,450,0.00919888523838
mlp,12,60,451,0.0122430810333
mlp,12,60,452,0.0117969591272
mlp,12,60,453,0.0122531389225
mlp,12,60,454,0.0124924740262
mlp,12,60,455,0.0124735862942
mlp,12,60,456,0.0124703253047
mlp,12,60,457,0.0128892962029
mlp,12,60,458,0.00957953279459
mlp,12,60,459,0.0111882310883
mlp,12,60,460,0.0122187879546
mlp,12,60,461,0.0107728158525
mlp,12,60,462,0.0133498518555
mlp,12,60,463,0.0107121546169
mlp,12,60,464,0.0164192385271
mlp,12,60,465,0.00924578835206
mlp,12,60,466,0.0091360640394
mlp,12,60,467,0.0111637549065
mlp,12,60,468,0.0140918519403
mlp,12,60,469,0.0107444768191
mlp,12,60,470,0.0118171662671
mlp,12,60,471,0.0106280458819
mlp,12,60,472,0.0138906058357
mlp,12,60,473,0.00956891355701
mlp,12,60,474,0.00842720692114
mlp,12,60,475,0.0112740894762
mlp,12,60,476,0.0137722269418
mlp,12,60,477,0.00984450125773
mlp,12,60,478,0.00933822249917
mlp,12,60,479,0.0107987863845
mlp,12,60,480,0.00561651390286
mlp,12,60,481,0.0122639274048
mlp,12,60,482,0.00996434271586
mlp,12,60,483,0.0161748639877
mlp,12,60,484,0.0111866301528
mlp,12,60,485,0.0106693610553
mlp,12,60,486,0.0106295367512
mlp,12,60,487,0.00876995584832
mlp,12,60,488,0.0121958987893
mlp,12,60,489,0.00710890121017
mlp,12,60,490,0.00979972684915
mlp,12,60,491,0.0122685238711
mlp,12,60,492,0.0136608937249
mlp,12,60,493,0.0139246180995
mlp,12,60,494,0.0134235311716
mlp,12,60,495,0.0100156217402
mlp,12,60,496,0.0132286808253
mlp,12,60,497,0.0166856249507
mlp,12,60,498,0.00948309942707
mlp,12,60,499,0.0126554834004
mlp,12,60,500,0.0119947369529
mlp,12,60,501,0.0106574238598
mlp,12,60,502,0.0126274334201
mlp,12,60,503,0.00963315937281
mlp,12,60,504,0.0146424786362
mlp,12,60,505,0.00952488722493
mlp,12,60,506,0.0124817826146
mlp,12,60,507,0.00868107618186
mlp,12,60,508,0.0136530799271
mlp,12,60,509,0.0101460473842
mlp,12,60,510,0.01185329379
mlp,12,60,511,0.0124253177849
mlp,12,60,512,0.0107686690834
mlp,12,60,513,0.0129210269517
mlp,12,60,514,0.00937648627111
mlp,12,60,515,0.0113744006784
mlp,12,60,516,0.00861769610798
mlp,12,60,517,0.0110781736775
mlp,12,60,518,0.0107705214464
mlp,12,60,519,0.0102148076145
mlp,12,60,520,0.00947089404011
mlp,12,60,521,0.011662015285
mlp,12,60,522,0.0100093166701
mlp,12,60,523,0.0143107340183
mlp,12,60,524,0.0124965987757
mlp,12,60,525,0.0105536123575
mlp,12,60,526,0.0128402742831
mlp,12,60,527,0.0118132845589
mlp,12,60,528,0.00814972621809
mlp,12,60,529,0.0115633917922
mlp,12,60,530,0.0109739266062
mlp,12,60,531,0.0113054749508
mlp,12,60,532,0.0110024099413
mlp,12,60,533,0.0130752254199
mlp,12,60,534,0.0101413653644
mlp,12,60,535,0.0120730123485
mlp,12,60,536,0.0129027780564
mlp,12,60,537,0.0119834827198
mlp,12,60,538,0.0111982193548
mlp,12,60,539,0.0114284690668
mlp,12,60,540,0.0107644183154
mlp,12,60,541,0.00959183122372
mlp,12,60,542,0.0124537071642
mlp,12,60,543,0.0110412500488
mlp,12,60,544,0.00911718194431
mlp,12,60,545,0.00992236923372
mlp,12,60,546,0.00904812219022
mlp,12,60,547,0.0123097207637
mlp,12,60,548,0.0136502767285
mlp,12,60,549,0.0112227224072
mlp,12,60,550,0.0112692570992
mlp,12,60,551,0.0119468589885
mlp,12,60,552,0.010548291772
mlp,12,60,553,0.0111829462595
mlp,12,60,554,0.0118847004622
mlp,12,60,555,0.0110712080487
mlp,12,60,556,0.00981501812066
mlp,12,60,557,0.0136903759306
mlp,12,60,558,0.00974451004399
mlp,12,60,559,0.0113788832835
mlp,12,60,560,0.0133349406199
mlp,12,60,561,0.0117649164666
mlp,12,60,562,0.0153462227978
mlp,12,60,563,0.0133243581413
mlp,12,60,564,0.0108334615551
mlp,12,60,565,0.0131102446745
mlp,12,60,566,0.015405451678
mlp,12,60,567,0.00586510223127
mlp,12,60,568,0.00990834917699
mlp,12,60,569,0.0115063472905
mlp,12,60,570,0.00850044073128
mlp,12,60,571,0.0117939299254
mlp,12,60,572,0.00796488394618
mlp,12,60,573,0.00799213264412
mlp,12,60,574,0.0105356447697
mlp,12,60,575,0.0118128411274
mlp,12,60,576,0.0107074731077
mlp,12,60,577,0.00709137932514
mlp,12,60,578,0.00755062849657
mlp,12,60,579,0.011984134843
mlp,12,60,580,0.0130946788494
mlp,12,60,581,0.0140995594345
mlp,12,60,582,0.00926478200575
mlp,12,60,583,0.0107832429869
mlp,12,60,584,0.0119328266226
mlp,12,60,585,0.0132154730069
mlp,12,60,586,0.0111947860617
mlp,12,60,587,0.00941365835352
mlp,12,60,588,0.0131582898171
mlp,12,60,589,0.0140322903361
mlp,12,60,590,0.0112845951243
mlp,12,60,591,0.0103775591763
mlp,12,60,592,0.0113748666704
mlp,12,60,593,0.00867659707886
mlp,12,60,594,0.0120517501176
mlp,12,60,595,0.00864964942266
mlp,12,60,596,0.0112868946274
mlp,12,60,597,0.0102114768977
mlp,12,60,598,0.0096477429534
mlp,12,60,599,0.0128108284428
mlp,12,60,600,0.0132447943824
mlp,12,60,601,0.0120537437467
mlp,12,60,602,0.00755612135805
mlp,12,60,603,0.012538204504
mlp,12,60,604,0.0134682900756
mlp,12,60,605,0.0136372431642
mlp,12,60,606,0.0108642053095
mlp,12,60,607,0.0120665939761
mlp,12,60,608,0.00965378965705
mlp,12,60,609,0.00951369037015
mlp,12,60,610,0.0135455104619
mlp,12,60,611,0.0150373145287
mlp,12,60,612,0.00965931648101
mlp,12,60,613,0.0125330226233
mlp,12,60,614,0.0117278706023
mlp,12,60,615,0.00843897148481
mlp,12,60,616,0.0139938988747
mlp,12,60,617,0.00934165365308
mlp,12,60,618,0.0127594083773
mlp,12,60,619,0.0103178713169
mlp,12,60,620,0.0121147375428
mlp,12,60,621,0.0139123353754
mlp,12,60,622,0.0107765239541
mlp,12,60,623,0.00884715000507
mlp,12,60,624,0.0126931435997
mlp,12,60,625,0.00952578046237
mlp,12,60,626,0.0133256990552
mlp,12,60,627,0.0144643603309
mlp,12,60,628,0.011279447616
mlp,12,60,629,0.00885831591938
mlp,12,60,630,0.0111177450648
mlp,12,60,631,0.00941191722652
mlp,12,60,632,0.0140582290955
mlp,12,60,633,0.0101010207604
mlp,12,60,634,0.0110365005134
mlp,12,60,635,0.0131187629665
mlp,12,60,636,0.0104838214441
mlp,12,60,637,0.0102440299289
mlp,12,60,638,0.0145317099705
mlp,12,60,639,0.0111095560869
mlp,12,60,640,0.0134597651115
mlp,12,60,641,0.009656445445
mlp,12,60,642,0.0129151429744
mlp,12,60,643,0.013209472476
mlp,12,60,644,0.011430739065
mlp,12,60,645,0.0119196658606
mlp,12,60,646,0.0133761489902
mlp,12,60,647,0.0106956697689
mlp,12,60,648,0.0111317801079
mlp,12,60,649,0.0123125039109
mlp,12,60,650,0.0120106340745
mlp,12,60,651,0.010662400974
mlp,12,60,652,0.0102766118637
mlp,12,60,653,0.00976407651738
mlp,12,60,654,0.0112411413181
mlp,12,60,655,0.0109072706925
mlp,12,60,656,0.0122302887509
mlp,12,60,657,0.00878207128743
mlp,12,60,658,0.0116723063146
mlp,12,60,659,0.00851651811721
mlp,12,60,660,0.0116950135827
mlp,12,60,661,0.0110338729897
mlp,12,60,662,0.00998833958567
mlp,12,60,663,0.00855523036143
mlp,12,60,664,0.00732493317166
mlp,12,60,665,0.00653686620639
mlp,12,60,666,0.0125147298166
mlp,12,60,667,0.0128796377988
mlp,12,60,668,0.0106333109841
mlp,12,60,669,0.0127730313436
mlp,12,60,670,0.0129297307304
mlp,12,60,671,0.0121441794102
mlp,12,60,672,0.0145190227499
mlp,12,60,673,0.0130772849546
mlp,12,60,674,0.0156380351351
mlp,12,60,675,0.0100057176805
mlp,12,60,676,0.00763903741043
mlp,12,60,677,0.0105285046357
mlp,12,60,678,0.0133730975877
mlp,12,60,679,0.0144113441132
mlp,12,60,680,0.0122768620949
mlp,12,60,681,0.0102179315104
mlp,12,60,682,0.00811407840102
mlp,12,60,683,0.0146322241987
mlp,12,60,684,0.0134681920314
mlp,12,60,685,0.0102661545921
mlp,12,60,686,0.0117086635291
mlp,12,60,687,0.0122572257242
mlp,12,60,688,0.0137561262049
mlp,12,60,689,0.00997477314029
mlp,12,60,690,0.0131682546648
mlp,12,60,691,0.0107803734679
mlp,12,60,692,0.00822848483921
mlp,12,60,693,0.0101515516124
mlp,12,60,694,0.0127726228954
mlp,12,60,695,0.00547475551223
mlp,12,60,696,0.00886208480653
mlp,12,60,697,0.0137709950448
mlp,12,60,698,0.00985670068177
mlp,12,60,699,0.0138718630425
mlp,12,60,700,0.010849173918
mlp,12,60,701,0.0120004935356
mlp,12,60,702,0.010802691423
mlp,12,60,703,0.00800413544042
mlp,12,60,704,0.00784193914847
mlp,12,60,705,0.012448765092
mlp,12,60,706,0.0134394102805
mlp,12,60,707,0.0105567550376
mlp,12,60,708,0.010597595899
mlp,12,60,709,0.0113835022946
mlp,12,60,710,0.0104136239693
mlp,12,60,711,0.0092429090267
mlp,12,60,712,0.00856783110728
mlp,12,60,713,0.00951984514062
mlp,12,60,714,0.0120064251805
mlp,12,60,715,0.0137124104873
mlp,12,60,716,0.0127839805681
mlp,12,60,717,0.00872329622011
mlp,12,60,718,0.0125003031533
mlp,12,60,719,0.0115490395589
mlp,12,60,720,0.0129679125058
mlp,12,60,721,0.0151017222407
mlp,12,60,722,0.0138987829833
mlp,12,60,723,0.00993125353924
mlp,12,60,724,0.0117191938614
mlp,12,60,725,0.0143056578854
mlp,12,60,726,0.00943550566898
mlp,12,60,727,0.0134191981545
mlp,12,60,728,0.0155867528555
mlp,12,60,729,0.00930661265832
mlp,12,60,730,0.0126786381644
mlp,12,60,731,0.0123105462998
mlp,12,60,732,0.0102273473402
mlp,12,60,733,0.0118903361467
mlp,12,60,734,0.0125208197433
mlp,12,60,735,0.0119223388953
mlp,12,60,736,0.012250480242
mlp,12,60,737,0.0106829653026
mlp,12,60,738,0.0117863591474
mlp,12,60,739,0.0105415490712
mlp,12,60,740,0.0131704908971
mlp,12,60,741,0.0117124102021
mlp,12,60,742,0.0124025702449
mlp,12,60,743,0.011139142869
mlp,12,60,744,0.0135229663674
mlp,12,60,745,0.00747831521185
mlp,12,60,746,0.0121090082391
mlp,12,60,747,0.0141180809786
mlp,12,60,748,0.0112750046465
mlp,12,60,749,0.0145315677679
mlp,12,60,750,0.011774864182
mlp,12,60,751,0.0107215829203
mlp,12,60,752,0.00825382183035
mlp,12,60,753,0.0103037095087
mlp,12,60,754,0.0140141358379
mlp,12,60,755,0.00983098067313
mlp,12,60,756,0.012040087814
mlp,12,60,757,0.010014675934
mlp,12,60,758,0.00998242568754
mlp,12,60,759,0.0126952170027
mlp,12,60,760,0.0105001713245
mlp,12,60,761,0.0108179506894
mlp,12,60,762,0.0124623901913
mlp,12,60,763,0.0113216195019
mlp,12,60,764,0.0126213976819
mlp,12,60,765,0.0148686239623
mlp,12,60,766,0.0142859876736
mlp,12,60,767,0.0113784409045
mlp,12,60,768,0.010659348149
mlp,12,60,769,0.0138326650228
mlp,12,60,770,0.0116862134485
mlp,12,60,771,0.0108869949674
mlp,12,60,772,0.00959370216902
mlp,12,60,773,0.0100424291396
mlp,12,60,774,0.0133949477823
mlp,12,60,775,0.013288508097
mlp,12,60,776,0.0128946158557
mlp,12,60,777,0.0148112363805
mlp,12,60,778,0.00764326742199
mlp,12,60,779,0.0109058895045
mlp,12,60,780,0.0178904533106
mlp,12,60,781,0.0107442286346
mlp,12,60,782,0.0140010684375
mlp,12,60,783,0.0110343758532
mlp,12,60,784,0.011747406675
mlp,12,60,785,0.0114746733545
mlp,12,60,786,0.0104846403745
mlp,12,60,787,0.0110966640364
mlp,12,60,788,0.0111093526596
mlp,12,60,789,0.0101600564935
mlp,12,60,790,0.011792203305
mlp,12,60,791,0.00916400954501
mlp,12,60,792,0.00860943582107
mlp,12,60,793,0.0111274461789
mlp,12,60,794,0.0092328901664
mlp,12,60,795,0.0128414114754
mlp,12,60,796,0.010897624751
mlp,12,60,797,0.0126027497772
mlp,12,60,798,0.0120015206273
mlp,12,60,799,0.0097799518967
mlp,12,60,800,0.00969908384786
mlp,12,60,801,0.0110967400128
mlp,12,60,802,0.00959013680819
mlp,12,60,803,0.0143258718035
mlp,12,60,804,0.0129796132073
mlp,12,60,805,0.00985862332464
mlp,12,60,806,0.0139891042721
mlp,12,60,807,0.0114540737262
mlp,12,60,808,0.0127082035432
mlp,12,60,809,0.0100723865954
mlp,12,60,810,0.0135218654433
mlp,12,60,811,0.0145510660308
mlp,12,60,812,0.009991423731
mlp,12,60,813,0.0108132186541
mlp,12,60,814,0.013160701362
mlp,12,60,815,0.0104130146984
mlp,12,60,816,0.0106715227852
mlp,12,60,817,0.0106372539556
mlp,12,60,818,0.0101045197415
mlp,12,60,819,0.0095899494745
mlp,12,60,820,0.011031573416
mlp,12,60,821,0.0136248247279
mlp,12,60,822,0.0110758538566
mlp,12,60,823,0.00968743527385
mlp,12,60,824,0.0179409745487
mlp,12,60,825,0.0115362707601
mlp,12,60,826,0.0103520853
mlp,12,60,827,0.00864387014521
mlp,12,60,828,0.0109168874139
mlp,12,60,829,0.00756756212938
mlp,12,60,830,0.0101219865054
mlp,12,60,831,0.0106134152002
mlp,12,60,832,0.0121183191335
mlp,12,60,833,0.00883182677027
mlp,12,60,834,0.0144417317453
mlp,12,60,835,0.0111682502619
mlp,12,60,836,0.0114474639897
mlp,12,60,837,0.00991533318918
mlp,12,60,838,0.0144039310808
mlp,12,60,839,0.0134062745779
mlp,12,60,840,0.013639580708
mlp,12,60,841,0.0116425148616
mlp,12,60,842,0.00916483809742
mlp,12,60,843,0.0109374805814
mlp,12,60,844,0.0113093322636
mlp,12,60,845,0.0100519417841
mlp,12,60,846,0.00955022451736
mlp,12,60,847,0.0140798862653
mlp,12,60,848,0.0133595786187
mlp,12,60,849,0.0132388030745
mlp,12,60,850,0.0108915185842
mlp,12,60,851,0.0107080560022
mlp,12,60,852,0.0122774282948
mlp,12,60,853,0.0135300033094
mlp,12,60,854,0.0114005435381
mlp,12,60,855,0.0102839191675
mlp,12,60,856,0.00946070402571
mlp,12,60,857,0.0130487540415
mlp,12,60,858,0.0116053187858
mlp,12,60,859,0.0148487505177
mlp,12,60,860,0.010691206471
mlp,12,60,861,0.0114569761069
mlp,12,60,862,0.0116464444054
mlp,12,60,863,0.00933420658674
mlp,12,60,864,0.0126294292687
mlp,12,60,865,0.0107949541865
mlp,12,60,866,0.013492947633
mlp,12,60,867,0.0106141700324
mlp,12,60,868,0.011083023287
mlp,12,60,869,0.00908671605898
mlp,12,60,870,0.00910863218393
mlp,12,60,871,0.0105748412729
mlp,12,60,872,0.0135722563897
mlp,12,60,873,0.0107132839911
mlp,12,60,874,0.00996433177615
mlp,12,60,875,0.0122731381735
mlp,12,60,876,0.0116626770175
mlp,12,60,877,0.0153163592625
mlp,12,60,878,0.00846652163142
mlp,12,60,879,0.0110378585732
mlp,12,60,880,0.0115616435455
mlp,12,60,881,0.0123486854991
mlp,12,60,882,0.00997635208336
mlp,12,60,883,0.0118184254226
mlp,12,60,884,0.0142014228351
mlp,12,60,885,0.00853030297628
mlp,12,60,886,0.00754625819418
mlp,12,60,887,0.0126841598305
mlp,12,60,888,0.0113141460945
mlp,12,60,889,0.0158760481414
mlp,12,60,890,0.0114373984233
mlp,12,60,891,0.0109121199968
mlp,12,60,892,0.0123272139637
mlp,12,60,893,0.014463978092
mlp,12,60,894,0.0129869550734
mlp,12,60,895,0.0133925484666
mlp,12,60,896,0.0125262577257
mlp,12,60,897,0.0120131445152
mlp,12,60,898,0.01114974616
mlp,12,60,899,0.0128714085431
mlp,12,60,900,0.00974238675123
mlp,12,60,901,0.007796777387
mlp,12,60,902,0.0103827800504
mlp,12,60,903,0.00857555431536
mlp,12,60,904,0.015270464528
mlp,12,60,905,0.0112494573779
mlp,12,60,906,0.0104644518004
mlp,12,60,907,0.0115293672762
mlp,12,60,908,0.0100597140732
mlp,12,60,909,0.0104346626313
mlp,12,60,910,0.0145930563973
mlp,12,60,911,0.0062147856735
mlp,12,60,912,0.0101753085289
mlp,12,60,913,0.0123548916236
mlp,12,60,914,0.0116483491491
mlp,12,60,915,0.0117558637302
mlp,12,60,916,0.0122584772113
mlp,12,60,917,0.0143275375005
mlp,12,60,918,0.0112108078259
mlp,12,60,919,0.0122134302289
mlp,12,60,920,0.00953877511687
mlp,12,60,921,0.0121895573098
mlp,12,60,922,0.00973892830187
mlp,12,60,923,0.0100788026092
mlp,12,60,924,0.0119505443669
mlp,12,60,925,0.0122289838141
mlp,12,60,926,0.0125774967682
mlp,12,60,927,0.0116401386214
mlp,12,60,928,0.00931849359263
mlp,12,60,929,0.0114772337354
mlp,12,60,930,0.00941334904836
mlp,12,60,931,0.00887197313482
mlp,12,60,932,0.0099081271841
mlp,12,60,933,0.0100929088124
mlp,12,60,934,0.0125719628526
mlp,12,60,935,0.0105354756275
mlp,12,60,936,0.0139391455185
mlp,12,60,937,0.00877421077861
mlp,12,60,938,0.0102494292866
mlp,12,60,939,0.0124385538995
mlp,12,60,940,0.010630155812
mlp,12,60,941,0.0104754168589
mlp,12,60,942,0.0155621091147
mlp,12,60,943,0.0128794932114
mlp,12,60,944,0.00900400669983
mlp,12,60,945,0.0140571475445
mlp,12,60,946,0.011474913501
mlp,12,60,947,0.0122801440314
mlp,12,60,948,0.00812162492026
mlp,12,60,949,0.00786483930675
mlp,12,60,950,0.0114603208747
mlp,12,60,951,0.010200820298
mlp,12,60,952,0.0133664355702
mlp,12,60,953,0.00821641402648
mlp,12,60,954,0.00873628351534
mlp,12,60,955,0.00952641662523
mlp,12,60,956,0.013370381541
mlp,12,60,957,0.0122155709008
mlp,12,60,958,0.00970938888839
mlp,12,60,959,0.0105200129544
mlp,12,60,960,0.00838274910138
mlp,12,60,961,0.0126399109508
mlp,12,60,962,0.0138059524098
mlp,12,60,963,0.0136269514243
mlp,12,60,964,0.0146600522588
mlp,12,60,965,0.00780368578424
mlp,12,60,966,0.0120563690015
mlp,12,60,967,0.0111325685742
mlp,12,60,968,0.0134481581779
mlp,12,60,969,0.00705782147864
mlp,12,60,970,0.00758113905268
mlp,12,60,971,0.00691281610573
mlp,12,60,972,0.0138199256578
mlp,12,60,973,0.010823968037
mlp,12,60,974,0.00966223891074
mlp,12,60,975,0.0117403947562
mlp,12,60,976,0.0108287228706
mlp,12,60,977,0.0136004477676
mlp,12,60,978,0.0118922728616
mlp,12,60,979,0.0107081909876
mlp,12,60,980,0.00856003700635
mlp,12,60,981,0.0103691253293
mlp,12,60,982,0.00963705570495
mlp,12,60,983,0.0133015433871
mlp,12,60,984,0.0112303733471
mlp,12,60,985,0.0118883389362
mlp,12,60,986,0.00870272864715
mlp,12,60,987,0.00874136674495
mlp,12,60,988,0.0079762062696
mlp,12,60,989,0.00974512348787
mlp,12,60,990,0.00947803731275
mlp,12,60,991,0.0126620053267
mlp,12,60,992,0.0120551172034
mlp,12,60,993,0.0122754335175
mlp,12,60,994,0.010042544676
mlp,12,60,995,0.0110914851581
mlp,12,60,996,0.0123002624469
mlp,12,60,997,0.0118998266625
mlp,12,60,998,0.0147817409782
mlp,12,60,999,0.0086757428258
mlp,24,120,0,0.0101370354716
mlp,24,120,1,0.0085798197609
mlp,24,120,2,0.00986368692903
mlp,24,120,3,0.00911470223856
mlp,24,120,4,0.0113492076223
mlp,24,120,5,0.0114226310071
mlp,24,120,6,0.00670778400445
mlp,24,120,7,0.0154414435477
mlp,24,120,8,0.011820653117
mlp,24,120,9,0.0141490557275
mlp,24,120,10,0.0140063702566
mlp,24,120,11,0.0119323283078
mlp,24,120,12,0.0138272867189
mlp,24,120,13,0.0105811005519
mlp,24,120,14,0.0100154005546
mlp,24,120,15,0.0108062910961
mlp,24,120,16,0.00866778132344
mlp,24,120,17,0.0109401389465
mlp,24,120,18,0.0113060997796
mlp,24,120,19,0.0108429871835
mlp,24,120,20,0.0105232084675
mlp,24,120,21,0.0128197252775
mlp,24,120,22,0.00850470478136
mlp,24,120,23,0.010931528387
mlp,24,120,24,0.0116798446543
mlp,24,120,25,0.00464137144301
mlp,24,120,26,0.0105370839401
mlp,24,120,27,0.00995267218865
mlp,24,120,28,0.0140570151106
mlp,24,120,29,0.012322054706
mlp,24,120,30,0.0114741659017
mlp,24,120,31,0.00914776393742
mlp,24,120,32,0.0135866240179
mlp,24,120,33,0.00838622192485
mlp,24,120,34,0.0120634144844
mlp,24,120,35,0.0105081564161
mlp,24,120,36,0.0101639805361
mlp,24,120,37,0.00632271741133
mlp,24,120,38,0.0133141059035
mlp,24,120,39,0.0101458169326
mlp,24,120,40,0.0067850477651
mlp,24,120,41,0.0115944558009
mlp,24,120,42,0.00845674174947
mlp,24,120,43,0.0120208434443
mlp,24,120,44,0.0106760954779
mlp,24,120,45,0.00711281209347
mlp,24,120,46,0.0112090880488
mlp,24,120,47,0.0138121780331
mlp,24,120,48,0.0139683483611
mlp,24,120,49,0.0152408113017
mlp,24,120,50,0.00979447846054
mlp,24,120,51,0.0112417508453
mlp,24,120,52,0.013953418138
mlp,24,120,53,0.012821289429
mlp,24,120,54,0.0148110172502
mlp,24,120,55,0.011855871658
mlp,24,120,56,0.0107519799286
mlp,24,120,57,0.0100693633081
mlp,24,120,58,0.0122768984388
mlp,24,120,59,0.0101290150706
mlp,24,120,60,0.00878473702892
mlp,24,120,61,0.0115195349814
mlp,24,120,62,0.0146287789336
mlp,24,120,63,0.0136863606195
mlp,24,120,64,0.0107331829659
mlp,24,120,65,0.0102098521201
mlp,24,120,66,0.00778301865247
mlp,24,120,67,0.00948663432087
mlp,24,120,68,0.00952246050707
mlp,24,120,69,0.0152938208069
mlp,24,120,70,0.0110514940339
mlp,24,120,71,0.0137162837937
mlp,24,120,72,0.0145385851729
mlp,24,120,73,0.0109794020649
mlp,24,120,74,0.0111601131161
mlp,24,120,75,0.0120415047699
mlp,24,120,76,0.0116313712503
mlp,24,120,77,0.0137889985315
mlp,24,120,78,0.010599915244
mlp,24,120,79,0.0102486125107
mlp,24,120,80,0.0137014239443
mlp,24,120,81,0.0117707701247
mlp,24,120,82,0.0127281358267
mlp,24,120,83,0.0126517806114
mlp,24,120,84,0.00848300382873
mlp,24,120,85,0.0124370518448
mlp,24,120,86,0.00882205243905
mlp,24,120,87,0.0118964723227
mlp,24,120,88,0.0127792021844
mlp,24,120,89,0.0144079837934
mlp,24,120,90,0.00931292464234
mlp,24,120,91,0.0116181315802
mlp,24,120,92,0.0129919545856
mlp,24,120,93,0.00640588711975
mlp,24,120,94,0.013368976644
mlp,24,120,95,0.0151111419179
mlp,24,120,96,0.0101717520966
mlp,24,120,97,0.00747271764765
mlp,24,120,98,0.00923920594683
mlp,24,120,99,0.0126805450175
mlp,24,120,100,0.0110139590297
mlp,24,120,101,0.0119835581178
mlp,24,120,102,0.014184249991
mlp,24,120,103,0.0132725286468
mlp,24,120,104,0.0129432993078
mlp,24,120,105,0.011391722917
mlp,24,120,106,0.0102705321418
mlp,24,120,107,0.0132186418061
mlp,24,120,108,0.0117462437749
mlp,24,120,109,0.00872663128531
mlp,24,120,110,0.0155881177089
mlp,24,120,111,0.0129645141158
mlp,24,120,112,0.0154136012624
mlp,24,120,113,0.0158577951002
mlp,24,120,114,0.00838769664644
mlp,24,120,115,0.0125999480289
mlp,24,120,116,0.0124117902334
mlp,24,120,117,0.0114900630635
mlp,24,120,118,0.0107422632973
mlp,24,120,119,0.0113622408742
mlp,24,120,120,0.0086702592537
mlp,24,120,121,0.0103825144214
mlp,24,120,122,0.0123647180606
mlp,24,120,123,0.0100493237346
mlp,24,120,124,0.0132308470863
mlp,24,120,125,0.0128246257999
mlp,24,120,126,0.0105401820865
mlp,24,120,127,0.0129289050138
mlp,24,120,128,0.010270414038
mlp,24,120,129,0.0119576198975
mlp,24,120,130,0.0122270750384
mlp,24,120,131,0.00884727129376
mlp,24,120,132,0.0131054329165
mlp,24,120,133,0.0117428325963
mlp,24,120,134,0.00948517046504
mlp,24,120,135,0.0134782302946
mlp,24,120,136,0.0104988391644
mlp,24,120,137,0.0104595139545
mlp,24,120,138,0.0135191701045
mlp,24,120,139,0.0124403001591
mlp,24,120,140,0.0088215500128
mlp,24,120,141,0.0142209686578
mlp,24,120,142,0.0125430657565
mlp,24,120,143,0.0101797035033
mlp,24,120,144,0.0129936614517
mlp,24,120,145,0.0103947305601
mlp,24,120,146,0.0123828128225
mlp,24,120,147,0.00928439874853
mlp,24,120,148,0.00899333673406
mlp,24,120,149,0.0144458158235
mlp,24,120,150,0.0125594405015
mlp,24,120,151,0.0101547777003
mlp,24,120,152,0.0129967532073
mlp,24,120,153,0.0096888105606
mlp,24,120,154,0.00716006123215
mlp,24,120,155,0.00984876220462
mlp,24,120,156,0.0127435909701
mlp,24,120,157,0.011241384981
mlp,24,120,158,0.010594563572
mlp,24,120,159,0.0145109775664
mlp,24,120,160,0.00984196211246
mlp,24,120,161,0.00961119914072
mlp,24,120,162,0.0142345688116
mlp,24,120,163,0.0156219016507
mlp,24,120,164,0.0105472016865
mlp,24,120,165,0.00966175931451
mlp,24,120,166,0.0108092177853
mlp,24,120,167,0.0100478048178
mlp,24,120,168,0.0119466848349
mlp,24,120,169,0.00483209152639
mlp,24,120,170,0.0114042643935
mlp,24,120,171,0.0112023371179
mlp,24,120,172,0.0141312467923
mlp,24,120,173,0.00702794335138
mlp,24,120,174,0.00689911055856
mlp,24,120,175,0.0148479893943
mlp,24,120,176,0.0132729181552
mlp,24,120,177,0.0101634058986
mlp,24,120,178,0.00998484658109
mlp,24,120,179,0.0140381905944
mlp,24,120,180,0.00947275607068
mlp,24,120,181,0.0135255048016
mlp,24,120,182,0.0138364758142
mlp,24,120,183,0.0119715387931
mlp,24,120,184,0.0119256291814
mlp,24,120,185,0.0137255920295
mlp,24,120,186,0.0111211370058
mlp,24,120,187,0.0145646650302
mlp,24,120,188,0.00857303190487
mlp,24,120,189,0.0131282383857
mlp,24,120,190,0.0105065979758
mlp,24,120,191,0.0104793902348
mlp,24,120,192,0.014265409916
mlp,24,120,193,0.0113259493193
mlp,24,120,194,0.0136920540639
mlp,24,120,195,0.0110972779145
mlp,24,120,196,0.0112994893945
mlp,24,120,197,0.00853945210626
mlp,24,120,198,0.011546219444
mlp,24,120,199,0.0133908188815
mlp,24,120,200,0.0112199194732
mlp,24,120,201,0.00903444450547
mlp,24,120,202,0.0103080571778
mlp,24,120,203,0.0115704639384
mlp,24,120,204,0.0126635040393
mlp,24,120,205,0.00655814347718
mlp,24,120,206,0.00893583848237
mlp,24,120,207,0.00659034054724
mlp,24,120,208,0.0154023747298
mlp,24,120,209,0.00933012788829
mlp,24,120,210,0.00872571943143
mlp,24,120,211,0.0109766466253
mlp,24,120,212,0.00989855147355
mlp,24,120,213,0.00978265021148
mlp,24,120,214,0.00956532346766
mlp,24,120,215,0.0126486742744
mlp,24,120,216,0.0111167588306
mlp,24,120,217,0.0132677720855
mlp,24,120,218,0.0107765798169
mlp,24,120,219,0.00818280450099
mlp,24,120,220,0.0135022642838
mlp,24,120,221,0.0116728554529
mlp,24,120,222,0.0100580211951
mlp,24,120,223,0.00898279496335
mlp,24,120,224,0.013191478871
mlp,24,120,225,0.0101496342186
mlp,24,120,226,0.0151510010357
mlp,24,120,227,0.00904152216361
mlp,24,120,228,0.0105479661204
mlp,24,120,229,0.0136821621239
mlp,24,120,230,0.00758761438271
mlp,24,120,231,0.0152602921979
mlp,24,120,232,0.0148062753849
mlp,24,120,233,0.0121226069252
mlp,24,120,234,0.00942748204518
mlp,24,120,235,0.0153390645924
mlp,24,120,236,0.0150724737511
mlp,24,120,237,0.00813799144783
mlp,24,120,238,0.0109305024034
mlp,24,120,239,0.00810858315114
mlp,24,120,240,0.0150965063539
mlp,24,120,241,0.0107419333368
mlp,24,120,242,0.0157171460672
mlp,24,120,243,0.0115405533532
mlp,24,120,244,0.0124084405818
mlp,24,120,245,0.01115531534
mlp,24,120,246,0.0116605260217
mlp,24,120,247,0.0121599418274
mlp,24,120,248,0.0105254748204
mlp,24,120,249,0.0158134591248
mlp,24,120,250,0.0100970385967
mlp,24,120,251,0.00949518826471
mlp,24,120,252,0.0150245115562
mlp,24,120,253,0.0113130438449
mlp,24,120,254,0.00798175943597
mlp,24,120,255,0.0111630996848
mlp,24,120,256,0.008969149549
mlp,24,120,257,0.0126519159259
mlp,24,120,258,0.0110432850694
mlp,24,120,259,0.0100058689825
mlp,24,120,260,0.0117008955523
mlp,24,120,261,0.0130994161051
mlp,24,120,262,0.01284098229
mlp,24,120,263,0.0100568942391
mlp,24,120,264,0.012976456448
mlp,24,120,265,0.0124362210305
mlp,24,120,266,0.00867924917259
mlp,24,120,267,0.0128892319893
mlp,24,120,268,0.00764399713722
mlp,24,120,269,0.00951718941344
mlp,24,120,270,0.0121652381934
mlp,24,120,271,0.00901574020806
mlp,24,120,272,0.0142219687972
mlp,24,120,273,0.00876756845121
mlp,24,120,274,0.0126128737167
mlp,24,120,275,0.0122435880387
mlp,24,120,276,0.0145160875183
mlp,24,120,277,0.00981415460632
mlp,24,120,278,0.010683881639
mlp,24,120,279,0.0127283520736
mlp,24,120,280,0.0117041113803
mlp,24,120,281,0.00938746236115
mlp,24,120,282,0.00958738118224
mlp,24,120,283,0.0125259672557
mlp,24,120,284,0.0103881493982
mlp,24,120,285,0.00732483638356
mlp,24,120,286,0.0127399216172
mlp,24,120,287,0.0111249585504
mlp,24,120,288,0.0109492076301
mlp,24,120,289,0.0133185421313
mlp,24,120,290,0.0121906066184
mlp,24,120,291,0.0148844003736
mlp,24,120,292,0.013285851487
mlp,24,120,293,0.011912873305
mlp,24,120,294,0.0127038375194
mlp,24,120,295,0.0111271897027
mlp,24,120,296,0.00992300965125
mlp,24,120,297,0.0119072862822
mlp,24,120,298,0.0157641678063
mlp,24,120,299,0.0117506939265
mlp,24,120,300,0.0148484232053
mlp,24,120,301,0.01665969731
mlp,24,120,302,0.0075352856166
mlp,24,120,303,0.00956908768014
mlp,24,120,304,0.0146365777297
mlp,24,120,305,0.0128300123501
mlp,24,120,306,0.0113256869016
mlp,24,120,307,0.010561578938
mlp,24,120,308,0.0103318057845
mlp,24,120,309,0.0145055365119
mlp,24,120,310,0.0158249909447
mlp,24,120,311,0.0131130164711
mlp,24,120,312,0.0122627208664
mlp,24,120,313,0.0116273765911
mlp,24,120,314,0.0063671818135
mlp,24,120,315,0.0120127017859
mlp,24,120,316,0.00947449841997
mlp,24,120,317,0.0146290586097
mlp,24,120,318,0.0124716815572
mlp,24,120,319,0.0138187631571
mlp,24,120,320,0.0109532926656
mlp,24,120,321,0.0112127348306
mlp,24,120,322,0.011030801744
mlp,24,120,323,0.0096127106965
mlp,24,120,324,0.0133052252074
mlp,24,120,325,0.0145307919476
mlp,24,120,326,0.0094500130361
mlp,24,120,327,0.00979782998602
mlp,24,120,328,0.0139376682644
mlp,24,120,329,0.0138407660611
mlp,24,120,330,0.00968239282705
mlp,24,120,331,0.00863900828982
mlp,24,120,332,0.00932247484223
mlp,24,120,333,0.0100818755291
mlp,24,120,334,0.0130022340694
mlp,24,120,335,0.0104484985414
mlp,24,120,336,0.0117392073562
mlp,24,120,337,0.0103423589092
mlp,24,120,338,0.0104030177013
mlp,24,120,339,0.012269671425
mlp,24,120,340,0.00922177244415
mlp,24,120,341,0.0119618569892
mlp,24,120,342,0.0114872470032
mlp,24,120,343,0.0112690957844
mlp,24,120,344,0.0133204008466
mlp,24,120,345,0.0110716583155
mlp,24,120,346,0.00908759701702
mlp,24,120,347,0.0109889149527
mlp,24,120,348,0.00942497287366
mlp,24,120,349,0.00978141087153
mlp,24,120,350,0.012085691553
mlp,24,120,351,0.0108267921293
mlp,24,120,352,0.0107987074642
mlp,24,120,353,0.0102425894303
mlp,24,120,354,0.0111397978477
mlp,24,120,355,0.0113159626065
mlp,24,120,356,0.0128367265397
mlp,24,120,357,0.0115303757953
mlp,24,120,358,0.0100049237702
mlp,24,120,359,0.0163565950824
mlp,24,120,360,0.00949832232923
mlp,24,120,361,0.0092707525145
mlp,24,120,362,0.0156934747192
mlp,24,120,363,0.0101271542632
mlp,24,120,364,0.0132469152125
mlp,24,120,365,0.00812762507011
mlp,24,120,366,0.0113830412362
mlp,24,120,367,0.009674994848
mlp,24,120,368,0.0123548477728
mlp,24,120,369,0.00879382872309
mlp,24,120,370,0.00927505120962
mlp,24,120,371,0.0141577839764
mlp,24,120,372,0.0128753316445
mlp,24,120,373,0.0114924702297
mlp,24,120,374,0.00786142783785
mlp,24,120,375,0.010065748988
mlp,24,120,376,0.0118740646763
mlp,24,120,377,0.006691762416
mlp,24,120,378,0.0133039997703
mlp,24,120,379,0.00971893889207
mlp,24,120,380,0.0144761491185
mlp,24,120,381,0.0144212932909
mlp,24,120,382,0.0112444373416
mlp,24,120,383,0.0127539480496
mlp,24,120,384,0.00917404118125
mlp,24,120,385,0.00994428262905
mlp,24,120,386,0.0120450491437
mlp,24,120,387,0.0106562348204
mlp,24,120,388,0.014481145988
mlp,24,120,389,0.0154609494526
mlp,24,120,390,0.0110421384789
mlp,24,120,391,0.00907837613588
mlp,24,120,392,0.00914250119514
mlp,24,120,393,0.00964154804587
mlp,24,120,394,0.0113889714898
mlp,24,120,395,0.0101511034906
mlp,24,120,396,0.0135333428555
mlp,24,120,397,0.0129241837444
mlp,24,120,398,0.0117746035553
mlp,24,120,399,0.0132905493623
mlp,24,120,400,0.0141496265309
mlp,24,120,401,0.0131393678236
mlp,24,120,402,0.0103306084776
mlp,24,120,403,0.0115901159377
mlp,24,120,404,0.0101081927146
mlp,24,120,405,0.0135263530578
mlp,24,120,406,0.00922611765891
mlp,24,120,407,0.00984328630422
mlp,24,120,408,0.0113164243667
mlp,24,120,409,0.00887058454262
mlp,24,120,410,0.00847891747746
mlp,24,120,411,0.0105718603524
mlp,24,120,412,0.0116788843653
mlp,24,120,413,0.0104939296285
mlp,24,120,414,0.0118920572149
mlp,24,120,415,0.0154237719684
mlp,24,120,416,0.00951618542007
mlp,24,120,417,0.00849843805593
mlp,24,120,418,0.00875988197671
mlp,24,120,419,0.0113815939082
mlp,24,120,420,0.0100980230561
mlp,24,120,421,0.0123869257176
mlp,24,120,422,0.0146103416526
mlp,24,120,423,0.0105363584148
mlp,24,120,424,0.0102133833227
mlp,24,120,425,0.0113248515998
mlp,24,120,426,0.00912493981677
mlp,24,120,427,0.0133200624536
mlp,24,120,428,0.0115808155894
mlp,24,120,429,0.0105124109511
mlp,24,120,430,0.011896342581
mlp,24,120,431,0.0115241352406
mlp,24,120,432,0.0114212099585
mlp,24,120,433,0.0125175045715
mlp,24,120,434,0.0146899415288
mlp,24,120,435,0.0123592704862
mlp,24,120,436,0.0121285633279
mlp,24,120,437,0.0114219065075
mlp,24,120,438,0.0076200737042
mlp,24,120,439,0.0120374688115
mlp,24,120,440,0.013692621064
mlp,24,120,441,0.00921775731014
mlp,24,120,442,0.0115450327022
mlp,24,120,443,0.0141047896377
mlp,24,120,444,0.0119012901726
mlp,24,120,445,0.0139202696888
mlp,24,120,446,0.0128120513983
mlp,24,120,447,0.009847649568
mlp,24,120,448,0.0191036025851
mlp,24,120,449,0.0141867801503
mlp,24,120,450,0.00862853871355
mlp,24,120,451,0.0119771196286
mlp,24,120,452,0.0100277026598
mlp,24,120,453,0.00882093112119
mlp,24,120,454,0.0101060906823
mlp,24,120,455,0.0118060310611
mlp,24,120,456,0.00991730818507
mlp,24,120,457,0.0085506040203
mlp,24,120,458,0.013672822638
mlp,24,120,459,0.0119839711845
mlp,24,120,460,0.00769708987874
mlp,24,120,461,0.007737946675
mlp,24,120,462,0.011531651113
mlp,24,120,463,0.0111329971121
mlp,24,120,464,0.00972459034187
mlp,24,120,465,0.0144734680207
mlp,24,120,466,0.012489019853
mlp,24,120,467,0.0158662966022
mlp,24,120,468,0.0117247404925
mlp,24,120,469,0.0105351165863
mlp,24,120,470,0.00955939065139
mlp,24,120,471,0.00708031856971
mlp,24,120,472,0.0120421170802
mlp,24,120,473,0.014045886999
mlp,24,120,474,0.0119843739877
mlp,24,120,475,0.00881222479133
mlp,24,120,476,0.0130076071793
mlp,24,120,477,0.0136343129964
mlp,24,120,478,0.0122433724911
mlp,24,120,479,0.0126012104881
mlp,24,120,480,0.0122445613698
mlp,24,120,481,0.0124365859018
mlp,24,120,482,0.00892404046999
mlp,24,120,483,0.0114339480679
mlp,24,120,484,0.00839811321645
mlp,24,120,485,0.0111681370062
mlp,24,120,486,0.0122225501646
mlp,24,120,487,0.0143301428806
mlp,24,120,488,0.0121893749953
mlp,24,120,489,0.0113843725913
mlp,24,120,490,0.0116145117398
mlp,24,120,491,0.0121548030168
mlp,24,120,492,0.0113402275012
mlp,24,120,493,0.0133007649337
mlp,24,120,494,0.0116304304866
mlp,24,120,495,0.0143908761112
mlp,24,120,496,0.0121715959672
mlp,24,120,497,0.0123047323468
mlp,24,120,498,0.00936534680412
mlp,24,120,499,0.0106977472291
mlp,24,120,500,0.0140126986496
mlp,24,120,501,0.0112228483082
mlp,24,120,502,0.0122106885014
mlp,24,120,503,0.0117002256005
mlp,24,120,504,0.0121372378758
mlp,24,120,505,0.00955847462736
mlp,24,120,506,0.00969863552884
mlp,24,120,507,0.0146747784442
mlp,24,120,508,0.00745064341552
mlp,24,120,509,0.0142618720194
mlp,24,120,510,0.00926754145375
mlp,24,120,511,0.0101466919494
mlp,24,120,512,0.00890394975098
mlp,24,120,513,0.0146079870247
mlp,24,120,514,0.0159744256752
mlp,24,120,515,0.0111592407182
mlp,24,120,516,0.00817197381034
mlp,24,120,517,0.0105540613387
mlp,24,120,518,0.0123309821988
mlp,24,120,519,0.0076498533456
mlp,24,120,520,0.0128481960803
mlp,24,120,521,0.0117076451043
mlp,24,120,522,0.00848962943798
mlp,24,120,523,0.0117898333491
mlp,24,120,524,0.0117734639754
mlp,24,120,525,0.00957744381075
mlp,24,120,526,0.0125141044435
mlp,24,120,527,0.0088732404188
mlp,24,120,528,0.0133226461474
mlp,24,120,529,0.0127532205863
mlp,24,120,530,0.0102756911602
mlp,24,120,531,0.0141736149962
mlp,24,120,532,0.0087666116029
mlp,24,120,533,0.0125375015193
mlp,24,120,534,0.0133263047064
mlp,24,120,535,0.0152659909077
mlp,24,120,536,0.0130894337844
mlp,24,120,537,0.00675848441871
mlp,24,120,538,0.010873912966
mlp,24,120,539,0.00905511745542
mlp,24,120,540,0.00986862924668
mlp,24,120,541,0.0115728546663
mlp,24,120,542,0.0109755332141
mlp,24,120,543,0.0102084604318
mlp,24,120,544,0.0123424189316
mlp,24,120,545,0.0128168914669
mlp,24,120,546,0.0122639081525
mlp,24,120,547,0.00822760249776
mlp,24,120,548,0.00862127643347
mlp,24,120,549,0.0138868730367
mlp,24,120,550,0.0101297484292
mlp,24,120,551,0.0100685725783
mlp,24,120,552,0.0109529720485
mlp,24,120,553,0.0104078261479
mlp,24,120,554,0.00941504134964
mlp,24,120,555,0.0130037136061
mlp,24,120,556,0.0104354459901
mlp,24,120,557,0.00879831865135
mlp,24,120,558,0.0134187538063
mlp,24,120,559,0.013345782372
mlp,24,120,560,0.00731420773423
mlp,24,120,561,0.00775886505303
mlp,24,120,562,0.00914031418681
mlp,24,120,563,0.00782951274029
mlp,24,120,564,0.0133921309292
mlp,24,120,565,0.0131950287296
mlp,24,120,566,0.0117587215782
mlp,24,120,567,0.01130970893
mlp,24,120,568,0.0127798133464
mlp,24,120,569,0.00857288485627
mlp,24,120,570,0.00715314448172
mlp,24,120,571,0.0122757013385
mlp,24,120,572,0.0102914538073
mlp,24,120,573,0.0137602219111
mlp,24,120,574,0.00918203639457
mlp,24,120,575,0.0138817766125
mlp,24,120,576,0.0177994349024
mlp,24,120,577,0.00810902923203
mlp,24,120,578,0.00945335754705
mlp,24,120,579,0.0122025042424
mlp,24,120,580,0.0117266685319
mlp,24,120,581,0.0125008705763
mlp,24,120,582,0.0129817989914
mlp,24,120,583,0.0121837459661
mlp,24,120,584,0.0111566290591
mlp,24,120,585,0.00997057418806
mlp,24,120,586,0.0113021106405
mlp,24,120,587,0.0126220485228
mlp,24,120,588,0.0104551277095
mlp,24,120,589,0.0133494761947
mlp,24,120,590,0.010711811691
mlp,24,120,591,0.0103378802226
mlp,24,120,592,0.0128686747859
mlp,24,120,593,0.014220921839
mlp,24,120,594,0.0115761817255
mlp,24,120,595,0.0109081327856
mlp,24,120,596,0.0119039734289
mlp,24,120,597,0.0116818057248
mlp,24,120,598,0.0127029689449
mlp,24,120,599,0.0116078876022
mlp,24,120,600,0.0131863014934
mlp,24,120,601,0.0147467577299
mlp,24,120,602,0.00932351442057
mlp,24,120,603,0.0137687681042
mlp,24,120,604,0.014131145796
mlp,24,120,605,0.0092189477115
mlp,24,120,606,0.0107938840169
mlp,24,120,607,0.00763608665111
mlp,24,120,608,0.0115725028497
mlp,24,120,609,0.0143812482855
mlp,24,120,610,0.0102189773894
mlp,24,120,611,0.0109968589528
mlp,24,120,612,0.0124879077176
mlp,24,120,613,0.0157043568773
mlp,24,120,614,0.0127782959809
mlp,24,120,615,0.0112854017391
mlp,24,120,616,0.0142444216841
mlp,24,120,617,0.00674121729418
mlp,24,120,618,0.0119790345751
mlp,24,120,619,0.00851318383583
mlp,24,120,620,0.00851984951502
mlp,24,120,621,0.00880904908727
mlp,24,120,622,0.012236161653
mlp,24,120,623,0.0118522763392
mlp,24,120,624,0.0110693761446
mlp,24,120,625,0.0089554115937
mlp,24,120,626,0.0154450938399
mlp,24,120,627,0.00885225678526
mlp,24,120,628,0.0109927067223
mlp,24,120,629,0.0145254826248
mlp,24,120,630,0.0125203559152
mlp,24,120,631,0.0121315852276
mlp,24,120,632,0.0122038907819
mlp,24,120,633,0.0154062899015
mlp,24,120,634,0.0180814957391
mlp,24,120,635,0.0145213724108
mlp,24,120,636,0.0136001209545
mlp,24,120,637,0.0107313115009
mlp,24,120,638,0.0108520726981
mlp,24,120,639,0.0123644512028
mlp,24,120,640,0.00978453768074
mlp,24,120,641,0.00921880824943
mlp,24,120,642,0.01359213785
mlp,24,120,643,0.0103493928072
mlp,24,120,644,0.0140492292035
mlp,24,120,645,0.0103213032455
mlp,24,120,646,0.01074497509
mlp,24,120,647,0.0110596973927
mlp,24,120,648,0.0098752043093
mlp,24,120,649,0.0125586382304
mlp,24,120,650,0.00952786502544
mlp,24,120,651,0.0126710792367
mlp,24,120,652,0.0123738890539
mlp,24,120,653,0.0156015745372
mlp,24,120,654,0.0135040465531
mlp,24,120,655,0.00791511724485
mlp,24,120,656,0.0114306960697
mlp,24,120,657,0.0127197982024
mlp,24,120,658,0.0112773273869
mlp,24,120,659,0.012386707865
mlp,24,120,660,0.0138681306332
mlp,24,120,661,0.0104738094934
mlp,24,120,662,0.0091663919537
mlp,24,120,663,0.0088873135622
mlp,24,120,664,0.0116020895391
mlp,24,120,665,0.0145634687162
mlp,24,120,666,0.0127341253647
mlp,24,120,667,0.0146072283707
mlp,24,120,668,0.0116517272395
mlp,24,120,669,0.0114279925103
mlp,24,120,670,0.0145793679855
mlp,24,120,671,0.00953406895188
mlp,24,120,672,0.00871966244066
mlp,24,120,673,0.0113802091834
mlp,24,120,674,0.013843295537
mlp,24,120,675,0.0100543073086
mlp,24,120,676,0.013828619626
mlp,24,120,677,0.011922638937
mlp,24,120,678,0.0140419522798
mlp,24,120,679,0.00900158386256
mlp,24,120,680,0.0128394289826
mlp,24,120,681,0.0120130943355
mlp,24,120,682,0.012010501972
mlp,24,120,683,0.0080198260718
mlp,24,120,684,0.011682686702
mlp,24,120,685,0.0139529695152
mlp,24,120,686,0.0127626540457
mlp,24,120,687,0.0114491250802
mlp,24,120,688,0.00945641780152
mlp,24,120,689,0.00816959233567
mlp,24,120,690,0.0123722429974
mlp,24,120,691,0.0111671263057
mlp,24,120,692,0.0124501965016
mlp,24,120,693,0.00938815276827
mlp,24,120,694,0.0102300854282
mlp,24,120,695,0.00838645797
mlp,24,120,696,0.010603123553
mlp,24,120,697,0.0127120555367
mlp,24,120,698,0.00908953969338
mlp,24,120,699,0.00884595040297
mlp,24,120,700,0.0135092264283
mlp,24,120,701,0.0142155862194
mlp,24,120,702,0.0139507268295
mlp,24,120,703,0.00931320138955
mlp,24,120,704,0.010627375385
mlp,24,120,705,0.0115504916267
mlp,24,120,706,0.0145982697917
mlp,24,120,707,0.0118150513639
mlp,24,120,708,0.0066234659992
mlp,24,120,709,0.00929863045889
mlp,24,120,710,0.00636835995971
mlp,24,120,711,0.0091123904422
mlp,24,120,712,0.00931787297613
mlp,24,120,713,0.00942497990219
mlp,24,120,714,0.00941083993652
mlp,24,120,715,0.0138395223893
mlp,24,120,716,0.0148058042561
mlp,24,120,717,0.0134504575922
mlp,24,120,718,0.016661580163
mlp,24,120,719,0.0118487296304
mlp,24,120,720,0.0121128064036
mlp,24,120,721,0.0088954213537
mlp,24,120,722,0.00960211033265
mlp,24,120,723,0.00810851570788
mlp,24,120,724,0.0111112364129
mlp,24,120,725,0.00729873096264
mlp,24,120,726,0.00955616438335
mlp,24,120,727,0.0117403791446
mlp,24,120,728,0.0120097449521
mlp,24,120,729,0.0102382279388
mlp,24,120,730,0.012829574618
mlp,24,120,731,0.00901250691411
mlp,24,120,732,0.0127222225367
mlp,24,120,733,0.013167855424
mlp,24,120,734,0.0124965795307
mlp,24,120,735,0.0115524445188
mlp,24,120,736,0.00578940432876
mlp,24,120,737,0.0115757366615
mlp,24,120,738,0.0145252479153
mlp,24,120,739,0.013450751161
mlp,24,120,740,0.0118020910813
mlp,24,120,741,0.00961568141455
mlp,24,120,742,0.0117702438379
mlp,24,120,743,0.0125717847812
mlp,24,120,744,0.00750093767624
mlp,24,120,745,0.0118637676725
mlp,24,120,746,0.00971574009677
mlp,24,120,747,0.0123367971907
mlp,24,120,748,0.0114448642603
mlp,24,120,749,0.00839647683369
mlp,24,120,750,0.0116731081572
mlp,24,120,751,0.0137464400977
mlp,24,120,752,0.0115177330863
mlp,24,120,753,0.0123811249919
mlp,24,120,754,0.0113733638801
mlp,24,120,755,0.0140369571727
mlp,24,120,756,0.00998663091674
mlp,24,120,757,0.00977103660666
mlp,24,120,758,0.0131403439627
mlp,24,120,759,0.00779246870301
mlp,24,120,760,0.0105131647815
mlp,24,120,761,0.0105373266476
mlp,24,120,762,0.012995719898
mlp,24,120,763,0.0108175355897
mlp,24,120,764,0.00794740037846
mlp,24,120,765,0.0098057869852
mlp,24,120,766,0.012692002842
mlp,24,120,767,0.013377672317
mlp,24,120,768,0.01247091931
mlp,24,120,769,0.0116183310325
mlp,24,120,770,0.00929932478977
mlp,24,120,771,0.00921550768007
mlp,24,120,772,0.012177100746
mlp,24,120,773,0.0142218836775
mlp,24,120,774,0.00896748791456
mlp,24,120,775,0.0116367909286
mlp,24,120,776,0.0104261596226
mlp,24,120,777,0.00967378220276
mlp,24,120,778,0.0101955156596
mlp,24,120,779,0.0118590788164
mlp,24,120,780,0.0101715502048
mlp,24,120,781,0.010020842768
mlp,24,120,782,0.00984781330019
mlp,24,120,783,0.00888021373154
mlp,24,120,784,0.00979843452361
mlp,24,120,785,0.0147545545267
mlp,24,120,786,0.0137168013541
mlp,24,120,787,0.0100157789355
mlp,24,120,788,0.0115162166312
mlp,24,120,789,0.00842316202437
mlp,24,120,790,0.0117135765558
mlp,24,120,791,0.0128107658137
mlp,24,120,792,0.0147432732456
mlp,24,120,793,0.00818928452969
mlp,24,120,794,0.0105987333746
mlp,24,120,795,0.0101746729064
mlp,24,120,796,0.0126387973377
mlp,24,120,797,0.0135215341001
mlp,24,120,798,0.0122472743301
mlp,24,120,799,0.0117174129299
mlp,24,120,800,0.0089090642303
mlp,24,120,801,0.00592881328473
mlp,24,120,802,0.0129506702752
mlp,24,120,803,0.0102145944348
mlp,24,120,804,0.0120844870201
mlp,24,120,805,0.0100276588499
mlp,24,120,806,0.0118851468793
mlp,24,120,807,0.00989589281671
mlp,24,120,808,0.0106598537458
mlp,24,120,809,0.0157851236936
mlp,24,120,810,0.0101739715526
mlp,24,120,811,0.0109029185028
mlp,24,120,812,0.00988714004938
mlp,24,120,813,0.0107138785879
mlp,24,120,814,0.00862547802538
mlp,24,120,815,0.00617219365392
mlp,24,120,816,0.0109541126934
mlp,24,120,817,0.0117869185133
mlp,24,120,818,0.00947702919713
mlp,24,120,819,0.0121708549218
mlp,24,120,820,0.00926246047011
mlp,24,120,821,0.0107307071593
mlp,24,120,822,0.0149273412525
mlp,24,120,823,0.014472667446
mlp,24,120,824,0.0108279253329
mlp,24,120,825,0.00822248004976
mlp,24,120,826,0.0124395860703
mlp,24,120,827,0.00877400940791
mlp,24,120,828,0.00977777993312
mlp,24,120,829,0.0143939546282
mlp,24,120,830,0.0123530341623
mlp,24,120,831,0.0121863887828
mlp,24,120,832,0.00766657954318
mlp,24,120,833,0.0135178582257
mlp,24,120,834,0.0116092633292
mlp,24,120,835,0.0091631651301
mlp,24,120,836,0.00997151125815
mlp,24,120,837,0.0113053507813
mlp,24,120,838,0.0112710283706
mlp,24,120,839,0.0145796023966
mlp,24,120,840,0.0122927324648
mlp,24,120,841,0.00873147120259
mlp,24,120,842,0.0111819351352
mlp,24,120,843,0.0103160427111
mlp,24,120,844,0.0118240373552
mlp,24,120,845,0.0121118761491
mlp,24,120,846,0.0112152486202
mlp,24,120,847,0.0132812269427
mlp,24,120,848,0.0104832289244
mlp,24,120,849,0.0131163499429
mlp,24,120,850,0.0107223883743
mlp,24,120,851,0.0117955845912
mlp,24,120,852,0.00882506980498
mlp,24,120,853,0.0143315792698
mlp,24,120,854,0.0110753765722
mlp,24,120,855,0.00960363480803
mlp,24,120,856,0.0157302462454
mlp,24,120,857,0.00622340656438
mlp,24,120,858,0.013105605043
mlp,24,120,859,0.0120369449483
mlp,24,120,860,0.0116435810513
mlp,24,120,861,0.0118368013623
mlp,24,120,862,0.01125353809
mlp,24,120,863,0.0111379890881
mlp,24,120,864,0.0100855201238
mlp,24,120,865,0.0121915788247
mlp,24,120,866,0.014004149653
mlp,24,120,867,0.0133720274845
mlp,24,120,868,0.011884063659
mlp,24,120,869,0.0106887212452
mlp,24,120,870,0.0139052498136
mlp,24,120,871,0.0114667983068
mlp,24,120,872,0.0124658202303
mlp,24,120,873,0.00819072228295
mlp,24,120,874,0.0137644154457
mlp,24,120,875,0.0106958488189
mlp,24,120,876,0.0125619893421
mlp,24,120,877,0.00981294076408
mlp,24,120,878,0.0143470551669
mlp,24,120,879,0.0131150624302
mlp,24,120,880,0.00933775521924
mlp,24,120,881,0.0119746777318
mlp,24,120,882,0.0137779985997
mlp,24,120,883,0.0120068081993
mlp,24,120,884,0.0107443227115
mlp,24,120,885,0.0124392604257
mlp,24,120,886,0.0108196089666
mlp,24,120,887,0.0128915258366
mlp,24,120,888,0.0152311845704
mlp,24,120,889,0.0124958081158
mlp,24,120,890,0.0152754922123
mlp,24,120,891,0.0118166929611
mlp,24,120,892,0.0126711560393
mlp,24,120,893,0.0140926890761
mlp,24,120,894,0.0103395531071
mlp,24,120,895,0.0109562272574
mlp,24,120,896,0.0128046340903
mlp,24,120,897,0.0111003008102
mlp,24,120,898,0.013662191473
mlp,24,120,899,0.00935498898586
mlp,24,120,900,0.0098210947516
mlp,24,120,901,0.008854317981
mlp,24,120,902,0.0110248475798
mlp,24,120,903,0.0110585750057
mlp,24,120,904,0.0140021288608
mlp,24,120,905,0.0108536784613
mlp,24,120,906,0.00855428845057
mlp,24,120,907,0.011154527037
mlp,24,120,908,0.0121504733053
mlp,24,120,909,0.00929681917289
mlp,24,120,910,0.00982745214578
mlp,24,120,911,0.00940592525172
mlp,24,120,912,0.0114591328626
mlp,24,120,913,0.00861213256379
mlp,24,120,914,0.0128838607148
mlp,24,120,915,0.00702779221793
mlp,24,120,916,0.0123669018536
mlp,24,120,917,0.0100048656666
mlp,24,120,918,0.0117793825524
mlp,24,120,919,0.00981274671242
mlp,24,120,920,0.00957604676136
mlp,24,120,921,0.0139554412383
mlp,24,120,922,0.00990378003877
mlp,24,120,923,0.0133917617696
mlp,24,120,924,0.0133742032589
mlp,24,120,925,0.0137959411637
mlp,24,120,926,0.0121268565199
mlp,24,120,927,0.0111885991298
mlp,24,120,928,0.00848348387301
mlp,24,120,929,0.0108355338576
mlp,24,120,930,0.0111136098601
mlp,24,120,931,0.00982771136322
mlp,24,120,932,0.0144135825877
mlp,24,120,933,0.0123077789062
mlp,24,120,934,0.0101320913303
mlp,24,120,935,0.0155547519749
mlp,24,120,936,0.00893545543762
mlp,24,120,937,0.0109685044828
mlp,24,120,938,0.0111398244895
mlp,24,120,939,0.00809959062111
mlp,24,120,940,0.0111491566197
mlp,24,120,941,0.0117310113976
mlp,24,120,942,0.0162621045304
mlp,24,120,943,0.011855114317
mlp,24,120,944,0.00998921458003
mlp,24,120,945,0.0111528192127
mlp,24,120,946,0.0106094796897
mlp,24,120,947,0.0149637668954
mlp,24,120,948,0.00961445380721
mlp,24,120,949,0.0140733980688
mlp,24,120,950,0.0118496024881
mlp,24,120,951,0.0128622696772
mlp,24,120,952,0.0118663448069
mlp,24,120,953,0.0113113861157
mlp,24,120,954,0.0127951081497
mlp,24,120,955,0.0132271843301
mlp,24,120,956,0.0120666430762
mlp,24,120,957,0.00871982481446
mlp,24,120,958,0.00894141224857
mlp,24,120,959,0.0107761442111
mlp,24,120,960,0.0116538060036
mlp,24,120,961,0.0121142487463
mlp,24,120,962,0.00978457286826
mlp,24,120,963,0.0112686401034
mlp,24,120,964,0.0117723526827
mlp,24,120,965,0.011616315063
mlp,24,120,966,0.00959192658377
mlp,24,120,967,0.0100945078513
mlp,24,120,968,0.0118949901863
mlp,24,120,969,0.00893837286719
mlp,24,120,970,0.0123310674739
mlp,24,120,971,0.00694369965115
mlp,24,120,972,0.0113789096769
mlp,24,120,973,0.0130122477204
mlp,24,120,974,0.0115855613566
mlp,24,120,975,0.011374591474
mlp,24,120,976,0.010557192326
mlp,24,120,977,0.013122572757
mlp,24,120,978,0.00981360015542
mlp,24,120,979,0.0120897278618
mlp,24,120,980,0.00948163012424
mlp,24,120,981,0.00955436219504
mlp,24,120,982,0.00961226891834
mlp,24,120,983,0.0104830017756
mlp,24,120,984,0.00874223199268
mlp,24,120,985,0.00908558003234
mlp,24,120,986,0.0117543194499
mlp,24,120,987,0.0101610907297
mlp,24,120,988,0.0127855183258
mlp,24,120,989,0.0126622760958
mlp,24,120,990,0.00840042841417
mlp,24,120,991,0.00912653231673
mlp,24,120,992,0.0129381320063
mlp,24,120,993,0.0131567265607
mlp,24,120,994,0.0106276664451
mlp,24,120,995,0.0073948086764
mlp,24,120,996,0.0153575315727
mlp,24,120,997,0.00893085375956
mlp,24,120,998,0.012801173107
mlp,24,120,999,0.0074705981829
mlp,48,240,0,0.0153603554993
mlp,48,240,1,0.0105568940535
mlp,48,240,2,0.0113929053313
mlp,48,240,3,0.00937749508289
mlp,48,240,4,0.0104850894226
mlp,48,240,5,0.010857980207
mlp,48,240,6,0.0114528405318
mlp,48,240,7,0.0114811092208
mlp,48,240,8,0.00718814950507
mlp,48,240,9,0.0120286714374
mlp,48,240,10,0.0106700041568
mlp,48,240,11,0.0107377566814
mlp,48,240,12,0.00918871784264
mlp,48,240,13,0.0103298646152
mlp,48,240,14,0.0148862182073
mlp,48,240,15,0.0111289191435
mlp,48,240,16,0.00606394160279
mlp,48,240,17,0.0158201226756
mlp,48,240,18,0.0139711232618
mlp,48,240,19,0.0137777102067
mlp,48,240,20,0.00678336133424
mlp,48,240,21,0.0115968475225
mlp,48,240,22,0.0141323466753
mlp,48,240,23,0.0123403680676
mlp,48,240,24,0.00709578667416
mlp,48,240,25,0.00868345109391
mlp,48,240,26,0.012187093551
mlp,48,240,27,0.0113072215399
mlp,48,240,28,0.0126631310357
mlp,48,240,29,0.00882013297858
mlp,48,240,30,0.0078237013317
mlp,48,240,31,0.00994655336758
mlp,48,240,32,0.00988237300678
mlp,48,240,33,0.0109221046529
mlp,48,240,34,0.0114227292692
mlp,48,240,35,0.0126528751338
mlp,48,240,36,0.00926472583637
mlp,48,240,37,0.011598254174
mlp,48,240,38,0.0113537000822
mlp,48,240,39,0.0117607282031
mlp,48,240,40,0.0115945167136
mlp,48,240,41,0.0109625967003
mlp,48,240,42,0.0134713341247
mlp,48,240,43,0.0136468002522
mlp,48,240,44,0.0118011030533
mlp,48,240,45,0.0126307897277
mlp,48,240,46,0.0140919207978
mlp,48,240,47,0.012242506877
mlp,48,240,48,0.0130691349203
mlp,48,240,49,0.0128746445614
mlp,48,240,50,0.00944796293523
mlp,48,240,51,0.0136571229912
mlp,48,240,52,0.0141793276026
mlp,48,240,53,0.0130775603725
mlp,48,240,54,0.0119945123672
mlp,48,240,55,0.0105019726256
mlp,48,240,56,0.0144643154273
mlp,48,240,57,0.013700715107
mlp,48,240,58,0.0103575631306
mlp,48,240,59,0.00853163809745
mlp,48,240,60,0.0117065001853
mlp,48,240,61,0.00944196836745
mlp,48,240,62,0.0123322590659
mlp,48,240,63,0.00996832028447
mlp,48,240,64,0.00951008804006
mlp,48,240,65,0.0119126170598
mlp,48,240,66,0.0135017130303
mlp,48,240,67,0.0100387544209
mlp,48,240,68,0.0114315443486
mlp,48,240,69,0.0112095047439
mlp,48,240,70,0.0116400222605
mlp,48,240,71,0.0134985100475
mlp,48,240,72,0.0122015728044
mlp,48,240,73,0.0124117475246
mlp,48,240,74,0.010834112858
mlp,48,240,75,0.0090823017013
mlp,48,240,76,0.00800455092229
mlp,48,240,77,0.0105557519974
mlp,48,240,78,0.00958799779631
mlp,48,240,79,0.0102318717701
mlp,48,240,80,0.00923084570047
mlp,48,240,81,0.0125748548197
mlp,48,240,82,0.0135519243466
mlp,48,240,83,0.00891857208459
mlp,48,240,84,0.00780808508055
mlp,48,240,85,0.00837624150064
mlp,48,240,86,0.0126605270081
mlp,48,240,87,0.0111639370571
mlp,48,240,88,0.0160566309946
mlp,48,240,89,0.00845433713636
mlp,48,240,90,0.0108210292904
mlp,48,240,91,0.0135221797348
mlp,48,240,92,0.0174386183741
mlp,48,240,93,0.012594137642
mlp,48,240,94,0.0114461412718
mlp,48,240,95,0.0117830070908
mlp,48,240,96,0.0065538482362
mlp,48,240,97,0.0133480919382
mlp,48,240,98,0.0123376771921
mlp,48,240,99,0.0105514567539
mlp,48,240,100,0.0114162238037
mlp,48,240,101,0.0113711872066
mlp,48,240,102,0.0104928719644
mlp,48,240,103,0.00844524459987
mlp,48,240,104,0.00998539436622
mlp,48,240,105,0.0132399336313
mlp,48,240,106,0.00880545451482
mlp,48,240,107,0.0116761199567
mlp,48,240,108,0.00766397925173
mlp,48,240,109,0.012828550216
mlp,48,240,110,0.01113925932
mlp,48,240,111,0.0082606300083
mlp,48,240,112,0.0106767254276
mlp,48,240,113,0.00844686455072
mlp,48,240,114,0.0117461057379
mlp,48,240,115,0.00739947722633
mlp,48,240,116,0.00619522190036
mlp,48,240,117,0.0121255443518
mlp,48,240,118,0.00967260442987
mlp,48,240,119,0.0149645915424
mlp,48,240,120,0.00745879738337
mlp,48,240,121,0.0112669688512
mlp,48,240,122,0.008658654028
mlp,48,240,123,0.0144306587223
mlp,48,240,124,0.0154927734809
mlp,48,240,125,0.0120281003575
mlp,48,240,126,0.00889838561085
mlp,48,240,127,0.0140683078838
mlp,48,240,128,0.0108101675529
mlp,48,240,129,0.0140979928986
mlp,48,240,130,0.0143824520269
mlp,48,240,131,0.0083529576652
mlp,48,240,132,0.00986342822573
mlp,48,240,133,0.0134817552028
mlp,48,240,134,0.00900875181843
mlp,48,240,135,0.0100758404044
mlp,48,240,136,0.0134827483856
mlp,48,240,137,0.0100843732349
mlp,48,240,138,0.0124003024812
mlp,48,240,139,0.00914217779644
mlp,48,240,140,0.0148849102968
mlp,48,240,141,0.0118763963328
mlp,48,240,142,0.0112459196798
mlp,48,240,143,0.00925376554311
mlp,48,240,144,0.0101531666077
mlp,48,240,145,0.0120211248503
mlp,48,240,146,0.0090767286382
mlp,48,240,147,0.0143702740337
mlp,48,240,148,0.0116644163884
mlp,48,240,149,0.013765925984
mlp,48,240,150,0.00972917736243
mlp,48,240,151,0.0116627502221
mlp,48,240,152,0.0121883603104
mlp,48,240,153,0.0123516516355
mlp,48,240,154,0.0096160811092
mlp,48,240,155,0.0129323936209
mlp,48,240,156,0.0127408134372
mlp,48,240,157,0.00690460797842
mlp,48,240,158,0.00917005947776
mlp,48,240,159,0.0115935895243
mlp,48,240,160,0.0110389318644
mlp,48,240,161,0.00841628849357
mlp,48,240,162,0.0124441950022
mlp,48,240,163,0.0136272659841
mlp,48,240,164,0.0106027305516
mlp,48,240,165,0.017252621433
mlp,48,240,166,0.00857942001739
mlp,48,240,167,0.0122381847043
mlp,48,240,168,0.0103527624114
mlp,48,240,169,0.00793470044518
mlp,48,240,170,0.00879316391645
mlp,48,240,171,0.00771754593264
mlp,48,240,172,0.0122185443376
mlp,48,240,173,0.0117297634549
mlp,48,240,174,0.0097275216862
mlp,48,240,175,0.0127785134758
mlp,48,240,176,0.0100299408616
mlp,48,240,177,0.0138288245423
mlp,48,240,178,0.010375808899
mlp,48,240,179,0.00924074489923
mlp,48,240,180,0.0128334898944
mlp,48,240,181,0.0103604638076
mlp,48,240,182,0.0083099006781
mlp,48,240,183,0.0141237761905
mlp,48,240,184,0.0097292052197
mlp,48,240,185,0.0121407962092
mlp,48,240,186,0.00948326612398
mlp,48,240,187,0.0096167487882
mlp,48,240,188,0.0121821794144
mlp,48,240,189,0.00923617117815
mlp,48,240,190,0.00850396915689
mlp,48,240,191,0.00921824687846
mlp,48,240,192,0.0110240015529
mlp,48,240,193,0.0139705209387
mlp,48,240,194,0.0134169841152
mlp,48,240,195,0.0095217690525
mlp,48,240,196,0.0109953236254
mlp,48,240,197,0.0115395288616
mlp,48,240,198,0.00904767352813
mlp,48,240,199,0.0117735254097
mlp,48,240,200,0.0112294777595
mlp,48,240,201,0.00942183512607
mlp,48,240,202,0.0121352774697
mlp,48,240,203,0.0103916873439
mlp,48,240,204,0.0105537697193
mlp,48,240,205,0.00868537722166
mlp,48,240,206,0.0103833474569
mlp,48,240,207,0.0141549632077
mlp,48,240,208,0.0134826580251
mlp,48,240,209,0.0129883777125
mlp,48,240,210,0.012939234575
mlp,48,240,211,0.0130922869966
mlp,48,240,212,0.0115218554138
mlp,48,240,213,0.0140659284212
mlp,48,240,214,0.0112569097133
mlp,48,240,215,0.0129374556845
mlp,48,240,216,0.0134203337686
mlp,48,240,217,0.00790611614884
mlp,48,240,218,0.0121602915995
mlp,48,240,219,0.0118909003862
mlp,48,240,220,0.00703799835964
mlp,48,240,221,0.0134879921381
mlp,48,240,222,0.00837357989308
mlp,48,240,223,0.0114284125409
mlp,48,240,224,0.00799305968074
mlp,48,240,225,0.010456595842
mlp,48,240,226,0.0110474694427
mlp,48,240,227,0.0080664875341
mlp,48,240,228,0.00897803629577
mlp,48,240,229,0.00844802976366
mlp,48,240,230,0.0101569590871
mlp,48,240,231,0.0114285766424
mlp,48,240,232,0.0104525713224
mlp,48,240,233,0.0105139826081
mlp,48,240,234,0.0123371667646
mlp,48,240,235,0.0146797295432
mlp,48,240,236,0.0139383976911
mlp,48,240,237,0.0122390035342
mlp,48,240,238,0.00695990047555
mlp,48,240,239,0.0099323829969
mlp,48,240,240,0.0124950509771
mlp,48,240,241,0.0104101392342
mlp,48,240,242,0.00716377104884
mlp,48,240,243,0.00966639855945
mlp,48,240,244,0.0119434985366
mlp,48,240,245,0.0127133847426
mlp,48,240,246,0.0116451648459
mlp,48,240,247,0.0103175569107
mlp,48,240,248,0.0137763674289
mlp,48,240,249,0.00749229245137
mlp,48,240,250,0.00825037819985
mlp,48,240,251,0.0131802717625
mlp,48,240,252,0.0152409831742
mlp,48,240,253,0.0138635341472
mlp,48,240,254,0.0100433074544
mlp,48,240,255,0.00613660421446
mlp,48,240,256,0.0134490457535
mlp,48,240,257,0.00865742489128
mlp,48,240,258,0.0110345580049
mlp,48,240,259,0.0125126891995
mlp,48,240,260,0.00911134969615
mlp,48,240,261,0.0064640063606
mlp,48,240,262,0.0144508486547
mlp,48,240,263,0.00640477187417
mlp,48,240,264,0.0146307020463
mlp,48,240,265,0.00938464532119
mlp,48,240,266,0.00997769513289
mlp,48,240,267,0.0126083144695
mlp,48,240,268,0.00989901660582
mlp,48,240,269,0.0126034730848
mlp,48,240,270,0.00954916626796
mlp,48,240,271,0.0110613784083
mlp,48,240,272,0.0160788077922
mlp,48,240,273,0.00853098745077
mlp,48,240,274,0.00945190012835
mlp,48,240,275,0.0104986137449
mlp,48,240,276,0.0136728006249
mlp,48,240,277,0.0146184208574
mlp,48,240,278,0.0110849555849
mlp,48,240,279,0.0160427769288
mlp,48,240,280,0.012538552146
mlp,48,240,281,0.0147553375189
mlp,48,240,282,0.0116085670883
mlp,48,240,283,0.00989099255125
mlp,48,240,284,0.0157510914016
mlp,48,240,285,0.0109309452183
mlp,48,240,286,0.0109629755181
mlp,48,240,287,0.0100745748343
mlp,48,240,288,0.0115980212416
mlp,48,240,289,0.010109843547
mlp,48,240,290,0.0117121884252
mlp,48,240,291,0.0115941584364
mlp,48,240,292,0.00920626186621
mlp,48,240,293,0.014408993889
mlp,48,240,294,0.0114606447217
mlp,48,240,295,0.0110268532196
mlp,48,240,296,0.0130539094586
mlp,48,240,297,0.0102889387222
mlp,48,240,298,0.0105754007619
mlp,48,240,299,0.0124132823302
mlp,48,240,300,0.0128459052781
mlp,48,240,301,0.0147947862837
mlp,48,240,302,0.01113242959
mlp,48,240,303,0.00963320912933
mlp,48,240,304,0.0125098377946
mlp,48,240,305,0.00840301981594
mlp,48,240,306,0.0106015433043
mlp,48,240,307,0.00748627602685
mlp,48,240,308,0.0119560670443
mlp,48,240,309,0.0117777150124
mlp,48,240,310,0.0108525979922
mlp,48,240,311,0.0109897235084
mlp,48,240,312,0.0102723823154
mlp,48,240,313,0.0115143615037
mlp,48,240,314,0.00985905835029
mlp,48,240,315,0.00928792821175
mlp,48,240,316,0.00870043586053
mlp,48,240,317,0.00774991629283
mlp,48,240,318,0.00602454749174
mlp,48,240,319,0.0122471453908
mlp,48,240,320,0.0120000251295
mlp,48,240,321,0.0124006519024
mlp,48,240,322,0.01148577124
mlp,48,240,323,0.0143041511342
mlp,48,240,324,0.0105633366823
mlp,48,240,325,0.0110175414065
mlp,48,240,326,0.0132908637528
mlp,48,240,327,0.0101198130123
mlp,48,240,328,0.0102266377636
mlp,48,240,329,0.0142562169737
mlp,48,240,330,0.0128540585544
mlp,48,240,331,0.0113218838751
mlp,48,240,332,0.0123544368133
mlp,48,240,333,0.0104027298682
mlp,48,240,334,0.00764170484825
mlp,48,240,335,0.0136078482878
mlp,48,240,336,0.0070103695939
mlp,48,240,337,0.0131181698459
mlp,48,240,338,0.0111523956532
mlp,48,240,339,0.00978259389364
mlp,48,240,340,0.0138200991582
mlp,48,240,341,0.00986747424687
mlp,48,240,342,0.00950767681723
mlp,48,240,343,0.00778166051615
mlp,48,240,344,0.00978978019204
mlp,48,240,345,0.0117962378191
mlp,48,240,346,0.0135608096348
mlp,48,240,347,0.0145771925023
mlp,48,240,348,0.0127604785802
mlp,48,240,349,0.0128048863972
mlp,48,240,350,0.0082581222186
mlp,48,240,351,0.00949896879011
mlp,48,240,352,0.0155152139165
mlp,48,240,353,0.0128808223563
mlp,48,240,354,0.0149130467693
mlp,48,240,355,0.0125992983237
mlp,48,240,356,0.00987829413759
mlp,48,240,357,0.0131997864295
mlp,48,240,358,0.0122771472621
mlp,48,240,359,0.0126289172946
mlp,48,240,360,0.00860767542325
mlp,48,240,361,0.00736352817066
mlp,48,240,362,0.0147870376826
mlp,48,240,363,0.0123329526018
mlp,48,240,364,0.0077946931286
mlp,48,240,365,0.00909178962598
mlp,48,240,366,0.0117842257902
mlp,48,240,367,0.0116473251351
mlp,48,240,368,0.00907601023616
mlp,48,240,369,0.0112272334441
mlp,48,240,370,0.0141593418226
mlp,48,240,371,0.011907729048
mlp,48,240,372,0.0137608038856
mlp,48,240,373,0.012133045619
mlp,48,240,374,0.00856100481035
mlp,48,240,375,0.0111215287147
mlp,48,240,376,0.00802217682439
mlp,48,240,377,0.0136969037371
mlp,48,240,378,0.0124539987764
mlp,48,240,379,0.0132159041533
mlp,48,240,380,0.0100980110245
mlp,48,240,381,0.0123170075754
mlp,48,240,382,0.00811784176607
mlp,48,240,383,0.0109265137947
mlp,48,240,384,0.0117813884514
mlp,48,240,385,0.0111819141538
mlp,48,240,386,0.0125205552805
mlp,48,240,387,0.0120605201093
mlp,48,240,388,0.011207500189
mlp,48,240,389,0.00978368621769
mlp,48,240,390,0.0112086865975
mlp,48,240,391,0.00832578624259
mlp,48,240,392,0.0117278686349
mlp,48,240,393,0.0140962574804
mlp,48,240,394,0.0104876145709
mlp,48,240,395,0.00905163320093
mlp,48,240,396,0.0135636636697
mlp,48,240,397,0.012341829675
mlp,48,240,398,0.0119336006582
mlp,48,240,399,0.0117578823374
mlp,48,240,400,0.0123713411154
mlp,48,240,401,0.0123918837485
mlp,48,240,402,0.0113024562225
mlp,48,240,403,0.00968978097703
mlp,48,240,404,0.00958780853559
mlp,48,240,405,0.0130433119886
mlp,48,240,406,0.0140478853104
mlp,48,240,407,0.00938926249576
mlp,48,240,408,0.00995714183059
mlp,48,240,409,0.0117972472975
mlp,48,240,410,0.011430128187
mlp,48,240,411,0.00986943553663
mlp,48,240,412,0.0173112453689
mlp,48,240,413,0.012763723361
mlp,48,240,414,0.0117016465208
mlp,48,240,415,0.013261752755
mlp,48,240,416,0.0100156154295
mlp,48,240,417,0.0122158425855
mlp,48,240,418,0.010133418685
mlp,48,240,419,0.010558469772
mlp,48,240,420,0.0105350396874
mlp,48,240,421,0.012281908388
mlp,48,240,422,0.00924184366576
mlp,48,240,423,0.0118940658446
mlp,48,240,424,0.0114069551914
mlp,48,240,425,0.0128399967638
mlp,48,240,426,0.00952435291483
mlp,48,240,427,0.0112756958867
mlp,48,240,428,0.0113400518481
mlp,48,240,429,0.0119167656074
mlp,48,240,430,0.0126701631592
mlp,48,240,431,0.00789016036588
mlp,48,240,432,0.0123875983769
mlp,48,240,433,0.0110412284866
mlp,48,240,434,0.00994492384074
mlp,48,240,435,0.0116053344217
mlp,48,240,436,0.0123675789923
mlp,48,240,437,0.0117977068312
mlp,48,240,438,0.00965020231384
mlp,48,240,439,0.0125761729799
mlp,48,240,440,0.0138595604184
mlp,48,240,441,0.0134064082725
mlp,48,240,442,0.0116466196714
mlp,48,240,443,0.0122657120074
mlp,48,240,444,0.00886283036325
mlp,48,240,445,0.00945919739579
mlp,48,240,446,0.0141137295425
mlp,48,240,447,0.0137106568235
mlp,48,240,448,0.012329584744
mlp,48,240,449,0.0116777695708
mlp,48,240,450,0.0133587206477
mlp,48,240,451,0.0125949663707
mlp,48,240,452,0.00613349343915
mlp,48,240,453,0.00924432908651
mlp,48,240,454,0.00997636100484
mlp,48,240,455,0.00991360847909
mlp,48,240,456,0.013121025993
mlp,48,240,457,0.0107207870613
mlp,48,240,458,0.0112486783034
mlp,48,240,459,0.00935761483754
mlp,48,240,460,0.013274873276
mlp,48,240,461,0.0100396778151
mlp,48,240,462,0.0108655785544
mlp,48,240,463,0.0109501935622
mlp,48,240,464,0.00936470936513
mlp,48,240,465,0.00893281144711
mlp,48,240,466,0.0107336399742
mlp,48,240,467,0.0108832500067
mlp,48,240,468,0.0143937042983
mlp,48,240,469,0.0111266170538
mlp,48,240,470,0.00918920127803
mlp,48,240,471,0.0101867916266
mlp,48,240,472,0.00840997477833
mlp,48,240,473,0.0103241412771
mlp,48,240,474,0.0137441614428
mlp,48,240,475,0.00959380106205
mlp,48,240,476,0.0093430688849
mlp,48,240,477,0.00934327848145
mlp,48,240,478,0.00969264785833
mlp,48,240,479,0.00801733105463
mlp,48,240,480,0.0137177838421
mlp,48,240,481,0.0130291312303
mlp,48,240,482,0.0134579440509
mlp,48,240,483,0.0138697944491
mlp,48,240,484,0.0151790071428
mlp,48,240,485,0.0137094713366
mlp,48,240,486,0.0105190300961
mlp,48,240,487,0.0129473933866
mlp,48,240,488,0.00998966332858
mlp,48,240,489,0.00962601886488
mlp,48,240,490,0.0116049515142
mlp,48,240,491,0.0105254962553
mlp,48,240,492,0.0122396171909
mlp,48,240,493,0.0161151135474
mlp,48,240,494,0.0130696999499
mlp,48,240,495,0.0142812842313
mlp,48,240,496,0.0113805129144
mlp,48,240,497,0.0154382541135
mlp,48,240,498,0.0130623125027
mlp,48,240,499,0.011951727458
mlp,48,240,500,0.00906526923132
mlp,48,240,501,0.0136869039868
mlp,48,240,502,0.0117102938548
mlp,48,240,503,0.0106911498327
mlp,48,240,504,0.0103938220455
mlp,48,240,505,0.0125194764973
mlp,48,240,506,0.0110940764608
mlp,48,240,507,0.00672525546413
mlp,48,240,508,0.00904090950692
mlp,48,240,509,0.0133949316849
mlp,48,240,510,0.0129902564486
mlp,48,240,511,0.0108106329638
mlp,48,240,512,0.0113158404157
mlp,48,240,513,0.00987019867887
mlp,48,240,514,0.0134355447956
mlp,48,240,515,0.013223159376
mlp,48,240,516,0.0125439945918
mlp,48,240,517,0.01573704611
mlp,48,240,518,0.010982201315
mlp,48,240,519,0.00890297427804
mlp,48,240,520,0.0141157170531
mlp,48,240,521,0.00722412936313
mlp,48,240,522,0.00799287360531
mlp,48,240,523,0.0113545652778
mlp,48,240,524,0.0134758438032
mlp,48,240,525,0.00823650625582
mlp,48,240,526,0.0123970188555
mlp,48,240,527,0.0124821661314
mlp,48,240,528,0.0118489960111
mlp,48,240,529,0.0104588986065
mlp,48,240,530,0.0109857035181
mlp,48,240,531,0.0113700484887
mlp,48,240,532,0.0123562581205
mlp,48,240,533,0.0114465429562
mlp,48,240,534,0.0108021861335
mlp,48,240,535,0.0143068339982
mlp,48,240,536,0.0136507426735
mlp,48,240,537,0.0137619621993
mlp,48,240,538,0.01192144178
mlp,48,240,539,0.0153792292358
mlp,48,240,540,0.0131092531535
mlp,48,240,541,0.0129436371825
mlp,48,240,542,0.00930712181035
mlp,48,240,543,0.0116292058718
mlp,48,240,544,0.0110281440003
mlp,48,240,545,0.0143735593747
mlp,48,240,546,0.0120340978397
mlp,48,240,547,0.0112476218028
mlp,48,240,548,0.00825360849928
mlp,48,240,549,0.0082953196609
mlp,48,240,550,0.0108373682096
mlp,48,240,551,0.0103019236664
mlp,48,240,552,0.00997120631801
mlp,48,240,553,0.00654167987307
mlp,48,240,554,0.00877116110981
mlp,48,240,555,0.00698477498063
mlp,48,240,556,0.0135250673627
mlp,48,240,557,0.0118324828493
mlp,48,240,558,0.00815850820916
mlp,48,240,559,0.0123086384888
mlp,48,240,560,0.0130671403276
mlp,48,240,561,0.0129285638668
mlp,48,240,562,0.0136192453277
mlp,48,240,563,0.00889594823517
mlp,48,240,564,0.0108348519575
mlp,48,240,565,0.0108610909243
mlp,48,240,566,0.0107840032657
mlp,48,240,567,0.0112314264308
mlp,48,240,568,0.0116941440099
mlp,48,240,569,0.0106991591081
mlp,48,240,570,0.015592034175
mlp,48,240,571,0.0083909139613
mlp,48,240,572,0.0109976948482
mlp,48,240,573,0.0132884383739
mlp,48,240,574,0.00835021318196
mlp,48,240,575,0.0106252793574
mlp,48,240,576,0.00980509719057
mlp,48,240,577,0.0124211937193
mlp,48,240,578,0.00868535615377
mlp,48,240,579,0.0118151153835
mlp,48,240,580,0.0103581441422
mlp,48,240,581,0.0110318099589
mlp,48,240,582,0.0124470386432
mlp,48,240,583,0.0112691381381
mlp,48,240,584,0.0125653858919
mlp,48,240,585,0.00894850690074
mlp,48,240,586,0.0129341968035
mlp,48,240,587,0.0135479701713
mlp,48,240,588,0.0108763280058
mlp,48,240,589,0.0127613972906
mlp,48,240,590,0.00885302149839
mlp,48,240,591,0.0129036040994
mlp,48,240,592,0.00985669385588
mlp,48,240,593,0.0125315048947
mlp,48,240,594,0.00980590683325
mlp,48,240,595,0.0118201742238
mlp,48,240,596,0.00885618111196
mlp,48,240,597,0.0134158639303
mlp,48,240,598,0.0118847868555
mlp,48,240,599,0.0064069829035
mlp,48,240,600,0.00994091791609
mlp,48,240,601,0.0117613391722
mlp,48,240,602,0.00964035983397
mlp,48,240,603,0.0153218390663
mlp,48,240,604,0.0124653761768
mlp,48,240,605,0.0123417188618
mlp,48,240,606,0.0121049655905
mlp,48,240,607,0.0102566457566
mlp,48,240,608,0.0123545956938
mlp,48,240,609,0.010807738037
mlp,48,240,610,0.0156352629057
mlp,48,240,611,0.00756610186774
mlp,48,240,612,0.011466925916
mlp,48,240,613,0.014698012657
mlp,48,240,614,0.0123522755715
mlp,48,240,615,0.0127076255673
mlp,48,240,616,0.0132699165142
mlp,48,240,617,0.0100661905233
mlp,48,240,618,0.0111377249571
mlp,48,240,619,0.00942760623582
mlp,48,240,620,0.0119487999457
mlp,48,240,621,0.0110727714643
mlp,48,240,622,0.0125270654828
mlp,48,240,623,0.0118432807022
mlp,48,240,624,0.00867288338777
mlp,48,240,625,0.00851485483462
mlp,48,240,626,0.0125675739591
mlp,48,240,627,0.0107179977528
mlp,48,240,628,0.0105292372843
mlp,48,240,629,0.010546323937
mlp,48,240,630,0.0113158439623
mlp,48,240,631,0.0110946616255
mlp,48,240,632,0.0107054415779
mlp,48,240,633,0.00811220029889
mlp,48,240,634,0.0116777600886
mlp,48,240,635,0.00935845553132
mlp,48,240,636,0.0130904471539
mlp,48,240,637,0.00993676590969
mlp,48,240,638,0.00950551322927
mlp,48,240,639,0.00618902539943
mlp,48,240,640,0.0105633992381
mlp,48,240,641,0.0126479090852
mlp,48,240,642,0.0133815295315
mlp,48,240,643,0.0136410932257
mlp,48,240,644,0.0118343909011
mlp,48,240,645,0.0118070276955
mlp,48,240,646,0.0118877486104
mlp,48,240,647,0.0121832331654
mlp,48,240,648,0.011188705192
mlp,48,240,649,0.0119000415794
mlp,48,240,650,0.00751656782763
mlp,48,240,651,0.010523748168
mlp,48,240,652,0.00806402603216
mlp,48,240,653,0.0141179517917
mlp,48,240,654,0.00844042302092
mlp,48,240,655,0.00974430638725
mlp,48,240,656,0.0109160347122
mlp,48,240,657,0.012396966565
mlp,48,240,658,0.0128685267464
mlp,48,240,659,0.0117061882268
mlp,48,240,660,0.0110664765413
mlp,48,240,661,0.0143573301995
mlp,48,240,662,0.0106207414438
mlp,48,240,663,0.00873527723188
mlp,48,240,664,0.0127087509455
mlp,48,240,665,0.00749317644553
mlp,48,240,666,0.0100001724114
mlp,48,240,667,0.00952098868361
mlp,48,240,668,0.0104998447356
mlp,48,240,669,0.0158936982304
mlp,48,240,670,0.0116315069088
mlp,48,240,671,0.00973930194539
mlp,48,240,672,0.0138229648814
mlp,48,240,673,0.0119185109786
mlp,48,240,674,0.00827547334999
mlp,48,240,675,0.0121086258491
mlp,48,240,676,0.0132339392905
mlp,48,240,677,0.00873212998573
mlp,48,240,678,0.0113558353221
mlp,48,240,679,0.0110190862511
mlp,48,240,680,0.0104121309137
mlp,48,240,681,0.0145706787305
mlp,48,240,682,0.011645854644
mlp,48,240,683,0.0110158134753
mlp,48,240,684,0.0114775584143
mlp,48,240,685,0.0098164741884
mlp,48,240,686,0.00870511045588
mlp,48,240,687,0.0107405050232
mlp,48,240,688,0.00794982078765
mlp,48,240,689,0.0108594660168
mlp,48,240,690,0.0128863067555
mlp,48,240,691,0.0112070437175
mlp,48,240,692,0.0113703840543
mlp,48,240,693,0.0120985587104
mlp,48,240,694,0.00895690566519
mlp,48,240,695,0.0116005605405
mlp,48,240,696,0.00700613750828
mlp,48,240,697,0.0108449204468
mlp,48,240,698,0.00843454627255
mlp,48,240,699,0.012717642432
mlp,48,240,700,0.0113462337729
mlp,48,240,701,0.0112387214167
mlp,48,240,702,0.0108100637346
mlp,48,240,703,0.0119814445434
mlp,48,240,704,0.00635476700388
mlp,48,240,705,0.0170903988421
mlp,48,240,706,0.00845111032489
mlp,48,240,707,0.0127424133956
mlp,48,240,708,0.0132051478111
mlp,48,240,709,0.0124736290606
mlp,48,240,710,0.0107266537082
mlp,48,240,711,0.0129917609558
mlp,48,240,712,0.0113935239583
mlp,48,240,713,0.0114024766539
mlp,48,240,714,0.0121343561267
mlp,48,240,715,0.00877887583396
mlp,48,240,716,0.0097794679905
mlp,48,240,717,0.0119266377036
mlp,48,240,718,0.0126509095689
mlp,48,240,719,0.0140066082993
mlp,48,240,720,0.0104693026792
mlp,48,240,721,0.00885321881775
mlp,48,240,722,0.00937739684842
mlp,48,240,723,0.0114677539667
mlp,48,240,724,0.0137090903026
mlp,48,240,725,0.0141872146068
mlp,48,240,726,0.0111616733362
mlp,48,240,727,0.0102202002439
mlp,48,240,728,0.0125227958912
mlp,48,240,729,0.010859722543
mlp,48,240,730,0.0125234503386
mlp,48,240,731,0.00770492682582
mlp,48,240,732,0.0133973094245
mlp,48,240,733,0.0122564586735
mlp,48,240,734,0.0120871152188
mlp,48,240,735,0.0108174995578
mlp,48,240,736,0.00980845721956
mlp,48,240,737,0.00723606353113
mlp,48,240,738,0.00853661296174
mlp,48,240,739,0.013229819358
mlp,48,240,740,0.0096238688802
mlp,48,240,741,0.0124560018361
mlp,48,240,742,0.0113086744788
mlp,48,240,743,0.00917158412489
mlp,48,240,744,0.0122572386833
mlp,48,240,745,0.0113870645586
mlp,48,240,746,0.00917873452398
mlp,48,240,747,0.0121319382757
mlp,48,240,748,0.00759568870047
mlp,48,240,749,0.010663706216
mlp,48,240,750,0.0108115327115
mlp,48,240,751,0.0173684050314
mlp,48,240,752,0.0146131457369
mlp,48,240,753,0.0127325399881
mlp,48,240,754,0.00915352271731
mlp,48,240,755,0.0168411170321
mlp,48,240,756,0.0104708542015
mlp,48,240,757,0.0134276668922
mlp,48,240,758,0.00891373146283
mlp,48,240,759,0.0107952705934
mlp,48,240,760,0.0114477005079
mlp,48,240,761,0.0109275005656
mlp,48,240,762,0.0111732521851
mlp,48,240,763,0.0129366892783
mlp,48,240,764,0.0104533349317
mlp,48,240,765,0.0107248460266
mlp,48,240,766,0.0150469663303
mlp,48,240,767,0.00703710397819
mlp,48,240,768,0.0119921608216
mlp,48,240,769,0.0125692531289
mlp,48,240,770,0.00955201344409
mlp,48,240,771,0.0116762916039
mlp,48,240,772,0.0135845614624
mlp,48,240,773,0.0103121424954
mlp,48,240,774,0.0103960228456
mlp,48,240,775,0.0110996445563
mlp,48,240,776,0.0131907311753
mlp,48,240,777,0.0103641934121
mlp,48,240,778,0.0109653226259
mlp,48,240,779,0.011419187473
mlp,48,240,780,0.0121368761463
mlp,48,240,781,0.00683193854687
mlp,48,240,782,0.00832793628129
mlp,48,240,783,0.0107572493885
mlp,48,240,784,0.0127061507819
mlp,48,240,785,0.00936407788105
mlp,48,240,786,0.0107570114116
mlp,48,240,787,0.0095140464526
mlp,48,240,788,0.0106479865017
mlp,48,240,789,0.013583022458
mlp,48,240,790,0.0091155355784
mlp,48,240,791,0.0149957968012
mlp,48,240,792,0.0103378831339
mlp,48,240,793,0.0116811394115
mlp,48,240,794,0.00988742330457
mlp,48,240,795,0.00869614076418
mlp,48,240,796,0.0118311373358
mlp,48,240,797,0.0163498000348
mlp,48,240,798,0.0122190715979
mlp,48,240,799,0.0114019361443
mlp,48,240,800,0.00988655991071
mlp,48,240,801,0.00708274523325
mlp,48,240,802,0.00824529297496
mlp,48,240,803,0.0125250797279
mlp,48,240,804,0.0131338081646
mlp,48,240,805,0.0118197809749
mlp,48,240,806,0.0127972975169
mlp,48,240,807,0.00967447732837
mlp,48,240,808,0.0129770226038
mlp,48,240,809,0.0117036005406
mlp,48,240,810,0.00809075311097
mlp,48,240,811,0.0112532634882
mlp,48,240,812,0.010897969389
mlp,48,240,813,0.0106487312349
mlp,48,240,814,0.0121689676962
mlp,48,240,815,0.0131430640194
mlp,48,240,816,0.0113840155805
mlp,48,240,817,0.00975381984972
mlp,48,240,818,0.00775532411381
mlp,48,240,819,0.00911481449805
mlp,48,240,820,0.00927775686261
mlp,48,240,821,0.0130470459172
mlp,48,240,822,0.0105646178817
mlp,48,240,823,0.011565230883
mlp,48,240,824,0.0135208740742
mlp,48,240,825,0.0117215503676
mlp,48,240,826,0.0118612475499
mlp,48,240,827,0.0128892513622
mlp,48,240,828,0.0104822401084
mlp,48,240,829,0.0140571750969
mlp,48,240,830,0.00995616392949
mlp,48,240,831,0.0120287510831
mlp,48,240,832,0.0100325120424
mlp,48,240,833,0.0134955746878
mlp,48,240,834,0.0113646889547
mlp,48,240,835,0.0103259867803
mlp,48,240,836,0.0101378035327
mlp,48,240,837,0.0125212242327
mlp,48,240,838,0.0134165972643
mlp,48,240,839,0.0149536550104
mlp,48,240,840,0.00904327336187
mlp,48,240,841,0.0125765251523
mlp,48,240,842,0.0126688436979
mlp,48,240,843,0.0101187548374
mlp,48,240,844,0.0123112112503
mlp,48,240,845,0.0111400344169
mlp,48,240,846,0.0113824769935
mlp,48,240,847,0.0115891086359
mlp,48,240,848,0.0120052461423
mlp,48,240,849,0.0105259367766
mlp,48,240,850,0.0104319902741
mlp,48,240,851,0.00834593634713
mlp,48,240,852,0.00884272316897
mlp,48,240,853,0.0121346372042
mlp,48,240,854,0.013737803904
mlp,48,240,855,0.0154440538571
mlp,48,240,856,0.0116323487003
mlp,48,240,857,0.0140306857064
mlp,48,240,858,0.0110393436666
mlp,48,240,859,0.0127590297311
mlp,48,240,860,0.011386498989
mlp,48,240,861,0.0130663583136
mlp,48,240,862,0.00661937095345
mlp,48,240,863,0.016310810981
mlp,48,240,864,0.011466919567
mlp,48,240,865,0.0111249280487
mlp,48,240,866,0.0147541852219
mlp,48,240,867,0.0102475516645
mlp,48,240,868,0.0104054566502
mlp,48,240,869,0.00874177328598
mlp,48,240,870,0.0109185239276
mlp,48,240,871,0.0105129462615
mlp,48,240,872,0.0108419075352
mlp,48,240,873,0.010520927804
mlp,48,240,874,0.0122020355602
mlp,48,240,875,0.0105970262177
mlp,48,240,876,0.0118766162449
mlp,48,240,877,0.0143775078135
mlp,48,240,878,0.00989970707836
mlp,48,240,879,0.0098973709095
mlp,48,240,880,0.0104691375784
mlp,48,240,881,0.0138101769853
mlp,48,240,882,0.007284650076
mlp,48,240,883,0.00909108863039
mlp,48,240,884,0.010522934244
mlp,48,240,885,0.0100020004462
mlp,48,240,886,0.0115486529868
mlp,48,240,887,0.0116633863868
mlp,48,240,888,0.0092822162227
mlp,48,240,889,0.0119007510829
mlp,48,240,890,0.0119953611675
mlp,48,240,891,0.0105359582269
mlp,48,240,892,0.00782918346135
mlp,48,240,893,0.00855451364181
mlp,48,240,894,0.0116103247003
mlp,48,240,895,0.0120173130383
mlp,48,240,896,0.0159413717965
mlp,48,240,897,0.0110489166216
mlp,48,240,898,0.00891369541378
mlp,48,240,899,0.0119007491672
mlp,48,240,900,0.012355507825
mlp,48,240,901,0.0124227083284
mlp,48,240,902,0.0106251679502
mlp,48,240,903,0.00887709515891
mlp,48,240,904,0.0132750709464
mlp,48,240,905,0.0106251019519
mlp,48,240,906,0.00934017827665
mlp,48,240,907,0.0103318140728
mlp,48,240,908,0.00946625157092
mlp,48,240,909,0.0103112507647
mlp,48,240,910,0.0107097911488
mlp,48,240,911,0.00985445227457
mlp,48,240,912,0.0126954620707
mlp,48,240,913,0.0126417821328
mlp,48,240,914,0.0124318432606
mlp,48,240,915,0.00880868177914
mlp,48,240,916,0.00754093507734
mlp,48,240,917,0.0113326409681
mlp,48,240,918,0.00823942903599
mlp,48,240,919,0.0134091687675
mlp,48,240,920,0.0100974030094
mlp,48,240,921,0.0131874551184
mlp,48,240,922,0.0102656927547
mlp,48,240,923,0.010643210219
mlp,48,240,924,0.00876438041454
mlp,48,240,925,0.0128540423368
mlp,48,240,926,0.00714558082239
mlp,48,240,927,0.0101382393475
mlp,48,240,928,0.0128533835614
mlp,48,240,929,0.0136274887382
mlp,48,240,930,0.0113354714339
mlp,48,240,931,0.0153559192953
mlp,48,240,932,0.00793974635209
mlp,48,240,933,0.0116172814552
mlp,48,240,934,0.0123641878316
mlp,48,240,935,0.0126828379267
mlp,48,240,936,0.0136271256348
mlp,48,240,937,0.0132982959067
mlp,48,240,938,0.0103218433439
mlp,48,240,939,0.0115891207048
mlp,48,240,940,0.00988420823869
mlp,48,240,941,0.0090381336091
mlp,48,240,942,0.0081425304034
mlp,48,240,943,0.0105823479151
mlp,48,240,944,0.00937204385656
mlp,48,240,945,0.0105001572476
mlp,48,240,946,0.012559097531
mlp,48,240,947,0.0106151027505
mlp,48,240,948,0.0104415708729
mlp,48,240,949,0.0104489907852
mlp,48,240,950,0.013869870675
mlp,48,240,951,0.0134131334219
mlp,48,240,952,0.0120266866159
mlp,48,240,953,0.0130066635532
mlp,48,240,954,0.015041818003
mlp,48,240,955,0.00855787856293
mlp,48,240,956,0.0101662908467
mlp,48,240,957,0.0142881062464
mlp,48,240,958,0.0126206732152
mlp,48,240,959,0.0131513138511
mlp,48,240,960,0.00888310408477
mlp,48,240,961,0.00774671964921
mlp,48,240,962,0.0076916465949
mlp,48,240,963,0.0104391349296
mlp,48,240,964,0.00832863000949
mlp,48,240,965,0.0126440258372
mlp,48,240,966,0.0107746604414
mlp,48,240,967,0.0123759062299
mlp,48,240,968,0.00741262502871
mlp,48,240,969,0.0107180729639
mlp,48,240,970,0.0118581534433
mlp,48,240,971,0.00984842877033
mlp,48,240,972,0.0108071455455
mlp,48,240,973,0.0116982304021
mlp,48,240,974,0.012155330084
mlp,48,240,975,0.013568742993
mlp,48,240,976,0.0135099804222
mlp,48,240,977,0.0130222365114
mlp,48,240,978,0.0110374537837
mlp,48,240,979,0.0121030117661
mlp,48,240,980,0.0147248355178
mlp,48,240,981,0.0110413305432
mlp,48,240,982,0.0120745135015
mlp,48,240,983,0.0095619840136
mlp,48,240,984,0.00848053413403
mlp,48,240,985,0.0119709894004
mlp,48,240,986,0.0145121332007
mlp,48,240,987,0.0144016055104
mlp,48,240,988,0.0111557988601
mlp,48,240,989,0.0125130986824
mlp,48,240,990,0.0102532970294
mlp,48,240,991,0.0140153613431
mlp,48,240,992,0.0106058310702
mlp,48,240,993,0.0121583305609
mlp,48,240,994,0.00887472626864
mlp,48,240,995,0.0144998916323
mlp,48,240,996,0.0128973261173
mlp,48,240,997,0.0108025217651
mlp,48,240,998,0.015820397719
mlp,48,240,999,0.0101730765874
momentum_12,12,60,0,-0.0413034206276
momentum_12,12,60,1,-0.0469520512498
momentum_12,12,60,2,-0.0419007456966
momentum_12,12,60,3,-0.0428605783721
momentum_12,12,60,4,-0.0471490852243
momentum_12,12,60,5,-0.0476332154496
momentum_12,12,60,6,-0.0409818317349
momentum_12,12,60,7,-0.0426961846633
momentum_12,12,60,8,-0.0448818244792
momentum_12,12,60,9,-0.0447701544248
momentum_12,12,60,10,-0.0458141126474
momentum_12,12,60,11,-0.0487866268792
momentum_12,12,60,12,-0.0467913774626
momentum_12,12,60,13,-0.0449829370256
momentum_12,12,60,14,-0.038574420286
momentum_12,12,60,15,-0.039535538311
momentum_12,12,60,16,-0.0444132598381
momentum_12,12,60,17,-0.0423148136544
momentum_12,12,60,18,-0.0438399370266
momentum_12,12,60,19,-0.0477913559839
momentum_12,12,60,20,-0.0481300615373
momentum_12,12,60,21,-0.0443167423904
momentum_12,12,60,22,-0.0427369831021
momentum_12,12,60,23,-0.0447568319326
momentum_12,12,60,24,-0.0472305755002
momentum_12,12,60,25,-0.0392443023036
momentum_12,12,60,26,-0.0406957377765
momentum_12,12,60,27,-0.041627960918
momentum_12,12,60,28,-0.0406488018484
momentum_12,12,60,29,-0.045759575588
momentum_12,12,60,30,-0.042225304144
momentum_12,12,60,31,-0.0393734728624
momentum_12,12,60,32,-0.0504780576962
momentum_12,12,60,33,-0.0471202742493
momentum_12,12,60,34,-0.0450562589898
momentum_12,12,60,35,-0.044467957062
momentum_12,12,60,36,-0.0426467778656
momentum_12,12,60,37,-0.0437854575166
momentum_12,12,60,38,-0.0460728902019
momentum_12,12,60,39,-0.0481246445372
momentum_12,12,60,40,-0.0422295040145
momentum_12,12,60,41,-0.0439963916546
momentum_12,12,60,42,-0.0481795686312
momentum_12,12,60,43,-0.0436673083217
momentum_12,12,60,44,-0.0390406431686
momentum_12,12,60,45,-0.0436127341824
momentum_12,12,60,46,-0.0423954782857
momentum_12,12,60,47,-0.0420245907834
momentum_12,12,60,48,-0.0453558148435
momentum_12,12,60,49,-0.0426872291231
momentum_12,12,60,50,-0.0399979031959
momentum_12,12,60,51,-0.0417222663851
momentum_12,12,60,52,-0.0451908568723
momentum_12,12,60,53,-0.0356366388136
momentum_12,12,60,54,-0.0445128469805
momentum_12,12,60,55,-0.0426393364166
momentum_12,12,60,56,-0.046097546571
momentum_12,12,60,57,-0.0430697837911
momentum_12,12,60,58,-0.0455945854774
momentum_12,12,60,59,-0.0423827228666
momentum_12,12,60,60,-0.0421901294161
momentum_12,12,60,61,-0.0423507429373
momentum_12,12,60,62,-0.0420073303465
momentum_12,12,60,63,-0.0410574141496
momentum_12,12,60,64,-0.0437941166549
momentum_12,12,60,65,-0.0436561151958
momentum_12,12,60,66,-0.0482633677861
momentum_12,12,60,67,-0.0407206683505
momentum_12,12,60,68,-0.0410002687091
momentum_12,12,60,69,-0.0438720738255
momentum_12,12,60,70,-0.0464004552173
momentum_12,12,60,71,-0.0428963355829
momentum_12,12,60,72,-0.041176561264
momentum_12,12,60,73,-0.0416346613874
momentum_12,12,60,74,-0.0374585206833
momentum_12,12,60,75,-0.0422244350886
momentum_12,12,60,76,-0.041464469156
momentum_12,12,60,77,-0.0444436955218
momentum_12,12,60,78,-0.0394035749527
momentum_12,12,60,79,-0.0442362969745
momentum_12,12,60,80,-0.0403417070748
momentum_12,12,60,81,-0.0453265615632
momentum_12,12,60,82,-0.0477406974127
momentum_12,12,60,83,-0.0441453779771
momentum_12,12,60,84,-0.0394864650748
momentum_12,12,60,85,-0.044449628232
momentum_12,12,60,86,-0.0468300217926
momentum_12,12,60,87,-0.0376848935344
momentum_12,12,60,88,-0.0421965324219
momentum_12,12,60,89,-0.0432953488436
momentum_12,12,60,90,-0.0459491714629
momentum_12,12,60,91,-0.0459262215094
momentum_12,12,60,92,-0.0401711887056
momentum_12,12,60,93,-0.044901367069
momentum_12,12,60,94,-0.0455177187602
momentum_12,12,60,95,-0.0447398456397
momentum_12,12,60,96,-0.0458735550578
momentum_12,12,60,97,-0.0399164774405
momentum_12,12,60,98,-0.0468167974145
momentum_12,12,60,99,-0.0462646710194
momentum_12,12,60,100,-0.0472042989649
momentum_12,12,60,101,-0.042621090735
momentum_12,12,60,102,-0.0444397374949
momentum_12,12,60,103,-0.0406208480705
momentum_12,12,60,104,-0.0405553876935
momentum_12,12,60,105,-0.0473669180881
momentum_12,12,60,106,-0.038575145837
momentum_12,12,60,107,-0.0416871143825
momentum_12,12,60,108,-0.0429275954563
momentum_12,12,60,109,-0.0456600471841
momentum_12,12,60,110,-0.0452705961039
momentum_12,12,60,111,-0.0416546110499
momentum_12,12,60,112,-0.0391874073328
momentum_12,12,60,113,-0.0442588201124
momentum_12,12,60,114,-0.0429655375407
momentum_12,12,60,115,-0.041575955561
momentum_12,12,60,116,-0.0442177160072
momentum_12,12,60,117,-0.0445321217857
momentum_12,12,60,118,-0.0469567594956
momentum_12,12,60,119,-0.042465319981
momentum_12,12,60,120,-0.0414556825479
momentum_12,12,60,121,-0.0422598397571
momentum_12,12,60,122,-0.0470770576894
momentum_12,12,60,123,-0.044053158009
momentum_12,12,60,124,-0.0480343573767
momentum_12,12,60,125,-0.0432534632927
momentum_12,12,60,126,-0.0462910451977
momentum_12,12,60,127,-0.0422439584278
momentum_12,12,60,128,-0.036807515956
momentum_12,12,60,129,-0.0430096150511
momentum_12,12,60,130,-0.0487723719649
momentum_12,12,60,131,-0.0416840407583
momentum_12,12,60,132,-0.0409787741282
momentum_12,12,60,133,-0.0422799646781
momentum_12,12,60,134,-0.0418279793044
momentum_12,12,60,135,-0.0412679023943
momentum_12,12,60,136,-0.0443147442741
momentum_12,12,60,137,-0.0464607112706
momentum_12,12,60,138,-0.0403308481997
momentum_12,12,60,139,-0.0381188407714
momentum_12,12,60,140,-0.0415850843238
momentum_12,12,60,141,-0.0455018017199
momentum_12,12,60,142,-0.04620938968
momentum_12,12,60,143,-0.0417421071034
momentum_12,12,60,144,-0.0461314995205
momentum_12,12,60,145,-0.0455037539164
momentum_12,12,60,146,-0.0490259404387
momentum_12,12,60,147,-0.0410716396949
momentum_12,12,60,148,-0.0397233587371
momentum_12,12,60,149,-0.0435512643107
momentum_12,12,60,150,-0.0460174329289
momentum_12,12,60,151,-0.0489251650562
momentum_12,12,60,152,-0.0448441648929
momentum_12,12,60,153,-0.0475798450104
momentum_12,12,60,154,-0.0390326733425
momentum_12,12,60,155,-0.0445424512664
momentum_12,12,60,156,-0.0458059169462
momentum_12,12,60,157,-0.0452931275456
momentum_12,12,60,158,-0.045997239982
momentum_12,12,60,159,-0.0388104082569
momentum_12,12,60,160,-0.0428148956457
momentum_12,12,60,161,-0.0519534137801
momentum_12,12,60,162,-0.0447294769854
momentum_12,12,60,163,-0.0470446770006
momentum_12,12,60,164,-0.0447423844061
momentum_12,12,60,165,-0.0500338108599
momentum_12,12,60,166,-0.0381567756115
momentum_12,12,60,167,-0.0459885738623
momentum_12,12,60,168,-0.045134652576
momentum_12,12,60,169,-0.0411877605292
momentum_12,12,60,170,-0.0433036454023
momentum_12,12,60,171,-0.0422971305548
momentum_12,12,60,172,-0.0442590683278
momentum_12,12,60,173,-0.0424388361265
momentum_12,12,60,174,-0.0477555305399
momentum_12,12,60,175,-0.042663374899
momentum_12,12,60,176,-0.0421176497612
momentum_12,12,60,177,-0.0424146652737
momentum_12,12,60,178,-0.0366884464255
momentum_12,12,60,179,-0.0432255661768
momentum_12,12,60,180,-0.0471419419334
momentum_12,12,60,181,-0.0484387075208
momentum_12,12,60,182,-0.0407190672545
momentum_12,12,60,183,-0.0483905113012
momentum_12,12,60,184,-0.0413410926174
momentum_12,12,60,185,-0.0427922612647
momentum_12,12,60,186,-0.0434526519146
momentum_12,12,60,187,-0.0491333546434
momentum_12,12,60,188,-0.0462088866379
momentum_12,12,60,189,-0.044850821423
momentum_12,12,60,190,-0.0453384923049
momentum_12,12,60,191,-0.0483529823253
momentum_12,12,60,192,-0.0444987396655
momentum_12,12,60,193,-0.0461433243982
momentum_12,12,60,194,-0.0418543495941
momentum_12,12,60,195,-0.0420508357694
momentum_12,12,60,196,-0.0452008496195
momentum_12,12,60,197,-0.0425613309085
momentum_12,12,60,198,-0.049174925127
momentum_12,12,60,199,-0.044021237958
momentum_12,12,60,200,-0.0486290479154
momentum_12,12,60,201,-0.0450208933045
momentum_12,12,60,202,-0.0449828540835
momentum_12,12,60,203,-0.0398596596086
momentum_12,12,60,204,-0.0425350052825
momentum_12,12,60,205,-0.0483840838689
momentum_12,12,60,206,-0.0460666762562
momentum_12,12,60,207,-0.0478737930007
momentum_12,12,60,208,-0.0534011169395
momentum_12,12,60,209,-0.0388859332071
momentum_12,12,60,210,-0.0490361112604
momentum_12,12,60,211,-0.0409159894999
momentum_12,12,60,212,-0.0416560586333
momentum_12,12,60,213,-0.0487331284561
momentum_12,12,60,214,-0.0461395285545
momentum_12,12,60,215,-0.0460549470442
momentum_12,12,60,216,-0.0454914267319
momentum_12,12,60,217,-0.0407679407487
momentum_12,12,60,218,-0.0434395975997
momentum_12,12,60,219,-0.0443071287342
momentum_12,12,60,220,-0.0485116407645
momentum_12,12,60,221,-0.0396307617028
momentum_12,12,60,222,-0.0444635225178
momentum_12,12,60,223,-0.040011751521
momentum_12,12,60,224,-0.0410881357736
momentum_12,12,60,225,-0.0438337855749
momentum_12,12,60,226,-0.040562928084
momentum_12,12,60,227,-0.0385269748659
momentum_12,12,60,228,-0.0392560768613
momentum_12,12,60,229,-0.0451340225995
momentum_12,12,60,230,-0.0459900937479
momentum_12,12,60,231,-0.0423170786334
momentum_12,12,60,232,-0.039813476112
momentum_12,12,60,233,-0.0432565861659
momentum_12,12,60,234,-0.0425318357466
momentum_12,12,60,235,-0.0413188318369
momentum_12,12,60,236,-0.0409529192579
momentum_12,12,60,237,-0.0420512524005
momentum_12,12,60,238,-0.0433611474737
momentum_12,12,60,239,-0.0404103934059
momentum_12,12,60,240,-0.0407683338722
momentum_12,12,60,241,-0.0472322437281
momentum_12,12,60,242,-0.0397433475521
momentum_12,12,60,243,-0.0432178677524
momentum_12,12,60,244,-0.046557992486
momentum_12,12,60,245,-0.0493910111478
momentum_12,12,60,246,-0.0506217137546
momentum_12,12,60,247,-0.0470816023243
momentum_12,12,60,248,-0.0489440151718
momentum_12,12,60,249,-0.0451119653199
momentum_12,12,60,250,-0.0474028698695
momentum_12,12,60,251,-0.0461965863269
momentum_12,12,60,252,-0.0447387774679
momentum_12,12,60,253,-0.0476410350509
momentum_12,12,60,254,-0.0432721675818
momentum_12,12,60,255,-0.0468187500185
momentum_12,12,60,256,-0.0494140625091
momentum_12,12,60,257,-0.0404589642855
momentum_12,12,60,258,-0.0455129761355
momentum_12,12,60,259,-0.0504845586529
momentum_12,12,60,260,-0.0463124199246
momentum_12,12,60,261,-0.042349770831
momentum_12,12,60,262,-0.0419581357359
momentum_12,12,60,263,-0.0448915268011
momentum_12,12,60,264,-0.0449485630527
momentum_12,12,60,265,-0.045248830597
momentum_12,12,60,266,-0.0462794697403
momentum_12,12,60,267,-0.0462605937176
momentum_12,12,60,268,-0.0415786210542
momentum_12,12,60,269,-0.0466904833958
momentum_12,12,60,270,-0.0454575492797
momentum_12,12,60,271,-0.0444063011485
momentum_12,12,60,272,-0.0462615374078
momentum_12,12,60,273,-0.047819311334
momentum_12,12,60,274,-0.0422111138026
momentum_12,12,60,275,-0.0427302189187
momentum_12,12,60,276,-0.0419821639439
momentum_12,12,60,277,-0.0455072098648
momentum_12,12,60,278,-0.0421960108735
momentum_12,12,60,279,-0.0403904305904
momentum_12,12,60,280,-0.046841070998
momentum_12,12,60,281,-0.0449666606992
momentum_12,12,60,282,-0.0421152363428
momentum_12,12,60,283,-0.0432971320357
momentum_12,12,60,284,-0.0399612721054
momentum_12,12,60,285,-0.0436209804652
momentum_12,12,60,286,-0.0409614623652
momentum_12,12,60,287,-0.0402305001524
momentum_12,12,60,288,-0.041636127617
momentum_12,12,60,289,-0.0413748397639
momentum_12,12,60,290,-0.0458249170735
momentum_12,12,60,291,-0.0426321566145
momentum_12,12,60,292,-0.0415356332517
momentum_12,12,60,293,-0.0431918476204
momentum_12,12,60,294,-0.0457649885016
momentum_12,12,60,295,-0.0503599147429
momentum_12,12,60,296,-0.0396452137295
momentum_12,12,60,297,-0.0383802927252
momentum_12,12,60,298,-0.0465819945206
momentum_12,12,60,299,-0.04425582382
momentum_12,12,60,300,-0.0479698771562
momentum_12,12,60,301,-0.0452212466533
momentum_12,12,60,302,-0.0447569626617
momentum_12,12,60,303,-0.0473769284333
momentum_12,12,60,304,-0.0418355010458
momentum_12,12,60,305,-0.0410858921006
momentum_12,12,60,306,-0.0405431631347
momentum_12,12,60,307,-0.0441480287186
momentum_12,12,60,308,-0.0435929572356
momentum_12,12,60,309,-0.0399949397412
momentum_12,12,60,310,-0.0420461566995
momentum_12,12,60,311,-0.0496793213925
momentum_12,12,60,312,-0.0460260470763
momentum_12,12,60,313,-0.0495470433405
momentum_12,12,60,314,-0.0467224599149
momentum_12,12,60,315,-0.0451016343107
momentum_12,12,60,316,-0.0432229294288
momentum_12,12,60,317,-0.044806078175
momentum_12,12,60,318,-0.0430431347636
momentum_12,12,60,319,-0.0437757534547
momentum_12,12,60,320,-0.0480111658742
momentum_12,12,60,321,-0.0460373908694
momentum_12,12,60,322,-0.0411440712988
momentum_12,12,60,323,-0.043226390924
momentum_12,12,60,324,-0.0536708714193
momentum_12,12,60,325,-0.0410484432621
momentum_12,12,60,326,-0.0461208212634
momentum_12,12,60,327,-0.0455863067611
momentum_12,12,60,328,-0.0428641742073
momentum_12,12,60,329,-0.0454244675305
momentum_12,12,60,330,-0.0425346998032
momentum_12,12,60,331,-0.0432902409083
momentum_12,12,60,332,-0.0448131390271
momentum_12,12,60,333,-0.0442160459792
momentum_12,12,60,334,-0.0465551766044
momentum_12,12,60,335,-0.0488295428223
momentum_12,12,60,336,-0.0424331786187
momentum_12,12,60,337,-0.043433702674
momentum_12,12,60,338,-0.0429101559253
momentum_12,12,60,339,-0.0433781399058
momentum_12,12,60,340,-0.0494083665141
momentum_12,12,60,341,-0.0458954705892
momentum_12,12,60,342,-0.0426197877261
momentum_12,12,60,343,-0.0366715890918
momentum_12,12,60,344,-0.0471195741677
momentum_12,12,60,345,-0.0470607230941
momentum_12,12,60,346,-0.0475002611235
momentum_12,12,60,347,-0.0413875672615
momentum_12,12,60,348,-0.042832829856
momentum_12,12,60,349,-0.0392233331363
momentum_12,12,60,350,-0.0444383993823
momentum_12,12,60,351,-0.048114132574
momentum_12,12,60,352,-0.047011268824
momentum_12,12,60,353,-0.046633537475
momentum_12,12,60,354,-0.0505243715191
momentum_12,12,60,355,-0.0477899215179
momentum_12,12,60,356,-0.0407060080481
momentum_12,12,60,357,-0.0487144310449
momentum_12,12,60,358,-0.043138526751
momentum_12,12,60,359,-0.0464194306076
momentum_12,12,60,360,-0.0463414921034
momentum_12,12,60,361,-0.0409768124796
momentum_12,12,60,362,-0.0441085081317
momentum_12,12,60,363,-0.0452157957008
momentum_12,12,60,364,-0.0400793492779
momentum_12,12,60,365,-0.0407612294942
momentum_12,12,60,366,-0.0429191216235
momentum_12,12,60,367,-0.0449847416742
momentum_12,12,60,368,-0.0454894422457
momentum_12,12,60,369,-0.0386238104934
momentum_12,12,60,370,-0.0422016959654
momentum_12,12,60,371,-0.0414590332419
momentum_12,12,60,372,-0.0485124479549
momentum_12,12,60,373,-0.0443809050115
momentum_12,12,60,374,-0.041025991568
momentum_12,12,60,375,-0.0437433847679
momentum_12,12,60,376,-0.0444299185978
momentum_12,12,60,377,-0.0495762206987
momentum_12,12,60,378,-0.0481781728513
momentum_12,12,60,379,-0.0393083137232
momentum_12,12,60,380,-0.0384580337578
momentum_12,12,60,381,-0.0506566764481
momentum_12,12,60,382,-0.0438805116006
momentum_12,12,60,383,-0.0514276278756
momentum_12,12,60,384,-0.047633366399
momentum_12,12,60,385,-0.0400286540188
momentum_12,12,60,386,-0.0385951567257
momentum_12,12,60,387,-0.042553734539
momentum_12,12,60,388,-0.047161161258
momentum_12,12,60,389,-0.0392264457062
momentum_12,12,60,390,-0.0440474061099
momentum_12,12,60,391,-0.0452352616111
momentum_12,12,60,392,-0.0418289420498
momentum_12,12,60,393,-0.0427609596904
momentum_12,12,60,394,-0.0420108775993
momentum_12,12,60,395,-0.046997153537
momentum_12,12,60,396,-0.0449583895306
momentum_12,12,60,397,-0.0453014906164
momentum_12,12,60,398,-0.0392942117019
momentum_12,12,60,399,-0.039941091199
momentum_12,12,60,400,-0.0452475573287
momentum_12,12,60,401,-0.0406010333865
momentum_12,12,60,402,-0.0399060717977
momentum_12,12,60,403,-0.0470225823607
momentum_12,12,60,404,-0.0389550708609
momentum_12,12,60,405,-0.0439714489475
momentum_12,12,60,406,-0.0389264485713
momentum_12,12,60,407,-0.0442195810757
momentum_12,12,60,408,-0.0424027221894
momentum_12,12,60,409,-0.0429262229104
momentum_12,12,60,410,-0.0491651953926
momentum_12,12,60,411,-0.0376708713059
momentum_12,12,60,412,-0.0433234506123
momentum_12,12,60,413,-0.0409305285052
momentum_12,12,60,414,-0.044717105582
momentum_12,12,60,415,-0.0440332984899
momentum_12,12,60,416,-0.0425043682082
momentum_12,12,60,417,-0.047421722182
momentum_12,12,60,418,-0.0429861107074
momentum_12,12,60,419,-0.041936377976
momentum_12,12,60,420,-0.0437179366813
momentum_12,12,60,421,-0.0455540983001
momentum_12,12,60,422,-0.0494212579216
momentum_12,12,60,423,-0.0481283193816
momentum_12,12,60,424,-0.0444214744354
momentum_12,12,60,425,-0.0480895099411
momentum_12,12,60,426,-0.0425006579546
momentum_12,12,60,427,-0.0472706894261
momentum_12,12,60,428,-0.0418828726171
momentum_12,12,60,429,-0.0485326808533
momentum_12,12,60,430,-0.0445087359085
momentum_12,12,60,431,-0.0459471600438
momentum_12,12,60,432,-0.0457305141521
momentum_12,12,60,433,-0.0470134118287
momentum_12,12,60,434,-0.0423281774098
momentum_12,12,60,435,-0.0387098275
momentum_12,12,60,436,-0.0498218326226
momentum_12,12,60,437,-0.0409612392628
momentum_12,12,60,438,-0.045696243666
momentum_12,12,60,439,-0.0434328787704
momentum_12,12,60,440,-0.0444584212474
momentum_12,12,60,441,-0.0452254646677
momentum_12,12,60,442,-0.0443541240453
momentum_12,12,60,443,-0.0434518067738
momentum_12,12,60,444,-0.0416427852752
momentum_12,12,60,445,-0.0441868274683
momentum_12,12,60,446,-0.0423001738228
momentum_12,12,60,447,-0.0434141456438
momentum_12,12,60,448,-0.044469097172
momentum_12,12,60,449,-0.0456869813137
momentum_12,12,60,450,-0.0454903316609
momentum_12,12,60,451,-0.044487474091
momentum_12,12,60,452,-0.0418314027777
momentum_12,12,60,453,-0.0431946860243
momentum_12,12,60,454,-0.0406890327888
momentum_12,12,60,455,-0.0403908025896
momentum_12,12,60,456,-0.0464232945034
momentum_12,12,60,457,-0.0451515968545
momentum_12,12,60,458,-0.0418233159411
momentum_12,12,60,459,-0.0467540168883
momentum_12,12,60,460,-0.0429502229531
momentum_12,12,60,461,-0.0435274696015
momentum_12,12,60,462,-0.0460439044948
momentum_12,12,60,463,-0.0483198963018
momentum_12,12,60,464,-0.0448311102592
momentum_12,12,60,465,-0.0428374678675
momentum_12,12,60,466,-0.0391086665758
momentum_12,12,60,467,-0.0431238584264
momentum_12,12,60,468,-0.0428163099676
momentum_12,12,60,469,-0.0439354069244
momentum_12,12,60,470,-0.0466838036457
momentum_12,12,60,471,-0.0462720245048
momentum_12,12,60,472,-0.0464328182882
momentum_12,12,60,473,-0.0448946453407
momentum_12,12,60,474,-0.0456256058217
momentum_12,12,60,475,-0.0466668483442
momentum_12,12,60,476,-0.0411771005837
momentum_12,12,60,477,-0.0506796736019
momentum_12,12,60,478,-0.0483787636938
momentum_12,12,60,479,-0.045159854047
momentum_12,12,60,480,-0.0478496224765
momentum_12,12,60,481,-0.0442717568508
momentum_12,12,60,482,-0.0490054985693
momentum_12,12,60,483,-0.0388786875065
momentum_12,12,60,484,-0.0412162867741
momentum_12,12,60,485,-0.0432941355054
momentum_12,12,60,486,-0.041724549049
momentum_12,12,60,487,-0.0382808814094
momentum_12,12,60,488,-0.0452260945185
momentum_12,12,60,489,-0.0423736309145
momentum_12,12,60,490,-0.0449742303492
momentum_12,12,60,491,-0.0434856507598
momentum_12,12,60,492,-0.0464426900016
momentum_12,12,60,493,-0.0420013545027
momentum_12,12,60,494,-0.0413613328571
momentum_12,12,60,495,-0.0469929607108
momentum_12,12,60,496,-0.0404837311514
momentum_12,12,60,497,-0.0456260872695
momentum_12,12,60,498,-0.0413783719466
momentum_12,12,60,499,-0.0498573584672
momentum_12,12,60,500,-0.047336167576
momentum_12,12,60,501,-0.041691748269
momentum_12,12,60,502,-0.0460233224826
momentum_12,12,60,503,-0.0454329355445
momentum_12,12,60,504,-0.0432318265476
momentum_12,12,60,505,-0.0438485660807
momentum_12,12,60,506,-0.0410312696186
momentum_12,12,60,507,-0.0416885056759
momentum_12,12,60,508,-0.0404061442117
momentum_12,12,60,509,-0.0429863050709
momentum_12,12,60,510,-0.046760682157
momentum_12,12,60,511,-0.0471278132329
momentum_12,12,60,512,-0.0372092040101
momentum_12,12,60,513,-0.0443602323176
momentum_12,12,60,514,-0.0440819498589
momentum_12,12,60,515,-0.0454258527909
momentum_12,12,60,516,-0.0466157885454
momentum_12,12,60,517,-0.0446214309134
momentum_12,12,60,518,-0.0406812788221
momentum_12,12,60,519,-0.0482126825875
momentum_12,12,60,520,-0.0427170472646
momentum_12,12,60,521,-0.0433980298549
momentum_12,12,60,522,-0.0435102461356
momentum_12,12,60,523,-0.0415187926587
momentum_12,12,60,524,-0.039851066427
momentum_12,12,60,525,-0.0395475634588
momentum_12,12,60,526,-0.0430767958746
momentum_12,12,60,527,-0.0418968586765
momentum_12,12,60,528,-0.0451053628424
momentum_12,12,60,529,-0.0500820736242
momentum_12,12,60,530,-0.0444357656979
momentum_12,12,60,531,-0.0424391195703
momentum_12,12,60,532,-0.0443532281077
momentum_12,12,60,533,-0.0526977491385
momentum_12,12,60,534,-0.0458584005082
momentum_12,12,60,535,-0.0454876312095
momentum_12,12,60,536,-0.0488996903604
momentum_12,12,60,537,-0.0446260953903
momentum_12,12,60,538,-0.041440924025
momentum_12,12,60,539,-0.0477993232842
momentum_12,12,60,540,-0.0450261748254
momentum_12,12,60,541,-0.0443963614981
momentum_12,12,60,542,-0.0489566396186
momentum_12,12,60,543,-0.0505998204636
momentum_12,12,60,544,-0.0409601199891
momentum_12,12,60,545,-0.0420389417564
momentum_12,12,60,546,-0.0447051508044
momentum_12,12,60,547,-0.046100883375
momentum_12,12,60,548,-0.0431096291475
momentum_12,12,60,549,-0.0390471484383
momentum_12,12,60,550,-0.0449168539143
momentum_12,12,60,551,-0.051647571001
momentum_12,12,60,552,-0.0461252268906
momentum_12,12,60,553,-0.0423524676318
momentum_12,12,60,554,-0.0446961609512
momentum_12,12,60,555,-0.0402271311359
momentum_12,12,60,556,-0.0461939997501
momentum_12,12,60,557,-0.045589889741
momentum_12,12,60,558,-0.0493919817381
momentum_12,12,60,559,-0.0374197913723
momentum_12,12,60,560,-0.0506801534057
momentum_12,12,60,561,-0.0478953225809
momentum_12,12,60,562,-0.049705514489
momentum_12,12,60,563,-0.0395125540396
momentum_12,12,60,564,-0.0471234789868
momentum_12,12,60,565,-0.0433103498522
momentum_12,12,60,566,-0.0407416597836
momentum_12,12,60,567,-0.0487235165239
momentum_12,12,60,568,-0.0459664289
momentum_12,12,60,569,-0.0443703798493
momentum_12,12,60,570,-0.0441287692711
momentum_12,12,60,571,-0.0439213891199
momentum_12,12,60,572,-0.0390530484859
momentum_12,12,60,573,-0.0433792884314
momentum_12,12,60,574,-0.0475029517509
momentum_12,12,60,575,-0.0477244308409
momentum_12,12,60,576,-0.0416892234452
momentum_12,12,60,577,-0.045157839784
momentum_12,12,60,578,-0.039765190866
momentum_12,12,60,579,-0.0451713585547
momentum_12,12,60,580,-0.0428982116017
momentum_12,12,60,581,-0.0494725959895
momentum_12,12,60,582,-0.042142590987
momentum_12,12,60,583,-0.0487229416726
momentum_12,12,60,584,-0.0442481241109
momentum_12,12,60,585,-0.0401463749057
momentum_12,12,60,586,-0.0380262874454
momentum_12,12,60,587,-0.0469797839424
momentum_12,12,60,588,-0.0444156062921
momentum_12,12,60,589,-0.0489346872872
momentum_12,12,60,590,-0.0449579204223
momentum_12,12,60,591,-0.0410694128779
momentum_12,12,60,592,-0.0442604467495
momentum_12,12,60,593,-0.0464193475878
momentum_12,12,60,594,-0.0428479321172
momentum_12,12,60,595,-0.0443699978907
momentum_12,12,60,596,-0.0381453629805
momentum_12,12,60,597,-0.0512389081929
momentum_12,12,60,598,-0.0431554484253
momentum_12,12,60,599,-0.0424532203287
momentum_12,12,60,600,-0.0463286889878
momentum_12,12,60,601,-0.046990698203
momentum_12,12,60,602,-0.0472216017131
momentum_12,12,60,603,-0.0436957703023
momentum_12,12,60,604,-0.0456195551508
momentum_12,12,60,605,-0.0399598464847
momentum_12,12,60,606,-0.0419405288916
momentum_12,12,60,607,-0.0448994756515
momentum_12,12,60,608,-0.0397214887174
momentum_12,12,60,609,-0.0432159458464
momentum_12,12,60,610,-0.0434043731912
momentum_12,12,60,611,-0.0448514707353
momentum_12,12,60,612,-0.0408739545125
momentum_12,12,60,613,-0.0474907590474
momentum_12,12,60,614,-0.0497541080715
momentum_12,12,60,615,-0.0419751353623
momentum_12,12,60,616,-0.0450551651462
momentum_12,12,60,617,-0.0365971061113
momentum_12,12,60,618,-0.0442413698994
momentum_12,12,60,619,-0.0473736350033
momentum_12,12,60,620,-0.0394434409064
momentum_12,12,60,621,-0.045337845307
momentum_12,12,60,622,-0.0399892560701
momentum_12,12,60,623,-0.0435779039685
momentum_12,12,60,624,-0.0448185833001
momentum_12,12,60,625,-0.0472328988362
momentum_12,12,60,626,-0.0445694235024
momentum_12,12,60,627,-0.045283107164
momentum_12,12,60,628,-0.041657826187
momentum_12,12,60,629,-0.0446483477145
momentum_12,12,60,630,-0.0435417604061
momentum_12,12,60,631,-0.0461582726315
momentum_12,12,60,632,-0.0455172719867
momentum_12,12,60,633,-0.0464191360609
momentum_12,12,60,634,-0.0428754760476
momentum_12,12,60,635,-0.0432113229919
momentum_12,12,60,636,-0.0445579301476
momentum_12,12,60,637,-0.0389768186292
momentum_12,12,60,638,-0.0463248947208
momentum_12,12,60,639,-0.037406108105
momentum_12,12,60,640,-0.0547251550306
momentum_12,12,60,641,-0.0456491564619
momentum_12,12,60,642,-0.0430662232503
momentum_12,12,60,643,-0.0449577511318
momentum_12,12,60,644,-0.0402169510592
momentum_12,12,60,645,-0.0481958999863
momentum_12,12,60,646,-0.0422229849655
momentum_12,12,60,647,-0.0469442651045
momentum_12,12,60,648,-0.0477221151147
momentum_12,12,60,649,-0.0384614806297
momentum_12,12,60,650,-0.0390701379072
momentum_12,12,60,651,-0.0435630356112
momentum_12,12,60,652,-0.0484718917077
momentum_12,12,60,653,-0.0417120885556
momentum_12,12,60,654,-0.0454940888064
momentum_12,12,60,655,-0.0451129609425
momentum_12,12,60,656,-0.0468835433274
momentum_12,12,60,657,-0.0426398058816
momentum_12,12,60,658,-0.0385606527107
momentum_12,12,60,659,-0.0451768896882
momentum_12,12,60,660,-0.0409300442489
momentum_12,12,60,661,-0.0418474493227
momentum_12,12,60,662,-0.0437552064247
momentum_12,12,60,663,-0.0439001076082
momentum_12,12,60,664,-0.0448863465718
momentum_12,12,60,665,-0.0449199020021
momentum_12,12,60,666,-0.0478990376845
momentum_12,12,60,667,-0.0486525899802
momentum_12,12,60,668,-0.0429173242977
momentum_12,12,60,669,-0.0426032759387
momentum_12,12,60,670,-0.0386796174074
momentum_12,12,60,671,-0.0428957352079
momentum_12,12,60,672,-0.0485341140427
momentum_12,12,60,673,-0.0457420820924
momentum_12,12,60,674,-0.0488428205778
momentum_12,12,60,675,-0.0417170746166
momentum_12,12,60,676,-0.0455620003124
momentum_12,12,60,677,-0.0446496110099
momentum_12,12,60,678,-0.047202042055
momentum_12,12,60,679,-0.0434275086152
momentum_12,12,60,680,-0.0457795921267
momentum_12,12,60,681,-0.0399070303322
momentum_12,12,60,682,-0.0439309229803
momentum_12,12,60,683,-0.0462797410885
momentum_12,12,60,684,-0.0445368286615
momentum_12,12,60,685,-0.0448624276291
momentum_12,12,60,686,-0.0444048406262
momentum_12,12,60,687,-0.0468581937978
momentum_12,12,60,688,-0.0515715805676
momentum_12,12,60,689,-0.0459093554427
momentum_12,12,60,690,-0.0514313098217
momentum_12,12,60,691,-0.0452205958407
momentum_12,12,60,692,-0.0437550270395
momentum_12,12,60,693,-0.0486291961029
momentum_12,12,60,694,-0.0405137898967
momentum_12,12,60,695,-0.0431839773323
momentum_12,12,60,696,-0.0439357583187
momentum_12,12,60,697,-0.0455035396096
momentum_12,12,60,698,-0.0410275281006
momentum_12,12,60,699,-0.0378712004767
momentum_12,12,60,700,-0.0414976863994
momentum_12,12,60,701,-0.047601172621
momentum_12,12,60,702,-0.040962080041
momentum_12,12,60,703,-0.0466053799391
momentum_12,12,60,704,-0.0453930392764
momentum_12,12,60,705,-0.0387676328309
momentum_12,12,60,706,-0.0385949685117
momentum_12,12,60,707,-0.0454858959023
momentum_12,12,60,708,-0.0474105799577
momentum_12,12,60,709,-0.0434242689276
momentum_12,12,60,710,-0.0457095202387
momentum_12,12,60,711,-0.0456790341009
momentum_12,12,60,712,-0.0472398952327
momentum_12,12,60,713,-0.0523620952298
momentum_12,12,60,714,-0.0439031092133
momentum_12,12,60,715,-0.0384556190963
momentum_12,12,60,716,-0.04619429284
momentum_12,12,60,717,-0.0420618231347
momentum_12,12,60,718,-0.04129148314
momentum_12,12,60,719,-0.0439383758387
momentum_12,12,60,720,-0.0432232059229
momentum_12,12,60,721,-0.0397045948362
momentum_12,12,60,722,-0.0387680156874
momentum_12,12,60,723,-0.0475278243102
momentum_12,12,60,724,-0.0439790219467
momentum_12,12,60,725,-0.0451829856263
momentum_12,12,60,726,-0.042984653915
momentum_12,12,60,727,-0.0488245442162
momentum_12,12,60,728,-0.0440828282207
momentum_12,12,60,729,-0.041848495612
momentum_12,12,60,730,-0.0434451481507
momentum_12,12,60,731,-0.0468239886686
momentum_12,12,60,732,-0.042020751015
momentum_12,12,60,733,-0.0448415071862
momentum_12,12,60,734,-0.0442218141094
momentum_12,12,60,735,-0.047622683452
momentum_12,12,60,736,-0.0482833832904
momentum_12,12,60,737,-0.0429451738276
momentum_12,12,60,738,-0.0393178095838
momentum_12,12,60,739,-0.0419204449753
momentum_12,12,60,740,-0.0429456825353
momentum_12,12,60,741,-0.0403817556444
momentum_12,12,60,742,-0.0503465472868
momentum_12,12,60,743,-0.0460319387238
momentum_12,12,60,744,-0.0438131273377
momentum_12,12,60,745,-0.0420252220322
momentum_12,12,60,746,-0.048610427557
momentum_12,12,60,747,-0.0445480921993
momentum_12,12,60,748,-0.0458073681374
momentum_12,12,60,749,-0.0417105558943
momentum_12,12,60,750,-0.0494064329499
momentum_12,12,60,751,-0.0435081688716
momentum_12,12,60,752,-0.0447504633745
momentum_12,12,60,753,-0.0446423471869
momentum_12,12,60,754,-0.0398304283883
momentum_12,12,60,755,-0.0441945427165
momentum_12,12,60,756,-0.0441476186506
momentum_12,12,60,757,-0.0414875586334
momentum_12,12,60,758,-0.0412027977017
momentum_12,12,60,759,-0.0371049609091
momentum_12,12,60,760,-0.0460807351736
momentum_12,12,60,761,-0.044961852949
momentum_12,12,60,762,-0.0456957189307
momentum_12,12,60,763,-0.043670397939
momentum_12,12,60,764,-0.0464412707605
momentum_12,12,60,765,-0.0457665662843
momentum_12,12,60,766,-0.0406874369973
momentum_12,12,60,767,-0.0462332419679
momentum_12,12,60,768,-0.0449476249758
momentum_12,12,60,769,-0.0485450514833
momentum_12,12,60,770,-0.0435657777656
momentum_12,12,60,771,-0.0402370301967
momentum_12,12,60,772,-0.04263198607
momentum_12,12,60,773,-0.0413755449193
momentum_12,12,60,774,-0.0426600902647
momentum_12,12,60,775,-0.0431792362092
momentum_12,12,60,776,-0.042056413821
momentum_12,12,60,777,-0.0446155983924
momentum_12,12,60,778,-0.0395877441575
momentum_12,12,60,779,-0.0466858042118
momentum_12,12,60,780,-0.0446032348592
momentum_12,12,60,781,-0.0525172781986
momentum_12,12,60,782,-0.0487503373235
momentum_12,12,60,783,-0.0426062863039
momentum_12,12,60,784,-0.0413201781892
momentum_12,12,60,785,-0.0429999395206
momentum_12,12,60,786,-0.0446799489282
momentum_12,12,60,787,-0.0455974718066
momentum_12,12,60,788,-0.0446993383004
momentum_12,12,60,789,-0.0476153476763
momentum_12,12,60,790,-0.0448265573003
momentum_12,12,60,791,-0.044392784872
momentum_12,12,60,792,-0.0458893294704
momentum_12,12,60,793,-0.0422603065951
momentum_12,12,60,794,-0.0405459414248
momentum_12,12,60,795,-0.0417985759434
momentum_12,12,60,796,-0.048356369878
momentum_12,12,60,797,-0.0383688398575
momentum_12,12,60,798,-0.0444924045777
momentum_12,12,60,799,-0.0445825561268
momentum_12,12,60,800,-0.0417373346679
momentum_12,12,60,801,-0.0384434626582
momentum_12,12,60,802,-0.0423749196923
momentum_12,12,60,803,-0.0471968327844
momentum_12,12,60,804,-0.0401855926334
momentum_12,12,60,805,-0.0412361599986
momentum_12,12,60,806,-0.0447799356019
momentum_12,12,60,807,-0.0443319675669
momentum_12,12,60,808,-0.0420073959764
momentum_12,12,60,809,-0.0415663979722
momentum_12,12,60,810,-0.0425618485276
momentum_12,12,60,811,-0.0367645225033
momentum_12,12,60,812,-0.0425780505724
momentum_12,12,60,813,-0.0381334795615
momentum_12,12,60,814,-0.0442053751804
momentum_12,12,60,815,-0.0459109013047
momentum_12,12,60,816,-0.0440224841071
momentum_12,12,60,817,-0.0420804946361
momentum_12,12,60,818,-0.0454791531683
momentum_12,12,60,819,-0.0482816154158
momentum_12,12,60,820,-0.0461790416546
momentum_12,12,60,821,-0.0406714490433
momentum_12,12,60,822,-0.0444896034307
momentum_12,12,60,823,-0.042652379049
momentum_12,12,60,824,-0.0469011674599
momentum_12,12,60,825,-0.0432300130119
momentum_12,12,60,826,-0.0501511936931
momentum_12,12,60,827,-0.0435194034179
momentum_12,12,60,828,-0.043867905275
momentum_12,12,60,829,-0.0408064528443
momentum_12,12,60,830,-0.0466463109642
momentum_12,12,60,831,-0.0419078071402
momentum_12,12,60,832,-0.0453532992758
momentum_12,12,60,833,-0.0412873064534
momentum_12,12,60,834,-0.0417438046764
momentum_12,12,60,835,-0.0408798281923
momentum_12,12,60,836,-0.0494630499138
momentum_12,12,60,837,-0.0493105734088
momentum_12,12,60,838,-0.0456708468548
momentum_12,12,60,839,-0.0437512460428
momentum_12,12,60,840,-0.0473978932685
momentum_12,12,60,841,-0.0450544313324
momentum_12,12,60,842,-0.0448223090562
momentum_12,12,60,843,-0.0445726244351
momentum_12,12,60,844,-0.0435218578731
momentum_12,12,60,845,-0.0458504314559
momentum_12,12,60,846,-0.0447516828243
momentum_12,12,60,847,-0.0441598977056
momentum_12,12,60,848,-0.0421705897585
momentum_12,12,60,849,-0.0447737888882
momentum_12,12,60,850,-0.0520529398938
momentum_12,12,60,851,-0.0379613047097
momentum_12,12,60,852,-0.0401571490507
momentum_12,12,60,853,-0.0428688576093
momentum_12,12,60,854,-0.0437561313589
momentum_12,12,60,855,-0.0441927415599
momentum_12,12,60,856,-0.0408185680109
momentum_12,12,60,857,-0.044393055192
momentum_12,12,60,858,-0.04927498959
momentum_12,12,60,859,-0.0452119892738
momentum_12,12,60,860,-0.0414665287614
momentum_12,12,60,861,-0.0442135384388
momentum_12,12,60,862,-0.0425859325203
momentum_12,12,60,863,-0.042398851257
momentum_12,12,60,864,-0.0423679555367
momentum_12,12,60,865,-0.0423880792894
momentum_12,12,60,866,-0.0467301659227
momentum_12,12,60,867,-0.041720153216
momentum_12,12,60,868,-0.0384085387134
momentum_12,12,60,869,-0.0416394413196
momentum_12,12,60,870,-0.0447179368952
momentum_12,12,60,871,-0.0440473656776
momentum_12,12,60,872,-0.048635116155
momentum_12,12,60,873,-0.036626061827
momentum_12,12,60,874,-0.0485579417561
momentum_12,12,60,875,-0.0443644533055
momentum_12,12,60,876,-0.0446214921102
momentum_12,12,60,877,-0.0504654870339
momentum_12,12,60,878,-0.0470163858307
momentum_12,12,60,879,-0.0427912478836
momentum_12,12,60,880,-0.0418287650171
momentum_12,12,60,881,-0.042368483112
momentum_12,12,60,882,-0.0469395540595
momentum_12,12,60,883,-0.0482995208611
momentum_12,12,60,884,-0.0456346859167
momentum_12,12,60,885,-0.0391913434003
momentum_12,12,60,886,-0.0474752681782
momentum_12,12,60,887,-0.0394745222978
momentum_12,12,60,888,-0.0479213014374
momentum_12,12,60,889,-0.0443400861187
momentum_12,12,60,890,-0.0461034422763
momentum_12,12,60,891,-0.0388305932083
momentum_12,12,60,892,-0.0426663556843
momentum_12,12,60,893,-0.0444534026188
momentum_12,12,60,894,-0.0439028927536
momentum_12,12,60,895,-0.0405770824995
momentum_12,12,60,896,-0.0438864248594
momentum_12,12,60,897,-0.0464517482227
momentum_12,12,60,898,-0.0427499187755
momentum_12,12,60,899,-0.0421616898278
momentum_12,12,60,900,-0.0495290760725
momentum_12,12,60,901,-0.0415558501522
momentum_12,12,60,902,-0.0469612180885
momentum_12,12,60,903,-0.0458019566905
momentum_12,12,60,904,-0.0423266147823
momentum_12,12,60,905,-0.0468406431879
momentum_12,12,60,906,-0.042280204875
momentum_12,12,60,907,-0.0457367186779
momentum_12,12,60,908,-0.0447421188921
momentum_12,12,60,909,-0.0448587318007
momentum_12,12,60,910,-0.041186663479
momentum_12,12,60,911,-0.0404555734839
momentum_12,12,60,912,-0.0448396065708
momentum_12,12,60,913,-0.046133267534
momentum_12,12,60,914,-0.0482646294345
momentum_12,12,60,915,-0.0491104207807
momentum_12,12,60,916,-0.0451789809138
momentum_12,12,60,917,-0.0401619226899
momentum_12,12,60,918,-0.0460430954029
momentum_12,12,60,919,-0.0449382501016
momentum_12,12,60,920,-0.0405699321309
momentum_12,12,60,921,-0.049182957641
momentum_12,12,60,922,-0.0378502125664
momentum_12,12,60,923,-0.0459432391789
momentum_12,12,60,924,-0.0379014535437
momentum_12,12,60,925,-0.0483596404381
momentum_12,12,60,926,-0.042928819534
momentum_12,12,60,927,-0.0460098663061
momentum_12,12,60,928,-0.0423683674473
momentum_12,12,60,929,-0.0421110128797
momentum_12,12,60,930,-0.0508147611788
momentum_12,12,60,931,-0.0443657589247
momentum_12,12,60,932,-0.044774553188
momentum_12,12,60,933,-0.0380178094145
momentum_12,12,60,934,-0.0460000714062
momentum_12,12,60,935,-0.0452950424953
momentum_12,12,60,936,-0.0439795892901
momentum_12,12,60,937,-0.0375794231771
momentum_12,12,60,938,-0.0464773886646
momentum_12,12,60,939,-0.044410286375
momentum_12,12,60,940,-0.0408564097125
momentum_12,12,60,941,-0.046501816603
momentum_12,12,60,942,-0.0475815204711
momentum_12,12,60,943,-0.0489649780853
momentum_12,12,60,944,-0.0420591345839
momentum_12,12,60,945,-0.0420584464812
momentum_12,12,60,946,-0.0423184951278
momentum_12,12,60,947,-0.0414278142916
momentum_12,12,60,948,-0.0432352391229
momentum_12,12,60,949,-0.0400067271593
momentum_12,12,60,950,-0.0424627737277
momentum_12,12,60,951,-0.0431840100107
momentum_12,12,60,952,-0.0429956105784
momentum_12,12,60,953,-0.0426943743122
momentum_12,12,60,954,-0.0410588940975
momentum_12,12,60,955,-0.0452891378621
momentum_12,12,60,956,-0.0449453350373
momentum_12,12,60,957,-0.0433196336093
momentum_12,12,60,958,-0.0503771217415
momentum_12,12,60,959,-0.041221046654
momentum_12,12,60,960,-0.0409781019121
momentum_12,12,60,961,-0.0460131510547
momentum_12,12,60,962,-0.0386585230283
momentum_12,12,60,963,-0.0409923714242
momentum_12,12,60,964,-0.0454319939983
momentum_12,12,60,965,-0.0463763750156
momentum_12,12,60,966,-0.0409362919973
momentum_12,12,60,967,-0.0446338972439
momentum_12,12,60,968,-0.0495925196344
momentum_12,12,60,969,-0.0464712146043
momentum_12,12,60,970,-0.0397061554119
momentum_12,12,60,971,-0.0430343644569
momentum_12,12,60,972,-0.0439052676925
momentum_12,12,60,973,-0.0410293855257
momentum_12,12,60,974,-0.0447184397257
momentum_12,12,60,975,-0.0444795738128
momentum_12,12,60,976,-0.0449782155108
momentum_12,12,60,977,-0.0438534277089
momentum_12,12,60,978,-0.0483125842259
momentum_12,12,60,979,-0.0389616419747
momentum_12,12,60,980,-0.0436700095823
momentum_12,12,60,981,-0.0421960853798
momentum_12,12,60,982,-0.0500304131908
momentum_12,12,60,983,-0.0449627218683
momentum_12,12,60,984,-0.0442704106661
momentum_12,12,60,985,-0.0389754349432
momentum_12,12,60,986,-0.0433340131001
momentum_12,12,60,987,-0.047818438732
momentum_12,12,60,988,-0.0470287858571
momentum_12,12,60,989,-0.0474323215872
momentum_12,12,60,990,-0.0451971344088
momentum_12,12,60,991,-0.0447532541191
momentum_12,12,60,992,-0.0383972183748
momentum_12,12,60,993,-0.0409829820219
momentum_12,12,60,994,-0.0422445114869
momentum_12,12,60,995,-0.0444213006652
momentum_12,12,60,996,-0.0400814377738
momentum_12,12,60,997,-0.0455252759284
momentum_12,12,60,998,-0.047400813871
momentum_12,12,60,999,-0.0415915645943
momentum_12,24,120,0,-0.0404153869949
momentum_12,24,120,1,-0.0425453532219
momentum_12,24,120,2,-0.0493381671948
momentum_12,24,120,3,-0.0441803745693
momentum_12,24,120,4,-0.040045703171
momentum_12,24,120,5,-0.0487612523328
momentum_12,24,120,6,-0.0425714717024
momentum_12,24,120,7,-0.0549884509347
momentum_12,24,120,8,-0.0478055491936
momentum_12,24,120,9,-0.0486874488138
momentum_12,24,120,10,-0.0407815953153
momentum_12,24,120,11,-0.0464732791286
momentum_12,24,120,12,-0.045581978371
momentum_12,24,120,13,-0.0441102770835
momentum_12,24,120,14,-0.0403291887385
momentum_12,24,120,15,-0.0447504395757
momentum_12,24,120,16,-0.0454680856973
momentum_12,24,120,17,-0.0408740742299
momentum_12,24,120,18,-0.0452007892129
momentum_12,24,120,19,-0.0392785306252
momentum_12,24,120,20,-0.0460897524932
momentum_12,24,120,21,-0.0402055369817
momentum_12,24,120,22,-0.0417105406367
momentum_12,24,120,23,-0.0440299718718
momentum_12,24,120,24,-0.0411963021481
momentum_12,24,120,25,-0.0404042787722
momentum_12,24,120,26,-0.040943608133
momentum_12,24,120,27,-0.0463880737375
momentum_12,24,120,28,-0.0422568388182
momentum_12,24,120,29,-0.0357011525599
momentum_12,24,120,30,-0.0452627529459
momentum_12,24,120,31,-0.0452862813145
momentum_12,24,120,32,-0.0406274314043
momentum_12,24,120,33,-0.0454499879311
momentum_12,24,120,34,-0.0450748729717
momentum_12,24,120,35,-0.0436889357316
momentum_12,24,120,36,-0.0419392668951
momentum_12,24,120,37,-0.0467824645557
momentum_12,24,120,38,-0.0429723244318
momentum_12,24,120,39,-0.0482539675153
momentum_12,24,120,40,-0.0415722880458
momentum_12,24,120,41,-0.0412327981408
momentum_12,24,120,42,-0.0423494724452
momentum_12,24,120,43,-0.0416141659112
momentum_12,24,120,44,-0.0395883461655
momentum_12,24,120,45,-0.042359786758
momentum_12,24,120,46,-0.0391612228504
momentum_12,24,120,47,-0.0434459143904
momentum_12,24,120,48,-0.0468271711287
momentum_12,24,120,49,-0.0387665953749
momentum_12,24,120,50,-0.0419377584219
momentum_12,24,120,51,-0.0443900833559
momentum_12,24,120,52,-0.046122277642
momentum_12,24,120,53,-0.041696313192
momentum_12,24,120,54,-0.0395942228204
momentum_12,24,120,55,-0.0470936960488
momentum_12,24,120,56,-0.0448103634183
momentum_12,24,120,57,-0.0435314322848
momentum_12,24,120,58,-0.0441913275587
momentum_12,24,120,59,-0.0452047443158
momentum_12,24,120,60,-0.0395828560319
momentum_12,24,120,61,-0.0449511976932
momentum_12,24,120,62,-0.0454807784149
momentum_12,24,120,63,-0.0480746123238
momentum_12,24,120,64,-0.0469334368667
momentum_12,24,120,65,-0.0442039667532
momentum_12,24,120,66,-0.0383963240091
momentum_12,24,120,67,-0.0446006008704
momentum_12,24,120,68,-0.0468655089406
momentum_12,24,120,69,-0.0460632396554
momentum_12,24,120,70,-0.046786133769
momentum_12,24,120,71,-0.0424320228079
momentum_12,24,120,72,-0.0443995764373
momentum_12,24,120,73,-0.0407397026126
momentum_12,24,120,74,-0.039260495596
momentum_12,24,120,75,-0.0443292376764
momentum_12,24,120,76,-0.045324010658
momentum_12,24,120,77,-0.0451178212492
momentum_12,24,120,78,-0.0404005032372
momentum_12,24,120,79,-0.0468889829108
momentum_12,24,120,80,-0.0420947199793
momentum_12,24,120,81,-0.0358087227067
momentum_12,24,120,82,-0.0379800671297
momentum_12,24,120,83,-0.0475286314865
momentum_12,24,120,84,-0.0465306203759
momentum_12,24,120,85,-0.0418284355147
momentum_12,24,120,86,-0.0433994424547
momentum_12,24,120,87,-0.0489382248285
momentum_12,24,120,88,-0.0394052551995
momentum_12,24,120,89,-0.041717717602
momentum_12,24,120,90,-0.0485585224758
momentum_12,24,120,91,-0.0435319676518
momentum_12,24,120,92,-0.0383082044101
momentum_12,24,120,93,-0.0420045865803
momentum_12,24,120,94,-0.0445924828471
momentum_12,24,120,95,-0.0438007766081
momentum_12,24,120,96,-0.0403794711187
momentum_12,24,120,97,-0.0422180827693
momentum_12,24,120,98,-0.041995362238
momentum_12,24,120,99,-0.0505630684683
momentum_12,24,120,100,-0.0442455031481
momentum_12,24,120,101,-0.0386762809392
momentum_12,24,120,102,-0.0392232176143
momentum_12,24,120,103,-0.0387777492078
momentum_12,24,120,104,-0.044031678899
momentum_12,24,120,105,-0.0478231005169
momentum_12,24,120,106,-0.0412709279851
momentum_12,24,120,107,-0.0430893780228
momentum_12,24,120,108,-0.0454766195757
momentum_12,24,120,109,-0.0420570028783
momentum_12,24,120,110,-0.0452399136771
momentum_12,24,120,111,-0.0495041822259
momentum_12,24,120,112,-0.0399842458547
momentum_12,24,120,113,-0.0451045082528
momentum_12,24,120,114,-0.0489541524881
momentum_12,24,120,115,-0.044877698318
momentum_12,24,120,116,-0.0384248979093
momentum_12,24,120,117,-0.0399116353691
momentum_12,24,120,118,-0.0424250372808
momentum_12,24,120,119,-0.0477903838663
momentum_12,24,120,120,-0.0453616716298
momentum_12,24,120,121,-0.0386447589142
momentum_12,24,120,122,-0.049847090024
momentum_12,24,120,123,-0.0424019466907
momentum_12,24,120,124,-0.0457744241234
momentum_12,24,120,125,-0.046440538895
momentum_12,24,120,126,-0.0437687740371
momentum_12,24,120,127,-0.0487585761321
momentum_12,24,120,128,-0.0492744301854
momentum_12,24,120,129,-0.043401927202
momentum_12,24,120,130,-0.0405452326147
momentum_12,24,120,131,-0.0394387653509
momentum_12,24,120,132,-0.0443278352296
momentum_12,24,120,133,-0.0445435065255
momentum_12,24,120,134,-0.0451700300114
momentum_12,24,120,135,-0.0478666383419
momentum_12,24,120,136,-0.0415587888695
momentum_12,24,120,137,-0.0442663948359
momentum_12,24,120,138,-0.0419954973481
momentum_12,24,120,139,-0.0432423579053
momentum_12,24,120,140,-0.0455803025334
momentum_12,24,120,141,-0.0462555291352
momentum_12,24,120,142,-0.0406298629421
momentum_12,24,120,143,-0.0438479420457
momentum_12,24,120,144,-0.0407193894362
momentum_12,24,120,145,-0.0453107893447
momentum_12,24,120,146,-0.0419534284949
momentum_12,24,120,147,-0.0482534646203
momentum_12,24,120,148,-0.0513952867126
momentum_12,24,120,149,-0.0378357120015
momentum_12,24,120,150,-0.0475068829085
momentum_12,24,120,151,-0.044268720595
momentum_12,24,120,152,-0.0402355664016
momentum_12,24,120,153,-0.0477547566735
momentum_12,24,120,154,-0.0450073499219
momentum_12,24,120,155,-0.047948701801
momentum_12,24,120,156,-0.0388916388524
momentum_12,24,120,157,-0.0409242776596
momentum_12,24,120,158,-0.0416002652261
momentum_12,24,120,159,-0.0441700469108
momentum_12,24,120,160,-0.0453268847386
momentum_12,24,120,161,-0.0411000375041
momentum_12,24,120,162,-0.0402105475822
momentum_12,24,120,163,-0.0448688283387
momentum_12,24,120,164,-0.0385038094643
momentum_12,24,120,165,-0.0444787177866
momentum_12,24,120,166,-0.0370998033193
momentum_12,24,120,167,-0.0460649517735
momentum_12,24,120,168,-0.0459078922292
momentum_12,24,120,169,-0.0467227797819
momentum_12,24,120,170,-0.042522465126
momentum_12,24,120,171,-0.0470824555167
momentum_12,24,120,172,-0.0429057522803
momentum_12,24,120,173,-0.0482438999304
momentum_12,24,120,174,-0.0453048607655
momentum_12,24,120,175,-0.0471960071227
momentum_12,24,120,176,-0.0433739187697
momentum_12,24,120,177,-0.0422511810931
momentum_12,24,120,178,-0.0473572390499
momentum_12,24,120,179,-0.043585960999
momentum_12,24,120,180,-0.0494139959301
momentum_12,24,120,181,-0.0457756030573
momentum_12,24,120,182,-0.0408426401237
momentum_12,24,120,183,-0.0455988962549
momentum_12,24,120,184,-0.044710373576
momentum_12,24,120,185,-0.0438499531428
momentum_12,24,120,186,-0.0407872458408
momentum_12,24,120,187,-0.0401810342052
momentum_12,24,120,188,-0.0499455473358
momentum_12,24,120,189,-0.039084962545
momentum_12,24,120,190,-0.0466870991417
momentum_12,24,120,191,-0.0477148177006
momentum_12,24,120,192,-0.0462903293857
momentum_12,24,120,193,-0.0457039284025
momentum_12,24,120,194,-0.0402400440098
momentum_12,24,120,195,-0.0417768652489
momentum_12,24,120,196,-0.0470250479412
momentum_12,24,120,197,-0.0406769457813
momentum_12,24,120,198,-0.0449153333908
momentum_12,24,120,199,-0.0423433924377
momentum_12,24,120,200,-0.0467010387772
momentum_12,24,120,201,-0.0411554033869
momentum_12,24,120,202,-0.0429386501902
momentum_12,24,120,203,-0.0416385762651
momentum_12,24,120,204,-0.0424844592787
momentum_12,24,120,205,-0.0496019705457
momentum_12,24,120,206,-0.0466990842953
momentum_12,24,120,207,-0.0448479307582
momentum_12,24,120,208,-0.0437075874647
momentum_12,24,120,209,-0.0366714411468
momentum_12,24,120,210,-0.0486950280063
momentum_12,24,120,211,-0.0403588087074
momentum_12,24,120,212,-0.0473849201038
momentum_12,24,120,213,-0.0453656449914
momentum_12,24,120,214,-0.043740049317
momentum_12,24,120,215,-0.0420586944512
momentum_12,24,120,216,-0.0462050355814
momentum_12,24,120,217,-0.0431660932417
momentum_12,24,120,218,-0.041627133409
momentum_12,24,120,219,-0.0471275044237
momentum_12,24,120,220,-0.0426852849415
momentum_12,24,120,221,-0.046241693911
momentum_12,24,120,222,-0.0437403946871
momentum_12,24,120,223,-0.0506960058933
momentum_12,24,120,224,-0.0423823350199
momentum_12,24,120,225,-0.046859617418
momentum_12,24,120,226,-0.0461634782435
momentum_12,24,120,227,-0.0425982785821
momentum_12,24,120,228,-0.0435292463684
momentum_12,24,120,229,-0.0434256913562
momentum_12,24,120,230,-0.0451647267692
momentum_12,24,120,231,-0.0436542408451
momentum_12,24,120,232,-0.0450713948903
momentum_12,24,120,233,-0.0420524042341
momentum_12,24,120,234,-0.0470447285591
momentum_12,24,120,235,-0.0437027051369
momentum_12,24,120,236,-0.0401042701765
momentum_12,24,120,237,-0.0402054440693
momentum_12,24,120,238,-0.0445383456523
momentum_12,24,120,239,-0.0422279112533
momentum_12,24,120,240,-0.0427232234089
momentum_12,24,120,241,-0.0516308614487
momentum_12,24,120,242,-0.0410381431866
momentum_12,24,120,243,-0.0436825801612
momentum_12,24,120,244,-0.0482239057829
momentum_12,24,120,245,-0.0439512947227
momentum_12,24,120,246,-0.046386282061
momentum_12,24,120,247,-0.0481881814857
momentum_12,24,120,248,-0.0439183759347
momentum_12,24,120,249,-0.0419944513381
momentum_12,24,120,250,-0.0391320191234
momentum_12,24,120,251,-0.0459457638576
momentum_12,24,120,252,-0.0485179348729
momentum_12,24,120,253,-0.0464250073507
momentum_12,24,120,254,-0.0454827942445
momentum_12,24,120,255,-0.0436971419353
momentum_12,24,120,256,-0.041978575149
momentum_12,24,120,257,-0.0492406950117
momentum_12,24,120,258,-0.0399318516758
momentum_12,24,120,259,-0.0472361132291
momentum_12,24,120,260,-0.0413821581808
momentum_12,24,120,261,-0.0440012982673
momentum_12,24,120,262,-0.0518352190131
momentum_12,24,120,263,-0.0454083642552
momentum_12,24,120,264,-0.0457543644948
momentum_12,24,120,265,-0.0427729143361
momentum_12,24,120,266,-0.0344977053783
momentum_12,24,120,267,-0.0471409301984
momentum_12,24,120,268,-0.0507381338151
momentum_12,24,120,269,-0.040972600139
momentum_12,24,120,270,-0.0440651494779
momentum_12,24,120,271,-0.0392800202973
momentum_12,24,120,272,-0.0381834337823
momentum_12,24,120,273,-0.0398559850189
momentum_12,24,120,274,-0.0419980637388
momentum_12,24,120,275,-0.0511078923737
momentum_12,24,120,276,-0.0414030095025
momentum_12,24,120,277,-0.0516810628828
momentum_12,24,120,278,-0.0531605758591
momentum_12,24,120,279,-0.0415693185554
momentum_12,24,120,280,-0.0390242751245
momentum_12,24,120,281,-0.0405385462561
momentum_12,24,120,282,-0.0497994676321
momentum_12,24,120,283,-0.0402948044601
momentum_12,24,120,284,-0.0428029898881
momentum_12,24,120,285,-0.0437993575193
momentum_12,24,120,286,-0.0435026690553
momentum_12,24,120,287,-0.0444854004134
momentum_12,24,120,288,-0.0441989611607
momentum_12,24,120,289,-0.041445920957
momentum_12,24,120,290,-0.0451436662911
momentum_12,24,120,291,-0.0450232344828
momentum_12,24,120,292,-0.0451335240333
momentum_12,24,120,293,-0.0434582445491
momentum_12,24,120,294,-0.0480927402548
momentum_12,24,120,295,-0.0447320992897
momentum_12,24,120,296,-0.0484582284075
momentum_12,24,120,297,-0.0450754713966
momentum_12,24,120,298,-0.0488244249787
momentum_12,24,120,299,-0.0414973911941
momentum_12,24,120,300,-0.0480912074735
momentum_12,24,120,301,-0.0456639813764
momentum_12,24,120,302,-0.0479359100963
momentum_12,24,120,303,-0.0379839754625
momentum_12,24,120,304,-0.0394628552404
momentum_12,24,120,305,-0.0478654825508
momentum_12,24,120,306,-0.0425230456913
momentum_12,24,120,307,-0.0489320293696
momentum_12,24,120,308,-0.0453348385613
momentum_12,24,120,309,-0.0433183567659
momentum_12,24,120,310,-0.0538495191066
momentum_12,24,120,311,-0.0401732918732
momentum_12,24,120,312,-0.048369783163
momentum_12,24,120,313,-0.0477287024586
momentum_12,24,120,314,-0.0406928224374
momentum_12,24,120,315,-0.0449352721656
momentum_12,24,120,316,-0.0514124701846
momentum_12,24,120,317,-0.040980382171
momentum_12,24,120,318,-0.0471204219685
momentum_12,24,120,319,-0.0422310447268
momentum_12,24,120,320,-0.0503866253351
momentum_12,24,120,321,-0.0432035883246
momentum_12,24,120,322,-0.0445097295147
momentum_12,24,120,323,-0.0446155516401
momentum_12,24,120,324,-0.0437217186218
momentum_12,24,120,325,-0.0468243200804
momentum_12,24,120,326,-0.0457999311462
momentum_12,24,120,327,-0.0391233686979
momentum_12,24,120,328,-0.0379661079639
momentum_12,24,120,329,-0.0446527993478
momentum_12,24,120,330,-0.0453347576591
momentum_12,24,120,331,-0.0379071624191
momentum_12,24,120,332,-0.0418624425169
momentum_12,24,120,333,-0.040471846457
momentum_12,24,120,334,-0.0379656886711
momentum_12,24,120,335,-0.0442350336792
momentum_12,24,120,336,-0.0416402816887
momentum_12,24,120,337,-0.0441852107884
momentum_12,24,120,338,-0.0423399504913
momentum_12,24,120,339,-0.0401323633103
momentum_12,24,120,340,-0.0419068040633
momentum_12,24,120,341,-0.0515180508741
momentum_12,24,120,342,-0.045557153942
momentum_12,24,120,343,-0.0427033176212
momentum_12,24,120,344,-0.0453657628461
momentum_12,24,120,345,-0.0429785135027
momentum_12,24,120,346,-0.0437840918542
momentum_12,24,120,347,-0.0469573605403
momentum_12,24,120,348,-0.0436477396229
momentum_12,24,120,349,-0.042067369256
momentum_12,24,120,350,-0.0440209337377
momentum_12,24,120,351,-0.0483222655399
momentum_12,24,120,352,-0.0445949629648
momentum_12,24,120,353,-0.0478357722348
momentum_12,24,120,354,-0.038355697273
momentum_12,24,120,355,-0.0442839425952
momentum_12,24,120,356,-0.0484789442405
momentum_12,24,120,357,-0.0387146570784
momentum_12,24,120,358,-0.0464813019238
momentum_12,24,120,359,-0.0474192897227
momentum_12,24,120,360,-0.0505937476386
momentum_12,24,120,361,-0.0438412111498
momentum_12,24,120,362,-0.0389444213123
momentum_12,24,120,363,-0.0408731941134
momentum_12,24,120,364,-0.0408474782677
momentum_12,24,120,365,-0.0407155908398
momentum_12,24,120,366,-0.0487282303757
momentum_12,24,120,367,-0.0440505165792
momentum_12,24,120,368,-0.0465001079902
momentum_12,24,120,369,-0.0438036080431
momentum_12,24,120,370,-0.041219756226
momentum_12,24,120,371,-0.0440881055678
momentum_12,24,120,372,-0.0422351247383
momentum_12,24,120,373,-0.0418935049489
momentum_12,24,120,374,-0.0417969330668
momentum_12,24,120,375,-0.0427727962551
momentum_12,24,120,376,-0.0414270442846
momentum_12,24,120,377,-0.0425759363989
momentum_12,24,120,378,-0.0365303923458
momentum_12,24,120,379,-0.0468391519825
momentum_12,24,120,380,-0.0488077681152
momentum_12,24,120,381,-0.0422324991616
momentum_12,24,120,382,-0.0456963813338
momentum_12,24,120,383,-0.0457203811123
momentum_12,24,120,384,-0.0444229534151
momentum_12,24,120,385,-0.0445728431606
momentum_12,24,120,386,-0.0404800768686
momentum_12,24,120,387,-0.0469945573941
momentum_12,24,120,388,-0.0440398101931
momentum_12,24,120,389,-0.0394674553757
momentum_12,24,120,390,-0.0500811232135
momentum_12,24,120,391,-0.0477242935145
momentum_12,24,120,392,-0.0397633258139
momentum_12,24,120,393,-0.04693041767
momentum_12,24,120,394,-0.0421974477371
momentum_12,24,120,395,-0.0436222053246
momentum_12,24,120,396,-0.0432643648952
momentum_12,24,120,397,-0.0428309378052
momentum_12,24,120,398,-0.0414349786887
momentum_12,24,120,399,-0.0435477401654
momentum_12,24,120,400,-0.0475290894847
momentum_12,24,120,401,-0.0411596989983
momentum_12,24,120,402,-0.0459538717066
momentum_12,24,120,403,-0.0393616987938
momentum_12,24,120,404,-0.049057829817
momentum_12,24,120,405,-0.0400429646103
momentum_12,24,120,406,-0.0416181531645
momentum_12,24,120,407,-0.0473163257662
momentum_12,24,120,408,-0.0459457378797
momentum_12,24,120,409,-0.0456785184673
momentum_12,24,120,410,-0.0403971993863
momentum_12,24,120,411,-0.0455095737468
momentum_12,24,120,412,-0.0410452809595
momentum_12,24,120,413,-0.0438565620842
momentum_12,24,120,414,-0.0439260976667
momentum_12,24,120,415,-0.0395481135416
momentum_12,24,120,416,-0.0474517763538
momentum_12,24,120,417,-0.0433892875684
momentum_12,24,120,418,-0.0428670570031
momentum_12,24,120,419,-0.0428661658347
momentum_12,24,120,420,-0.0466358762061
momentum_12,24,120,421,-0.0479760471693
momentum_12,24,120,422,-0.042483340584
momentum_12,24,120,423,-0.0450124795973
momentum_12,24,120,424,-0.0437733167483
momentum_12,24,120,425,-0.0414249669455
momentum_12,24,120,426,-0.041653777541
momentum_12,24,120,427,-0.0468228585602
momentum_12,24,120,428,-0.0344661416521
momentum_12,24,120,429,-0.0494976884216
momentum_12,24,120,430,-0.0450938185348
momentum_12,24,120,431,-0.0463452449499
momentum_12,24,120,432,-0.0464635098204
momentum_12,24,120,433,-0.0456213938455
momentum_12,24,120,434,-0.050074286346
momentum_12,24,120,435,-0.0425999157827
momentum_12,24,120,436,-0.0450751460049
momentum_12,24,120,437,-0.0456170209081
momentum_12,24,120,438,-0.0432625279463
momentum_12,24,120,439,-0.042946783654
momentum_12,24,120,440,-0.0433201253641
momentum_12,24,120,441,-0.0391719260562
momentum_12,24,120,442,-0.0400665722964
momentum_12,24,120,443,-0.046700360422
momentum_12,24,120,444,-0.0440991113935
momentum_12,24,120,445,-0.0460926769735
momentum_12,24,120,446,-0.0415083118684
momentum_12,24,120,447,-0.0444448844859
momentum_12,24,120,448,-0.0421121478634
momentum_12,24,120,449,-0.0446238571489
momentum_12,24,120,450,-0.0476381491789
momentum_12,24,120,451,-0.0381819000233
momentum_12,24,120,452,-0.0423061571172
momentum_12,24,120,453,-0.0453750309697
momentum_12,24,120,454,-0.0452642342881
momentum_12,24,120,455,-0.0399603353481
momentum_12,24,120,456,-0.0435665480793
momentum_12,24,120,457,-0.0429896370607
momentum_12,24,120,458,-0.0463526346294
momentum_12,24,120,459,-0.042189887497
momentum_12,24,120,460,-0.0418887053794
momentum_12,24,120,461,-0.0432851297588
momentum_12,24,120,462,-0.0425266617628
momentum_12,24,120,463,-0.0432459053542
momentum_12,24,120,464,-0.0404791197985
momentum_12,24,120,465,-0.0413777380893
momentum_12,24,120,466,-0.0446396439799
momentum_12,24,120,467,-0.0430501817481
momentum_12,24,120,468,-0.0423752190358
momentum_12,24,120,469,-0.0454208864088
momentum_12,24,120,470,-0.041253555504
momentum_12,24,120,471,-0.0400548905118
momentum_12,24,120,472,-0.0445222163856
momentum_12,24,120,473,-0.0451299627316
momentum_12,24,120,474,-0.0431088466279
momentum_12,24,120,475,-0.0466822373682
momentum_12,24,120,476,-0.0431489868173
momentum_12,24,120,477,-0.0373430229156
momentum_12,24,120,478,-0.0422723088729
momentum_12,24,120,479,-0.0467767214576
momentum_12,24,120,480,-0.0492188343655
momentum_12,24,120,481,-0.0472972951036
momentum_12,24,120,482,-0.0496440187363
momentum_12,24,120,483,-0.0422028682302
momentum_12,24,120,484,-0.0451950806854
momentum_12,24,120,485,-0.051403236738
momentum_12,24,120,486,-0.0429670555859
momentum_12,24,120,487,-0.041261890747
momentum_12,24,120,488,-0.0429399395328
momentum_12,24,120,489,-0.0465815379231
momentum_12,24,120,490,-0.0472604899487
momentum_12,24,120,491,-0.0449110124909
momentum_12,24,120,492,-0.0457784147913
momentum_12,24,120,493,-0.0482425801015
momentum_12,24,120,494,-0.0440718026026
momentum_12,24,120,495,-0.0431678673084
momentum_12,24,120,496,-0.0411179881624
momentum_12,24,120,497,-0.0412715762267
momentum_12,24,120,498,-0.0485241310447
momentum_12,24,120,499,-0.0467491652819
momentum_12,24,120,500,-0.0401841768758
momentum_12,24,120,501,-0.0451313274164
momentum_12,24,120,502,-0.0428207973884
momentum_12,24,120,503,-0.0468445401608
momentum_12,24,120,504,-0.0427861139348
momentum_12,24,120,505,-0.046644879402
momentum_12,24,120,506,-0.045271037243
momentum_12,24,120,507,-0.0528022377102
momentum_12,24,120,508,-0.0474269550775
momentum_12,24,120,509,-0.0379257922874
momentum_12,24,120,510,-0.0451864226367
momentum_12,24,120,511,-0.0426799042228
momentum_12,24,120,512,-0.0472620849043
momentum_12,24,120,513,-0.0447746432554
momentum_12,24,120,514,-0.0470991740573
momentum_12,24,120,515,-0.0402812621506
momentum_12,24,120,516,-0.0374473282063
momentum_12,24,120,517,-0.0476203726301
momentum_12,24,120,518,-0.0469580363341
momentum_12,24,120,519,-0.0463658391279
momentum_12,24,120,520,-0.0473771425859
momentum_12,24,120,521,-0.046407556611
momentum_12,24,120,522,-0.0497658918997
momentum_12,24,120,523,-0.0428789215512
momentum_12,24,120,524,-0.050349770079
momentum_12,24,120,525,-0.0416714394297
momentum_12,24,120,526,-0.0442137102
momentum_12,24,120,527,-0.0418181783189
momentum_12,24,120,528,-0.0435456832923
momentum_12,24,120,529,-0.0500498433369
momentum_12,24,120,530,-0.0389671554951
momentum_12,24,120,531,-0.0370409671477
momentum_12,24,120,532,-0.0439258313273
momentum_12,24,120,533,-0.0473617324849
momentum_12,24,120,534,-0.047645674243
momentum_12,24,120,535,-0.0377626001617
momentum_12,24,120,536,-0.0434850513464
momentum_12,24,120,537,-0.0456859699003
momentum_12,24,120,538,-0.0392023388672
momentum_12,24,120,539,-0.0475411369729
momentum_12,24,120,540,-0.0496750590361
momentum_12,24,120,541,-0.0462029817446
momentum_12,24,120,542,-0.0473331930274
momentum_12,24,120,543,-0.0398075997102
momentum_12,24,120,544,-0.0463282349848
momentum_12,24,120,545,-0.0388501636533
momentum_12,24,120,546,-0.0435441289742
momentum_12,24,120,547,-0.0439938711999
momentum_12,24,120,548,-0.0462424634496
momentum_12,24,120,549,-0.0395515180454
momentum_12,24,120,550,-0.0431614070386
momentum_12,24,120,551,-0.0513831971061
momentum_12,24,120,552,-0.0465453762004
momentum_12,24,120,553,-0.0378283313998
momentum_12,24,120,554,-0.0455778628741
momentum_12,24,120,555,-0.04562512986
momentum_12,24,120,556,-0.0438373512916
momentum_12,24,120,557,-0.0441492853974
momentum_12,24,120,558,-0.043563069509
momentum_12,24,120,559,-0.0459143549753
momentum_12,24,120,560,-0.0429705857492
momentum_12,24,120,561,-0.0397190810803
momentum_12,24,120,562,-0.0448360734022
momentum_12,24,120,563,-0.0393247647839
momentum_12,24,120,564,-0.0380935383186
momentum_12,24,120,565,-0.0411008797608
momentum_12,24,120,566,-0.0405706186742
momentum_12,24,120,567,-0.0444587590232
momentum_12,24,120,568,-0.0457049305133
momentum_12,24,120,569,-0.0414339985208
momentum_12,24,120,570,-0.0433850749738
momentum_12,24,120,571,-0.0412407499637
momentum_12,24,120,572,-0.0453568512598
momentum_12,24,120,573,-0.0491419229436
momentum_12,24,120,574,-0.0407215682862
momentum_12,24,120,575,-0.0452688183485
momentum_12,24,120,576,-0.0440645977419
momentum_12,24,120,577,-0.0374666682715
momentum_12,24,120,578,-0.0390213595986
momentum_12,24,120,579,-0.042484064617
momentum_12,24,120,580,-0.044245876337
momentum_12,24,120,581,-0.0434326648428
momentum_12,24,120,582,-0.0432704336261
momentum_12,24,120,583,-0.0438813799433
momentum_12,24,120,584,-0.0357679384948
momentum_12,24,120,585,-0.0441378425863
momentum_12,24,120,586,-0.0413969423331
momentum_12,24,120,587,-0.0399192216552
momentum_12,24,120,588,-0.0420880576395
momentum_12,24,120,589,-0.0381381633253
momentum_12,24,120,590,-0.0491963368536
momentum_12,24,120,591,-0.0467405099216
momentum_12,24,120,592,-0.0448804668295
momentum_12,24,120,593,-0.0392995283802
momentum_12,24,120,594,-0.04827508316
momentum_12,24,120,595,-0.0401393921975
momentum_12,24,120,596,-0.042396796962
momentum_12,24,120,597,-0.0413279888666
momentum_12,24,120,598,-0.0385782271581
momentum_12,24,120,599,-0.0441734669657
momentum_12,24,120,600,-0.0401223464676
momentum_12,24,120,601,-0.0445551001685
momentum_12,24,120,602,-0.0387113851041
momentum_12,24,120,603,-0.0401266345076
momentum_12,24,120,604,-0.0429151547542
momentum_12,24,120,605,-0.0495650562851
momentum_12,24,120,606,-0.0460273016793
momentum_12,24,120,607,-0.0441910895606
momentum_12,24,120,608,-0.0495365461616
momentum_12,24,120,609,-0.0384021560334
momentum_12,24,120,610,-0.0463233680241
momentum_12,24,120,611,-0.0440796077615
momentum_12,24,120,612,-0.0452381997382
momentum_12,24,120,613,-0.0383798480498
momentum_12,24,120,614,-0.0387392877563
momentum_12,24,120,615,-0.042790198373
momentum_12,24,120,616,-0.0452974991381
momentum_12,24,120,617,-0.0431572059523
momentum_12,24,120,618,-0.0430166400101
momentum_12,24,120,619,-0.0441333191102
momentum_12,24,120,620,-0.0385912142787
momentum_12,24,120,621,-0.0476389562708
momentum_12,24,120,622,-0.0388448336174
momentum_12,24,120,623,-0.0456392373939
momentum_12,24,120,624,-0.044826798761
momentum_12,24,120,625,-0.0406576348991
momentum_12,24,120,626,-0.0433951437781
momentum_12,24,120,627,-0.0460143977814
momentum_12,24,120,628,-0.04509206152
momentum_12,24,120,629,-0.0450243866298
momentum_12,24,120,630,-0.0467569872604
momentum_12,24,120,631,-0.0419613151763
momentum_12,24,120,632,-0.0443953949413
momentum_12,24,120,633,-0.0451952239007
momentum_12,24,120,634,-0.0454788111915
momentum_12,24,120,635,-0.0391494361551
momentum_12,24,120,636,-0.0482916271586
momentum_12,24,120,637,-0.0453487078192
momentum_12,24,120,638,-0.045060917165
momentum_12,24,120,639,-0.0428732352031
momentum_12,24,120,640,-0.0465618642613
momentum_12,24,120,641,-0.0446361217331
momentum_12,24,120,642,-0.043207800921
momentum_12,24,120,643,-0.042539645473
momentum_12,24,120,644,-0.0437435465957
momentum_12,24,120,645,-0.0439534201209
momentum_12,24,120,646,-0.0479333678346
momentum_12,24,120,647,-0.0402235271587
momentum_12,24,120,648,-0.0452188002251
momentum_12,24,120,649,-0.042330482943
momentum_12,24,120,650,-0.0500616278197
momentum_12,24,120,651,-0.0448953628677
momentum_12,24,120,652,-0.0384982016572
momentum_12,24,120,653,-0.0433436380754
momentum_12,24,120,654,-0.0479862765869
momentum_12,24,120,655,-0.0454531464589
momentum_12,24,120,656,-0.0438890192803
momentum_12,24,120,657,-0.0447817475187
momentum_12,24,120,658,-0.0418069833173
momentum_12,24,120,659,-0.0477487361593
momentum_12,24,120,660,-0.0422864281194
momentum_12,24,120,661,-0.0386384576777
momentum_12,24,120,662,-0.047934287139
momentum_12,24,120,663,-0.046282844253
momentum_12,24,120,664,-0.0406347827285
momentum_12,24,120,665,-0.0420809132128
momentum_12,24,120,666,-0.037984218953
momentum_12,24,120,667,-0.0466898351372
momentum_12,24,120,668,-0.0410614626713
momentum_12,24,120,669,-0.0475917928104
momentum_12,24,120,670,-0.0458302423693
momentum_12,24,120,671,-0.0429647413174
momentum_12,24,120,672,-0.0437952793211
momentum_12,24,120,673,-0.0436439190365
momentum_12,24,120,674,-0.0447006624904
momentum_12,24,120,675,-0.048417762517
momentum_12,24,120,676,-0.041485410298
momentum_12,24,120,677,-0.0422129666086
momentum_12,24,120,678,-0.0487850507839
momentum_12,24,120,679,-0.0476987546631
momentum_12,24,120,680,-0.0453342040586
momentum_12,24,120,681,-0.0411922583357
momentum_12,24,120,682,-0.0510309913703
momentum_12,24,120,683,-0.0461383271069
momentum_12,24,120,684,-0.0475761173255
momentum_12,24,120,685,-0.0404969952906
momentum_12,24,120,686,-0.0463234493322
momentum_12,24,120,687,-0.0465940820195
momentum_12,24,120,688,-0.0429348185429
momentum_12,24,120,689,-0.0411001251333
momentum_12,24,120,690,-0.0472587478971
momentum_12,24,120,691,-0.0446075107557
momentum_12,24,120,692,-0.045333773036
momentum_12,24,120,693,-0.0436427066256
momentum_12,24,120,694,-0.0429554104934
momentum_12,24,120,695,-0.0444355409784
momentum_12,24,120,696,-0.0441182201106
momentum_12,24,120,697,-0.0460321028835
momentum_12,24,120,698,-0.0359586995698
momentum_12,24,120,699,-0.0423674754195
momentum_12,24,120,700,-0.0394953334586
momentum_12,24,120,701,-0.0443202723946
momentum_12,24,120,702,-0.042337484157
momentum_12,24,120,703,-0.0415361579789
momentum_12,24,120,704,-0.0449996906426
momentum_12,24,120,705,-0.0440940859363
momentum_12,24,120,706,-0.04231116371
momentum_12,24,120,707,-0.0435452030857
momentum_12,24,120,708,-0.0393321441152
momentum_12,24,120,709,-0.0417329138382
momentum_12,24,120,710,-0.0473666365143
momentum_12,24,120,711,-0.04435306699
momentum_12,24,120,712,-0.0453254579983
momentum_12,24,120,713,-0.0466334548679
momentum_12,24,120,714,-0.0442387361218
momentum_12,24,120,715,-0.0465728818244
momentum_12,24,120,716,-0.045502272028
momentum_12,24,120,717,-0.0455441191969
momentum_12,24,120,718,-0.0458061343865
momentum_12,24,120,719,-0.0404959117662
momentum_12,24,120,720,-0.0445893388694
momentum_12,24,120,721,-0.0370637737268
momentum_12,24,120,722,-0.0422514060698
momentum_12,24,120,723,-0.0505099920669
momentum_12,24,120,724,-0.044303746071
momentum_12,24,120,725,-0.0499456184921
momentum_12,24,120,726,-0.0433142473744
momentum_12,24,120,727,-0.04365820826
momentum_12,24,120,728,-0.0530610321017
momentum_12,24,120,729,-0.0446840014557
momentum_12,24,120,730,-0.0480343063843
momentum_12,24,120,731,-0.0440814629742
momentum_12,24,120,732,-0.0426835719461
momentum_12,24,120,733,-0.0419571798628
momentum_12,24,120,734,-0.0445953712522
momentum_12,24,120,735,-0.0436891907234
momentum_12,24,120,736,-0.044742840867
momentum_12,24,120,737,-0.0479540230396
momentum_12,24,120,738,-0.044109508662
momentum_12,24,120,739,-0.0469987471209
momentum_12,24,120,740,-0.0486769873053
momentum_12,24,120,741,-0.0472330997
momentum_12,24,120,742,-0.0411766725205
momentum_12,24,120,743,-0.0465522917694
momentum_12,24,120,744,-0.0400212911792
momentum_12,24,120,745,-0.0448948904239
momentum_12,24,120,746,-0.0375029942757
momentum_12,24,120,747,-0.045193966653
momentum_12,24,120,748,-0.0433516383041
momentum_12,24,120,749,-0.0371195277636
momentum_12,24,120,750,-0.0429170388221
momentum_12,24,120,751,-0.0399765072227
momentum_12,24,120,752,-0.0445175303208
momentum_12,24,120,753,-0.0517790132371
momentum_12,24,120,754,-0.043740378956
momentum_12,24,120,755,-0.0416487887849
momentum_12,24,120,756,-0.0469559055555
momentum_12,24,120,757,-0.0401199362218
momentum_12,24,120,758,-0.0429708054172
momentum_12,24,120,759,-0.0517176382967
momentum_12,24,120,760,-0.0480915652172
momentum_12,24,120,761,-0.0380285209352
momentum_12,24,120,762,-0.0441045616406
momentum_12,24,120,763,-0.0372954985902
momentum_12,24,120,764,-0.0425828641304
momentum_12,24,120,765,-0.0425656974854
momentum_12,24,120,766,-0.0413117343595
momentum_12,24,120,767,-0.0395077115114
momentum_12,24,120,768,-0.0443885962724
momentum_12,24,120,769,-0.0475738991737
momentum_12,24,120,770,-0.0433849948486
momentum_12,24,120,771,-0.0412149699398
momentum_12,24,120,772,-0.0409124863391
momentum_12,24,120,773,-0.0437998498127
momentum_12,24,120,774,-0.0417167413853
momentum_12,24,120,775,-0.0423419097764
momentum_12,24,120,776,-0.0437970645099
momentum_12,24,120,777,-0.0466749111423
momentum_12,24,120,778,-0.0438385108919
momentum_12,24,120,779,-0.0430117052651
momentum_12,24,120,780,-0.045580063239
momentum_12,24,120,781,-0.0478045345913
momentum_12,24,120,782,-0.040690459843
momentum_12,24,120,783,-0.0390545842326
momentum_12,24,120,784,-0.042519842112
momentum_12,24,120,785,-0.0457300511169
momentum_12,24,120,786,-0.0399880299351
momentum_12,24,120,787,-0.0460154751312
momentum_12,24,120,788,-0.0464495730512
momentum_12,24,120,789,-0.0430844448842
momentum_12,24,120,790,-0.0465267598046
momentum_12,24,120,791,-0.0404078573497
momentum_12,24,120,792,-0.0431731939945
momentum_12,24,120,793,-0.0479305337442
momentum_12,24,120,794,-0.043371881055
momentum_12,24,120,795,-0.0469573687894
momentum_12,24,120,796,-0.0414577985006
momentum_12,24,120,797,-0.0430490362862
momentum_12,24,120,798,-0.0460668310462
momentum_12,24,120,799,-0.049776282275
momentum_12,24,120,800,-0.0404299725807
momentum_12,24,120,801,-0.0452235829606
momentum_12,24,120,802,-0.0431485379697
momentum_12,24,120,803,-0.0447706221245
momentum_12,24,120,804,-0.040065825658
momentum_12,24,120,805,-0.0428754478971
momentum_12,24,120,806,-0.0446705468917
momentum_12,24,120,807,-0.0488681887794
momentum_12,24,120,808,-0.0380776847616
momentum_12,24,120,809,-0.0402789846342
momentum_12,24,120,810,-0.0469180468765
momentum_12,24,120,811,-0.0457967225333
momentum_12,24,120,812,-0.0433314737039
momentum_12,24,120,813,-0.0432577457003
momentum_12,24,120,814,-0.036562186933
momentum_12,24,120,815,-0.0421631993583
momentum_12,24,120,816,-0.0426773035402
momentum_12,24,120,817,-0.0410502087828
momentum_12,24,120,818,-0.0491030645347
momentum_12,24,120,819,-0.0413681135561
momentum_12,24,120,820,-0.0424571868935
momentum_12,24,120,821,-0.0470932157441
momentum_12,24,120,822,-0.0434437502349
momentum_12,24,120,823,-0.0416143360511
momentum_12,24,120,824,-0.0465884480024
momentum_12,24,120,825,-0.0410826039298
momentum_12,24,120,826,-0.048789319318
momentum_12,24,120,827,-0.0431605514947
momentum_12,24,120,828,-0.0470353204988
momentum_12,24,120,829,-0.0390357650015
momentum_12,24,120,830,-0.0405403331662
momentum_12,24,120,831,-0.0357482712339
momentum_12,24,120,832,-0.041916213507
momentum_12,24,120,833,-0.0420657427092
momentum_12,24,120,834,-0.0452048609196
momentum_12,24,120,835,-0.0441516457186
momentum_12,24,120,836,-0.0395749207358
momentum_12,24,120,837,-0.0453879589051
momentum_12,24,120,838,-0.0415249270824
momentum_12,24,120,839,-0.0443386882233
momentum_12,24,120,840,-0.0547698656834
momentum_12,24,120,841,-0.038799077589
momentum_12,24,120,842,-0.0460778478695
momentum_12,24,120,843,-0.0396071679343
momentum_12,24,120,844,-0.0454831654063
momentum_12,24,120,845,-0.0409216301663
momentum_12,24,120,846,-0.0465952800554
momentum_12,24,120,847,-0.0461250997203
momentum_12,24,120,848,-0.0481491990308
momentum_12,24,120,849,-0.0450855605577
momentum_12,24,120,850,-0.041339715596
momentum_12,24,120,851,-0.0470653208264
momentum_12,24,120,852,-0.0403156238866
momentum_12,24,120,853,-0.0423758024602
momentum_12,24,120,854,-0.0410623693724
momentum_12,24,120,855,-0.0422786763286
momentum_12,24,120,856,-0.0436846147859
momentum_12,24,120,857,-0.04432364466
momentum_12,24,120,858,-0.044760083398
momentum_12,24,120,859,-0.0406171874102
momentum_12,24,120,860,-0.0410948525694
momentum_12,24,120,861,-0.0436563749719
momentum_12,24,120,862,-0.0438029831787
momentum_12,24,120,863,-0.0446727327554
momentum_12,24,120,864,-0.0400209723361
momentum_12,24,120,865,-0.0454098466674
momentum_12,24,120,866,-0.0397945133363
momentum_12,24,120,867,-0.0483740304991
momentum_12,24,120,868,-0.0418283838873
momentum_12,24,120,869,-0.0409436876275
momentum_12,24,120,870,-0.0405081890744
momentum_12,24,120,871,-0.0435047387666
momentum_12,24,120,872,-0.0467990148053
momentum_12,24,120,873,-0.0441606486462
momentum_12,24,120,874,-0.0417633881503
momentum_12,24,120,875,-0.042899868589
momentum_12,24,120,876,-0.0536456863853
momentum_12,24,120,877,-0.0427180444669
momentum_12,24,120,878,-0.0485774437083
momentum_12,24,120,879,-0.0389326423124
momentum_12,24,120,880,-0.0448452528933
momentum_12,24,120,881,-0.0460568808042
momentum_12,24,120,882,-0.0456706437467
momentum_12,24,120,883,-0.0468202189796
momentum_12,24,120,884,-0.0380982719906
momentum_12,24,120,885,-0.0439653851081
momentum_12,24,120,886,-0.0505678770197
momentum_12,24,120,887,-0.0449970538353
momentum_12,24,120,888,-0.0444300173744
momentum_12,24,120,889,-0.0432566829598
momentum_12,24,120,890,-0.0453952791822
momentum_12,24,120,891,-0.0421456605123
momentum_12,24,120,892,-0.039988240051
momentum_12,24,120,893,-0.0421640016515
momentum_12,24,120,894,-0.0451895760123
momentum_12,24,120,895,-0.0442546199524
momentum_12,24,120,896,-0.042757035293
momentum_12,24,120,897,-0.04743698198
momentum_12,24,120,898,-0.0419616981026
momentum_12,24,120,899,-0.0450409535479
momentum_12,24,120,900,-0.042598702814
momentum_12,24,120,901,-0.044804314304
momentum_12,24,120,902,-0.0423959103354
momentum_12,24,120,903,-0.045253011509
momentum_12,24,120,904,-0.034157451322
momentum_12,24,120,905,-0.0430701802985
momentum_12,24,120,906,-0.0406378309546
momentum_12,24,120,907,-0.0436321117126
momentum_12,24,120,908,-0.0466263718289
momentum_12,24,120,909,-0.0455471117361
momentum_12,24,120,910,-0.0475910521793
momentum_12,24,120,911,-0.0398109071323
momentum_12,24,120,912,-0.0550869472336
momentum_12,24,120,913,-0.0387475578783
momentum_12,24,120,914,-0.0495935788153
momentum_12,24,120,915,-0.043381886847
momentum_12,24,120,916,-0.0426542264577
momentum_12,24,120,917,-0.0364922018111
momentum_12,24,120,918,-0.0432653444914
momentum_12,24,120,919,-0.0458952927932
momentum_12,24,120,920,-0.0386780682156
momentum_12,24,120,921,-0.044816790499
momentum_12,24,120,922,-0.0407682042782
momentum_12,24,120,923,-0.0441733407266
momentum_12,24,120,924,-0.0395807126445
momentum_12,24,120,925,-0.0441384202999
momentum_12,24,120,926,-0.042773025179
momentum_12,24,120,927,-0.0435894157785
momentum_12,24,120,928,-0.0426163521622
momentum_12,24,120,929,-0.0482090485958
momentum_12,24,120,930,-0.0410054132895
momentum_12,24,120,931,-0.0487811074219
momentum_12,24,120,932,-0.0424883456171
momentum_12,24,120,933,-0.0483532335795
momentum_12,24,120,934,-0.0440429343984
momentum_12,24,120,935,-0.0414353725497
momentum_12,24,120,936,-0.0456320203238
momentum_12,24,120,937,-0.0434812829278
momentum_12,24,120,938,-0.0494396591332
momentum_12,24,120,939,-0.0397698978076
momentum_12,24,120,940,-0.0408610428236
momentum_12,24,120,941,-0.0466632262282
momentum_12,24,120,942,-0.0430676837248
momentum_12,24,120,943,-0.0431895608315
momentum_12,24,120,944,-0.0451408976104
momentum_12,24,120,945,-0.0472214279639
momentum_12,24,120,946,-0.0435635708418
momentum_12,24,120,947,-0.039816907223
momentum_12,24,120,948,-0.0427364536886
momentum_12,24,120,949,-0.0486214744132
momentum_12,24,120,950,-0.0431043712519
momentum_12,24,120,951,-0.0389960290196
momentum_12,24,120,952,-0.0401073415765
momentum_12,24,120,953,-0.0485376089419
momentum_12,24,120,954,-0.0473578390158
momentum_12,24,120,955,-0.0428640780346
momentum_12,24,120,956,-0.0434915971689
momentum_12,24,120,957,-0.0465750264115
momentum_12,24,120,958,-0.0451279785825
momentum_12,24,120,959,-0.0465688340622
momentum_12,24,120,960,-0.0441139922834
momentum_12,24,120,961,-0.042828955533
momentum_12,24,120,962,-0.0344091694933
momentum_12,24,120,963,-0.0419915267003
momentum_12,24,120,964,-0.0480349707279
momentum_12,24,120,965,-0.0501761923425
momentum_12,24,120,966,-0.0499001848523
momentum_12,24,120,967,-0.0397000356082
momentum_12,24,120,968,-0.0477519390734
momentum_12,24,120,969,-0.039771071738
momentum_12,24,120,970,-0.0475303060918
momentum_12,24,120,971,-0.0446654294809
momentum_12,24,120,972,-0.0429221517836
momentum_12,24,120,973,-0.0442405656394
momentum_12,24,120,974,-0.0480512063731
momentum_12,24,120,975,-0.0479790566048
momentum_12,24,120,976,-0.0429659223883
momentum_12,24,120,977,-0.0464965120484
momentum_12,24,120,978,-0.0439907846031
momentum_12,24,120,979,-0.0442813468179
momentum_12,24,120,980,-0.041379639344
momentum_12,24,120,981,-0.047648468974
momentum_12,24,120,982,-0.04339397039
momentum_12,24,120,983,-0.0453793014337
momentum_12,24,120,984,-0.0452109019858
momentum_12,24,120,985,-0.0406776459655
momentum_12,24,120,986,-0.0457833389263
momentum_12,24,120,987,-0.0433579816919
momentum_12,24,120,988,-0.0405467929313
momentum_12,24,120,989,-0.0466947901567
momentum_12,24,120,990,-0.0387164256721
momentum_12,24,120,991,-0.0384357795752
momentum_12,24,120,992,-0.0443015709342
momentum_12,24,120,993,-0.0413617731535
momentum_12,24,120,994,-0.0457013884491
momentum_12,24,120,995,-0.047797970246
momentum_12,24,120,996,-0.0434907732393
momentum_12,24,120,997,-0.0436817204177
momentum_12,24,120,998,-0.0439073151656
momentum_12,24,120,999,-0.0445599034002
momentum_12,48,240,0,-0.0472837406785
momentum_12,48,240,1,-0.0479564392131
momentum_12,48,240,2,-0.0413632889818
momentum_12,48,240,3,-0.0446774185528
momentum_12,48,240,4,-0.0470411053871
momentum_12,48,240,5,-0.0430518613472
momentum_12,48,240,6,-0.0470166775269
momentum_12,48,240,7,-0.0486235832897
momentum_12,48,240,8,-0.0401980154502
momentum_12,48,240,9,-0.0456257881064
momentum_12,48,240,10,-0.0383061822286
momentum_12,48,240,11,-0.0448550237304
momentum_12,48,240,12,-0.0438039745539
momentum_12,48,240,13,-0.0471445123863
momentum_12,48,240,14,-0.0411547739042
momentum_12,48,240,15,-0.0446531025681
momentum_12,48,240,16,-0.046488137379
momentum_12,48,240,17,-0.0475843938879
momentum_12,48,240,18,-0.0465219235431
momentum_12,48,240,19,-0.0463524976683
momentum_12,48,240,20,-0.0508951436651
momentum_12,48,240,21,-0.0409141225294
momentum_12,48,240,22,-0.0505864401385
momentum_12,48,240,23,-0.0386930730252
momentum_12,48,240,24,-0.0468566697419
momentum_12,48,240,25,-0.0356786867056
momentum_12,48,240,26,-0.0486946713739
momentum_12,48,240,27,-0.0424150000563
momentum_12,48,240,28,-0.0477740472283
momentum_12,48,240,29,-0.047709360065
momentum_12,48,240,30,-0.0369056882268
momentum_12,48,240,31,-0.0465040950323
momentum_12,48,240,32,-0.0437292335794
momentum_12,48,240,33,-0.043291882193
momentum_12,48,240,34,-0.0438364429504
momentum_12,48,240,35,-0.0413604857271
momentum_12,48,240,36,-0.0444619209758
momentum_12,48,240,37,-0.0450120275373
momentum_12,48,240,38,-0.0383958685289
momentum_12,48,240,39,-0.0445525244813
momentum_12,48,240,40,-0.0479150080392
momentum_12,48,240,41,-0.0532582624722
momentum_12,48,240,42,-0.0416085807619
momentum_12,48,240,43,-0.0473143301579
momentum_12,48,240,44,-0.0430196033755
momentum_12,48,240,45,-0.0482906787928
momentum_12,48,240,46,-0.039742353781
momentum_12,48,240,47,-0.0423933750198
momentum_12,48,240,48,-0.0436719943403
momentum_12,48,240,49,-0.0428029397993
momentum_12,48,240,50,-0.0436941148913
momentum_12,48,240,51,-0.046649739312
momentum_12,48,240,52,-0.0440047706936
momentum_12,48,240,53,-0.0388179618974
momentum_12,48,240,54,-0.0441223049878
momentum_12,48,240,55,-0.0461580287852
momentum_12,48,240,56,-0.0403729011573
momentum_12,48,240,57,-0.050597258983
momentum_12,48,240,58,-0.0446046501741
momentum_12,48,240,59,-0.0405886453769
momentum_12,48,240,60,-0.0479626554419
momentum_12,48,240,61,-0.0408989434682
momentum_12,48,240,62,-0.045080976753
momentum_12,48,240,63,-0.0383413003179
momentum_12,48,240,64,-0.0396291066739
momentum_12,48,240,65,-0.0470106197909
momentum_12,48,240,66,-0.0434803647398
momentum_12,48,240,67,-0.0429619957325
momentum_12,48,240,68,-0.0491236630419
momentum_12,48,240,69,-0.0501597773831
momentum_12,48,240,70,-0.049453887219
momentum_12,48,240,71,-0.0358530152953
momentum_12,48,240,72,-0.0441625414705
momentum_12,48,240,73,-0.046743548898
momentum_12,48,240,74,-0.0403153706157
momentum_12,48,240,75,-0.0425973657592
momentum_12,48,240,76,-0.0481049590074
momentum_12,48,240,77,-0.0393715240441
momentum_12,48,240,78,-0.0455377905148
momentum_12,48,240,79,-0.0404528223853
momentum_12,48,240,80,-0.0445170018842
momentum_12,48,240,81,-0.0399466841739
momentum_12,48,240,82,-0.0456327410048
momentum_12,48,240,83,-0.0481286015511
momentum_12,48,240,84,-0.0434559131343
momentum_12,48,240,85,-0.0490369259881
momentum_12,48,240,86,-0.0457587000388
momentum_12,48,240,87,-0.0419755609092
momentum_12,48,240,88,-0.0483055212855
momentum_12,48,240,89,-0.0364489963886
momentum_12,48,240,90,-0.0441248025866
momentum_12,48,240,91,-0.0390317889293
momentum_12,48,240,92,-0.0473321536933
momentum_12,48,240,93,-0.0470431128867
momentum_12,48,240,94,-0.0473235815849
momentum_12,48,240,95,-0.0506560031389
momentum_12,48,240,96,-0.045224779403
momentum_12,48,240,97,-0.0398142585035
momentum_12,48,240,98,-0.0465227853941
momentum_12,48,240,99,-0.0421221310325
momentum_12,48,240,100,-0.0489830533647
momentum_12,48,240,101,-0.046382028902
momentum_12,48,240,102,-0.0497179733239
momentum_12,48,240,103,-0.0427271566133
momentum_12,48,240,104,-0.0490483763522
momentum_12,48,240,105,-0.04951328589
momentum_12,48,240,106,-0.0428358388973
momentum_12,48,240,107,-0.0445640698875
momentum_12,48,240,108,-0.0415248228569
momentum_12,48,240,109,-0.0470779931556
momentum_12,48,240,110,-0.0437625879381
momentum_12,48,240,111,-0.0433038274766
momentum_12,48,240,112,-0.0423971739552
momentum_12,48,240,113,-0.0402951565617
momentum_12,48,240,114,-0.0424197241224
momentum_12,48,240,115,-0.042441263584
momentum_12,48,240,116,-0.0412066094116
momentum_12,48,240,117,-0.0428661483606
momentum_12,48,240,118,-0.0434895584425
momentum_12,48,240,119,-0.040979898492
momentum_12,48,240,120,-0.0406694055449
momentum_12,48,240,121,-0.0448725530719
momentum_12,48,240,122,-0.0416838903444
momentum_12,48,240,123,-0.0398199476108
momentum_12,48,240,124,-0.0416530180406
momentum_12,48,240,125,-0.0438442428863
momentum_12,48,240,126,-0.0443819811235
momentum_12,48,240,127,-0.0451156458005
momentum_12,48,240,128,-0.0413140287178
momentum_12,48,240,129,-0.0432240211842
momentum_12,48,240,130,-0.0474987197004
momentum_12,48,240,131,-0.0432658960187
momentum_12,48,240,132,-0.0431221053783
momentum_12,48,240,133,-0.0471291593311
momentum_12,48,240,134,-0.0429924821009
momentum_12,48,240,135,-0.0409777752474
momentum_12,48,240,136,-0.0374058575718
momentum_12,48,240,137,-0.0453673591266
momentum_12,48,240,138,-0.0426394583342
momentum_12,48,240,139,-0.0472038001692
momentum_12,48,240,140,-0.040002261917
momentum_12,48,240,141,-0.040805314409
momentum_12,48,240,142,-0.0413671501936
momentum_12,48,240,143,-0.046737427073
momentum_12,48,240,144,-0.040492516274
momentum_12,48,240,145,-0.0397357634977
momentum_12,48,240,146,-0.0484987254735
momentum_12,48,240,147,-0.046566404542
momentum_12,48,240,148,-0.0429984119811
momentum_12,48,240,149,-0.0409176728962
momentum_12,48,240,150,-0.047649869883
momentum_12,48,240,151,-0.0423569293609
momentum_12,48,240,152,-0.051287217501
momentum_12,48,240,153,-0.0388304469991
momentum_12,48,240,154,-0.0407086962139
momentum_12,48,240,155,-0.0465731142105
momentum_12,48,240,156,-0.0444750047479
momentum_12,48,240,157,-0.0433715322543
momentum_12,48,240,158,-0.0512923802639
momentum_12,48,240,159,-0.0465694257578
momentum_12,48,240,160,-0.046229510217
momentum_12,48,240,161,-0.0441661055998
momentum_12,48,240,162,-0.0437443953003
momentum_12,48,240,163,-0.0443766332606
momentum_12,48,240,164,-0.0464815540806
momentum_12,48,240,165,-0.0437321954235
momentum_12,48,240,166,-0.0497760579523
momentum_12,48,240,167,-0.0427082277486
momentum_12,48,240,168,-0.0389516073176
momentum_12,48,240,169,-0.0422286879899
momentum_12,48,240,170,-0.0382006827776
momentum_12,48,240,171,-0.0408158273251
momentum_12,48,240,172,-0.0450937829585
momentum_12,48,240,173,-0.0444579978496
momentum_12,48,240,174,-0.0510875376557
momentum_12,48,240,175,-0.0412123690304
momentum_12,48,240,176,-0.0486185490175
momentum_12,48,240,177,-0.0462674597996
momentum_12,48,240,178,-0.0375817089825
momentum_12,48,240,179,-0.0432370564918
momentum_12,48,240,180,-0.0416971974705
momentum_12,48,240,181,-0.0414539408447
momentum_12,48,240,182,-0.0421547022438
momentum_12,48,240,183,-0.0424321692844
momentum_12,48,240,184,-0.0434229242478
momentum_12,48,240,185,-0.0502059284801
momentum_12,48,240,186,-0.0432526508126
momentum_12,48,240,187,-0.045789527375
momentum_12,48,240,188,-0.0513144044415
momentum_12,48,240,189,-0.0441853250693
momentum_12,48,240,190,-0.0447841473149
momentum_12,48,240,191,-0.0447996555676
momentum_12,48,240,192,-0.0465626026517
momentum_12,48,240,193,-0.0384484739402
momentum_12,48,240,194,-0.0497698652619
momentum_12,48,240,195,-0.0472566539004
momentum_12,48,240,196,-0.0444236972966
momentum_12,48,240,197,-0.0444021253876
momentum_12,48,240,198,-0.0505199719464
momentum_12,48,240,199,-0.0414176083334
momentum_12,48,240,200,-0.0370252160101
momentum_12,48,240,201,-0.0467846539074
momentum_12,48,240,202,-0.055401790218
momentum_12,48,240,203,-0.0442459728159
momentum_12,48,240,204,-0.0399976188752
momentum_12,48,240,205,-0.0358103597242
momentum_12,48,240,206,-0.045067415353
momentum_12,48,240,207,-0.0420165252581
momentum_12,48,240,208,-0.0449391529022
momentum_12,48,240,209,-0.0482677258111
momentum_12,48,240,210,-0.0432313446572
momentum_12,48,240,211,-0.0351789727442
momentum_12,48,240,212,-0.0465084043423
momentum_12,48,240,213,-0.0470401763307
momentum_12,48,240,214,-0.0456845076908
momentum_12,48,240,215,-0.0519184540161
momentum_12,48,240,216,-0.0468593333128
momentum_12,48,240,217,-0.0425347467614
momentum_12,48,240,218,-0.0434986110464
momentum_12,48,240,219,-0.0436320890819
momentum_12,48,240,220,-0.0376543324938
momentum_12,48,240,221,-0.0395554459411
momentum_12,48,240,222,-0.0444898573108
momentum_12,48,240,223,-0.0467303569966
momentum_12,48,240,224,-0.0446698266452
momentum_12,48,240,225,-0.0484680073619
momentum_12,48,240,226,-0.0418359673981
momentum_12,48,240,227,-0.0427199169508
momentum_12,48,240,228,-0.0457521490412
momentum_12,48,240,229,-0.0358003335682
momentum_12,48,240,230,-0.0467439854701
momentum_12,48,240,231,-0.0463054746806
momentum_12,48,240,232,-0.0440641973422
momentum_12,48,240,233,-0.0448289361448
momentum_12,48,240,234,-0.0474748995089
momentum_12,48,240,235,-0.0454391418325
momentum_12,48,240,236,-0.0464993468314
momentum_12,48,240,237,-0.0416878930271
momentum_12,48,240,238,-0.0434888840856
momentum_12,48,240,239,-0.0437525309054
momentum_12,48,240,240,-0.0448768512046
momentum_12,48,240,241,-0.0409904465594
momentum_12,48,240,242,-0.0463075402022
momentum_12,48,240,243,-0.0415389549352
momentum_12,48,240,244,-0.0416568611043
momentum_12,48,240,245,-0.0436503376462
momentum_12,48,240,246,-0.0441180433766
momentum_12,48,240,247,-0.0479106408794
momentum_12,48,240,248,-0.0443243536784
momentum_12,48,240,249,-0.0436879159701
momentum_12,48,240,250,-0.0366165020947
momentum_12,48,240,251,-0.0464605066
momentum_12,48,240,252,-0.0400554074684
momentum_12,48,240,253,-0.0423979014366
momentum_12,48,240,254,-0.0462361886528
momentum_12,48,240,255,-0.0437737383583
momentum_12,48,240,256,-0.045538511546
momentum_12,48,240,257,-0.0438035020498
momentum_12,48,240,258,-0.0412233267383
momentum_12,48,240,259,-0.0492219564605
momentum_12,48,240,260,-0.0431730154961
momentum_12,48,240,261,-0.0418935805599
momentum_12,48,240,262,-0.0415764646905
momentum_12,48,240,263,-0.0437114379683
momentum_12,48,240,264,-0.0428686029417
momentum_12,48,240,265,-0.041201724612
momentum_12,48,240,266,-0.042095990532
momentum_12,48,240,267,-0.0483376031421
momentum_12,48,240,268,-0.0466827063033
momentum_12,48,240,269,-0.0388023234365
momentum_12,48,240,270,-0.0467618911423
momentum_12,48,240,271,-0.0458854080656
momentum_12,48,240,272,-0.0466826910723
momentum_12,48,240,273,-0.0403757270592
momentum_12,48,240,274,-0.0458742880462
momentum_12,48,240,275,-0.0436768592926
momentum_12,48,240,276,-0.0491846488008
momentum_12,48,240,277,-0.0427362753046
momentum_12,48,240,278,-0.0430596379322
momentum_12,48,240,279,-0.046520148604
momentum_12,48,240,280,-0.0426546467097
momentum_12,48,240,281,-0.041961444124
momentum_12,48,240,282,-0.0450830954111
momentum_12,48,240,283,-0.0453955844336
momentum_12,48,240,284,-0.0403536963453
momentum_12,48,240,285,-0.0417745248707
momentum_12,48,240,286,-0.0433564215492
momentum_12,48,240,287,-0.0452729569716
momentum_12,48,240,288,-0.0434988042473
momentum_12,48,240,289,-0.0426953604421
momentum_12,48,240,290,-0.0463618581318
momentum_12,48,240,291,-0.0496574493908
momentum_12,48,240,292,-0.0470947555354
momentum_12,48,240,293,-0.0392964078836
momentum_12,48,240,294,-0.0406514412427
momentum_12,48,240,295,-0.0459061889467
momentum_12,48,240,296,-0.0506001983558
momentum_12,48,240,297,-0.0443999024186
momentum_12,48,240,298,-0.047162138219
momentum_12,48,240,299,-0.0416730444106
momentum_12,48,240,300,-0.0496982607771
momentum_12,48,240,301,-0.0388970788219
momentum_12,48,240,302,-0.0460447727385
momentum_12,48,240,303,-0.039521992112
momentum_12,48,240,304,-0.0493040053566
momentum_12,48,240,305,-0.041189161416
momentum_12,48,240,306,-0.0476926123558
momentum_12,48,240,307,-0.0355639181245
momentum_12,48,240,308,-0.0414344906542
momentum_12,48,240,309,-0.0480161865439
momentum_12,48,240,310,-0.0413034864901
momentum_12,48,240,311,-0.0424580649507
momentum_12,48,240,312,-0.0480907574765
momentum_12,48,240,313,-0.0445744831968
momentum_12,48,240,314,-0.0427339983627
momentum_12,48,240,315,-0.0454289470267
momentum_12,48,240,316,-0.0453323062369
momentum_12,48,240,317,-0.0412785156282
momentum_12,48,240,318,-0.0432967449422
momentum_12,48,240,319,-0.0503848244422
momentum_12,48,240,320,-0.0442041582011
momentum_12,48,240,321,-0.0455549861599
momentum_12,48,240,322,-0.0386744248247
momentum_12,48,240,323,-0.0423620988398
momentum_12,48,240,324,-0.0449996609419
momentum_12,48,240,325,-0.0445676649429
momentum_12,48,240,326,-0.0341137387214
momentum_12,48,240,327,-0.0426784081221
momentum_12,48,240,328,-0.0431874043534
momentum_12,48,240,329,-0.0522961010046
momentum_12,48,240,330,-0.0423917361663
momentum_12,48,240,331,-0.0476918737852
momentum_12,48,240,332,-0.0495134222516
momentum_12,48,240,333,-0.0438467890584
momentum_12,48,240,334,-0.0452775296879
momentum_12,48,240,335,-0.0413078260879
momentum_12,48,240,336,-0.0441520809651
momentum_12,48,240,337,-0.040077676856
momentum_12,48,240,338,-0.038100251649
momentum_12,48,240,339,-0.0412808043027
momentum_12,48,240,340,-0.0425694401306
momentum_12,48,240,341,-0.0487399683639
momentum_12,48,240,342,-0.0463967493528
momentum_12,48,240,343,-0.0393471506665
momentum_12,48,240,344,-0.0452160865161
momentum_12,48,240,345,-0.0432591401528
momentum_12,48,240,346,-0.0422559900533
momentum_12,48,240,347,-0.0489283334604
momentum_12,48,240,348,-0.0449466127575
momentum_12,48,240,349,-0.0394449125591
momentum_12,48,240,350,-0.042181489948
momentum_12,48,240,351,-0.0469984938219
momentum_12,48,240,352,-0.0478057558467
momentum_12,48,240,353,-0.0442452501575
momentum_12,48,240,354,-0.0483670985388
momentum_12,48,240,355,-0.048974495102
momentum_12,48,240,356,-0.0406542927143
momentum_12,48,240,357,-0.041375921502
momentum_12,48,240,358,-0.0387805660838
momentum_12,48,240,359,-0.0500802861228
momentum_12,48,240,360,-0.0498002383827
momentum_12,48,240,361,-0.0468494486933
momentum_12,48,240,362,-0.0400367306905
momentum_12,48,240,363,-0.0469294773653
momentum_12,48,240,364,-0.0421397824235
momentum_12,48,240,365,-0.0450169328696
momentum_12,48,240,366,-0.0466650044512
momentum_12,48,240,367,-0.0444777383407
momentum_12,48,240,368,-0.0461162528687
momentum_12,48,240,369,-0.0448091576156
momentum_12,48,240,370,-0.0469478342202
momentum_12,48,240,371,-0.0362200279804
momentum_12,48,240,372,-0.0410946805571
momentum_12,48,240,373,-0.0466855287363
momentum_12,48,240,374,-0.043295934265
momentum_12,48,240,375,-0.0404655503648
momentum_12,48,240,376,-0.0435083436602
momentum_12,48,240,377,-0.0455422812253
momentum_12,48,240,378,-0.0433304155771
momentum_12,48,240,379,-0.0413490882072
momentum_12,48,240,380,-0.0452714537406
momentum_12,48,240,381,-0.042743730579
momentum_12,48,240,382,-0.0507769004261
momentum_12,48,240,383,-0.0467604998997
momentum_12,48,240,384,-0.0401453513136
momentum_12,48,240,385,-0.0420650593499
momentum_12,48,240,386,-0.0426147145444
momentum_12,48,240,387,-0.0458322736821
momentum_12,48,240,388,-0.0422403643312
momentum_12,48,240,389,-0.0454504113236
momentum_12,48,240,390,-0.0490888347759
momentum_12,48,240,391,-0.0479527289837
momentum_12,48,240,392,-0.0479889444061
momentum_12,48,240,393,-0.0389461642432
momentum_12,48,240,394,-0.0401274337225
momentum_12,48,240,395,-0.0455872115183
momentum_12,48,240,396,-0.0451960526548
momentum_12,48,240,397,-0.0478831318456
momentum_12,48,240,398,-0.0457128487864
momentum_12,48,240,399,-0.0382416161628
momentum_12,48,240,400,-0.0458908977015
momentum_12,48,240,401,-0.0390910290816
momentum_12,48,240,402,-0.0463898377239
momentum_12,48,240,403,-0.0507942178058
momentum_12,48,240,404,-0.0409041363616
momentum_12,48,240,405,-0.0433538556434
momentum_12,48,240,406,-0.0484760613567
momentum_12,48,240,407,-0.0452455470102
momentum_12,48,240,408,-0.0459715839466
momentum_12,48,240,409,-0.0426285455134
momentum_12,48,240,410,-0.0426905455222
momentum_12,48,240,411,-0.0437725840902
momentum_12,48,240,412,-0.0451261352912
momentum_12,48,240,413,-0.0389103198418
momentum_12,48,240,414,-0.0466439970171
momentum_12,48,240,415,-0.0425635803175
momentum_12,48,240,416,-0.0485059145021
momentum_12,48,240,417,-0.0435094587548
momentum_12,48,240,418,-0.0484999166395
momentum_12,48,240,419,-0.0445610315326
momentum_12,48,240,420,-0.042441976013
momentum_12,48,240,421,-0.0378001799949
momentum_12,48,240,422,-0.039355244729
momentum_12,48,240,423,-0.0416739179379
momentum_12,48,240,424,-0.0400242961061
momentum_12,48,240,425,-0.0463570441346
momentum_12,48,240,426,-0.0437778963016
momentum_12,48,240,427,-0.0498111694552
momentum_12,48,240,428,-0.0429042913651
momentum_12,48,240,429,-0.0408968972955
momentum_12,48,240,430,-0.04325865101
momentum_12,48,240,431,-0.0382302311689
momentum_12,48,240,432,-0.0456867317158
momentum_12,48,240,433,-0.0507508468789
momentum_12,48,240,434,-0.0418225039954
momentum_12,48,240,435,-0.0372901976018
momentum_12,48,240,436,-0.043187706943
momentum_12,48,240,437,-0.0446077978579
momentum_12,48,240,438,-0.0425806708033
momentum_12,48,240,439,-0.0455563369061
momentum_12,48,240,440,-0.0467665078628
momentum_12,48,240,441,-0.0452705523981
momentum_12,48,240,442,-0.0371668137643
momentum_12,48,240,443,-0.0415504950922
momentum_12,48,240,444,-0.0496859537039
momentum_12,48,240,445,-0.036850222933
momentum_12,48,240,446,-0.041728105368
momentum_12,48,240,447,-0.0421823393842
momentum_12,48,240,448,-0.0410920229214
momentum_12,48,240,449,-0.0476854749377
momentum_12,48,240,450,-0.0482686998265
momentum_12,48,240,451,-0.041103645621
momentum_12,48,240,452,-0.0495211845151
momentum_12,48,240,453,-0.0413258407331
momentum_12,48,240,454,-0.044093749043
momentum_12,48,240,455,-0.0491761206846
momentum_12,48,240,456,-0.0485635763598
momentum_12,48,240,457,-0.0438724271228
momentum_12,48,240,458,-0.0426459166075
momentum_12,48,240,459,-0.0383643199669
momentum_12,48,240,460,-0.0471940542944
momentum_12,48,240,461,-0.0453041464917
momentum_12,48,240,462,-0.0460364410005
momentum_12,48,240,463,-0.0463548875702
momentum_12,48,240,464,-0.050292911018
momentum_12,48,240,465,-0.0426145522983
momentum_12,48,240,466,-0.0428286611873
momentum_12,48,240,467,-0.0494386827207
momentum_12,48,240,468,-0.0428987227438
momentum_12,48,240,469,-0.0433251278273
momentum_12,48,240,470,-0.04144532828
momentum_12,48,240,471,-0.051296559632
momentum_12,48,240,472,-0.0424125487233
momentum_12,48,240,473,-0.0433589878139
momentum_12,48,240,474,-0.0492749849406
momentum_12,48,240,475,-0.0413016376532
momentum_12,48,240,476,-0.0461058961246
momentum_12,48,240,477,-0.0486798827757
momentum_12,48,240,478,-0.0484583689496
momentum_12,48,240,479,-0.0505350127494
momentum_12,48,240,480,-0.0482758145349
momentum_12,48,240,481,-0.0433719163902
momentum_12,48,240,482,-0.044852198006
momentum_12,48,240,483,-0.0376781352677
momentum_12,48,240,484,-0.0452833938726
momentum_12,48,240,485,-0.0443790220302
momentum_12,48,240,486,-0.0393747636732
momentum_12,48,240,487,-0.0471903101214
momentum_12,48,240,488,-0.0434551482109
momentum_12,48,240,489,-0.0493307208997
momentum_12,48,240,490,-0.0489357288029
momentum_12,48,240,491,-0.0414127297871
momentum_12,48,240,492,-0.0462800126658
momentum_12,48,240,493,-0.0400863394707
momentum_12,48,240,494,-0.0464327709312
momentum_12,48,240,495,-0.0422405065568
momentum_12,48,240,496,-0.0482603878858
momentum_12,48,240,497,-0.0410483951422
momentum_12,48,240,498,-0.0468747505523
momentum_12,48,240,499,-0.0465150571896
momentum_12,48,240,500,-0.0398969356177
momentum_12,48,240,501,-0.0456904790497
momentum_12,48,240,502,-0.0477381363078
momentum_12,48,240,503,-0.0373484389089
momentum_12,48,240,504,-0.0418486013597
momentum_12,48,240,505,-0.0431106788038
momentum_12,48,240,506,-0.0424260418783
momentum_12,48,240,507,-0.0493138096307
momentum_12,48,240,508,-0.0393483515685
momentum_12,48,240,509,-0.0469344358436
momentum_12,48,240,510,-0.050397718728
momentum_12,48,240,511,-0.046574565204
momentum_12,48,240,512,-0.042834435271
momentum_12,48,240,513,-0.0455132148138
momentum_12,48,240,514,-0.0373056888522
momentum_12,48,240,515,-0.0448855596152
momentum_12,48,240,516,-0.0507063511819
momentum_12,48,240,517,-0.0381373102686
momentum_12,48,240,518,-0.0506963931886
momentum_12,48,240,519,-0.0378892622774
momentum_12,48,240,520,-0.0403577090128
momentum_12,48,240,521,-0.0448024474445
momentum_12,48,240,522,-0.0374737164913
momentum_12,48,240,523,-0.0451701760562
momentum_12,48,240,524,-0.0447288635264
momentum_12,48,240,525,-0.0479934448697
momentum_12,48,240,526,-0.0387742322963
momentum_12,48,240,527,-0.0440284993789
momentum_12,48,240,528,-0.0381545404249
momentum_12,48,240,529,-0.046578213346
momentum_12,48,240,530,-0.0438698676933
momentum_12,48,240,531,-0.0374471456656
momentum_12,48,240,532,-0.0384742176372
momentum_12,48,240,533,-0.0414439450172
momentum_12,48,240,534,-0.0408434710089
momentum_12,48,240,535,-0.0438146746829
momentum_12,48,240,536,-0.046545769194
momentum_12,48,240,537,-0.0447530596884
momentum_12,48,240,538,-0.0431518511854
momentum_12,48,240,539,-0.0486420333681
momentum_12,48,240,540,-0.043642570644
momentum_12,48,240,541,-0.0381664716089
momentum_12,48,240,542,-0.0452304876188
momentum_12,48,240,543,-0.0415459751416
momentum_12,48,240,544,-0.0452645817753
momentum_12,48,240,545,-0.0432917089729
momentum_12,48,240,546,-0.0414440340027
momentum_12,48,240,547,-0.0433770320537
momentum_12,48,240,548,-0.0413520080037
momentum_12,48,240,549,-0.0384985211278
momentum_12,48,240,550,-0.0389419741875
momentum_12,48,240,551,-0.0449054331664
momentum_12,48,240,552,-0.0392370887033
momentum_12,48,240,553,-0.0437959470771
momentum_12,48,240,554,-0.0427451106805
momentum_12,48,240,555,-0.0471613664915
momentum_12,48,240,556,-0.0407448247187
momentum_12,48,240,557,-0.045513478313
momentum_12,48,240,558,-0.0473378174724
momentum_12,48,240,559,-0.0434609023261
momentum_12,48,240,560,-0.0446404167286
momentum_12,48,240,561,-0.041171243679
momentum_12,48,240,562,-0.0442292406956
momentum_12,48,240,563,-0.0430904622014
momentum_12,48,240,564,-0.0474636713332
momentum_12,48,240,565,-0.0469934805524
momentum_12,48,240,566,-0.0428976572893
momentum_12,48,240,567,-0.046081870592
momentum_12,48,240,568,-0.0427278848396
momentum_12,48,240,569,-0.0445941663166
momentum_12,48,240,570,-0.0396919333119
momentum_12,48,240,571,-0.0424635787974
momentum_12,48,240,572,-0.0452076958255
momentum_12,48,240,573,-0.0413718064023
momentum_12,48,240,574,-0.0470492351359
momentum_12,48,240,575,-0.0471606661828
momentum_12,48,240,576,-0.0420267300166
momentum_12,48,240,577,-0.044201739379
momentum_12,48,240,578,-0.0399021179112
momentum_12,48,240,579,-0.049543771065
momentum_12,48,240,580,-0.0389831666161
momentum_12,48,240,581,-0.0393827556768
momentum_12,48,240,582,-0.0393935379254
momentum_12,48,240,583,-0.0475680280954
momentum_12,48,240,584,-0.0429664164639
momentum_12,48,240,585,-0.0449942731183
momentum_12,48,240,586,-0.043593910042
momentum_12,48,240,587,-0.0441478737463
momentum_12,48,240,588,-0.0426309238281
momentum_12,48,240,589,-0.0383514049923
momentum_12,48,240,590,-0.0443166272693
momentum_12,48,240,591,-0.0432867629955
momentum_12,48,240,592,-0.0457381845983
momentum_12,48,240,593,-0.046981077624
momentum_12,48,240,594,-0.0400592236015
momentum_12,48,240,595,-0.0378770207403
momentum_12,48,240,596,-0.050868559686
momentum_12,48,240,597,-0.0521239224549
momentum_12,48,240,598,-0.0440086225346
momentum_12,48,240,599,-0.0502471004634
momentum_12,48,240,600,-0.0503595935747
momentum_12,48,240,601,-0.0378408796361
momentum_12,48,240,602,-0.043780951546
momentum_12,48,240,603,-0.040755259936
momentum_12,48,240,604,-0.0513506435345
momentum_12,48,240,605,-0.0405509974089
momentum_12,48,240,606,-0.0487390494611
momentum_12,48,240,607,-0.0397235896939
momentum_12,48,240,608,-0.0463912139174
momentum_12,48,240,609,-0.04621770297
momentum_12,48,240,610,-0.0430892557166
momentum_12,48,240,611,-0.0492425977209
momentum_12,48,240,612,-0.0463873016969
momentum_12,48,240,613,-0.0434533427238
momentum_12,48,240,614,-0.0403264333273
momentum_12,48,240,615,-0.0416598921
momentum_12,48,240,616,-0.0465418007667
momentum_12,48,240,617,-0.048914753264
momentum_12,48,240,618,-0.0394678894697
momentum_12,48,240,619,-0.043722671262
momentum_12,48,240,620,-0.0515549844246
momentum_12,48,240,621,-0.039173244849
momentum_12,48,240,622,-0.0377168205778
momentum_12,48,240,623,-0.0464372315443
momentum_12,48,240,624,-0.0449635178734
momentum_12,48,240,625,-0.044569053725
momentum_12,48,240,626,-0.045235132883
momentum_12,48,240,627,-0.039414232789
momentum_12,48,240,628,-0.0418821534627
momentum_12,48,240,629,-0.046294436029
momentum_12,48,240,630,-0.049430144534
momentum_12,48,240,631,-0.0415739099996
momentum_12,48,240,632,-0.0463447007188
momentum_12,48,240,633,-0.0416076526304
momentum_12,48,240,634,-0.0477020183886
momentum_12,48,240,635,-0.0465602088747
momentum_12,48,240,636,-0.0416729012914
momentum_12,48,240,637,-0.0452613352262
momentum_12,48,240,638,-0.0457798271042
momentum_12,48,240,639,-0.0475556260371
momentum_12,48,240,640,-0.0448444567437
momentum_12,48,240,641,-0.0442596084146
momentum_12,48,240,642,-0.0458277546584
momentum_12,48,240,643,-0.0491705544888
momentum_12,48,240,644,-0.0420500438455
momentum_12,48,240,645,-0.0454290775116
momentum_12,48,240,646,-0.0472447770102
momentum_12,48,240,647,-0.0464369024619
momentum_12,48,240,648,-0.0411793265639
momentum_12,48,240,649,-0.0474622423871
momentum_12,48,240,650,-0.047164617139
momentum_12,48,240,651,-0.041988750604
momentum_12,48,240,652,-0.0471366258776
momentum_12,48,240,653,-0.0398832339206
momentum_12,48,240,654,-0.0448194627538
momentum_12,48,240,655,-0.0455724183626
momentum_12,48,240,656,-0.0461757050772
momentum_12,48,240,657,-0.039850367583
momentum_12,48,240,658,-0.0433402130161
momentum_12,48,240,659,-0.0465243806935
momentum_12,48,240,660,-0.0438864780202
momentum_12,48,240,661,-0.0442643877001
momentum_12,48,240,662,-0.0411682938593
momentum_12,48,240,663,-0.0495882110573
momentum_12,48,240,664,-0.0491275707398
momentum_12,48,240,665,-0.0405749590255
momentum_12,48,240,666,-0.0407065646833
momentum_12,48,240,667,-0.0382557396657
momentum_12,48,240,668,-0.0536932668194
momentum_12,48,240,669,-0.0411647933241
momentum_12,48,240,670,-0.0441668286073
momentum_12,48,240,671,-0.0405095994802
momentum_12,48,240,672,-0.0371623832033
momentum_12,48,240,673,-0.042889333716
momentum_12,48,240,674,-0.0447256995158
momentum_12,48,240,675,-0.0416505891001
momentum_12,48,240,676,-0.0498050570004
momentum_12,48,240,677,-0.0354681495431
momentum_12,48,240,678,-0.05034468664
momentum_12,48,240,679,-0.0417971500774
momentum_12,48,240,680,-0.0483053678622
momentum_12,48,240,681,-0.0443813403002
momentum_12,48,240,682,-0.0460790043903
momentum_12,48,240,683,-0.035984784704
momentum_12,48,240,684,-0.0461220048207
momentum_12,48,240,685,-0.0426608312992
momentum_12,48,240,686,-0.0444466635398
momentum_12,48,240,687,-0.0466770012277
momentum_12,48,240,688,-0.0432388745206
momentum_12,48,240,689,-0.0382558922788
momentum_12,48,240,690,-0.0418625112231
momentum_12,48,240,691,-0.0486903533773
momentum_12,48,240,692,-0.0429530783185
momentum_12,48,240,693,-0.0390213758173
momentum_12,48,240,694,-0.0431341240535
momentum_12,48,240,695,-0.0392490131457
momentum_12,48,240,696,-0.040513708866
momentum_12,48,240,697,-0.0428477410689
momentum_12,48,240,698,-0.0446977333446
momentum_12,48,240,699,-0.0375281119122
momentum_12,48,240,700,-0.0394185151013
momentum_12,48,240,701,-0.0439637429167
momentum_12,48,240,702,-0.0464908079155
momentum_12,48,240,703,-0.0391010239775
momentum_12,48,240,704,-0.0474854712524
momentum_12,48,240,705,-0.0448635229078
momentum_12,48,240,706,-0.042887441441
momentum_12,48,240,707,-0.0456097150184
momentum_12,48,240,708,-0.0409518810402
momentum_12,48,240,709,-0.047076457886
momentum_12,48,240,710,-0.0419626701296
momentum_12,48,240,711,-0.0455711684289
momentum_12,48,240,712,-0.0463114884661
momentum_12,48,240,713,-0.0478391956872
momentum_12,48,240,714,-0.0419554995922
momentum_12,48,240,715,-0.0422428189449
momentum_12,48,240,716,-0.0430305434964
momentum_12,48,240,717,-0.0433320828393
momentum_12,48,240,718,-0.0455257550791
momentum_12,48,240,719,-0.0452461317982
momentum_12,48,240,720,-0.0423159172583
momentum_12,48,240,721,-0.0402825111069
momentum_12,48,240,722,-0.0406622651887
momentum_12,48,240,723,-0.0459031395351
momentum_12,48,240,724,-0.0410191323934
momentum_12,48,240,725,-0.0463935422121
momentum_12,48,240,726,-0.0384384310568
momentum_12,48,240,727,-0.0452971213476
momentum_12,48,240,728,-0.0413689636991
momentum_12,48,240,729,-0.0421968264186
momentum_12,48,240,730,-0.0475595313858
momentum_12,48,240,731,-0.043625301927
momentum_12,48,240,732,-0.0452828526613
momentum_12,48,240,733,-0.0499670868417
momentum_12,48,240,734,-0.0461921623019
momentum_12,48,240,735,-0.0409446518031
momentum_12,48,240,736,-0.0478872057256
momentum_12,48,240,737,-0.0439358734402
momentum_12,48,240,738,-0.0434886045934
momentum_12,48,240,739,-0.0492920136188
momentum_12,48,240,740,-0.0389798334977
momentum_12,48,240,741,-0.04335524886
momentum_12,48,240,742,-0.0511160629748
momentum_12,48,240,743,-0.0440342829132
momentum_12,48,240,744,-0.0375586728659
momentum_12,48,240,745,-0.0430214317052
momentum_12,48,240,746,-0.0431627459238
momentum_12,48,240,747,-0.0431925412147
momentum_12,48,240,748,-0.0458638278124
momentum_12,48,240,749,-0.0380749174545
momentum_12,48,240,750,-0.0406779231223
momentum_12,48,240,751,-0.0457163019565
momentum_12,48,240,752,-0.0438335764159
momentum_12,48,240,753,-0.0423727517453
momentum_12,48,240,754,-0.0365667044499
momentum_12,48,240,755,-0.0465718051128
momentum_12,48,240,756,-0.0415259799129
momentum_12,48,240,757,-0.0455943449399
momentum_12,48,240,758,-0.0408891950161
momentum_12,48,240,759,-0.039039457499
momentum_12,48,240,760,-0.0433855940527
momentum_12,48,240,761,-0.0388915577369
momentum_12,48,240,762,-0.0449777188948
momentum_12,48,240,763,-0.0449767192702
momentum_12,48,240,764,-0.0434952867701
momentum_12,48,240,765,-0.0436761056711
momentum_12,48,240,766,-0.0453488638212
momentum_12,48,240,767,-0.0432446220564
momentum_12,48,240,768,-0.0441616223517
momentum_12,48,240,769,-0.0439813758942
momentum_12,48,240,770,-0.0458263160727
momentum_12,48,240,771,-0.0529879120774
momentum_12,48,240,772,-0.0408089399755
momentum_12,48,240,773,-0.0391479840542
momentum_12,48,240,774,-0.0436703293933
momentum_12,48,240,775,-0.0453819857375
momentum_12,48,240,776,-0.0441349046524
momentum_12,48,240,777,-0.045332824004
momentum_12,48,240,778,-0.0448351309914
momentum_12,48,240,779,-0.0452666924874
momentum_12,48,240,780,-0.0407788839105
momentum_12,48,240,781,-0.0437712800587
momentum_12,48,240,782,-0.0417253303525
momentum_12,48,240,783,-0.0403707371809
momentum_12,48,240,784,-0.0414163609356
momentum_12,48,240,785,-0.0477750728768
momentum_12,48,240,786,-0.0432810159785
momentum_12,48,240,787,-0.0402601460975
momentum_12,48,240,788,-0.0466202823955
momentum_12,48,240,789,-0.0458131530898
momentum_12,48,240,790,-0.0442075625343
momentum_12,48,240,791,-0.0502922612841
momentum_12,48,240,792,-0.0465378211331
momentum_12,48,240,793,-0.0379385544404
momentum_12,48,240,794,-0.0484100762487
momentum_12,48,240,795,-0.048305570622
momentum_12,48,240,796,-0.0415667962474
momentum_12,48,240,797,-0.0405167802243
momentum_12,48,240,798,-0.048323299582
momentum_12,48,240,799,-0.053608509078
momentum_12,48,240,800,-0.0443892611849
momentum_12,48,240,801,-0.0496492527202
momentum_12,48,240,802,-0.0394379428866
momentum_12,48,240,803,-0.0399981552783
momentum_12,48,240,804,-0.0480440037394
momentum_12,48,240,805,-0.0453612869975
momentum_12,48,240,806,-0.0495920099322
momentum_12,48,240,807,-0.044118816619
momentum_12,48,240,808,-0.0439248301096
momentum_12,48,240,809,-0.0475946223898
momentum_12,48,240,810,-0.0429665270337
momentum_12,48,240,811,-0.0466969306963
momentum_12,48,240,812,-0.0377504004263
momentum_12,48,240,813,-0.0437092141819
momentum_12,48,240,814,-0.0457351073355
momentum_12,48,240,815,-0.0452940505806
momentum_12,48,240,816,-0.0526277339649
momentum_12,48,240,817,-0.0449656981624
momentum_12,48,240,818,-0.0387246629162
momentum_12,48,240,819,-0.0440907203864
momentum_12,48,240,820,-0.0410467242802
momentum_12,48,240,821,-0.051229325175
momentum_12,48,240,822,-0.0455510794495
momentum_12,48,240,823,-0.0458170592596
momentum_12,48,240,824,-0.0436106331594
momentum_12,48,240,825,-0.0405215148252
momentum_12,48,240,826,-0.0435941682848
momentum_12,48,240,827,-0.0459993516038
momentum_12,48,240,828,-0.0475594187376
momentum_12,48,240,829,-0.0435780169607
momentum_12,48,240,830,-0.0455611316873
momentum_12,48,240,831,-0.0449922349796
momentum_12,48,240,832,-0.043913492299
momentum_12,48,240,833,-0.0427159111643
momentum_12,48,240,834,-0.0440892259979
momentum_12,48,240,835,-0.0505680720083
momentum_12,48,240,836,-0.0453241675808
momentum_12,48,240,837,-0.055737882887
momentum_12,48,240,838,-0.0443076034807
momentum_12,48,240,839,-0.0490933284918
momentum_12,48,240,840,-0.0401412450602
momentum_12,48,240,841,-0.0394775126529
momentum_12,48,240,842,-0.0477487270907
momentum_12,48,240,843,-0.0435987548997
momentum_12,48,240,844,-0.0355062371881
momentum_12,48,240,845,-0.0400521885731
momentum_12,48,240,846,-0.0458261849125
momentum_12,48,240,847,-0.0541674723782
momentum_12,48,240,848,-0.0435779318516
momentum_12,48,240,849,-0.0436970890236
momentum_12,48,240,850,-0.0431741886078
momentum_12,48,240,851,-0.0430524498108
momentum_12,48,240,852,-0.0437042313298
momentum_12,48,240,853,-0.0454619079016
momentum_12,48,240,854,-0.0454018368168
momentum_12,48,240,855,-0.0488604174905
momentum_12,48,240,856,-0.0424460933656
momentum_12,48,240,857,-0.0432922808761
momentum_12,48,240,858,-0.044595272024
momentum_12,48,240,859,-0.0425302706157
momentum_12,48,240,860,-0.0415145426101
momentum_12,48,240,861,-0.0497557236635
momentum_12,48,240,862,-0.047000176817
momentum_12,48,240,863,-0.0492993340776
momentum_12,48,240,864,-0.0379187821289
momentum_12,48,240,865,-0.0431429881439
momentum_12,48,240,866,-0.0545598257366
momentum_12,48,240,867,-0.041121366058
momentum_12,48,240,868,-0.0421635165168
momentum_12,48,240,869,-0.0443550518121
momentum_12,48,240,870,-0.0407316309585
momentum_12,48,240,871,-0.04817033987
momentum_12,48,240,872,-0.0452068179201
momentum_12,48,240,873,-0.0451370090995
momentum_12,48,240,874,-0.0405177532721
momentum_12,48,240,875,-0.042201861936
momentum_12,48,240,876,-0.0461558313816
momentum_12,48,240,877,-0.0449369424447
momentum_12,48,240,878,-0.0484943411967
momentum_12,48,240,879,-0.0457877423774
momentum_12,48,240,880,-0.0414833549874
momentum_12,48,240,881,-0.0467891616908
momentum_12,48,240,882,-0.0440517841155
momentum_12,48,240,883,-0.0431363555319
momentum_12,48,240,884,-0.0429934668512
momentum_12,48,240,885,-0.0455255322722
momentum_12,48,240,886,-0.0402609902092
momentum_12,48,240,887,-0.0388620433613
momentum_12,48,240,888,-0.0375972017395
momentum_12,48,240,889,-0.0381607558627
momentum_12,48,240,890,-0.0451301809392
momentum_12,48,240,891,-0.0409147814146
momentum_12,48,240,892,-0.0487348275836
momentum_12,48,240,893,-0.0436306079677
momentum_12,48,240,894,-0.0419931472876
momentum_12,48,240,895,-0.0454184192995
momentum_12,48,240,896,-0.0407889064588
momentum_12,48,240,897,-0.0416310760182
momentum_12,48,240,898,-0.0428951352095
momentum_12,48,240,899,-0.0469226752805
momentum_12,48,240,900,-0.0460802685572
momentum_12,48,240,901,-0.0449296805862
momentum_12,48,240,902,-0.0384800588492
momentum_12,48,240,903,-0.0403370433281
momentum_12,48,240,904,-0.0425575664277
momentum_12,48,240,905,-0.0394876428021
momentum_12,48,240,906,-0.039500522502
momentum_12,48,240,907,-0.0444954668042
momentum_12,48,240,908,-0.0482249483347
momentum_12,48,240,909,-0.0435754305938
momentum_12,48,240,910,-0.0460502039863
momentum_12,48,240,911,-0.0443141056157
momentum_12,48,240,912,-0.0354763272095
momentum_12,48,240,913,-0.0424980150199
momentum_12,48,240,914,-0.0461715294372
momentum_12,48,240,915,-0.0404649572647
momentum_12,48,240,916,-0.0467853788763
momentum_12,48,240,917,-0.0407283120976
momentum_12,48,240,918,-0.0439726189605
momentum_12,48,240,919,-0.0444383773224
momentum_12,48,240,920,-0.0440814352985
momentum_12,48,240,921,-0.0361321143684
momentum_12,48,240,922,-0.0441850990188
momentum_12,48,240,923,-0.041840829835
momentum_12,48,240,924,-0.0485024450565
momentum_12,48,240,925,-0.0407645912181
momentum_12,48,240,926,-0.0531211164683
momentum_12,48,240,927,-0.039524779009
momentum_12,48,240,928,-0.0457478122188
momentum_12,48,240,929,-0.041479514022
momentum_12,48,240,930,-0.0449675998772
momentum_12,48,240,931,-0.0389193072396
momentum_12,48,240,932,-0.0466398376636
momentum_12,48,240,933,-0.0354040119586
momentum_12,48,240,934,-0.0409916962454
momentum_12,48,240,935,-0.0478595426482
momentum_12,48,240,936,-0.0486509363965
momentum_12,48,240,937,-0.0454348990414
momentum_12,48,240,938,-0.0458256739627
momentum_12,48,240,939,-0.0448084901797
momentum_12,48,240,940,-0.0418607229201
momentum_12,48,240,941,-0.0453387342271
momentum_12,48,240,942,-0.0439106717917
momentum_12,48,240,943,-0.0453555183417
momentum_12,48,240,944,-0.0464059795411
momentum_12,48,240,945,-0.045660896915
momentum_12,48,240,946,-0.0562099574837
momentum_12,48,240,947,-0.0423274476935
momentum_12,48,240,948,-0.0437343777136
momentum_12,48,240,949,-0.0492158063825
momentum_12,48,240,950,-0.0462269519486
momentum_12,48,240,951,-0.0466220929862
momentum_12,48,240,952,-0.0430881473665
momentum_12,48,240,953,-0.0501209912634
momentum_12,48,240,954,-0.0483224698626
momentum_12,48,240,955,-0.0454110178856
momentum_12,48,240,956,-0.0392393834605
momentum_12,48,240,957,-0.0442167648212
momentum_12,48,240,958,-0.0423587552041
momentum_12,48,240,959,-0.0478955958923
momentum_12,48,240,960,-0.0402651185271
momentum_12,48,240,961,-0.0451707087827
momentum_12,48,240,962,-0.0462046855091
momentum_12,48,240,963,-0.0440487961359
momentum_12,48,240,964,-0.0473005023806
momentum_12,48,240,965,-0.04401486236
momentum_12,48,240,966,-0.0436566680426
momentum_12,48,240,967,-0.0455065717337
momentum_12,48,240,968,-0.042533635044
momentum_12,48,240,969,-0.0440129615037
momentum_12,48,240,970,-0.048318056876
momentum_12,48,240,971,-0.0463253863581
momentum_12,48,240,972,-0.0407852842363
momentum_12,48,240,973,-0.0429765221776
momentum_12,48,240,974,-0.0409992609705
momentum_12,48,240,975,-0.048678838218
momentum_12,48,240,976,-0.0426952531107
momentum_12,48,240,977,-0.0367905658518
momentum_12,48,240,978,-0.0420991530481
momentum_12,48,240,979,-0.0451924556443
momentum_12,48,240,980,-0.043802690819
momentum_12,48,240,981,-0.0411619320013
momentum_12,48,240,982,-0.0452894536639
momentum_12,48,240,983,-0.0452732750539
momentum_12,48,240,984,-0.0462396194597
momentum_12,48,240,985,-0.0434371133179
momentum_12,48,240,986,-0.0460964504774
momentum_12,48,240,987,-0.0447664598529
momentum_12,48,240,988,-0.0460328069835
momentum_12,48,240,989,-0.0400931759514
momentum_12,48,240,990,-0.0419130637051
momentum_12,48,240,991,-0.0430288511654
momentum_12,48,240,992,-0.0468521878675
momentum_12,48,240,993,-0.0433467551378
momentum_12,48,240,994,-0.0453941387993
momentum_12,48,240,995,-0.0428187878115
momentum_12,48,240,996,-0.0471596337506
momentum_12,48,240,997,-0.0452519357369
momentum_12,48,240,998,-0.0376044738167
momentum_12,48,240,999,-0.0357559006559
reversal_12,12,60,0,0.0457176213131
reversal_12,12,60,1,0.0483488353044
reversal_12,12,60,2,0.0454148704636
reversal_12,12,60,3,0.0419280602055
reversal_12,12,60,4,0.0424460097241
reversal_12,12,60,5,0.0431180487084
reversal_12,12,60,6,0.0386510429864
reversal_12,12,60,7,0.0441340707922
reversal_12,12,60,8,0.0431773133369
reversal_12,12,60,9,0.0496250316034
reversal_12,12,60,10,0.0451984678719
reversal_12,12,60,11,0.0441443088328
reversal_12,12,60,12,0.0433615261759
reversal_12,12,60,13,0.0461627602991
reversal_12,12,60,14,0.0490075279653
reversal_12,12,60,15,0.0419288155752
reversal_12,12,60,16,0.040110130869
reversal_12,12,60,17,0.0386718603475
reversal_12,12,60,18,0.0448808209084
reversal_12,12,60,19,0.0417018872371
reversal_12,12,60,20,0.0446457991502
reversal_12,12,60,21,0.0452279353751
reversal_12,12,60,22,0.0411355839391
reversal_12,12,60,23,0.0425487439548
reversal_12,12,60,24,0.0526043862374
reversal_12,12,60,25,0.0434563103184
reversal_12,12,60,26,0.047245073757
reversal_12,12,60,27,0.0436585725414
reversal_12,12,60,28,0.0384465537934
reversal_12,12,60,29,0.0374131571623
reversal_12,12,60,30,0.0436377743609
reversal_12,12,60,31,0.0429099036264
reversal_12,12,60,32,0.048912754579
reversal_12,12,60,33,0.0400723622204
reversal_12,12,60,34,0.0449300129372
reversal_12,12,60,35,0.040696475789
reversal_12,12,60,36,0.0429375324418
reversal_12,12,60,37,0.0417898712178
reversal_12,12,60,38,0.0519503963473
reversal_12,12,60,39,0.0451536878422
reversal_12,12,60,40,0.0424784008244
reversal_12,12,60,41,0.0364485311854
reversal_12,12,60,42,0.0473281584198
reversal_12,12,60,43,0.0473676822763
reversal_12,12,60,44,0.0395170234129
reversal_12,12,60,45,0.0434870286773
reversal_12,12,60,46,0.0452655328518
reversal_12,12,60,47,0.04716668462
reversal_12,12,60,48,0.0413113970775
reversal_12,12,60,49,0.042744458617
reversal_12,12,60,50,0.0438180254794
reversal_12,12,60,51,0.0450186641292
reversal_12,12,60,52,0.0475304812076
reversal_12,12,60,53,0.0428762041354
reversal_12,12,60,54,0.0431575259286
reversal_12,12,60,55,0.0386852273501
reversal_12,12,60,56,0.0456631696213
reversal_12,12,60,57,0.0434946149011
reversal_12,12,60,58,0.0445786162564
reversal_12,12,60,59,0.0445141853955
reversal_12,12,60,60,0.0448322450933
reversal_12,12,60,61,0.0428283621681
reversal_12,12,60,62,0.0407565739337
reversal_12,12,60,63,0.0482152937339
reversal_12,12,60,64,0.047481429173
reversal_12,12,60,65,0.0435863238171
reversal_12,12,60,66,0.0432887878489
reversal_12,12,60,67,0.0485709380822
reversal_12,12,60,68,0.0430331988268
reversal_12,12,60,69,0.0457260217908
reversal_12,12,60,70,0.0453672888972
reversal_12,12,60,71,0.0415440763116
reversal_12,12,60,72,0.0464715959538
reversal_12,12,60,73,0.0422421951382
reversal_12,12,60,74,0.0413331536037
reversal_12,12,60,75,0.0375604520606
reversal_12,12,60,76,0.0392890285482
reversal_12,12,60,77,0.043389513498
reversal_12,12,60,78,0.0427291681094
reversal_12,12,60,79,0.0436370002732
reversal_12,12,60,80,0.0429085056934
reversal_12,12,60,81,0.0411845842824
reversal_12,12,60,82,0.0467560550957
reversal_12,12,60,83,0.0428930810915
reversal_12,12,60,84,0.0452579089363
reversal_12,12,60,85,0.0474805404042
reversal_12,12,60,86,0.0457580563882
reversal_12,12,60,87,0.0463519290545
reversal_12,12,60,88,0.0428656870097
reversal_12,12,60,89,0.0419721694043
reversal_12,12,60,90,0.0422500991723
reversal_12,12,60,91,0.0454988857166
reversal_12,12,60,92,0.0430119530966
reversal_12,12,60,93,0.0445852270606
reversal_12,12,60,94,0.0485634194598
reversal_12,12,60,95,0.0438358350853
reversal_12,12,60,96,0.0457791029242
reversal_12,12,60,97,0.0449624859253
reversal_12,12,60,98,0.0409308399131
reversal_12,12,60,99,0.0441906024385
reversal_12,12,60,100,0.0443765891785
reversal_12,12,60,101,0.0409197622457
reversal_12,12,60,102,0.0412050650209
reversal_12,12,60,103,0.0504744852129
reversal_12,12,60,104,0.0430137384608
reversal_12,12,60,105,0.0497327280976
reversal_12,12,60,106,0.0473182648417
reversal_12,12,60,107,0.0459676672043
reversal_12,12,60,108,0.0415018338107
reversal_12,12,60,109,0.0436255782294
reversal_12,12,60,110,0.0424733435219
reversal_12,12,60,111,0.0438461197222
reversal_12,12,60,112,0.0445225252004
reversal_12,12,60,113,0.0429241773652
reversal_12,12,60,114,0.0394915918332
reversal_12,12,60,115,0.0434373011083
reversal_12,12,60,116,0.0451889750646
reversal_12,12,60,117,0.0467251173716
reversal_12,12,60,118,0.0425187055139
reversal_12,12,60,119,0.0462491503021
reversal_12,12,60,120,0.0444332256347
reversal_12,12,60,121,0.0428550728562
reversal_12,12,60,122,0.0442944492798
reversal_12,12,60,123,0.0459970930205
reversal_12,12,60,124,0.0411142757455
reversal_12,12,60,125,0.0468275919101
reversal_12,12,60,126,0.044960512693
reversal_12,12,60,127,0.0442092375981
reversal_12,12,60,128,0.0422344737665
reversal_12,12,60,129,0.0447475405686
reversal_12,12,60,130,0.0444640331938
reversal_12,12,60,131,0.052198810474
reversal_12,12,60,132,0.0446288394619
reversal_12,12,60,133,0.0411577966529
reversal_12,12,60,134,0.0515268544396
reversal_12,12,60,135,0.043106274474
reversal_12,12,60,136,0.0461616004561
reversal_12,12,60,137,0.0464929385752
reversal_12,12,60,138,0.0442339064895
reversal_12,12,60,139,0.0436182704555
reversal_12,12,60,140,0.0384529467409
reversal_12,12,60,141,0.0449133273724
reversal_12,12,60,142,0.0437441200772
reversal_12,12,60,143,0.0467180067726
reversal_12,12,60,144,0.0415702935084
reversal_12,12,60,145,0.0379582976974
reversal_12,12,60,146,0.0471395191561
reversal_12,12,60,147,0.0385244819628
reversal_12,12,60,148,0.0383542431868
reversal_12,12,60,149,0.0490586167525
reversal_12,12,60,150,0.0456664411708
reversal_12,12,60,151,0.0507157961832
reversal_12,12,60,152,0.0410787218087
reversal_12,12,60,153,0.0456080739203
reversal_12,12,60,154,0.0422078548032
reversal_12,12,60,155,0.0382285688223
reversal_12,12,60,156,0.0483964068564
reversal_12,12,60,157,0.0424394754112
reversal_12,12,60,158,0.0458174799547
reversal_12,12,60,159,0.042127375749
reversal_12,12,60,160,0.0370227838437
reversal_12,12,60,161,0.0443247721467
reversal_12,12,60,162,0.0381843423596
reversal_12,12,60,163,0.0458307312709
reversal_12,12,60,164,0.0450043497519
reversal_12,12,60,165,0.0469151887542
reversal_12,12,60,166,0.0458373021952
reversal_12,12,60,167,0.0467814942766
reversal_12,12,60,168,0.0383451985263
reversal_12,12,60,169,0.044681103337
reversal_12,12,60,170,0.0484185641815
reversal_12,12,60,171,0.0440817214356
reversal_12,12,60,172,0.0460389422029
reversal_12,12,60,173,0.0480027242409
reversal_12,12,60,174,0.0455869420085
reversal_12,12,60,175,0.0409730780949
reversal_12,12,60,176,0.045330325324
reversal_12,12,60,177,0.0434557704679
reversal_12,12,60,178,0.0415760714168
reversal_12,12,60,179,0.045280414705
reversal_12,12,60,180,0.0478208395682
reversal_12,12,60,181,0.0427187704289
reversal_12,12,60,182,0.0450130028904
reversal_12,12,60,183,0.0389859794967
reversal_12,12,60,184,0.0412769615103
reversal_12,12,60,185,0.0448153288476
reversal_12,12,60,186,0.0444620713676
reversal_12,12,60,187,0.0468721041819
reversal_12,12,60,188,0.0471907018399
reversal_12,12,60,189,0.0441309168351
reversal_12,12,60,190,0.0484549558524
reversal_12,12,60,191,0.0471983206135
reversal_12,12,60,192,0.0394920482749
reversal_12,12,60,193,0.0408663186181
reversal_12,12,60,194,0.0484293340204
reversal_12,12,60,195,0.0477053119361
reversal_12,12,60,196,0.0427999235384
reversal_12,12,60,197,0.0357810971685
reversal_12,12,60,198,0.0489134357668
reversal_12,12,60,199,0.043511260459
reversal_12,12,60,200,0.0411676444535
reversal_12,12,60,201,0.0427342648619
reversal_12,12,60,202,0.0403373992373
reversal_12,12,60,203,0.0499345888895
reversal_12,12,60,204,0.0421849428893
reversal_12,12,60,205,0.0422776027898
reversal_12,12,60,206,0.04258162673
reversal_12,12,60,207,0.0487729597032
reversal_12,12,60,208,0.0456019752873
reversal_12,12,60,209,0.0492217883805
reversal_12,12,60,210,0.0430882997115
reversal_12,12,60,211,0.0403068489623
reversal_12,12,60,212,0.0479482817148
reversal_12,12,60,213,0.0397325280725
reversal_12,12,60,214,0.046176926166
reversal_12,12,60,215,0.0475298206523
reversal_12,12,60,216,0.0473979345781
reversal_12,12,60,217,0.0444228329781
reversal_12,12,60,218,0.038936377296
reversal_12,12,60,219,0.0502275926592
reversal_12,12,60,220,0.0460056712048
reversal_12,12,60,221,0.0436303052518
reversal_12,12,60,222,0.0469704078706
reversal_12,12,60,223,0.042138108726
reversal_12,12,60,224,0.0379908328951
reversal_12,12,60,225,0.0498920859038
reversal_12,12,60,226,0.0440948083388
reversal_12,12,60,227,0.0500888282003
reversal_12,12,60,228,0.0383929093436
reversal_12,12,60,229,0.0378464821889
reversal_12,12,60,230,0.044831609342
reversal_12,12,60,231,0.0424769126359
reversal_12,12,60,232,0.0472571947608
reversal_12,12,60,233,0.0421652560585
reversal_12,12,60,234,0.0421143364715
reversal_12,12,60,235,0.0424254077963
reversal_12,12,60,236,0.0443626324282
reversal_12,12,60,237,0.0410999555666
reversal_12,12,60,238,0.0471406256697
reversal_12,12,60,239,0.0420139842369
reversal_12,12,60,240,0.0475992010851
reversal_12,12,60,241,0.0521307447583
reversal_12,12,60,242,0.0432806946681
reversal_12,12,60,243,0.0474984170871
reversal_12,12,60,244,0.0471750306812
reversal_12,12,60,245,0.0408926266324
reversal_12,12,60,246,0.0484246380844
reversal_12,12,60,247,0.043687158185
reversal_12,12,60,248,0.0491308622183
reversal_12,12,60,249,0.0430072994702
reversal_12,12,60,250,0.0379593848136
reversal_12,12,60,251,0.0454333540892
reversal_12,12,60,252,0.0418666613353
reversal_12,12,60,253,0.0434157348021
reversal_12,12,60,254,0.0448049908212
reversal_12,12,60,255,0.0417672961463
reversal_12,12,60,256,0.0414955532325
reversal_12,12,60,257,0.0400425964166
reversal_12,12,60,258,0.0455046581369
reversal_12,12,60,259,0.0404368556159
reversal_12,12,60,260,0.0420512842692
reversal_12,12,60,261,0.043960869642
reversal_12,12,60,262,0.0526779667019
reversal_12,12,60,263,0.0453924187053
reversal_12,12,60,264,0.0460279230009
reversal_12,12,60,265,0.0396700083788
reversal_12,12,60,266,0.0440132576127
reversal_12,12,60,267,0.0417986314502
reversal_12,12,60,268,0.0433239357926
reversal_12,12,60,269,0.0424581834256
reversal_12,12,60,270,0.0513551644208
reversal_12,12,60,271,0.0447124066929
reversal_12,12,60,272,0.0431581210785
reversal_12,12,60,273,0.0465866518456
reversal_12,12,60,274,0.0521828022139
reversal_12,12,60,275,0.0482030872131
reversal_12,12,60,276,0.0475741221623
reversal_12,12,60,277,0.047044421091
reversal_12,12,60,278,0.0393348836428
reversal_12,12,60,279,0.0376244049309
reversal_12,12,60,280,0.0483495092208
reversal_12,12,60,281,0.0484568899702
reversal_12,12,60,282,0.0413708895151
reversal_12,12,60,283,0.0480114121325
reversal_12,12,60,284,0.0475490934312
reversal_12,12,60,285,0.0435369290467
reversal_12,12,60,286,0.0431023697494
reversal_12,12,60,287,0.0460059082102
reversal_12,12,60,288,0.0398850451052
reversal_12,12,60,289,0.0463236111715
reversal_12,12,60,290,0.0433026035574
reversal_12,12,60,291,0.0406736673494
reversal_12,12,60,292,0.0405148254388
reversal_12,12,60,293,0.0481086075309
reversal_12,12,60,294,0.0438553334796
reversal_12,12,60,295,0.0423382589439
reversal_12,12,60,296,0.0421401931837
reversal_12,12,60,297,0.0410027864201
reversal_12,12,60,298,0.0447287925754
reversal_12,12,60,299,0.0428842853048
reversal_12,12,60,300,0.0473065578362
reversal_12,12,60,301,0.0465781414166
reversal_12,12,60,302,0.0432115814754
reversal_12,12,60,303,0.0371821203948
reversal_12,12,60,304,0.0481729406375
reversal_12,12,60,305,0.0463118371219
reversal_12,12,60,306,0.0429527056339
reversal_12,12,60,307,0.0385380160381
reversal_12,12,60,308,0.0446031909082
reversal_12,12,60,309,0.0465523467791
reversal_12,12,60,310,0.0468380028161
reversal_12,12,60,311,0.0408216939748
reversal_12,12,60,312,0.0492453125934
reversal_12,12,60,313,0.0408640348552
reversal_12,12,60,314,0.0423354575229
reversal_12,12,60,315,0.046429408068
reversal_12,12,60,316,0.0406635920763
reversal_12,12,60,317,0.0430486209015
reversal_12,12,60,318,0.0460546627403
reversal_12,12,60,319,0.0422437197109
reversal_12,12,60,320,0.0446639542577
reversal_12,12,60,321,0.0435462229176
reversal_12,12,60,322,0.0450344084713
reversal_12,12,60,323,0.0446979480295
reversal_12,12,60,324,0.0483019397614
reversal_12,12,60,325,0.0413786979017
reversal_12,12,60,326,0.0501711776851
reversal_12,12,60,327,0.0405844663735
reversal_12,12,60,328,0.0443114267395
reversal_12,12,60,329,0.0467428590719
reversal_12,12,60,330,0.0417917006618
reversal_12,12,60,331,0.045863162795
reversal_12,12,60,332,0.0434184997323
reversal_12,12,60,333,0.0447853776656
reversal_12,12,60,334,0.04108988363
reversal_12,12,60,335,0.0442350325556
reversal_12,12,60,336,0.0448710410023
reversal_12,12,60,337,0.0481277879776
reversal_12,12,60,338,0.0450246854759
reversal_12,12,60,339,0.0443106221384
reversal_12,12,60,340,0.0462294406257
reversal_12,12,60,341,0.0428484043727
reversal_12,12,60,342,0.0388828940421
reversal_12,12,60,343,0.0431279142213
reversal_12,12,60,344,0.0434642906731
reversal_12,12,60,345,0.0424307787845
reversal_12,12,60,346,0.0438120589858
reversal_12,12,60,347,0.0442201629521
reversal_12,12,60,348,0.0432665075294
reversal_12,12,60,349,0.0430843664049
reversal_12,12,60,350,0.0430565867923
reversal_12,12,60,351,0.0416970638881
reversal_12,12,60,352,0.0463643080325
reversal_12,12,60,353,0.0475454377436
reversal_12,12,60,354,0.0435450957759
reversal_12,12,60,355,0.0454204984606
reversal_12,12,60,356,0.0402006821658
reversal_12,12,60,357,0.046338120805
reversal_12,12,60,358,0.0442494211503
reversal_12,12,60,359,0.0466180789379
reversal_12,12,60,360,0.0418489366376
reversal_12,12,60,361,0.0482681498369
reversal_12,12,60,362,0.0423895306496
reversal_12,12,60,363,0.0439318074004
reversal_12,12,60,364,0.0458130994071
reversal_12,12,60,365,0.0433980052802
reversal_12,12,60,366,0.0454392128755
reversal_12,12,60,367,0.0427057567959
reversal_12,12,60,368,0.0461105256808
reversal_12,12,60,369,0.0459666975223
reversal_12,12,60,370,0.0392670060633
reversal_12,12,60,371,0.0452267176001
reversal_12,12,60,372,0.043848098465
reversal_12,12,60,373,0.0397170989324
reversal_12,12,60,374,0.0444266081194
reversal_12,12,60,375,0.0475471520772
reversal_12,12,60,376,0.0396605858538
reversal_12,12,60,377,0.0455498186922
reversal_12,12,60,378,0.0480174793459
reversal_12,12,60,379,0.0436262203645
reversal_12,12,60,380,0.0458723167045
reversal_12,12,60,381,0.0422117394987
reversal_12,12,60,382,0.0443779778539
reversal_12,12,60,383,0.0462947253175
reversal_12,12,60,384,0.0379955809366
reversal_12,12,60,385,0.0486061964526
reversal_12,12,60,386,0.0406298480093
reversal_12,12,60,387,0.0455569208936
reversal_12,12,60,388,0.0426912088424
reversal_12,12,60,389,0.0459664513781
reversal_12,12,60,390,0.0427241328927
reversal_12,12,60,391,0.0459054642086
reversal_12,12,60,392,0.0468043630609
reversal_12,12,60,393,0.0455539441191
reversal_12,12,60,394,0.042522294922
reversal_12,12,60,395,0.0428440015429
reversal_12,12,60,396,0.0462970672104
reversal_12,12,60,397,0.040347546725
reversal_12,12,60,398,0.0426689926526
reversal_12,12,60,399,0.0449131128298
reversal_12,12,60,400,0.0417516110087
reversal_12,12,60,401,0.0407792640577
reversal_12,12,60,402,0.0429558579648
reversal_12,12,60,403,0.0449201849119
reversal_12,12,60,404,0.0447700180601
reversal_12,12,60,405,0.0413774537534
reversal_12,12,60,406,0.0391521207855
reversal_12,12,60,407,0.0449762647456
reversal_12,12,60,408,0.0421525637268
reversal_12,12,60,409,0.0415545617075
reversal_12,12,60,410,0.043423148202
reversal_12,12,60,411,0.0431458984433
reversal_12,12,60,412,0.0439860811885
reversal_12,12,60,413,0.0408731105042
reversal_12,12,60,414,0.0449925554532
reversal_12,12,60,415,0.0424318652022
reversal_12,12,60,416,0.0467904132773
reversal_12,12,60,417,0.0444512336538
reversal_12,12,60,418,0.0473741726892
reversal_12,12,60,419,0.040543841229
reversal_12,12,60,420,0.0414120903405
reversal_12,12,60,421,0.0415657601201
reversal_12,12,60,422,0.0429912016403
reversal_12,12,60,423,0.0426390889145
reversal_12,12,60,424,0.0471855157387
reversal_12,12,60,425,0.0450869644197
reversal_12,12,60,426,0.0430736279848
reversal_12,12,60,427,0.0409998089136
reversal_12,12,60,428,0.0427671132715
reversal_12,12,60,429,0.0408154469308
reversal_12,12,60,430,0.0405283435577
reversal_12,12,60,431,0.039237898041
reversal_12,12,60,432,0.0411572474638
reversal_12,12,60,433,0.0472463346174
reversal_12,12,60,434,0.0495144196172
reversal_12,12,60,435,0.0408053488935
reversal_12,12,60,436,0.046462354419
reversal_12,12,60,437,0.0430876505249
reversal_12,12,60,438,0.0459430689291
reversal_12,12,60,439,0.0377857589463
reversal_12,12,60,440,0.0420896918333
reversal_12,12,60,441,0.0479999124729
reversal_12,12,60,442,0.0495406338977
reversal_12,12,60,443,0.0455292763876
reversal_12,12,60,444,0.0469229780158
reversal_12,12,60,445,0.0439760253937
reversal_12,12,60,446,0.0412376403574
reversal_12,12,60,447,0.0457149886937
reversal_12,12,60,448,0.0415801088016
reversal_12,12,60,449,0.0421309298376
reversal_12,12,60,450,0.0454952666693
reversal_12,12,60,451,0.0419930443968
reversal_12,12,60,452,0.0475881223107
reversal_12,12,60,453,0.0454140529379
reversal_12,12,60,454,0.0395465144145
reversal_12,12,60,455,0.0436112200215
reversal_12,12,60,456,0.0456877877083
reversal_12,12,60,457,0.0439866639954
reversal_12,12,60,458,0.047649207633
reversal_12,12,60,459,0.0479919096991
reversal_12,12,60,460,0.0437604635115
reversal_12,12,60,461,0.0416944996635
reversal_12,12,60,462,0.0435771634028
reversal_12,12,60,463,0.0452406113546
reversal_12,12,60,464,0.0462361569465
reversal_12,12,60,465,0.0379328910306
reversal_12,12,60,466,0.0424555916955
reversal_12,12,60,467,0.0443783854935
reversal_12,12,60,468,0.0474609384183
reversal_12,12,60,469,0.0469375090732
reversal_12,12,60,470,0.0446179141466
reversal_12,12,60,471,0.0388812857841
reversal_12,12,60,472,0.0406984890564
reversal_12,12,60,473,0.0484596383138
reversal_12,12,60,474,0.0478166232346
reversal_12,12,60,475,0.0411316060585
reversal_12,12,60,476,0.0396316286321
reversal_12,12,60,477,0.0486064556928
reversal_12,12,60,478,0.0448162688482
reversal_12,12,60,479,0.0408941969432
reversal_12,12,60,480,0.0486465908928
reversal_12,12,60,481,0.0456777728309
reversal_12,12,60,482,0.0396158321125
reversal_12,12,60,483,0.0437666926042
reversal_12,12,60,484,0.0451051711048
reversal_12,12,60,485,0.0437573464406
reversal_12,12,60,486,0.051174226153
reversal_12,12,60,487,0.0537317384873
reversal_12,12,60,488,0.0451620873621
reversal_12,12,60,489,0.0450089233228
reversal_12,12,60,490,0.0464010117303
reversal_12,12,60,491,0.0440529100912
reversal_12,12,60,492,0.0468588286282
reversal_12,12,60,493,0.0429566698831
reversal_12,12,60,494,0.038711460827
reversal_12,12,60,495,0.0464152267536
reversal_12,12,60,496,0.0500912501788
reversal_12,12,60,497,0.0437925704058
reversal_12,12,60,498,0.0415259441707
reversal_12,12,60,499,0.0399759545057
reversal_12,12,60,500,0.048643353425
reversal_12,12,60,501,0.0416753697284
reversal_12,12,60,502,0.0476625445666
reversal_12,12,60,503,0.041134296839
reversal_12,12,60,504,0.044776024703
reversal_12,12,60,505,0.044947470959
reversal_12,12,60,506,0.0418864770422
reversal_12,12,60,507,0.0437351791923
reversal_12,12,60,508,0.0490357461672
reversal_12,12,60,509,0.0417126130197
reversal_12,12,60,510,0.0451325684408
reversal_12,12,60,511,0.0465278343021
reversal_12,12,60,512,0.0423914896267
reversal_12,12,60,513,0.0428588475094
reversal_12,12,60,514,0.0424165427898
reversal_12,12,60,515,0.0414810897724
reversal_12,12,60,516,0.0468313679672
reversal_12,12,60,517,0.043605195444
reversal_12,12,60,518,0.0352974224213
reversal_12,12,60,519,0.0544713910668
reversal_12,12,60,520,0.0461657809066
reversal_12,12,60,521,0.0430850524216
reversal_12,12,60,522,0.0435129505278
reversal_12,12,60,523,0.0444140904336
reversal_12,12,60,524,0.0414324184305
reversal_12,12,60,525,0.0485604362248
reversal_12,12,60,526,0.0382698422386
reversal_12,12,60,527,0.0469727790251
reversal_12,12,60,528,0.0391358971006
reversal_12,12,60,529,0.0468856023618
reversal_12,12,60,530,0.0400179926111
reversal_12,12,60,531,0.0437222912876
reversal_12,12,60,532,0.0454456031479
reversal_12,12,60,533,0.0447251181786
reversal_12,12,60,534,0.043955123558
reversal_12,12,60,535,0.044912163197
reversal_12,12,60,536,0.0493706180134
reversal_12,12,60,537,0.0447152507638
reversal_12,12,60,538,0.0406841629908
reversal_12,12,60,539,0.0439976435246
reversal_12,12,60,540,0.042819486252
reversal_12,12,60,541,0.0482269532281
reversal_12,12,60,542,0.0408284959484
reversal_12,12,60,543,0.0413180703498
reversal_12,12,60,544,0.0405963439697
reversal_12,12,60,545,0.0401227249433
reversal_12,12,60,546,0.0426376163769
reversal_12,12,60,547,0.0424383480965
reversal_12,12,60,548,0.0498822791405
reversal_12,12,60,549,0.0485503730611
reversal_12,12,60,550,0.0399113437071
reversal_12,12,60,551,0.0453607327683
reversal_12,12,60,552,0.0463454210184
reversal_12,12,60,553,0.0393771448436
reversal_12,12,60,554,0.042087692618
reversal_12,12,60,555,0.041545765708
reversal_12,12,60,556,0.0472261248991
reversal_12,12,60,557,0.043366113541
reversal_12,12,60,558,0.0441371046094
reversal_12,12,60,559,0.0501011399276
reversal_12,12,60,560,0.049117294551
reversal_12,12,60,561,0.0450534839521
reversal_12,12,60,562,0.043920183807
reversal_12,12,60,563,0.0421800224615
reversal_12,12,60,564,0.0473394567501
reversal_12,12,60,565,0.0427017782317
reversal_12,12,60,566,0.0418144352671
reversal_12,12,60,567,0.0407016168389
reversal_12,12,60,568,0.0414121146554
reversal_12,12,60,569,0.0392434962634
reversal_12,12,60,570,0.039909534228
reversal_12,12,60,571,0.0424932894482
reversal_12,12,60,572,0.0408784524501
reversal_12,12,60,573,0.0399629990771
reversal_12,12,60,574,0.038061829743
reversal_12,12,60,575,0.0491960794383
reversal_12,12,60,576,0.0451502174887
reversal_12,12,60,577,0.0473988037856
reversal_12,12,60,578,0.0433243801412
reversal_12,12,60,579,0.0379949235029
reversal_12,12,60,580,0.0437044430785
reversal_12,12,60,581,0.0440865030728
reversal_12,12,60,582,0.0437074244861
reversal_12,12,60,583,0.0399357170522
reversal_12,12,60,584,0.044669098015
reversal_12,12,60,585,0.0473399414509
reversal_12,12,60,586,0.0428816189844
reversal_12,12,60,587,0.0475590027168
reversal_12,12,60,588,0.0477550245684
reversal_12,12,60,589,0.044275557607
reversal_12,12,60,590,0.0415167298433
reversal_12,12,60,591,0.0437953226233
reversal_12,12,60,592,0.0459415569886
reversal_12,12,60,593,0.0451967631455
reversal_12,12,60,594,0.0418876503587
reversal_12,12,60,595,0.0368962425055
reversal_12,12,60,596,0.0460830872539
reversal_12,12,60,597,0.042712944463
reversal_12,12,60,598,0.0402517193196
reversal_12,12,60,599,0.0416390198174
reversal_12,12,60,600,0.0506673476808
reversal_12,12,60,601,0.0404048245786
reversal_12,12,60,602,0.0423805002135
reversal_12,12,60,603,0.0436717466443
reversal_12,12,60,604,0.0448919606995
reversal_12,12,60,605,0.0436610238827
reversal_12,12,60,606,0.0454969483464
reversal_12,12,60,607,0.0435667021521
reversal_12,12,60,608,0.042654895211
reversal_12,12,60,609,0.0430462965379
reversal_12,12,60,610,0.0448154632526
reversal_12,12,60,611,0.0486380660765
reversal_12,12,60,612,0.0485180427605
reversal_12,12,60,613,0.0406940331469
reversal_12,12,60,614,0.0409358289945
reversal_12,12,60,615,0.0398078737766
reversal_12,12,60,616,0.0433991598358
reversal_12,12,60,617,0.0411887824576
reversal_12,12,60,618,0.0445715445394
reversal_12,12,60,619,0.0432229127586
reversal_12,12,60,620,0.0381003011991
reversal_12,12,60,621,0.0473462942483
reversal_12,12,60,622,0.0437329113838
reversal_12,12,60,623,0.0465858401085
reversal_12,12,60,624,0.0450239356835
reversal_12,12,60,625,0.0422409624668
reversal_12,12,60,626,0.040156811296
reversal_12,12,60,627,0.0453485574131
reversal_12,12,60,628,0.0447954026009
reversal_12,12,60,629,0.0369884844507
reversal_12,12,60,630,0.0451419903813
reversal_12,12,60,631,0.0453323174987
reversal_12,12,60,632,0.0454354572532
reversal_12,12,60,633,0.04590258006
reversal_12,12,60,634,0.0388378128703
reversal_12,12,60,635,0.0520301151221
reversal_12,12,60,636,0.0413234701031
reversal_12,12,60,637,0.0486856065942
reversal_12,12,60,638,0.0493119410123
reversal_12,12,60,639,0.0446950391765
reversal_12,12,60,640,0.0412009784844
reversal_12,12,60,641,0.0402641487065
reversal_12,12,60,642,0.0475710452551
reversal_12,12,60,643,0.0394223025932
reversal_12,12,60,644,0.0407701390414
reversal_12,12,60,645,0.0473342548283
reversal_12,12,60,646,0.0436164472811
reversal_12,12,60,647,0.0454250667017
reversal_12,12,60,648,0.0395702794362
reversal_12,12,60,649,0.0478318691116
reversal_12,12,60,650,0.0426156745257
reversal_12,12,60,651,0.0449512972514
reversal_12,12,60,652,0.0426605259278
reversal_12,12,60,653,0.0424118013718
reversal_12,12,60,654,0.0480435680777
reversal_12,12,60,655,0.0431648186144
reversal_12,12,60,656,0.0396962129346
reversal_12,12,60,657,0.0409668220602
reversal_12,12,60,658,0.0475896931088
reversal_12,12,60,659,0.0434520436528
reversal_12,12,60,660,0.0433504252634
reversal_12,12,60,661,0.046905856808
reversal_12,12,60,662,0.0442624517308
reversal_12,12,60,663,0.0420989607564
reversal_12,12,60,664,0.0448532575029
reversal_12,12,60,665,0.042422533749
reversal_12,12,60,666,0.0443611602257
reversal_12,12,60,667,0.0439882478763
reversal_12,12,60,668,0.0431234303426
reversal_12,12,60,669,0.0392164216564
reversal_12,12,60,670,0.0453211484829
reversal_12,12,60,671,0.0412265632637
reversal_12,12,60,672,0.0416311452764
reversal_12,12,60,673,0.0431376645029
reversal_12,12,60,674,0.0378278452118
reversal_12,12,60,675,0.0405609226218
reversal_12,12,60,676,0.0487993866452
reversal_12,12,60,677,0.042521077046
reversal_12,12,60,678,0.038804810357
reversal_12,12,60,679,0.0466268918483
reversal_12,12,60,680,0.043389248982
reversal_12,12,60,681,0.0399070605969
reversal_12,12,60,682,0.0434512725087
reversal_12,12,60,683,0.0414426261143
reversal_12,12,60,684,0.0454595437908
reversal_12,12,60,685,0.0431792617339
reversal_12,12,60,686,0.0443885989824
reversal_12,12,60,687,0.0345333992152
reversal_12,12,60,688,0.0436743147798
reversal_12,12,60,689,0.0402397136979
reversal_12,12,60,690,0.0482666510611
reversal_12,12,60,691,0.0385350961491
reversal_12,12,60,692,0.0419091921628
reversal_12,12,60,693,0.0412002128507
reversal_12,12,60,694,0.0422086273721
reversal_12,12,60,695,0.0451701473067
reversal_12,12,60,696,0.0405474247382
reversal_12,12,60,697,0.0436020961903
reversal_12,12,60,698,0.0396173666689
reversal_12,12,60,699,0.045259521747
reversal_12,12,60,700,0.0383371214474
reversal_12,12,60,701,0.0405152865611
reversal_12,12,60,702,0.0393913560339
reversal_12,12,60,703,0.0498014481345
reversal_12,12,60,704,0.050356217094
reversal_12,12,60,705,0.0466230455611
reversal_12,12,60,706,0.0424305241053
reversal_12,12,60,707,0.0496378190685
reversal_12,12,60,708,0.0453954974222
reversal_12,12,60,709,0.0422177079552
reversal_12,12,60,710,0.0413542897915
reversal_12,12,60,711,0.0464571164476
reversal_12,12,60,712,0.0408116516754
reversal_12,12,60,713,0.0419828786093
reversal_12,12,60,714,0.0475316742087
reversal_12,12,60,715,0.0354381802458
reversal_12,12,60,716,0.046941784567
reversal_12,12,60,717,0.040454819664
reversal_12,12,60,718,0.0425228926549
reversal_12,12,60,719,0.0428206885602
reversal_12,12,60,720,0.0458624928578
reversal_12,12,60,721,0.0441263406002
reversal_12,12,60,722,0.0478936727744
reversal_12,12,60,723,0.0459730381993
reversal_12,12,60,724,0.0448071474613
reversal_12,12,60,725,0.0407274426834
reversal_12,12,60,726,0.0445088220227
reversal_12,12,60,727,0.042855843629
reversal_12,12,60,728,0.0422063587563
reversal_12,12,60,729,0.0431752855041
reversal_12,12,60,730,0.0440059781347
reversal_12,12,60,731,0.0400165084024
reversal_12,12,60,732,0.0495014951351
reversal_12,12,60,733,0.0482415729982
reversal_12,12,60,734,0.0417977904193
reversal_12,12,60,735,0.0496186743856
reversal_12,12,60,736,0.0425954145678
reversal_12,12,60,737,0.0449608758578
reversal_12,12,60,738,0.0369690882086
reversal_12,12,60,739,0.0421476093481
reversal_12,12,60,740,0.0470990667374
reversal_12,12,60,741,0.0486776588877
reversal_12,12,60,742,0.0483264746905
reversal_12,12,60,743,0.0465989916776
reversal_12,12,60,744,0.0467278754053
reversal_12,12,60,745,0.0453353148696
reversal_12,12,60,746,0.0407726794431
reversal_12,12,60,747,0.0410152621213
reversal_12,12,60,748,0.0487862991971
reversal_12,12,60,749,0.0467451913313
reversal_12,12,60,750,0.0494357031836
reversal_12,12,60,751,0.0440428358815
reversal_12,12,60,752,0.0447952594842
reversal_12,12,60,753,0.0471172968839
reversal_12,12,60,754,0.040729369723
reversal_12,12,60,755,0.0421831506028
reversal_12,12,60,756,0.0432045054496
reversal_12,12,60,757,0.0465679779254
reversal_12,12,60,758,0.0424301676558
reversal_12,12,60,759,0.0459290214906
reversal_12,12,60,760,0.0524643856284
reversal_12,12,60,761,0.0379665784472
reversal_12,12,60,762,0.0416076877453
reversal_12,12,60,763,0.0416391109738
reversal_12,12,60,764,0.0409761989709
reversal_12,12,60,765,0.042239522618
reversal_12,12,60,766,0.0481527950698
reversal_12,12,60,767,0.0383575812821
reversal_12,12,60,768,0.0436478217946
reversal_12,12,60,769,0.0403047360396
reversal_12,12,60,770,0.0435969767874
reversal_12,12,60,771,0.0407544514416
reversal_12,12,60,772,0.0453866004712
reversal_12,12,60,773,0.0438944489081
reversal_12,12,60,774,0.0431730858168
reversal_12,12,60,775,0.0444924888292
reversal_12,12,60,776,0.0432180479106
reversal_12,12,60,777,0.0470855748998
reversal_12,12,60,778,0.0443944892123
reversal_12,12,60,779,0.0424870929841
reversal_12,12,60,780,0.046984750487
reversal_12,12,60,781,0.0463249312476
reversal_12,12,60,782,0.0390931156143
reversal_12,12,60,783,0.0409088473741
reversal_12,12,60,784,0.0418869831982
reversal_12,12,60,785,0.0437839919518
reversal_12,12,60,786,0.0374456405722
reversal_12,12,60,787,0.0415139617151
reversal_12,12,60,788,0.0426222611623
reversal_12,12,60,789,0.0431314223881
reversal_12,12,60,790,0.0399045730808
reversal_12,12,60,791,0.046172284628
reversal_12,12,60,792,0.0469293680773
reversal_12,12,60,793,0.0423715490719
reversal_12,12,60,794,0.0425501422741
reversal_12,12,60,795,0.0445064598751
reversal_12,12,60,796,0.0475477172567
reversal_12,12,60,797,0.0458253473138
reversal_12,12,60,798,0.0457439307974
reversal_12,12,60,799,0.0443963386899
reversal_12,12,60,800,0.0372759136413
reversal_12,12,60,801,0.0492590009104
reversal_12,12,60,802,0.0421749617676
reversal_12,12,60,803,0.0470566901766
reversal_12,12,60,804,0.0418700501106
reversal_12,12,60,805,0.0402289047743
reversal_12,12,60,806,0.0432663953911
reversal_12,12,60,807,0.0421313856881
reversal_12,12,60,808,0.0454179343806
reversal_12,12,60,809,0.0393425320511
reversal_12,12,60,810,0.0432402499467
reversal_12,12,60,811,0.0434724156137
reversal_12,12,60,812,0.0465361866966
reversal_12,12,60,813,0.0414606330473
reversal_12,12,60,814,0.0491062923756
reversal_12,12,60,815,0.0505425731137
reversal_12,12,60,816,0.0436847524127
reversal_12,12,60,817,0.0428691060986
reversal_12,12,60,818,0.0435320634559
reversal_12,12,60,819,0.0391940427871
reversal_12,12,60,820,0.0415304229135
reversal_12,12,60,821,0.0390194926369
reversal_12,12,60,822,0.044439494721
reversal_12,12,60,823,0.0472040077671
reversal_12,12,60,824,0.0506052049807
reversal_12,12,60,825,0.0478005513552
reversal_12,12,60,826,0.0471540529265
reversal_12,12,60,827,0.0392660883318
reversal_12,12,60,828,0.0471757096467
reversal_12,12,60,829,0.0516789660327
reversal_12,12,60,830,0.0419151905344
reversal_12,12,60,831,0.0480014576853
reversal_12,12,60,832,0.0461486363992
reversal_12,12,60,833,0.0420483782095
reversal_12,12,60,834,0.0442376255845
reversal_12,12,60,835,0.0454148063006
reversal_12,12,60,836,0.0446517696598
reversal_12,12,60,837,0.0447182505079
reversal_12,12,60,838,0.0430602192422
reversal_12,12,60,839,0.04381089779
reversal_12,12,60,840,0.0441023806061
reversal_12,12,60,841,0.043225953413
reversal_12,12,60,842,0.0428708254944
reversal_12,12,60,843,0.0439214610604
reversal_12,12,60,844,0.0420342361563
reversal_12,12,60,845,0.0446619648871
reversal_12,12,60,846,0.0440334020276
reversal_12,12,60,847,0.0409377420352
reversal_12,12,60,848,0.0461584287959
reversal_12,12,60,849,0.0411805965378
reversal_12,12,60,850,0.0395015158449
reversal_12,12,60,851,0.0432040079712
reversal_12,12,60,852,0.0425413648509
reversal_12,12,60,853,0.0419222987748
reversal_12,12,60,854,0.0453616146478
reversal_12,12,60,855,0.05021287089
reversal_12,12,60,856,0.0408724368836
reversal_12,12,60,857,0.0496802045902
reversal_12,12,60,858,0.0444835874884
reversal_12,12,60,859,0.0432814388864
reversal_12,12,60,860,0.0407611542082
reversal_12,12,60,861,0.0428782762907
reversal_12,12,60,862,0.0426664916528
reversal_12,12,60,863,0.044337358044
reversal_12,12,60,864,0.0445090081467
reversal_12,12,60,865,0.0456679992861
reversal_12,12,60,866,0.0486435775673
reversal_12,12,60,867,0.0463123853346
reversal_12,12,60,868,0.0383661840682
reversal_12,12,60,869,0.0411142034486
reversal_12,12,60,870,0.043450092001
reversal_12,12,60,871,0.0427005280124
reversal_12,12,60,872,0.0416199106313
reversal_12,12,60,873,0.0414175076948
reversal_12,12,60,874,0.0412694107035
reversal_12,12,60,875,0.0432367225296
reversal_12,12,60,876,0.0346680411885
reversal_12,12,60,877,0.0402857408815
reversal_12,12,60,878,0.0468021061252
reversal_12,12,60,879,0.0430030285999
reversal_12,12,60,880,0.0452175096022
reversal_12,12,60,881,0.0483858329096
reversal_12,12,60,882,0.0382228089004
reversal_12,12,60,883,0.0418725824198
reversal_12,12,60,884,0.042420243746
reversal_12,12,60,885,0.0391587046118
reversal_12,12,60,886,0.0428989126886
reversal_12,12,60,887,0.0503502548127
reversal_12,12,60,888,0.0407879980784
reversal_12,12,60,889,0.0443418331331
reversal_12,12,60,890,0.0390951117591
reversal_12,12,60,891,0.0508986278058
reversal_12,12,60,892,0.0390656959709
reversal_12,12,60,893,0.0430986798083
reversal_12,12,60,894,0.046191676891
reversal_12,12,60,895,0.0444948838734
reversal_12,12,60,896,0.0435503137335
reversal_12,12,60,897,0.0411929595932
reversal_12,12,60,898,0.0444584331698
reversal_12,12,60,899,0.0462400953157
reversal_12,12,60,900,0.0464675352599
reversal_12,12,60,901,0.0415967128519
reversal_12,12,60,902,0.0431690928794
reversal_12,12,60,903,0.0413627773508
reversal_12,12,60,904,0.0420640059998
reversal_12,12,60,905,0.0463039535155
reversal_12,12,60,906,0.044531240085
reversal_12,12,60,907,0.0412581090169
reversal_12,12,60,908,0.0473376329739
reversal_12,12,60,909,0.0428214754755
reversal_12,12,60,910,0.0427991711977
reversal_12,12,60,911,0.0485762548197
reversal_12,12,60,912,0.0424213332806
reversal_12,12,60,913,0.0451414198345
reversal_12,12,60,914,0.043457524132
reversal_12,12,60,915,0.0459730402594
reversal_12,12,60,916,0.0470779700658
reversal_12,12,60,917,0.0458196552386
reversal_12,12,60,918,0.043452989505
reversal_12,12,60,919,0.0499322652206
reversal_12,12,60,920,0.0491618912378
reversal_12,12,60,921,0.0498546493565
reversal_12,12,60,922,0.0436483944258
reversal_12,12,60,923,0.0418848204389
reversal_12,12,60,924,0.0373610626354
reversal_12,12,60,925,0.042334153257
reversal_12,12,60,926,0.0388895593938
reversal_12,12,60,927,0.0424571806792
reversal_12,12,60,928,0.046077371886
reversal_12,12,60,929,0.0470948952629
reversal_12,12,60,930,0.0399755335695
reversal_12,12,60,931,0.0408238763601
reversal_12,12,60,932,0.0390493678308
reversal_12,12,60,933,0.0477165287938
reversal_12,12,60,934,0.0440504022569
reversal_12,12,60,935,0.0469131919065
reversal_12,12,60,936,0.0437146572002
reversal_12,12,60,937,0.0499083455405
reversal_12,12,60,938,0.0477712921659
reversal_12,12,60,939,0.0461637821024
reversal_12,12,60,940,0.04100160579
reversal_12,12,60,941,0.0429320979565
reversal_12,12,60,942,0.0445850070873
reversal_12,12,60,943,0.0441730032907
reversal_12,12,60,944,0.0444797454756
reversal_12,12,60,945,0.0396087347298
reversal_12,12,60,946,0.045605916948
reversal_12,12,60,947,0.0372144105835
reversal_12,12,60,948,0.0454859300265
reversal_12,12,60,949,0.0418971885194
reversal_12,12,60,950,0.0448194204383
reversal_12,12,60,951,0.0433080853664
reversal_12,12,60,952,0.0472549123486
reversal_12,12,60,953,0.0440908686842
reversal_12,12,60,954,0.0420863670683
reversal_12,12,60,955,0.0431497254695
reversal_12,12,60,956,0.0412938834346
reversal_12,12,60,957,0.0436287037773
reversal_12,12,60,958,0.0429474252911
reversal_12,12,60,959,0.0420078451334
reversal_12,12,60,960,0.0453705609204
reversal_12,12,60,961,0.043086433725
reversal_12,12,60,962,0.0411504714365
reversal_12,12,60,963,0.04103366137
reversal_12,12,60,964,0.0445029067175
reversal_12,12,60,965,0.0389023211325
reversal_12,12,60,966,0.0416364613787
reversal_12,12,60,967,0.0427630744253
reversal_12,12,60,968,0.0406086890711
reversal_12,12,60,969,0.0402943240533
reversal_12,12,60,970,0.0415149502281
reversal_12,12,60,971,0.040677703161
reversal_12,12,60,972,0.0449617759896
reversal_12,12,60,973,0.04112106523
reversal_12,12,60,974,0.0472835745804
reversal_12,12,60,975,0.0420734714079
reversal_12,12,60,976,0.0457573557759
reversal_12,12,60,977,0.046310320541
reversal_12,12,60,978,0.0445101564029
reversal_12,12,60,979,0.0450375664254
reversal_12,12,60,980,0.0456270940053
reversal_12,12,60,981,0.0468013597355
reversal_12,12,60,982,0.0463879227461
reversal_12,12,60,983,0.0439151999398
reversal_12,12,60,984,0.0379958565127
reversal_12,12,60,985,0.0440025987198
reversal_12,12,60,986,0.0472727257686
reversal_12,12,60,987,0.0417022127956
reversal_12,12,60,988,0.0462253587466
reversal_12,12,60,989,0.0478947308104
reversal_12,12,60,990,0.0426918998616
reversal_12,12,60,991,0.0423289313607
reversal_12,12,60,992,0.0450734911646
reversal_12,12,60,993,0.0446043884102
reversal_12,12,60,994,0.0396906352554
reversal_12,12,60,995,0.0486235214463
reversal_12,12,60,996,0.0378611675796
reversal_12,12,60,997,0.0402468911749
reversal_12,12,60,998,0.0466675573429
reversal_12,12,60,999,0.0471311431615
reversal_12,24,120,0,0.0401823379849
reversal_12,24,120,1,0.046294319391
reversal_12,24,120,2,0.0403529068007
reversal_12,24,120,3,0.0462126500491
reversal_12,24,120,4,0.0511584351633
reversal_12,24,120,5,0.0457061890365
reversal_12,24,120,6,0.0438768825945
reversal_12,24,120,7,0.045376853925
reversal_12,24,120,8,0.0415753470919
reversal_12,24,120,9,0.0407146744591
reversal_12,24,120,10,0.0465887064105
reversal_12,24,120,11,0.0438343417888
reversal_12,24,120,12,0.0462428384263
reversal_12,24,120,13,0.0442301133793
reversal_12,24,120,14,0.0431912524052
reversal_12,24,120,15,0.0456769433098
reversal_12,24,120,16,0.0461314251418
reversal_12,24,120,17,0.0435627909658
reversal_12,24,120,18,0.0420420391305
reversal_12,24,120,19,0.0472206166081
reversal_12,24,120,20,0.0463994571682
reversal_12,24,120,21,0.0429333552607
reversal_12,24,120,22,0.0418731711613
reversal_12,24,120,23,0.0430888021991
reversal_12,24,120,24,0.037708445082
reversal_12,24,120,25,0.0433762450017
reversal_12,24,120,26,0.0378843870705
reversal_12,24,120,27,0.0510612715362
reversal_12,24,120,28,0.0388547692524
reversal_12,24,120,29,0.0426750169793
reversal_12,24,120,30,0.0394310992318
reversal_12,24,120,31,0.0427195516905
reversal_12,24,120,32,0.0442935064067
reversal_12,24,120,33,0.0479393871818
reversal_12,24,120,34,0.0460936753335
reversal_12,24,120,35,0.0429886067348
reversal_12,24,120,36,0.0480527983777
reversal_12,24,120,37,0.0458842038049
reversal_12,24,120,38,0.0405935910291
reversal_12,24,120,39,0.0437814686377
reversal_12,24,120,40,0.0424414176148
reversal_12,24,120,41,0.0427961222585
reversal_12,24,120,42,0.042730898554
reversal_12,24,120,43,0.0458741417787
reversal_12,24,120,44,0.044832519425
reversal_12,24,120,45,0.0439312386285
reversal_12,24,120,46,0.0444887980643
reversal_12,24,120,47,0.0402463469019
reversal_12,24,120,48,0.0458448451417
reversal_12,24,120,49,0.0474403624004
reversal_12,24,120,50,0.0482957925418
reversal_12,24,120,51,0.0453820427664
reversal_12,24,120,52,0.0438534082391
reversal_12,24,120,53,0.0389299327885
reversal_12,24,120,54,0.0447295246252
reversal_12,24,120,55,0.0452503998857
reversal_12,24,120,56,0.0447232082175
reversal_12,24,120,57,0.0497467720504
reversal_12,24,120,58,0.0427139739235
reversal_12,24,120,59,0.0460287830126
reversal_12,24,120,60,0.0461488395235
reversal_12,24,120,61,0.0420612564473
reversal_12,24,120,62,0.0437214949496
reversal_12,24,120,63,0.0405541416014
reversal_12,24,120,64,0.0430966033728
reversal_12,24,120,65,0.0429021263244
reversal_12,24,120,66,0.0489852800394
reversal_12,24,120,67,0.0505641935368
reversal_12,24,120,68,0.0382900393843
reversal_12,24,120,69,0.0455320863869
reversal_12,24,120,70,0.0393610797887
reversal_12,24,120,71,0.041444869404
reversal_12,24,120,72,0.0469900500381
reversal_12,24,120,73,0.0462842083011
reversal_12,24,120,74,0.0419838460658
reversal_12,24,120,75,0.0434830010346
reversal_12,24,120,76,0.0436484499677
reversal_12,24,120,77,0.0379033795718
reversal_12,24,120,78,0.0446123793839
reversal_12,24,120,79,0.0455578566606
reversal_12,24,120,80,0.0380656923658
reversal_12,24,120,81,0.0420152869428
reversal_12,24,120,82,0.0422476541012
reversal_12,24,120,83,0.0463414012246
reversal_12,24,120,84,0.0489414075489
reversal_12,24,120,85,0.0447977970859
reversal_12,24,120,86,0.0440846985176
reversal_12,24,120,87,0.0402955739425
reversal_12,24,120,88,0.0392114651125
reversal_12,24,120,89,0.0442869739889
reversal_12,24,120,90,0.0406230440665
reversal_12,24,120,91,0.0461337001187
reversal_12,24,120,92,0.0435699420478
reversal_12,24,120,93,0.0430555047969
reversal_12,24,120,94,0.0401950125281
reversal_12,24,120,95,0.0448782779275
reversal_12,24,120,96,0.0439432023633
reversal_12,24,120,97,0.0392507130766
reversal_12,24,120,98,0.0460553276779
reversal_12,24,120,99,0.0485674506965
reversal_12,24,120,100,0.0441596010617
reversal_12,24,120,101,0.0426237544571
reversal_12,24,120,102,0.0438745449776
reversal_12,24,120,103,0.0384462341316
reversal_12,24,120,104,0.0437514363757
reversal_12,24,120,105,0.0472762719439
reversal_12,24,120,106,0.0384482678983
reversal_12,24,120,107,0.0434499760641
reversal_12,24,120,108,0.0442067132418
reversal_12,24,120,109,0.0434378660107
reversal_12,24,120,110,0.0434061595876
reversal_12,24,120,111,0.0459316487375
reversal_12,24,120,112,0.0493833131839
reversal_12,24,120,113,0.0436589196623
reversal_12,24,120,114,0.0393994244217
reversal_12,24,120,115,0.0455133059602
reversal_12,24,120,116,0.0453638785193
reversal_12,24,120,117,0.0408877770129
reversal_12,24,120,118,0.0398198067059
reversal_12,24,120,119,0.0407367520422
reversal_12,24,120,120,0.0416859779136
reversal_12,24,120,121,0.0386056582702
reversal_12,24,120,122,0.0439700166223
reversal_12,24,120,123,0.0404996209482
reversal_12,24,120,124,0.0390937390706
reversal_12,24,120,125,0.0391621524885
reversal_12,24,120,126,0.0463268626971
reversal_12,24,120,127,0.0431009696667
reversal_12,24,120,128,0.040035140141
reversal_12,24,120,129,0.0461130536932
reversal_12,24,120,130,0.0412873842013
reversal_12,24,120,131,0.043470349811
reversal_12,24,120,132,0.0450128537682
reversal_12,24,120,133,0.0462039554743
reversal_12,24,120,134,0.0447346722307
reversal_12,24,120,135,0.0478313124606
reversal_12,24,120,136,0.0429697850001
reversal_12,24,120,137,0.0436721589814
reversal_12,24,120,138,0.0496724857661
reversal_12,24,120,139,0.0449991057502
reversal_12,24,120,140,0.0430989386885
reversal_12,24,120,141,0.0458073061589
reversal_12,24,120,142,0.0535258848122
reversal_12,24,120,143,0.0465415762871
reversal_12,24,120,144,0.0434291258339
reversal_12,24,120,145,0.0490076047638
reversal_12,24,120,146,0.0444656155436
reversal_12,24,120,147,0.0459992304738
reversal_12,24,120,148,0.0413814189934
reversal_12,24,120,149,0.040608673274
reversal_12,24,120,150,0.0464484997546
reversal_12,24,120,151,0.044243905609
reversal_12,24,120,152,0.0477151265837
reversal_12,24,120,153,0.0491043406964
reversal_12,24,120,154,0.0471154771195
reversal_12,24,120,155,0.0409689442945
reversal_12,24,120,156,0.0403553521586
reversal_12,24,120,157,0.050099102786
reversal_12,24,120,158,0.0437928452841
reversal_12,24,120,159,0.0431853590613
reversal_12,24,120,160,0.0481065286144
reversal_12,24,120,161,0.0457421230559
reversal_12,24,120,162,0.0439808512811
reversal_12,24,120,163,0.0384352314037
reversal_12,24,120,164,0.0486914757654
reversal_12,24,120,165,0.0447101450302
reversal_12,24,120,166,0.0417483856928
reversal_12,24,120,167,0.0418397620699
reversal_12,24,120,168,0.0469496223496
reversal_12,24,120,169,0.0506194933057
reversal_12,24,120,170,0.0444754846996
reversal_12,24,120,171,0.0447060275703
reversal_12,24,120,172,0.0500562409332
reversal_12,24,120,173,0.0491279398859
reversal_12,24,120,174,0.0479706200507
reversal_12,24,120,175,0.0444562004655
reversal_12,24,120,176,0.0396907665773
reversal_12,24,120,177,0.0484180733183
reversal_12,24,120,178,0.0498167330831
reversal_12,24,120,179,0.0465635305994
reversal_12,24,120,180,0.0430098499544
reversal_12,24,120,181,0.0413946146211
reversal_12,24,120,182,0.0393815461959
reversal_12,24,120,183,0.0393889156985
reversal_12,24,120,184,0.0424004411951
reversal_12,24,120,185,0.0469988691182
reversal_12,24,120,186,0.049617197354
reversal_12,24,120,187,0.0418171375487
reversal_12,24,120,188,0.0395025370411
reversal_12,24,120,189,0.0488452448756
reversal_12,24,120,190,0.0446936396736
reversal_12,24,120,191,0.0385204782073
reversal_12,24,120,192,0.0452242900135
reversal_12,24,120,193,0.0495642158
reversal_12,24,120,194,0.0473052348419
reversal_12,24,120,195,0.0416636472654
reversal_12,24,120,196,0.0407216559357
reversal_12,24,120,197,0.0393071414739
reversal_12,24,120,198,0.0490835752299
reversal_12,24,120,199,0.0481697559538
reversal_12,24,120,200,0.0450128272536
reversal_12,24,120,201,0.0483220574192
reversal_12,24,120,202,0.0467646249782
reversal_12,24,120,203,0.0427200669711
reversal_12,24,120,204,0.041189753059
reversal_12,24,120,205,0.0449095642832
reversal_12,24,120,206,0.0471458931561
reversal_12,24,120,207,0.0478541861277
reversal_12,24,120,208,0.0403398818103
reversal_12,24,120,209,0.0431321179587
reversal_12,24,120,210,0.0397856151606
reversal_12,24,120,211,0.0437652684222
reversal_12,24,120,212,0.0464446748288
reversal_12,24,120,213,0.0511779106182
reversal_12,24,120,214,0.038526810965
reversal_12,24,120,215,0.0451504543269
reversal_12,24,120,216,0.0432460684536
reversal_12,24,120,217,0.039478648286
reversal_12,24,120,218,0.0468724642546
reversal_12,24,120,219,0.04344652707
reversal_12,24,120,220,0.0396228777822
reversal_12,24,120,221,0.0490460385532
reversal_12,24,120,222,0.0413088180027
reversal_12,24,120,223,0.049108453798
reversal_12,24,120,224,0.0473530244402
reversal_12,24,120,225,0.0459207560753
reversal_12,24,120,226,0.0398477615457
reversal_12,24,120,227,0.0440229520341
reversal_12,24,120,228,0.0455360269207
reversal_12,24,120,229,0.0448008272302
reversal_12,24,120,230,0.0473538179216
reversal_12,24,120,231,0.0474617251689
reversal_12,24,120,232,0.0474283025908
reversal_12,24,120,233,0.0461977732418
reversal_12,24,120,234,0.0423112222987
reversal_12,24,120,235,0.0399744695268
reversal_12,24,120,236,0.0460283362357
reversal_12,24,120,237,0.0502917953895
reversal_12,24,120,238,0.0437050191076
reversal_12,24,120,239,0.0486454561544
reversal_12,24,120,240,0.042588814724
reversal_12,24,120,241,0.0456717216124
reversal_12,24,120,242,0.0547509170066
reversal_12,24,120,243,0.0433543725665
reversal_12,24,120,244,0.0470502611691
reversal_12,24,120,245,0.0439707273906
reversal_12,24,120,246,0.0444039409276
reversal_12,24,120,247,0.0478297845351
reversal_12,24,120,248,0.04924556236
reversal_12,24,120,249,0.0434744376576
reversal_12,24,120,250,0.0421482511046
reversal_12,24,120,251,0.037962302781
reversal_12,24,120,252,0.0430492590763
reversal_12,24,120,253,0.0431044013785
reversal_12,24,120,254,0.0424338235824
reversal_12,24,120,255,0.0420389496374
reversal_12,24,120,256,0.0419999971591
reversal_12,24,120,257,0.046155688942
reversal_12,24,120,258,0.040537041224
reversal_12,24,120,259,0.0405803959839
reversal_12,24,120,260,0.041278939265
reversal_12,24,120,261,0.042587938065
reversal_12,24,120,262,0.0480839568426
reversal_12,24,120,263,0.0477503395519
reversal_12,24,120,264,0.0427408061968
reversal_12,24,120,265,0.0422253080308
reversal_12,24,120,266,0.050501198171
reversal_12,24,120,267,0.0394748352623
reversal_12,24,120,268,0.0449239994261
reversal_12,24,120,269,0.0436241575851
reversal_12,24,120,270,0.043377582688
reversal_12,24,120,271,0.0453836417804
reversal_12,24,120,272,0.0425843933588
reversal_12,24,120,273,0.0381956827452
reversal_12,24,120,274,0.0468822683671
reversal_12,24,120,275,0.048478476999
reversal_12,24,120,276,0.038602096038
reversal_12,24,120,277,0.0457979273361
reversal_12,24,120,278,0.0413026846148
reversal_12,24,120,279,0.0423744554387
reversal_12,24,120,280,0.0402220581398
reversal_12,24,120,281,0.0425209589423
reversal_12,24,120,282,0.0431538330358
reversal_12,24,120,283,0.0448749121002
reversal_12,24,120,284,0.0452289943811
reversal_12,24,120,285,0.0455377856034
reversal_12,24,120,286,0.0480002192037
reversal_12,24,120,287,0.0370527192348
reversal_12,24,120,288,0.0412105575301
reversal_12,24,120,289,0.0430266126995
reversal_12,24,120,290,0.0423654643832
reversal_12,24,120,291,0.0439782026075
reversal_12,24,120,292,0.0449107047228
reversal_12,24,120,293,0.0441039275137
reversal_12,24,120,294,0.0435895772282
reversal_12,24,120,295,0.048142633646
reversal_12,24,120,296,0.0415470364883
reversal_12,24,120,297,0.0431959211889
reversal_12,24,120,298,0.044914087133
reversal_12,24,120,299,0.042018659047
reversal_12,24,120,300,0.0493500133308
reversal_12,24,120,301,0.0486841865316
reversal_12,24,120,302,0.0412391489937
reversal_12,24,120,303,0.042609988299
reversal_12,24,120,304,0.0413108140015
reversal_12,24,120,305,0.044551494451
reversal_12,24,120,306,0.0460246469156
reversal_12,24,120,307,0.0520131537302
reversal_12,24,120,308,0.0469511828268
reversal_12,24,120,309,0.0405865015174
reversal_12,24,120,310,0.0440726828509
reversal_12,24,120,311,0.0398142725176
reversal_12,24,120,312,0.0482298347443
reversal_12,24,120,313,0.0452491719726
reversal_12,24,120,314,0.0418004030139
reversal_12,24,120,315,0.0437267403236
reversal_12,24,120,316,0.04546109793
reversal_12,24,120,317,0.0447036468311
reversal_12,24,120,318,0.0408563790991
reversal_12,24,120,319,0.0420629125233
reversal_12,24,120,320,0.0427329545397
reversal_12,24,120,321,0.0470220636655
reversal_12,24,120,322,0.038174707426
reversal_12,24,120,323,0.0425092571767
reversal_12,24,120,324,0.043514250754
reversal_12,24,120,325,0.0409394021505
reversal_12,24,120,326,0.0411802172558
reversal_12,24,120,327,0.0470684313709
reversal_12,24,120,328,0.0451803604283
reversal_12,24,120,329,0.0446390634949
reversal_12,24,120,330,0.0404991873195
reversal_12,24,120,331,0.048107277152
reversal_12,24,120,332,0.0409144711717
reversal_12,24,120,333,0.0399380305915
reversal_12,24,120,334,0.0450675957054
reversal_12,24,120,335,0.0416667488773
reversal_12,24,120,336,0.0439929115848
reversal_12,24,120,337,0.044458747229
reversal_12,24,120,338,0.0482149878752
reversal_12,24,120,339,0.0440412405563
reversal_12,24,120,340,0.0423087710744
reversal_12,24,120,341,0.0458215943994
reversal_12,24,120,342,0.0404501600577
reversal_12,24,120,343,0.0451225262
reversal_12,24,120,344,0.0438659786837
reversal_12,24,120,345,0.0466087365849
reversal_12,24,120,346,0.0438301893202
reversal_12,24,120,347,0.0482622318644
reversal_12,24,120,348,0.0430254406246
reversal_12,24,120,349,0.0428863382405
reversal_12,24,120,350,0.0432385156644
reversal_12,24,120,351,0.0403265941732
reversal_12,24,120,352,0.0430620310033
reversal_12,24,120,353,0.0461672781411
reversal_12,24,120,354,0.0412327064339
reversal_12,24,120,355,0.0400780009905
reversal_12,24,120,356,0.0498811083837
reversal_12,24,120,357,0.0392527369636
reversal_12,24,120,358,0.0434131275269
reversal_12,24,120,359,0.0473057298228
reversal_12,24,120,360,0.0497600589633
reversal_12,24,120,361,0.0454202475195
reversal_12,24,120,362,0.0457916443958
reversal_12,24,120,363,0.043146003733
reversal_12,24,120,364,0.0446379664838
reversal_12,24,120,365,0.0417054395214
reversal_12,24,120,366,0.0446685367052
reversal_12,24,120,367,0.0422363739935
reversal_12,24,120,368,0.0473806090172
reversal_12,24,120,369,0.0428340941691
reversal_12,24,120,370,0.0472616149164
reversal_12,24,120,371,0.0473229862415
reversal_12,24,120,372,0.0444893019472
reversal_12,24,120,373,0.0506920007749
reversal_12,24,120,374,0.0431738304441
reversal_12,24,120,375,0.0459301269869
reversal_12,24,120,376,0.0475462680374
reversal_12,24,120,377,0.0406969369326
reversal_12,24,120,378,0.0390785266959
reversal_12,24,120,379,0.0428151993184
reversal_12,24,120,380,0.0456124113322
reversal_12,24,120,381,0.0428668714145
reversal_12,24,120,382,0.044479195235
reversal_12,24,120,383,0.0482461712056
reversal_12,24,120,384,0.0472115593249
reversal_12,24,120,385,0.0468644541095
reversal_12,24,120,386,0.0469952920397
reversal_12,24,120,387,0.0424282001252
reversal_12,24,120,388,0.0435223756481
reversal_12,24,120,389,0.041561117434
reversal_12,24,120,390,0.0472139602241
reversal_12,24,120,391,0.0467214843386
reversal_12,24,120,392,0.0456390225068
reversal_12,24,120,393,0.0398896837357
reversal_12,24,120,394,0.0376918394603
reversal_12,24,120,395,0.0518087657311
reversal_12,24,120,396,0.0386554999616
reversal_12,24,120,397,0.0504405366345
reversal_12,24,120,398,0.0470202220443
reversal_12,24,120,399,0.0376161948656
reversal_12,24,120,400,0.0362826892223
reversal_12,24,120,401,0.0432315869169
reversal_12,24,120,402,0.0457914830231
reversal_12,24,120,403,0.0463001383745
reversal_12,24,120,404,0.0434912891365
reversal_12,24,120,405,0.0440702218328
reversal_12,24,120,406,0.0486178535067
reversal_12,24,120,407,0.0522531691693
reversal_12,24,120,408,0.0462317915024
reversal_12,24,120,409,0.04675289503
reversal_12,24,120,410,0.0328013495161
reversal_12,24,120,411,0.0446860482814
reversal_12,24,120,412,0.0414618109114
reversal_12,24,120,413,0.0530382532985
reversal_12,24,120,414,0.0424755592988
reversal_12,24,120,415,0.0423382664698
reversal_12,24,120,416,0.0455892176691
reversal_12,24,120,417,0.0449826049703
reversal_12,24,120,418,0.043374029781
reversal_12,24,120,419,0.0455175693285
reversal_12,24,120,420,0.0429291328413
reversal_12,24,120,421,0.044307010527
reversal_12,24,120,422,0.0454506815855
reversal_12,24,120,423,0.0460951660673
reversal_12,24,120,424,0.0399553255596
reversal_12,24,120,425,0.0452005880704
reversal_12,24,120,426,0.0534679508331
reversal_12,24,120,427,0.0515435706355
reversal_12,24,120,428,0.0431190827876
reversal_12,24,120,429,0.0396694358923
reversal_12,24,120,430,0.042305698265
reversal_12,24,120,431,0.0402780722878
reversal_12,24,120,432,0.0438108800986
reversal_12,24,120,433,0.0492084440777
reversal_12,24,120,434,0.0404992862844
reversal_12,24,120,435,0.0460477725717
reversal_12,24,120,436,0.0456017430279
reversal_12,24,120,437,0.0440681580246
reversal_12,24,120,438,0.0433931915953
reversal_12,24,120,439,0.0394000773053
reversal_12,24,120,440,0.0451731920221
reversal_12,24,120,441,0.0454842299054
reversal_12,24,120,442,0.0483346332533
reversal_12,24,120,443,0.0492262801518
reversal_12,24,120,444,0.043731859487
reversal_12,24,120,445,0.0417911437627
reversal_12,24,120,446,0.0456235406231
reversal_12,24,120,447,0.0421857669127
reversal_12,24,120,448,0.0438306869882
reversal_12,24,120,449,0.0412200814544
reversal_12,24,120,450,0.0476464827896
reversal_12,24,120,451,0.0450885913365
reversal_12,24,120,452,0.0431950309287
reversal_12,24,120,453,0.0481115456933
reversal_12,24,120,454,0.0453546974308
reversal_12,24,120,455,0.0531653909332
reversal_12,24,120,456,0.0413384764883
reversal_12,24,120,457,0.0421797300803
reversal_12,24,120,458,0.0441737520447
reversal_12,24,120,459,0.0439760290817
reversal_12,24,120,460,0.0446273331359
reversal_12,24,120,461,0.0474393104014
reversal_12,24,120,462,0.0470822524072
reversal_12,24,120,463,0.0438478764753
reversal_12,24,120,464,0.0422716082541
reversal_12,24,120,465,0.0433815828067
reversal_12,24,120,466,0.0444024994536
reversal_12,24,120,467,0.04240359447
reversal_12,24,120,468,0.0463700941193
reversal_12,24,120,469,0.0434042510583
reversal_12,24,120,470,0.0444149571395
reversal_12,24,120,471,0.0463592709794
reversal_12,24,120,472,0.0536264004962
reversal_12,24,120,473,0.0439953678142
reversal_12,24,120,474,0.0431035483794
reversal_12,24,120,475,0.0465441211667
reversal_12,24,120,476,0.0446333755584
reversal_12,24,120,477,0.0481877138814
reversal_12,24,120,478,0.0469602489332
reversal_12,24,120,479,0.0432246522351
reversal_12,24,120,480,0.0380620301913
reversal_12,24,120,481,0.0431243920673
reversal_12,24,120,482,0.0438852067991
reversal_12,24,120,483,0.040202170739
reversal_12,24,120,484,0.0468177512113
reversal_12,24,120,485,0.0458039376335
reversal_12,24,120,486,0.0448961238464
reversal_12,24,120,487,0.04211600576
reversal_12,24,120,488,0.0418742215453
reversal_12,24,120,489,0.046100587991
reversal_12,24,120,490,0.0446316380589
reversal_12,24,120,491,0.0366552560057
reversal_12,24,120,492,0.0399389118483
reversal_12,24,120,493,0.0443376935192
reversal_12,24,120,494,0.0477583519943
reversal_12,24,120,495,0.0487423086537
reversal_12,24,120,496,0.045247056389
reversal_12,24,120,497,0.0455186536255
reversal_12,24,120,498,0.0461963277811
reversal_12,24,120,499,0.0398400238467
reversal_12,24,120,500,0.0507463009228
reversal_12,24,120,501,0.0395322301248
reversal_12,24,120,502,0.0472991550317
reversal_12,24,120,503,0.041229773203
reversal_12,24,120,504,0.0485332927523
reversal_12,24,120,505,0.0417555745981
reversal_12,24,120,506,0.04529470632
reversal_12,24,120,507,0.0454486780843
reversal_12,24,120,508,0.0382619843683
reversal_12,24,120,509,0.0378340092637
reversal_12,24,120,510,0.0441088784346
reversal_12,24,120,511,0.0457614855115
reversal_12,24,120,512,0.0414307186894
reversal_12,24,120,513,0.0466522443712
reversal_12,24,120,514,0.0448436548203
reversal_12,24,120,515,0.046466142565
reversal_12,24,120,516,0.0388711553377
reversal_12,24,120,517,0.0468610239039
reversal_12,24,120,518,0.0476442730776
reversal_12,24,120,519,0.0479022121954
reversal_12,24,120,520,0.0365765576358
reversal_12,24,120,521,0.0470387133407
reversal_12,24,120,522,0.03997687955
reversal_12,24,120,523,0.0414302562601
reversal_12,24,120,524,0.0369221976102
reversal_12,24,120,525,0.0434937559252
reversal_12,24,120,526,0.0451688210558
reversal_12,24,120,527,0.0430109610084
reversal_12,24,120,528,0.0443242584667
reversal_12,24,120,529,0.0513325164372
reversal_12,24,120,530,0.0429949793023
reversal_12,24,120,531,0.0403570289932
reversal_12,24,120,532,0.0472274800047
reversal_12,24,120,533,0.0359036183023
reversal_12,24,120,534,0.0447708227433
reversal_12,24,120,535,0.0404533667117
reversal_12,24,120,536,0.0376500615087
reversal_12,24,120,537,0.0439802743575
reversal_12,24,120,538,0.0414359578683
reversal_12,24,120,539,0.046785818722
reversal_12,24,120,540,0.0457580900997
reversal_12,24,120,541,0.0500314301553
reversal_12,24,120,542,0.0401537619354
reversal_12,24,120,543,0.0455559096846
reversal_12,24,120,544,0.0418404110028
reversal_12,24,120,545,0.0451263448965
reversal_12,24,120,546,0.0604346408112
reversal_12,24,120,547,0.04285262984
reversal_12,24,120,548,0.0422529786763
reversal_12,24,120,549,0.041036652404
reversal_12,24,120,550,0.0387320836271
reversal_12,24,120,551,0.0471152712316
reversal_12,24,120,552,0.0431803491505
reversal_12,24,120,553,0.0374242252101
reversal_12,24,120,554,0.0403533050718
reversal_12,24,120,555,0.0388124591781
reversal_12,24,120,556,0.0445412588363
reversal_12,24,120,557,0.0416996667214
reversal_12,24,120,558,0.0431855088436
reversal_12,24,120,559,0.0384336871804
reversal_12,24,120,560,0.0489132640967
reversal_12,24,120,561,0.0479948421336
reversal_12,24,120,562,0.0390277274205
reversal_12,24,120,563,0.0413652386613
reversal_12,24,120,564,0.0464533084843
reversal_12,24,120,565,0.0485592455214
reversal_12,24,120,566,0.0400244491704
reversal_12,24,120,567,0.0467270189509
reversal_12,24,120,568,0.0466618673571
reversal_12,24,120,569,0.0404324315618
reversal_12,24,120,570,0.0453525823982
reversal_12,24,120,571,0.0570922388011
reversal_12,24,120,572,0.0401207416968
reversal_12,24,120,573,0.0406358731181
reversal_12,24,120,574,0.0407325200375
reversal_12,24,120,575,0.0437858916031
reversal_12,24,120,576,0.0430397808008
reversal_12,24,120,577,0.0466813837653
reversal_12,24,120,578,0.0441459936088
reversal_12,24,120,579,0.0480258080603
reversal_12,24,120,580,0.0414531910934
reversal_12,24,120,581,0.046570670815
reversal_12,24,120,582,0.0446950786495
reversal_12,24,120,583,0.0473962451639
reversal_12,24,120,584,0.0462931842318
reversal_12,24,120,585,0.0447105711902
reversal_12,24,120,586,0.039677645111
reversal_12,24,120,587,0.0483464644068
reversal_12,24,120,588,0.0403792320915
reversal_12,24,120,589,0.0490684219104
reversal_12,24,120,590,0.0477550568529
reversal_12,24,120,591,0.0380792249368
reversal_12,24,120,592,0.0440436465576
reversal_12,24,120,593,0.0351398005265
reversal_12,24,120,594,0.042547266277
reversal_12,24,120,595,0.046518103871
reversal_12,24,120,596,0.0448958674725
reversal_12,24,120,597,0.0448357234906
reversal_12,24,120,598,0.0440987164593
reversal_12,24,120,599,0.0364144173116
reversal_12,24,120,600,0.0443349989464
reversal_12,24,120,601,0.0443050780625
reversal_12,24,120,602,0.0460133901732
reversal_12,24,120,603,0.0462736334148
reversal_12,24,120,604,0.045894986627
reversal_12,24,120,605,0.0424699830772
reversal_12,24,120,606,0.0420489439169
reversal_12,24,120,607,0.0436994865461
reversal_12,24,120,608,0.0439617488407
reversal_12,24,120,609,0.0423762084867
reversal_12,24,120,610,0.0439510866208
reversal_12,24,120,611,0.0370084935989
reversal_12,24,120,612,0.0423030042593
reversal_12,24,120,613,0.0389316881217
reversal_12,24,120,614,0.0409796102915
reversal_12,24,120,615,0.0437526669964
reversal_12,24,120,616,0.0455575444601
reversal_12,24,120,617,0.0453726672772
reversal_12,24,120,618,0.0439329310068
reversal_12,24,120,619,0.0465846308067
reversal_12,24,120,620,0.0454092584022
reversal_12,24,120,621,0.043635350771
reversal_12,24,120,622,0.0471830312164
reversal_12,24,120,623,0.0433570490356
reversal_12,24,120,624,0.0450339443683
reversal_12,24,120,625,0.0439478341749
reversal_12,24,120,626,0.0397660869344
reversal_12,24,120,627,0.0447338940754
reversal_12,24,120,628,0.0488261387835
reversal_12,24,120,629,0.0450760437865
reversal_12,24,120,630,0.0380736555115
reversal_12,24,120,631,0.0462511062021
reversal_12,24,120,632,0.0487345417473
reversal_12,24,120,633,0.043025919075
reversal_12,24,120,634,0.0471061360346
reversal_12,24,120,635,0.0514754149909
reversal_12,24,120,636,0.0483733763644
reversal_12,24,120,637,0.0412170997324
reversal_12,24,120,638,0.0491404844514
reversal_12,24,120,639,0.0459197170435
reversal_12,24,120,640,0.0432655338034
reversal_12,24,120,641,0.0407976203498
reversal_12,24,120,642,0.0415859408258
reversal_12,24,120,643,0.0438315523985
reversal_12,24,120,644,0.0403535285583
reversal_12,24,120,645,0.0405376838583
reversal_12,24,120,646,0.0348552820505
reversal_12,24,120,647,0.040156158441
reversal_12,24,120,648,0.0436181411513
reversal_12,24,120,649,0.0444885924093
reversal_12,24,120,650,0.0434971397452
reversal_12,24,120,651,0.0396980085139
reversal_12,24,120,652,0.0348284911622
reversal_12,24,120,653,0.0456205732154
reversal_12,24,120,654,0.0450046980949
reversal_12,24,120,655,0.0443132172516
reversal_12,24,120,656,0.0487970738703
reversal_12,24,120,657,0.0473729062522
reversal_12,24,120,658,0.0448549086741
reversal_12,24,120,659,0.0431400815983
reversal_12,24,120,660,0.0457554919507
reversal_12,24,120,661,0.0392072238272
reversal_12,24,120,662,0.0432636888083
reversal_12,24,120,663,0.0399707300098
reversal_12,24,120,664,0.0446146465239
reversal_12,24,120,665,0.0442019787988
reversal_12,24,120,666,0.0471930881127
reversal_12,24,120,667,0.0478972088725
reversal_12,24,120,668,0.0433532285474
reversal_12,24,120,669,0.0399076229886
reversal_12,24,120,670,0.0457404568476
reversal_12,24,120,671,0.039722517068
reversal_12,24,120,672,0.048092054926
reversal_12,24,120,673,0.0441085582446
reversal_12,24,120,674,0.0465444377881
reversal_12,24,120,675,0.0358562094721
reversal_12,24,120,676,0.0437585977596
reversal_12,24,120,677,0.0392898450939
reversal_12,24,120,678,0.0433611468531
reversal_12,24,120,679,0.041921149891
reversal_12,24,120,680,0.0450732124071
reversal_12,24,120,681,0.0443645950756
reversal_12,24,120,682,0.0419949721309
reversal_12,24,120,683,0.0507899847516
reversal_12,24,120,684,0.0480902536811
reversal_12,24,120,685,0.0384434549665
reversal_12,24,120,686,0.0434340166093
reversal_12,24,120,687,0.0408998921742
reversal_12,24,120,688,0.040626927995
reversal_12,24,120,689,0.0406864435099
reversal_12,24,120,690,0.0423403981577
reversal_12,24,120,691,0.0478065743924
reversal_12,24,120,692,0.0437865165066
reversal_12,24,120,693,0.0476669777219
reversal_12,24,120,694,0.0414180430846
reversal_12,24,120,695,0.043516754801
reversal_12,24,120,696,0.0431303957074
reversal_12,24,120,697,0.0448973187613
reversal_12,24,120,698,0.0458163770519
reversal_12,24,120,699,0.0462608672342
reversal_12,24,120,700,0.0457140685336
reversal_12,24,120,701,0.0434997384283
reversal_12,24,120,702,0.0457244859003
reversal_12,24,120,703,0.0406278307823
reversal_12,24,120,704,0.0418783691518
reversal_12,24,120,705,0.0446528395613
reversal_12,24,120,706,0.0473605229389
reversal_12,24,120,707,0.0432360462827
reversal_12,24,120,708,0.0442598250035
reversal_12,24,120,709,0.0462488099569
reversal_12,24,120,710,0.0391227154848
reversal_12,24,120,711,0.0511586273918
reversal_12,24,120,712,0.0390944432026
reversal_12,24,120,713,0.0402629995158
reversal_12,24,120,714,0.0465792740694
reversal_12,24,120,715,0.0465701941754
reversal_12,24,120,716,0.04424742843
reversal_12,24,120,717,0.0428239090313
reversal_12,24,120,718,0.05143155359
reversal_12,24,120,719,0.0441014178652
reversal_12,24,120,720,0.0426270667561
reversal_12,24,120,721,0.0532070961969
reversal_12,24,120,722,0.0405625551405
reversal_12,24,120,723,0.0466856754614
reversal_12,24,120,724,0.0394354267275
reversal_12,24,120,725,0.0468117863779
reversal_12,24,120,726,0.0450725664561
reversal_12,24,120,727,0.0409500840525
reversal_12,24,120,728,0.0423384578504
reversal_12,24,120,729,0.045513283618
reversal_12,24,120,730,0.0480458450176
reversal_12,24,120,731,0.0440142399644
reversal_12,24,120,732,0.0449808287986
reversal_12,24,120,733,0.0412129155799
reversal_12,24,120,734,0.0370492862675
reversal_12,24,120,735,0.0461139981192
reversal_12,24,120,736,0.0388161199961
reversal_12,24,120,737,0.0378207180113
reversal_12,24,120,738,0.0457479704589
reversal_12,24,120,739,0.0393409607284
reversal_12,24,120,740,0.0463856325098
reversal_12,24,120,741,0.0481151269058
reversal_12,24,120,742,0.048668769557
reversal_12,24,120,743,0.0435415411296
reversal_12,24,120,744,0.0453291735706
reversal_12,24,120,745,0.0457893680213
reversal_12,24,120,746,0.0455407136298
reversal_12,24,120,747,0.0450362280146
reversal_12,24,120,748,0.0420619142582
reversal_12,24,120,749,0.0481807214389
reversal_12,24,120,750,0.0412445922879
reversal_12,24,120,751,0.0410634865228
reversal_12,24,120,752,0.0470060689056
reversal_12,24,120,753,0.0484882702835
reversal_12,24,120,754,0.0480491478381
reversal_12,24,120,755,0.041663518976
reversal_12,24,120,756,0.0454788069039
reversal_12,24,120,757,0.0409181242493
reversal_12,24,120,758,0.0414708561832
reversal_12,24,120,759,0.0425099958076
reversal_12,24,120,760,0.0454775703097
reversal_12,24,120,761,0.0470907916652
reversal_12,24,120,762,0.0394815555563
reversal_12,24,120,763,0.0448306200458
reversal_12,24,120,764,0.0446197242143
reversal_12,24,120,765,0.0492747356987
reversal_12,24,120,766,0.0460549010914
reversal_12,24,120,767,0.0469135382438
reversal_12,24,120,768,0.0415033510576
reversal_12,24,120,769,0.04308144289
reversal_12,24,120,770,0.0432463350646
reversal_12,24,120,771,0.0395038781178
reversal_12,24,120,772,0.0389257399923
reversal_12,24,120,773,0.0460118380076
reversal_12,24,120,774,0.0440818540133
reversal_12,24,120,775,0.0392363483621
reversal_12,24,120,776,0.0437533821899
reversal_12,24,120,777,0.0431290414257
reversal_12,24,120,778,0.0461312889147
reversal_12,24,120,779,0.0451128490385
reversal_12,24,120,780,0.0457298460056
reversal_12,24,120,781,0.0423934825596
reversal_12,24,120,782,0.045417373562
reversal_12,24,120,783,0.0377346771882
reversal_12,24,120,784,0.0384296849377
reversal_12,24,120,785,0.0390896575856
reversal_12,24,120,786,0.0503008035897
reversal_12,24,120,787,0.04608922355
reversal_12,24,120,788,0.0442372476658
reversal_12,24,120,789,0.0407258273995
reversal_12,24,120,790,0.0439934642182
reversal_12,24,120,791,0.0420178208333
reversal_12,24,120,792,0.0372132988649
reversal_12,24,120,793,0.0454817759563
reversal_12,24,120,794,0.0438537251266
reversal_12,24,120,795,0.0451281350357
reversal_12,24,120,796,0.0423865446945
reversal_12,24,120,797,0.0485419990992
reversal_12,24,120,798,0.0402248092008
reversal_12,24,120,799,0.0356494440322
reversal_12,24,120,800,0.0488779800177
reversal_12,24,120,801,0.0462923804068
reversal_12,24,120,802,0.035115233438
reversal_12,24,120,803,0.0428596825601
reversal_12,24,120,804,0.0390257397887
reversal_12,24,120,805,0.0462281469362
reversal_12,24,120,806,0.0369525477136
reversal_12,24,120,807,0.0445117441558
reversal_12,24,120,808,0.0397208715806
reversal_12,24,120,809,0.0355751859123
reversal_12,24,120,810,0.0481416542941
reversal_12,24,120,811,0.0484374340073
reversal_12,24,120,812,0.0433083172879
reversal_12,24,120,813,0.0489004950861
reversal_12,24,120,814,0.0446712394004
reversal_12,24,120,815,0.0426456709471
reversal_12,24,120,816,0.038124366072
reversal_12,24,120,817,0.0429588709649
reversal_12,24,120,818,0.0402533561035
reversal_12,24,120,819,0.0446656957566
reversal_12,24,120,820,0.0464468783249
reversal_12,24,120,821,0.042601560143
reversal_12,24,120,822,0.0428345962674
reversal_12,24,120,823,0.0438081678788
reversal_12,24,120,824,0.0479033879555
reversal_12,24,120,825,0.0408113353822
reversal_12,24,120,826,0.0385468613478
reversal_12,24,120,827,0.0460217186147
reversal_12,24,120,828,0.0409861568379
reversal_12,24,120,829,0.0444019249486
reversal_12,24,120,830,0.0497646304493
reversal_12,24,120,831,0.0416104215509
reversal_12,24,120,832,0.0435899215216
reversal_12,24,120,833,0.0408805889546
reversal_12,24,120,834,0.040568355915
reversal_12,24,120,835,0.0457163322801
reversal_12,24,120,836,0.0484363250046
reversal_12,24,120,837,0.0447375186024
reversal_12,24,120,838,0.0479637513325
reversal_12,24,120,839,0.0476501479306
reversal_12,24,120,840,0.0412069089424
reversal_12,24,120,841,0.0433123323561
reversal_12,24,120,842,0.0461086549964
reversal_12,24,120,843,0.0435139139972
reversal_12,24,120,844,0.0451263131271
reversal_12,24,120,845,0.0403960240063
reversal_12,24,120,846,0.0428711955952
reversal_12,24,120,847,0.0359783772228
reversal_12,24,120,848,0.0386642890109
reversal_12,24,120,849,0.0392355064617
reversal_12,24,120,850,0.0426532947998
reversal_12,24,120,851,0.0467268371141
reversal_12,24,120,852,0.0423511223926
reversal_12,24,120,853,0.0462625481992
reversal_12,24,120,854,0.0434935840145
reversal_12,24,120,855,0.0440228419488
reversal_12,24,120,856,0.0430317766369
reversal_12,24,120,857,0.0442060561826
reversal_12,24,120,858,0.037875434304
reversal_12,24,120,859,0.0420912772889
reversal_12,24,120,860,0.0468034427606
reversal_12,24,120,861,0.0425397072456
reversal_12,24,120,862,0.0453107822677
reversal_12,24,120,863,0.0444159994958
reversal_12,24,120,864,0.0428235981425
reversal_12,24,120,865,0.0457766271517
reversal_12,24,120,866,0.0435876522888
reversal_12,24,120,867,0.0461057996816
reversal_12,24,120,868,0.0409858811187
reversal_12,24,120,869,0.0358707077967
reversal_12,24,120,870,0.0410710369527
reversal_12,24,120,871,0.0459255597003
reversal_12,24,120,872,0.0459397495415
reversal_12,24,120,873,0.0466562112897
reversal_12,24,120,874,0.0419738001821
reversal_12,24,120,875,0.0435296658285
reversal_12,24,120,876,0.039691352705
reversal_12,24,120,877,0.0458374267946
reversal_12,24,120,878,0.0443368615766
reversal_12,24,120,879,0.0405922150392
reversal_12,24,120,880,0.0461691234797
reversal_12,24,120,881,0.0458282591878
reversal_12,24,120,882,0.0418795827193
reversal_12,24,120,883,0.0450244108651
reversal_12,24,120,884,0.0443644750833
reversal_12,24,120,885,0.0437917176761
reversal_12,24,120,886,0.04461044131
reversal_12,24,120,887,0.0472956170052
reversal_12,24,120,888,0.0405786494432
reversal_12,24,120,889,0.0438546341515
reversal_12,24,120,890,0.0470252893262
reversal_12,24,120,891,0.0516702300823
reversal_12,24,120,892,0.0485698510187
reversal_12,24,120,893,0.0430096547928
reversal_12,24,120,894,0.0419146076491
reversal_12,24,120,895,0.0419017726189
reversal_12,24,120,896,0.0458123133028
reversal_12,24,120,897,0.0461511120241
reversal_12,24,120,898,0.0448569554312
reversal_12,24,120,899,0.0426729564501
reversal_12,24,120,900,0.045407020304
reversal_12,24,120,901,0.0389166705521
reversal_12,24,120,902,0.0427561594305
reversal_12,24,120,903,0.0452215700253
reversal_12,24,120,904,0.0474670231066
reversal_12,24,120,905,0.0389523936783
reversal_12,24,120,906,0.0488083138336
reversal_12,24,120,907,0.0457405368092
reversal_12,24,120,908,0.0418662341699
reversal_12,24,120,909,0.0417950030555
reversal_12,24,120,910,0.0425403759773
reversal_12,24,120,911,0.0359946837621
reversal_12,24,120,912,0.0455651154752
reversal_12,24,120,913,0.0471969056884
reversal_12,24,120,914,0.0458720269339
reversal_12,24,120,915,0.0468929153023
reversal_12,24,120,916,0.0386187410206
reversal_12,24,120,917,0.0419467380095
reversal_12,24,120,918,0.0443501486599
reversal_12,24,120,919,0.0441599164575
reversal_12,24,120,920,0.0388605873506
reversal_12,24,120,921,0.0419883668943
reversal_12,24,120,922,0.0437256789174
reversal_12,24,120,923,0.0384912805829
reversal_12,24,120,924,0.0468026460461
reversal_12,24,120,925,0.0446445257101
reversal_12,24,120,926,0.0443468413684
reversal_12,24,120,927,0.0459467549652
reversal_12,24,120,928,0.0533549560006
reversal_12,24,120,929,0.0442899256652
reversal_12,24,120,930,0.0423655892958
reversal_12,24,120,931,0.0389082080177
reversal_12,24,120,932,0.0466121856323
reversal_12,24,120,933,0.042391622869
reversal_12,24,120,934,0.0462914626864
reversal_12,24,120,935,0.042571856009
reversal_12,24,120,936,0.0418608064375
reversal_12,24,120,937,0.0402754788995
reversal_12,24,120,938,0.0427945182501
reversal_12,24,120,939,0.0439464634583
reversal_12,24,120,940,0.0409723561142
reversal_12,24,120,941,0.0415927361527
reversal_12,24,120,942,0.0456228284343
reversal_12,24,120,943,0.0421044970378
reversal_12,24,120,944,0.0440625655673
reversal_12,24,120,945,0.0438821402507
reversal_12,24,120,946,0.0409997691555
reversal_12,24,120,947,0.0458948157237
reversal_12,24,120,948,0.0460620041397
reversal_12,24,120,949,0.0432548233427
reversal_12,24,120,950,0.0434630863536
reversal_12,24,120,951,0.0454875836686
reversal_12,24,120,952,0.0414211992455
reversal_12,24,120,953,0.0479371564085
reversal_12,24,120,954,0.0400034950694
reversal_12,24,120,955,0.0404434412009
reversal_12,24,120,956,0.0499419780954
reversal_12,24,120,957,0.048387968903
reversal_12,24,120,958,0.0445558112771
reversal_12,24,120,959,0.0451016938845
reversal_12,24,120,960,0.0450114413116
reversal_12,24,120,961,0.0442423430235
reversal_12,24,120,962,0.0485020497428
reversal_12,24,120,963,0.0538166623177
reversal_12,24,120,964,0.0423452217373
reversal_12,24,120,965,0.0428873149184
reversal_12,24,120,966,0.0428752254034
reversal_12,24,120,967,0.0433407092958
reversal_12,24,120,968,0.0449763540525
reversal_12,24,120,969,0.0465384558229
reversal_12,24,120,970,0.0441202670567
reversal_12,24,120,971,0.0368257407491
reversal_12,24,120,972,0.0455810469275
reversal_12,24,120,973,0.047760923078
reversal_12,24,120,974,0.0378736249446
reversal_12,24,120,975,0.0461361048317
reversal_12,24,120,976,0.0392727710518
reversal_12,24,120,977,0.0462128329282
reversal_12,24,120,978,0.0423168189302
reversal_12,24,120,979,0.0463874904241
reversal_12,24,120,980,0.0385391501844
reversal_12,24,120,981,0.0454657234219
reversal_12,24,120,982,0.0444218266914
reversal_12,24,120,983,0.0378266821107
reversal_12,24,120,984,0.0437229281596
reversal_12,24,120,985,0.0457518894021
reversal_12,24,120,986,0.0466012423038
reversal_12,24,120,987,0.0417302729447
reversal_12,24,120,988,0.0462115480771
reversal_12,24,120,989,0.0499220847004
reversal_12,24,120,990,0.040819810254
reversal_12,24,120,991,0.0463904021489
reversal_12,24,120,992,0.0420777776347
reversal_12,24,120,993,0.0491920075086
reversal_12,24,120,994,0.0465249962433
reversal_12,24,120,995,0.0436464342571
reversal_12,24,120,996,0.0454571880106
reversal_12,24,120,997,0.0421803048907
reversal_12,24,120,998,0.0410573274655
reversal_12,24,120,999,0.0416332170527
reversal_12,48,240,0,0.0456409979218
reversal_12,48,240,1,0.0457305657592
reversal_12,48,240,2,0.0410899118457
reversal_12,48,240,3,0.046123808039
reversal_12,48,240,4,0.0407096651683
reversal_12,48,240,5,0.0398984901104
reversal_12,48,240,6,0.0488718110842
reversal_12,48,240,7,0.0436033362882
reversal_12,48,240,8,0.0449123402231
reversal_12,48,240,9,0.045969138548
reversal_12,48,240,10,0.0392085858086
reversal_12,48,240,11,0.0413020907166
reversal_12,48,240,12,0.0457747716391
reversal_12,48,240,13,0.0458642921519
reversal_12,48,240,14,0.0433653968191
reversal_12,48,240,15,0.0468719578363
reversal_12,48,240,16,0.0411711958615
reversal_12,48,240,17,0.0450045173404
reversal_12,48,240,18,0.039548062336
reversal_12,48,240,19,0.0375349357328
reversal_12,48,240,20,0.0484288051312
reversal_12,48,240,21,0.049079011616
reversal_12,48,240,22,0.0446329361092
reversal_12,48,240,23,0.0448255961955
reversal_12,48,240,24,0.0483640796447
reversal_12,48,240,25,0.0468278715419
reversal_12,48,240,26,0.0389310589432
reversal_12,48,240,27,0.0443424876046
reversal_12,48,240,28,0.0509461322579
reversal_12,48,240,29,0.0553874986277
reversal_12,48,240,30,0.0464853662177
reversal_12,48,240,31,0.0429286404262
reversal_12,48,240,32,0.0463054897786
reversal_12,48,240,33,0.0469253866582
reversal_12,48,240,34,0.0448099374869
reversal_12,48,240,35,0.0439787719443
reversal_12,48,240,36,0.0426617666852
reversal_12,48,240,37,0.0392615621735
reversal_12,48,240,38,0.0496836968865
reversal_12,48,240,39,0.046086372786
reversal_12,48,240,40,0.0470886716225
reversal_12,48,240,41,0.0437322596711
reversal_12,48,240,42,0.0430500762113
reversal_12,48,240,43,0.0417145667454
reversal_12,48,240,44,0.0385535412956
reversal_12,48,240,45,0.0453465197294
reversal_12,48,240,46,0.0448750765559
reversal_12,48,240,47,0.04147510655
reversal_12,48,240,48,0.0460693049315
reversal_12,48,240,49,0.0415012064383
reversal_12,48,240,50,0.0422043156347
reversal_12,48,240,51,0.0513049215588
reversal_12,48,240,52,0.044075010784
reversal_12,48,240,53,0.0464871328009
reversal_12,48,240,54,0.045053831377
reversal_12,48,240,55,0.0498634711151
reversal_12,48,240,56,0.0459514107343
reversal_12,48,240,57,0.0432851889771
reversal_12,48,240,58,0.0472463120157
reversal_12,48,240,59,0.0416929672873
reversal_12,48,240,60,0.0429907229743
reversal_12,48,240,61,0.0418071433852
reversal_12,48,240,62,0.0465753014089
reversal_12,48,240,63,0.0479928490145
reversal_12,48,240,64,0.0428474587761
reversal_12,48,240,65,0.053140853257
reversal_12,48,240,66,0.04651224963
reversal_12,48,240,67,0.0437653913409
reversal_12,48,240,68,0.0448238343297
reversal_12,48,240,69,0.0452696990167
reversal_12,48,240,70,0.0485009004022
reversal_12,48,240,71,0.0448821032372
reversal_12,48,240,72,0.043198632617
reversal_12,48,240,73,0.044127395345
reversal_12,48,240,74,0.0444118348856
reversal_12,48,240,75,0.0464150941965
reversal_12,48,240,76,0.041984359167
reversal_12,48,240,77,0.0398908427897
reversal_12,48,240,78,0.0442404168916
reversal_12,48,240,79,0.0410621442254
reversal_12,48,240,80,0.0440606579407
reversal_12,48,240,81,0.039004003206
reversal_12,48,240,82,0.0480797307471
reversal_12,48,240,83,0.0405953033083
reversal_12,48,240,84,0.0432143130812
reversal_12,48,240,85,0.038658743296
reversal_12,48,240,86,0.0409838296209
reversal_12,48,240,87,0.0470125815691
reversal_12,48,240,88,0.0436420490873
reversal_12,48,240,89,0.0453397311854
reversal_12,48,240,90,0.0502311516761
reversal_12,48,240,91,0.0442443198293
reversal_12,48,240,92,0.0441548830505
reversal_12,48,240,93,0.0410132086985
reversal_12,48,240,94,0.0457887285359
reversal_12,48,240,95,0.0494881409662
reversal_12,48,240,96,0.0509688309853
reversal_12,48,240,97,0.0434222382795
reversal_12,48,240,98,0.049160685049
reversal_12,48,240,99,0.0438336544608
reversal_12,48,240,100,0.0483717099881
reversal_12,48,240,101,0.0423423299042
reversal_12,48,240,102,0.0438915961076
reversal_12,48,240,103,0.0435180443736
reversal_12,48,240,104,0.038233151052
reversal_12,48,240,105,0.04144034767
reversal_12,48,240,106,0.042285878798
reversal_12,48,240,107,0.0408079288824
reversal_12,48,240,108,0.0392251917357
reversal_12,48,240,109,0.0450931845356
reversal_12,48,240,110,0.0417910603982
reversal_12,48,240,111,0.0491913478019
reversal_12,48,240,112,0.0389263738094
reversal_12,48,240,113,0.0339418486224
reversal_12,48,240,114,0.0401610195199
reversal_12,48,240,115,0.0436673768648
reversal_12,48,240,116,0.0468360473713
reversal_12,48,240,117,0.0469150612028
reversal_12,48,240,118,0.0478193134573
reversal_12,48,240,119,0.0440110104827
reversal_12,48,240,120,0.0415429287801
reversal_12,48,240,121,0.0465957551269
reversal_12,48,240,122,0.0423709636855
reversal_12,48,240,123,0.0410239002555
reversal_12,48,240,124,0.0392957461723
reversal_12,48,240,125,0.043919449691
reversal_12,48,240,126,0.0424177278516
reversal_12,48,240,127,0.047194594326
reversal_12,48,240,128,0.0481142946979
reversal_12,48,240,129,0.0447122510775
reversal_12,48,240,130,0.043198924881
reversal_12,48,240,131,0.0405399911311
reversal_12,48,240,132,0.0463683036512
reversal_12,48,240,133,0.044408025764
reversal_12,48,240,134,0.0377797017438
reversal_12,48,240,135,0.0398424407834
reversal_12,48,240,136,0.0407735271601
reversal_12,48,240,137,0.0457963755852
reversal_12,48,240,138,0.0375879166622
reversal_12,48,240,139,0.0422465723646
reversal_12,48,240,140,0.0481578681603
reversal_12,48,240,141,0.0432319801244
reversal_12,48,240,142,0.0456716162222
reversal_12,48,240,143,0.0414303662347
reversal_12,48,240,144,0.054866834681
reversal_12,48,240,145,0.0500137436827
reversal_12,48,240,146,0.0403133549751
reversal_12,48,240,147,0.0419357792787
reversal_12,48,240,148,0.0483217364291
reversal_12,48,240,149,0.0417710974706
reversal_12,48,240,150,0.0381601465175
reversal_12,48,240,151,0.0453923815404
reversal_12,48,240,152,0.0413642753307
reversal_12,48,240,153,0.0361904147496
reversal_12,48,240,154,0.0450349288181
reversal_12,48,240,155,0.03727736245
reversal_12,48,240,156,0.0404536968558
reversal_12,48,240,157,0.0431578757108
reversal_12,48,240,158,0.0449579800141
reversal_12,48,240,159,0.0445887701927
reversal_12,48,240,160,0.048474969465
reversal_12,48,240,161,0.0454012723697
reversal_12,48,240,162,0.0457720798519
reversal_12,48,240,163,0.0405026736198
reversal_12,48,240,164,0.0448719825332
reversal_12,48,240,165,0.046642268441
reversal_12,48,240,166,0.0436922866862
reversal_12,48,240,167,0.0437331125035
reversal_12,48,240,168,0.0384207389862
reversal_12,48,240,169,0.0381652528168
reversal_12,48,240,170,0.0394829952662
reversal_12,48,240,171,0.03705182576
reversal_12,48,240,172,0.0388186889645
reversal_12,48,240,173,0.0424954180318
reversal_12,48,240,174,0.0418763431199
reversal_12,48,240,175,0.0431937001713
reversal_12,48,240,176,0.0387107037912
reversal_12,48,240,177,0.0400821061933
reversal_12,48,240,178,0.0416312780659
reversal_12,48,240,179,0.0393045909249
reversal_12,48,240,180,0.0418689755165
reversal_12,48,240,181,0.0449014175337
reversal_12,48,240,182,0.0440254607275
reversal_12,48,240,183,0.0436381354623
reversal_12,48,240,184,0.03923316398
reversal_12,48,240,185,0.0494264381236
reversal_12,48,240,186,0.0449333870116
reversal_12,48,240,187,0.046947325225
reversal_12,48,240,188,0.0455481693787
reversal_12,48,240,189,0.0532953632667
reversal_12,48,240,190,0.0465302027175
reversal_12,48,240,191,0.0434511712068
reversal_12,48,240,192,0.0460176281722
reversal_12,48,240,193,0.0492577942015
reversal_12,48,240,194,0.0404636179339
reversal_12,48,240,195,0.0457567269787
reversal_12,48,240,196,0.0451396227419
reversal_12,48,240,197,0.0445372285633
reversal_12,48,240,198,0.0425219856503
reversal_12,48,240,199,0.0414502058994
reversal_12,48,240,200,0.0527370260864
reversal_12,48,240,201,0.0406896862181
reversal_12,48,240,202,0.0443296243051
reversal_12,48,240,203,0.0478479019577
reversal_12,48,240,204,0.0399538156658
reversal_12,48,240,205,0.0459843875692
reversal_12,48,240,206,0.0405574285965
reversal_12,48,240,207,0.0426558991244
reversal_12,48,240,208,0.0422817361013
reversal_12,48,240,209,0.0447238440483
reversal_12,48,240,210,0.0398987402586
reversal_12,48,240,211,0.0404706942462
reversal_12,48,240,212,0.0398061921123
reversal_12,48,240,213,0.0474504422277
reversal_12,48,240,214,0.0460400178893
reversal_12,48,240,215,0.0516911889891
reversal_12,48,240,216,0.039246038193
reversal_12,48,240,217,0.0434625170931
reversal_12,48,240,218,0.0406065398983
reversal_12,48,240,219,0.0419738883703
reversal_12,48,240,220,0.0510268363209
reversal_12,48,240,221,0.0460370799379
reversal_12,48,240,222,0.0512509804782
reversal_12,48,240,223,0.0415184887747
reversal_12,48,240,224,0.0439621588446
reversal_12,48,240,225,0.0450195207973
reversal_12,48,240,226,0.0475552276428
reversal_12,48,240,227,0.0467119806798
reversal_12,48,240,228,0.0433818193742
reversal_12,48,240,229,0.0394200371809
reversal_12,48,240,230,0.041600440082
reversal_12,48,240,231,0.043200690755
reversal_12,48,240,232,0.0429612151999
reversal_12,48,240,233,0.0398346026458
reversal_12,48,240,234,0.0456513530589
reversal_12,48,240,235,0.0402825581884
reversal_12,48,240,236,0.045805041318
reversal_12,48,240,237,0.0412898060924
reversal_12,48,240,238,0.0435514882439
reversal_12,48,240,239,0.048275896203
reversal_12,48,240,240,0.0443507858717
reversal_12,48,240,241,0.0504507808725
reversal_12,48,240,242,0.0472198609658
reversal_12,48,240,243,0.0427954371786
reversal_12,48,240,244,0.0429220325797
reversal_12,48,240,245,0.0453794150436
reversal_12,48,240,246,0.0412388432465
reversal_12,48,240,247,0.0448098736224
reversal_12,48,240,248,0.0410500407158
reversal_12,48,240,249,0.0512938835274
reversal_12,48,240,250,0.0382933242706
reversal_12,48,240,251,0.0433412511819
reversal_12,48,240,252,0.0433220728036
reversal_12,48,240,253,0.0472553086512
reversal_12,48,240,254,0.0369931053623
reversal_12,48,240,255,0.0427187811096
reversal_12,48,240,256,0.05122509912
reversal_12,48,240,257,0.0374758139988
reversal_12,48,240,258,0.0448805597184
reversal_12,48,240,259,0.0419486499065
reversal_12,48,240,260,0.0371366081494
reversal_12,48,240,261,0.0470187623745
reversal_12,48,240,262,0.0413101934982
reversal_12,48,240,263,0.0439526091835
reversal_12,48,240,264,0.0386543533986
reversal_12,48,240,265,0.0440912730251
reversal_12,48,240,266,0.0462512144836
reversal_12,48,240,267,0.0515931439295
reversal_12,48,240,268,0.050214635498
reversal_12,48,240,269,0.0523557854935
reversal_12,48,240,270,0.0398902059779
reversal_12,48,240,271,0.0417814721453
reversal_12,48,240,272,0.0478423561716
reversal_12,48,240,273,0.0428527902249
reversal_12,48,240,274,0.0465559365192
reversal_12,48,240,275,0.0390116432931
reversal_12,48,240,276,0.0503518053304
reversal_12,48,240,277,0.0450327119462
reversal_12,48,240,278,0.0398629660928
reversal_12,48,240,279,0.0440045340877
reversal_12,48,240,280,0.0406673873718
reversal_12,48,240,281,0.048663618287
reversal_12,48,240,282,0.046928655442
reversal_12,48,240,283,0.0467082388549
reversal_12,48,240,284,0.0471956129667
reversal_12,48,240,285,0.0430631599822
reversal_12,48,240,286,0.0433837244303
reversal_12,48,240,287,0.051078634645
reversal_12,48,240,288,0.042276521137
reversal_12,48,240,289,0.0417455067587
reversal_12,48,240,290,0.0487850148137
reversal_12,48,240,291,0.0447086665929
reversal_12,48,240,292,0.0484356448914
reversal_12,48,240,293,0.0561456976061
reversal_12,48,240,294,0.0429188839493
reversal_12,48,240,295,0.0400772352078
reversal_12,48,240,296,0.0423114875992
reversal_12,48,240,297,0.0425426708694
reversal_12,48,240,298,0.0425860912219
reversal_12,48,240,299,0.0453143958392
reversal_12,48,240,300,0.0438374543235
reversal_12,48,240,301,0.0512438717373
reversal_12,48,240,302,0.0436685293073
reversal_12,48,240,303,0.0492506915026
reversal_12,48,240,304,0.0340748433638
reversal_12,48,240,305,0.0474134281981
reversal_12,48,240,306,0.0350514076246
reversal_12,48,240,307,0.0432034454477
reversal_12,48,240,308,0.0453837885891
reversal_12,48,240,309,0.0405435930074
reversal_12,48,240,310,0.0438465416658
reversal_12,48,240,311,0.0400157979792
reversal_12,48,240,312,0.0403843388748
reversal_12,48,240,313,0.0426062900057
reversal_12,48,240,314,0.0477429816685
reversal_12,48,240,315,0.0484249804898
reversal_12,48,240,316,0.0428870485909
reversal_12,48,240,317,0.0417502602427
reversal_12,48,240,318,0.0497290826012
reversal_12,48,240,319,0.0465251553503
reversal_12,48,240,320,0.0464608272204
reversal_12,48,240,321,0.0411401455423
reversal_12,48,240,322,0.0476793794619
reversal_12,48,240,323,0.0458122986542
reversal_12,48,240,324,0.0412080638332
reversal_12,48,240,325,0.0396366791362
reversal_12,48,240,326,0.03505811411
reversal_12,48,240,327,0.0453678208957
reversal_12,48,240,328,0.0465906442626
reversal_12,48,240,329,0.0438712715475
reversal_12,48,240,330,0.0468761941629
reversal_12,48,240,331,0.0463714682797
reversal_12,48,240,332,0.0460137982663
reversal_12,48,240,333,0.0446234871371
reversal_12,48,240,334,0.0446859922819
reversal_12,48,240,335,0.0471709429664
reversal_12,48,240,336,0.0447420237594
reversal_12,48,240,337,0.0405542289232
reversal_12,48,240,338,0.0435808057446
reversal_12,48,240,339,0.0467114497026
reversal_12,48,240,340,0.0482745494134
reversal_12,48,240,341,0.0449215933946
reversal_12,48,240,342,0.0473349231356
reversal_12,48,240,343,0.041900241535
reversal_12,48,240,344,0.0443306149981
reversal_12,48,240,345,0.0440791033993
reversal_12,48,240,346,0.042971758567
reversal_12,48,240,347,0.0430324384869
reversal_12,48,240,348,0.0451573105953
reversal_12,48,240,349,0.048439265827
reversal_12,48,240,350,0.0449696491807
reversal_12,48,240,351,0.0495309050919
reversal_12,48,240,352,0.0491737248273
reversal_12,48,240,353,0.0374028298957
reversal_12,48,240,354,0.0409576366173
reversal_12,48,240,355,0.0487430221436
reversal_12,48,240,356,0.0434792755772
reversal_12,48,240,357,0.0464470093434
reversal_12,48,240,358,0.0475934058391
reversal_12,48,240,359,0.0381303900831
reversal_12,48,240,360,0.0492840858665
reversal_12,48,240,361,0.0490453528001
reversal_12,48,240,362,0.0430005353447
reversal_12,48,240,363,0.0493700173221
reversal_12,48,240,364,0.0453767435967
reversal_12,48,240,365,0.0435569416412
reversal_12,48,240,366,0.0470494281018
reversal_12,48,240,367,0.0499897579126
reversal_12,48,240,368,0.044370460673
reversal_12,48,240,369,0.0465419905784
reversal_12,48,240,370,0.0468938167874
reversal_12,48,240,371,0.0448580528257
reversal_12,48,240,372,0.0471265999904
reversal_12,48,240,373,0.0439811557688
reversal_12,48,240,374,0.0377314229075
reversal_12,48,240,375,0.0426823594891
reversal_12,48,240,376,0.0437822592439
reversal_12,48,240,377,0.0394962730764
reversal_12,48,240,378,0.044522612574
reversal_12,48,240,379,0.0519670044965
reversal_12,48,240,380,0.0419424461798
reversal_12,48,240,381,0.0490935951868
reversal_12,48,240,382,0.0452692054557
reversal_12,48,240,383,0.0499462871866
reversal_12,48,240,384,0.052156024065
reversal_12,48,240,385,0.0457641498838
reversal_12,48,240,386,0.039886343444
reversal_12,48,240,387,0.0435388225136
reversal_12,48,240,388,0.047837482994
reversal_12,48,240,389,0.0448436300884
reversal_12,48,240,390,0.0475421547623
reversal_12,48,240,391,0.0454737858703
reversal_12,48,240,392,0.0463289267319
reversal_12,48,240,393,0.0403532609173
reversal_12,48,240,394,0.0430341779117
reversal_12,48,240,395,0.0419436104405
reversal_12,48,240,396,0.0405665890257
reversal_12,48,240,397,0.0462130382046
reversal_12,48,240,398,0.0414870124769
reversal_12,48,240,399,0.048907220405
reversal_12,48,240,400,0.0445555618863
reversal_12,48,240,401,0.0404299425515
reversal_12,48,240,402,0.0409034980937
reversal_12,48,240,403,0.0451132402678
reversal_12,48,240,404,0.0414261449282
reversal_12,48,240,405,0.0493454237103
reversal_12,48,240,406,0.0477881180661
reversal_12,48,240,407,0.0435228814422
reversal_12,48,240,408,0.0481977551929
reversal_12,48,240,409,0.0509722480613
reversal_12,48,240,410,0.0458711634294
reversal_12,48,240,411,0.0488301685199
reversal_12,48,240,412,0.0432424899029
reversal_12,48,240,413,0.0422806602886
reversal_12,48,240,414,0.0453505743116
reversal_12,48,240,415,0.0427220675508
reversal_12,48,240,416,0.0414067046226
reversal_12,48,240,417,0.0371610623621
reversal_12,48,240,418,0.0448118281439
reversal_12,48,240,419,0.0457579412352
reversal_12,48,240,420,0.0464555618635
reversal_12,48,240,421,0.0444329127688
reversal_12,48,240,422,0.0488149870685
reversal_12,48,240,423,0.0489745634129
reversal_12,48,240,424,0.0465029915533
reversal_12,48,240,425,0.0518785421879
reversal_12,48,240,426,0.0428744883817
reversal_12,48,240,427,0.0401597995965
reversal_12,48,240,428,0.0459611591727
reversal_12,48,240,429,0.0454011215796
reversal_12,48,240,430,0.0452159976333
reversal_12,48,240,431,0.0402014771052
reversal_12,48,240,432,0.0473748173225
reversal_12,48,240,433,0.046336978414
reversal_12,48,240,434,0.0471477305894
reversal_12,48,240,435,0.0428183895481
reversal_12,48,240,436,0.042502311449
reversal_12,48,240,437,0.0531553258166
reversal_12,48,240,438,0.0486059609108
reversal_12,48,240,439,0.0495290606726
reversal_12,48,240,440,0.0364125192083
reversal_12,48,240,441,0.0458021802975
reversal_12,48,240,442,0.0513277601115
reversal_12,48,240,443,0.0458434323175
reversal_12,48,240,444,0.048796753814
reversal_12,48,240,445,0.0392444025474
reversal_12,48,240,446,0.0441660475351
reversal_12,48,240,447,0.0440121310619
reversal_12,48,240,448,0.0435537436207
reversal_12,48,240,449,0.0441576712286
reversal_12,48,240,450,0.0438633354782
reversal_12,48,240,451,0.0422650084887
reversal_12,48,240,452,0.0469550465307
reversal_12,48,240,453,0.0448174366397
reversal_12,48,240,454,0.0437079476505
reversal_12,48,240,455,0.0454541492565
reversal_12,48,240,456,0.0404870656962
reversal_12,48,240,457,0.0483949399239
reversal_12,48,240,458,0.0394109722233
reversal_12,48,240,459,0.0389398274885
reversal_12,48,240,460,0.0434952986679
reversal_12,48,240,461,0.0456589925109
reversal_12,48,240,462,0.0441111399448
reversal_12,48,240,463,0.0456853185954
reversal_12,48,240,464,0.0434780913194
reversal_12,48,240,465,0.0425383128644
reversal_12,48,240,466,0.0449722787516
reversal_12,48,240,467,0.0428129839993
reversal_12,48,240,468,0.0505345845045
reversal_12,48,240,469,0.0448332094846
reversal_12,48,240,470,0.0451678093387
reversal_12,48,240,471,0.0413035400155
reversal_12,48,240,472,0.049205896868
reversal_12,48,240,473,0.0389188149925
reversal_12,48,240,474,0.0419066397298
reversal_12,48,240,475,0.047632367704
reversal_12,48,240,476,0.043283390833
reversal_12,48,240,477,0.0472957664754
reversal_12,48,240,478,0.0404247377682
reversal_12,48,240,479,0.0438917100678
reversal_12,48,240,480,0.048856637285
reversal_12,48,240,481,0.0438523297103
reversal_12,48,240,482,0.043427530494
reversal_12,48,240,483,0.0483728164372
reversal_12,48,240,484,0.0401280989011
reversal_12,48,240,485,0.041866251971
reversal_12,48,240,486,0.0417514890562
reversal_12,48,240,487,0.0438511994732
reversal_12,48,240,488,0.0469676751144
reversal_12,48,240,489,0.0442734989194
reversal_12,48,240,490,0.0429436682896
reversal_12,48,240,491,0.0426195000506
reversal_12,48,240,492,0.0455513787513
reversal_12,48,240,493,0.044049939301
reversal_12,48,240,494,0.0434577047171
reversal_12,48,240,495,0.0434487587899
reversal_12,48,240,496,0.0402501568826
reversal_12,48,240,497,0.0440223264188
reversal_12,48,240,498,0.0382817727553
reversal_12,48,240,499,0.0486807397992
reversal_12,48,240,500,0.0434998849625
reversal_12,48,240,501,0.050226683171
reversal_12,48,240,502,0.0449750046787
reversal_12,48,240,503,0.0382777796032
reversal_12,48,240,504,0.0393823197579
reversal_12,48,240,505,0.0464872509984
reversal_12,48,240,506,0.0399653253604
reversal_12,48,240,507,0.048199025421
reversal_12,48,240,508,0.0524613992732
reversal_12,48,240,509,0.0361658942593
reversal_12,48,240,510,0.0437680896071
reversal_12,48,240,511,0.0411738112869
reversal_12,48,240,512,0.0394449289259
reversal_12,48,240,513,0.0499183978826
reversal_12,48,240,514,0.0493522916227
reversal_12,48,240,515,0.0472859104242
reversal_12,48,240,516,0.0407811643492
reversal_12,48,240,517,0.0462403176042
reversal_12,48,240,518,0.0399477283226
reversal_12,48,240,519,0.0494344592452
reversal_12,48,240,520,0.0477651180113
reversal_12,48,240,521,0.0448006463447
reversal_12,48,240,522,0.048561043499
reversal_12,48,240,523,0.0431010357617
reversal_12,48,240,524,0.0415897806883
reversal_12,48,240,525,0.0454542829241
reversal_12,48,240,526,0.0416202274042
reversal_12,48,240,527,0.0474360801338
reversal_12,48,240,528,0.0506266299383
reversal_12,48,240,529,0.0455664791725
reversal_12,48,240,530,0.041340599055
reversal_12,48,240,531,0.0445725339684
reversal_12,48,240,532,0.0478550442137
reversal_12,48,240,533,0.0518639234558
reversal_12,48,240,534,0.0396999811716
reversal_12,48,240,535,0.0447682544762
reversal_12,48,240,536,0.0454167982024
reversal_12,48,240,537,0.0460339678364
reversal_12,48,240,538,0.0428140874323
reversal_12,48,240,539,0.0449700093605
reversal_12,48,240,540,0.0458388380881
reversal_12,48,240,541,0.043780304044
reversal_12,48,240,542,0.0457685044147
reversal_12,48,240,543,0.0481877936082
reversal_12,48,240,544,0.0430543691431
reversal_12,48,240,545,0.0409562383718
reversal_12,48,240,546,0.0486322506535
reversal_12,48,240,547,0.0415383377898
reversal_12,48,240,548,0.0477458035078
reversal_12,48,240,549,0.0452567085883
reversal_12,48,240,550,0.0431634751344
reversal_12,48,240,551,0.0402256344254
reversal_12,48,240,552,0.0413743494908
reversal_12,48,240,553,0.0513928412599
reversal_12,48,240,554,0.0468912857978
reversal_12,48,240,555,0.0478309892202
reversal_12,48,240,556,0.0406181923699
reversal_12,48,240,557,0.0384522862359
reversal_12,48,240,558,0.0500093325652
reversal_12,48,240,559,0.0442538130846
reversal_12,48,240,560,0.0398437714425
reversal_12,48,240,561,0.047653869289
reversal_12,48,240,562,0.045124150299
reversal_12,48,240,563,0.0490409984346
reversal_12,48,240,564,0.0433791091268
reversal_12,48,240,565,0.045063493871
reversal_12,48,240,566,0.0464772968638
reversal_12,48,240,567,0.0445456599084
reversal_12,48,240,568,0.0439331523592
reversal_12,48,240,569,0.0441989276345
reversal_12,48,240,570,0.048013453814
reversal_12,48,240,571,0.0390880443519
reversal_12,48,240,572,0.0446740139884
reversal_12,48,240,573,0.0389925627161
reversal_12,48,240,574,0.0515478102573
reversal_12,48,240,575,0.047601350731
reversal_12,48,240,576,0.0452157685233
reversal_12,48,240,577,0.0458861025213
reversal_12,48,240,578,0.0429459249392
reversal_12,48,240,579,0.0409754411737
reversal_12,48,240,580,0.0390500549125
reversal_12,48,240,581,0.0453857514702
reversal_12,48,240,582,0.0443809983916
reversal_12,48,240,583,0.0441392881846
reversal_12,48,240,584,0.0475916425259
reversal_12,48,240,585,0.0368036959186
reversal_12,48,240,586,0.0463795417325
reversal_12,48,240,587,0.0427000004623
reversal_12,48,240,588,0.0441675141891
reversal_12,48,240,589,0.045844370119
reversal_12,48,240,590,0.0439737286823
reversal_12,48,240,591,0.0441604334802
reversal_12,48,240,592,0.0465560140525
reversal_12,48,240,593,0.0445883405559
reversal_12,48,240,594,0.0459889563024
reversal_12,48,240,595,0.0417698291758
reversal_12,48,240,596,0.0498586053511
reversal_12,48,240,597,0.0489137971011
reversal_12,48,240,598,0.0420101789774
reversal_12,48,240,599,0.0426346787099
reversal_12,48,240,600,0.0419158970686
reversal_12,48,240,601,0.0491645216703
reversal_12,48,240,602,0.0459888045779
reversal_12,48,240,603,0.0477144684213
reversal_12,48,240,604,0.0381006762234
reversal_12,48,240,605,0.0470628521976
reversal_12,48,240,606,0.0407196637984
reversal_12,48,240,607,0.0445188312725
reversal_12,48,240,608,0.0395736631644
reversal_12,48,240,609,0.0452476726649
reversal_12,48,240,610,0.0381230192266
reversal_12,48,240,611,0.0430362891477
reversal_12,48,240,612,0.0416647996365
reversal_12,48,240,613,0.0443455678461
reversal_12,48,240,614,0.0471363062603
reversal_12,48,240,615,0.0435903541861
reversal_12,48,240,616,0.0463436910515
reversal_12,48,240,617,0.0477976441319
reversal_12,48,240,618,0.0462389255389
reversal_12,48,240,619,0.0479451705404
reversal_12,48,240,620,0.0340996746631
reversal_12,48,240,621,0.0398561591095
reversal_12,48,240,622,0.0387150923788
reversal_12,48,240,623,0.0482426581268
reversal_12,48,240,624,0.0508000674978
reversal_12,48,240,625,0.0481848032334
reversal_12,48,240,626,0.0430195761043
reversal_12,48,240,627,0.0440512522352
reversal_12,48,240,628,0.0452518639913
reversal_12,48,240,629,0.0455039257681
reversal_12,48,240,630,0.0373864858702
reversal_12,48,240,631,0.0446586683085
reversal_12,48,240,632,0.0392043513858
reversal_12,48,240,633,0.0453309685232
reversal_12,48,240,634,0.0431492256261
reversal_12,48,240,635,0.0415455367066
reversal_12,48,240,636,0.039326463102
reversal_12,48,240,637,0.04913005143
reversal_12,48,240,638,0.043422848344
reversal_12,48,240,639,0.0454336230063
reversal_12,48,240,640,0.0440549346874
reversal_12,48,240,641,0.0430226700178
reversal_12,48,240,642,0.0446483864266
reversal_12,48,240,643,0.0396414702852
reversal_12,48,240,644,0.0434033018932
reversal_12,48,240,645,0.0472683483389
reversal_12,48,240,646,0.0476461545626
reversal_12,48,240,647,0.044512013043
reversal_12,48,240,648,0.0395478519315
reversal_12,48,240,649,0.0426882366112
reversal_12,48,240,650,0.0390153497375
reversal_12,48,240,651,0.0483813112859
reversal_12,48,240,652,0.0464857151999
reversal_12,48,240,653,0.0490893024435
reversal_12,48,240,654,0.0359216055129
reversal_12,48,240,655,0.0438371814123
reversal_12,48,240,656,0.0445684475833
reversal_12,48,240,657,0.0457639052806
reversal_12,48,240,658,0.0423447315954
reversal_12,48,240,659,0.0496810769028
reversal_12,48,240,660,0.0426739395986
reversal_12,48,240,661,0.0404718019844
reversal_12,48,240,662,0.0406314588934
reversal_12,48,240,663,0.0434076065644
reversal_12,48,240,664,0.0436077616437
reversal_12,48,240,665,0.0416219418651
reversal_12,48,240,666,0.044538262345
reversal_12,48,240,667,0.0480083132505
reversal_12,48,240,668,0.049521478498
reversal_12,48,240,669,0.049011854691
reversal_12,48,240,670,0.0451234744669
reversal_12,48,240,671,0.0409764551995
reversal_12,48,240,672,0.0490001011294
reversal_12,48,240,673,0.043792439655
reversal_12,48,240,674,0.0477986537409
reversal_12,48,240,675,0.0414517413833
reversal_12,48,240,676,0.0470122011557
reversal_12,48,240,677,0.0403843529368
reversal_12,48,240,678,0.0425698868256
reversal_12,48,240,679,0.0477140295033
reversal_12,48,240,680,0.0512440730578
reversal_12,48,240,681,0.0426406115639
reversal_12,48,240,682,0.0464506403424
reversal_12,48,240,683,0.0430701315193
reversal_12,48,240,684,0.0333332017141
reversal_12,48,240,685,0.0435509663162
reversal_12,48,240,686,0.0489300192158
reversal_12,48,240,687,0.0388845950995
reversal_12,48,240,688,0.0462484298558
reversal_12,48,240,689,0.0402681731926
reversal_12,48,240,690,0.0469933600071
reversal_12,48,240,691,0.037679334548
reversal_12,48,240,692,0.0369940352381
reversal_12,48,240,693,0.0421253966999
reversal_12,48,240,694,0.0426558220286
reversal_12,48,240,695,0.0382326533235
reversal_12,48,240,696,0.0469736919743
reversal_12,48,240,697,0.0444377580214
reversal_12,48,240,698,0.0466219286883
reversal_12,48,240,699,0.0414261914153
reversal_12,48,240,700,0.0447083392536
reversal_12,48,240,701,0.038462745107
reversal_12,48,240,702,0.0469469998306
reversal_12,48,240,703,0.0412617520556
reversal_12,48,240,704,0.0500629192723
reversal_12,48,240,705,0.0456275115795
reversal_12,48,240,706,0.0389266425067
reversal_12,48,240,707,0.0471247973248
reversal_12,48,240,708,0.0441978160557
reversal_12,48,240,709,0.0452461885252
reversal_12,48,240,710,0.0466669970137
reversal_12,48,240,711,0.0490011603339
reversal_12,48,240,712,0.0460155072684
reversal_12,48,240,713,0.0508058991072
reversal_12,48,240,714,0.0389828633431
reversal_12,48,240,715,0.0339696417936
reversal_12,48,240,716,0.0459792902643
reversal_12,48,240,717,0.0412267798343
reversal_12,48,240,718,0.0363867189965
reversal_12,48,240,719,0.040252150995
reversal_12,48,240,720,0.0389768658415
reversal_12,48,240,721,0.0402376043105
reversal_12,48,240,722,0.0430854874091
reversal_12,48,240,723,0.0440909192094
reversal_12,48,240,724,0.0444275517305
reversal_12,48,240,725,0.0451051208778
reversal_12,48,240,726,0.0376704015178
reversal_12,48,240,727,0.0489398829707
reversal_12,48,240,728,0.0448416435798
reversal_12,48,240,729,0.0402825259465
reversal_12,48,240,730,0.0464100606161
reversal_12,48,240,731,0.046001836655
reversal_12,48,240,732,0.0475995810931
reversal_12,48,240,733,0.0398768470504
reversal_12,48,240,734,0.0377865054418
reversal_12,48,240,735,0.0456086352773
reversal_12,48,240,736,0.0414201314057
reversal_12,48,240,737,0.0448870756933
reversal_12,48,240,738,0.0406822221557
reversal_12,48,240,739,0.046074222226
reversal_12,48,240,740,0.0423681162677
reversal_12,48,240,741,0.0445670699525
reversal_12,48,240,742,0.0413268908478
reversal_12,48,240,743,0.0471050641094
reversal_12,48,240,744,0.0446086370229
reversal_12,48,240,745,0.0436193324128
reversal_12,48,240,746,0.0528851353169
reversal_12,48,240,747,0.0410709815316
reversal_12,48,240,748,0.0431291565938
reversal_12,48,240,749,0.0398868740672
reversal_12,48,240,750,0.0454375609496
reversal_12,48,240,751,0.0398348969222
reversal_12,48,240,752,0.0411445278356
reversal_12,48,240,753,0.0410425294556
reversal_12,48,240,754,0.0448693480836
reversal_12,48,240,755,0.044930462843
reversal_12,48,240,756,0.0456460677393
reversal_12,48,240,757,0.0457314533653
reversal_12,48,240,758,0.0395477397699
reversal_12,48,240,759,0.0416426045572
reversal_12,48,240,760,0.0431586279135
reversal_12,48,240,761,0.042587881335
reversal_12,48,240,762,0.0495375550372
reversal_12,48,240,763,0.0414363296919
reversal_12,48,240,764,0.0419107229892
reversal_12,48,240,765,0.0419521300407
reversal_12,48,240,766,0.0371796149288
reversal_12,48,240,767,0.0457815859738
reversal_12,48,240,768,0.0435153602594
reversal_12,48,240,769,0.0457663873249
reversal_12,48,240,770,0.0493352126349
reversal_12,48,240,771,0.0402505265953
reversal_12,48,240,772,0.0459151302577
reversal_12,48,240,773,0.0391755721461
reversal_12,48,240,774,0.0400987431773
reversal_12,48,240,775,0.0451094564111
reversal_12,48,240,776,0.0391464145964
reversal_12,48,240,777,0.039900580803
reversal_12,48,240,778,0.0404177210783
reversal_12,48,240,779,0.0525046139006
reversal_12,48,240,780,0.040061352062
reversal_12,48,240,781,0.042365840287
reversal_12,48,240,782,0.0449590814508
reversal_12,48,240,783,0.0479384379436
reversal_12,48,240,784,0.0431631610874
reversal_12,48,240,785,0.045804463982
reversal_12,48,240,786,0.048108060057
reversal_12,48,240,787,0.0407037950207
reversal_12,48,240,788,0.0474764368131
reversal_12,48,240,789,0.0382396908446
reversal_12,48,240,790,0.044911174983
reversal_12,48,240,791,0.0467757266082
reversal_12,48,240,792,0.0431575744963
reversal_12,48,240,793,0.0376469835784
reversal_12,48,240,794,0.0429855493028
reversal_12,48,240,795,0.0473006410466
reversal_12,48,240,796,0.0439778312256
reversal_12,48,240,797,0.0507230663869
reversal_12,48,240,798,0.041629104539
reversal_12,48,240,799,0.0413319743584
reversal_12,48,240,800,0.0399633566203
reversal_12,48,240,801,0.0435075668297
reversal_12,48,240,802,0.0448121414613
reversal_12,48,240,803,0.0410387229099
reversal_12,48,240,804,0.0443436918761
reversal_12,48,240,805,0.0409621432709
reversal_12,48,240,806,0.0443389698746
reversal_12,48,240,807,0.0419212826809
reversal_12,48,240,808,0.0440429940728
reversal_12,48,240,809,0.0421455424788
reversal_12,48,240,810,0.0437159234852
reversal_12,48,240,811,0.0473752634239
reversal_12,48,240,812,0.0417830652561
reversal_12,48,240,813,0.0488825396383
reversal_12,48,240,814,0.0417179370485
reversal_12,48,240,815,0.0390645438418
reversal_12,48,240,816,0.0447881386157
reversal_12,48,240,817,0.046661127781
reversal_12,48,240,818,0.0357227274732
reversal_12,48,240,819,0.0458800218534
reversal_12,48,240,820,0.0402841909636
reversal_12,48,240,821,0.0422353897708
reversal_12,48,240,822,0.0492185113513
reversal_12,48,240,823,0.0428281741889
reversal_12,48,240,824,0.041637292438
reversal_12,48,240,825,0.0373819598616
reversal_12,48,240,826,0.0377875518585
reversal_12,48,240,827,0.0470223991745
reversal_12,48,240,828,0.0446782792626
reversal_12,48,240,829,0.0432796144578
reversal_12,48,240,830,0.0456110397608
reversal_12,48,240,831,0.0408592172459
reversal_12,48,240,832,0.0455633225533
reversal_12,48,240,833,0.0423755188366
reversal_12,48,240,834,0.0422157962849
reversal_12,48,240,835,0.0446692646486
reversal_12,48,240,836,0.0445292773639
reversal_12,48,240,837,0.0387747038408
reversal_12,48,240,838,0.0445505762771
reversal_12,48,240,839,0.0468707217243
reversal_12,48,240,840,0.0466048848151
reversal_12,48,240,841,0.0406478884486
reversal_12,48,240,842,0.047649067595
reversal_12,48,240,843,0.0452650796228
reversal_12,48,240,844,0.0395003712595
reversal_12,48,240,845,0.0478503934729
reversal_12,48,240,846,0.0437609744932
reversal_12,48,240,847,0.0443152734439
reversal_12,48,240,848,0.0432096124412
reversal_12,48,240,849,0.0468991878766
reversal_12,48,240,850,0.0497661002906
reversal_12,48,240,851,0.051747429604
reversal_12,48,240,852,0.0441526999835
reversal_12,48,240,853,0.0443643094642
reversal_12,48,240,854,0.0466439931425
reversal_12,48,240,855,0.0414841557385
reversal_12,48,240,856,0.0400239486045
reversal_12,48,240,857,0.0387763193743
reversal_12,48,240,858,0.0400077881735
reversal_12,48,240,859,0.0428067725683
reversal_12,48,240,860,0.0451603337532
reversal_12,48,240,861,0.0435623655889
reversal_12,48,240,862,0.0412573968623
reversal_12,48,240,863,0.0490353722391
reversal_12,48,240,864,0.0416206876156
reversal_12,48,240,865,0.0500321448261
reversal_12,48,240,866,0.0461046993644
reversal_12,48,240,867,0.0529887944422
reversal_12,48,240,868,0.0370676777316
reversal_12,48,240,869,0.0397445154959
reversal_12,48,240,870,0.0445773174106
reversal_12,48,240,871,0.0478009851777
reversal_12,48,240,872,0.0449649398802
reversal_12,48,240,873,0.0348049044109
reversal_12,48,240,874,0.0462041538625
reversal_12,48,240,875,0.0466770822288
reversal_12,48,240,876,0.0380919621011
reversal_12,48,240,877,0.0413026061966
reversal_12,48,240,878,0.0437257275749
reversal_12,48,240,879,0.0381919483193
reversal_12,48,240,880,0.0460083457975
reversal_12,48,240,881,0.0404644346034
reversal_12,48,240,882,0.052981968879
reversal_12,48,240,883,0.0437903591058
reversal_12,48,240,884,0.0457483259563
reversal_12,48,240,885,0.0464943090436
reversal_12,48,240,886,0.0446842362616
reversal_12,48,240,887,0.0474080187568
reversal_12,48,240,888,0.0433988809226
reversal_12,48,240,889,0.0395316668682
reversal_12,48,240,890,0.0408148460107
reversal_12,48,240,891,0.0447013604208
reversal_12,48,240,892,0.0443794899917
reversal_12,48,240,893,0.0476943617435
reversal_12,48,240,894,0.0447718585336
reversal_12,48,240,895,0.048051096261
reversal_12,48,240,896,0.0505435440205
reversal_12,48,240,897,0.0417276527051
reversal_12,48,240,898,0.0466065286923
reversal_12,48,240,899,0.0439985032164
reversal_12,48,240,900,0.0444116426324
reversal_12,48,240,901,0.0411939771907
reversal_12,48,240,902,0.0468869550107
reversal_12,48,240,903,0.0373868072014
reversal_12,48,240,904,0.0406436578345
reversal_12,48,240,905,0.0459541351533
reversal_12,48,240,906,0.0413888205858
reversal_12,48,240,907,0.0466126420839
reversal_12,48,240,908,0.0503473680606
reversal_12,48,240,909,0.0455862086199
reversal_12,48,240,910,0.0378209806167
reversal_12,48,240,911,0.0477434056199
reversal_12,48,240,912,0.0415424979329
reversal_12,48,240,913,0.042341004452
reversal_12,48,240,914,0.0470981485025
reversal_12,48,240,915,0.0389561193559
reversal_12,48,240,916,0.0445690303425
reversal_12,48,240,917,0.0424665755654
reversal_12,48,240,918,0.0484323270647
reversal_12,48,240,919,0.0455384738641
reversal_12,48,240,920,0.0494988512503
reversal_12,48,240,921,0.0435891807295
reversal_12,48,240,922,0.0502171345198
reversal_12,48,240,923,0.0531606096299
reversal_12,48,240,924,0.0399772232956
reversal_12,48,240,925,0.0431738981247
reversal_12,48,240,926,0.0414988796953
reversal_12,48,240,927,0.0436765382567
reversal_12,48,240,928,0.0395889417757
reversal_12,48,240,929,0.0476428863277
reversal_12,48,240,930,0.0439479290764
reversal_12,48,240,931,0.048241909598
reversal_12,48,240,932,0.0471674533235
reversal_12,48,240,933,0.0482156132236
reversal_12,48,240,934,0.0417983053191
reversal_12,48,240,935,0.0430712937418
reversal_12,48,240,936,0.0445156249813
reversal_12,48,240,937,0.0476167851745
reversal_12,48,240,938,0.0378143868206
reversal_12,48,240,939,0.0439902186136
reversal_12,48,240,940,0.047643237643
reversal_12,48,240,941,0.0426457374073
reversal_12,48,240,942,0.0417915482294
reversal_12,48,240,943,0.040987363314
reversal_12,48,240,944,0.0468086608558
reversal_12,48,240,945,0.0428752162525
reversal_12,48,240,946,0.0481412902921
reversal_12,48,240,947,0.0438507930417
reversal_12,48,240,948,0.0447285675361
reversal_12,48,240,949,0.0418204988154
reversal_12,48,240,950,0.0420352036204
reversal_12,48,240,951,0.0381551216822
reversal_12,48,240,952,0.0419785614776
reversal_12,48,240,953,0.0450693080787
reversal_12,48,240,954,0.0443858096546
reversal_12,48,240,955,0.0382454665333
reversal_12,48,240,956,0.0425972667122
reversal_12,48,240,957,0.0485589054431
reversal_12,48,240,958,0.0435101784054
reversal_12,48,240,959,0.0422599054018
reversal_12,48,240,960,0.0446500137003
reversal_12,48,240,961,0.0390707879851
reversal_12,48,240,962,0.0496717546622
reversal_12,48,240,963,0.0405511121506
reversal_12,48,240,964,0.0347036999918
reversal_12,48,240,965,0.0462432518029
reversal_12,48,240,966,0.038828703316
reversal_12,48,240,967,0.0443151819742
reversal_12,48,240,968,0.0440288375775
reversal_12,48,240,969,0.0517842612149
reversal_12,48,240,970,0.0406652634399
reversal_12,48,240,971,0.0402334580035
reversal_12,48,240,972,0.0450140514759
reversal_12,48,240,973,0.0405929320273
reversal_12,48,240,974,0.0449934350951
reversal_12,48,240,975,0.044259227103
reversal_12,48,240,976,0.0471710997218
reversal_12,48,240,977,0.0381068881293
reversal_12,48,240,978,0.0462411641446
reversal_12,48,240,979,0.0349404557173
reversal_12,48,240,980,0.0461898867773
reversal_12,48,240,981,0.0500022405198
reversal_12,48,240,982,0.0520973787701
reversal_12,48,240,983,0.0428391922511
reversal_12,48,240,984,0.0448980092484
reversal_12,48,240,985,0.0441198782694
reversal_12,48,240,986,0.0429177939173
reversal_12,48,240,987,0.041515154832
reversal_12,48,240,988,0.0419292375736
reversal_12,48,240,989,0.0482778592693
reversal_12,48,240,990,0.0419744633287
reversal_12,48,240,991,0.046771463433
reversal_12,48,240,992,0.040660031562
reversal_12,48,240,993,0.0434047533532
reversal_12,48,240,994,0.0432104236544
reversal_12,48,240,995,0.0458600203638
reversal_12,48,240,996,0.0410062005697
reversal_12,48,240,997,0.0396244822189
reversal_12,48,240,998,0.0390542105418
reversal_12,48,240,999,0.0464379977801
ridge,12,60,0,0.00781180631787
ridge,12,60,1,0.00901758338473
ridge,12,60,2,0.00718200400068
ridge,12,60,3,0.0115814399689
ridge,12,60,4,0.0104334316531
ridge,12,60,5,0.0133278447397
ridge,12,60,6,0.010497220184
ridge,12,60,7,0.00725808445703
ridge,12,60,8,0.00924667909078
ridge,12,60,9,0.00706257841852
ridge,12,60,10,0.00658796864318
ridge,12,60,11,0.00922063968184
ridge,12,60,12,0.0102906645325
ridge,12,60,13,0.0100621820514
ridge,12,60,14,0.0102861141694
ridge,12,60,15,0.0100478233753
ridge,12,60,16,0.00709972352135
ridge,12,60,17,0.0111199304178
ridge,12,60,18,0.0125889130894
ridge,12,60,19,0.00653970506099
ridge,12,60,20,0.0095209536292
ridge,12,60,21,0.00893431408397
ridge,12,60,22,0.00384032395228
ridge,12,60,23,0.00754925944571
ridge,12,60,24,0.00518877787781
ridge,12,60,25,0.00935727565225
ridge,12,60,26,0.00991633945893
ridge,12,60,27,0.00670733002826
ridge,12,60,28,0.0108443108133
ridge,12,60,29,0.0101915468043
ridge,12,60,30,0.0068628880267
ridge,12,60,31,0.00550917191412
ridge,12,60,32,0.0100697685988
ridge,12,60,33,0.0120311881507
ridge,12,60,34,0.00895343918039
ridge,12,60,35,0.00729521896981
ridge,12,60,36,0.011947965198
ridge,12,60,37,0.0128804107414
ridge,12,60,38,0.00664482410929
ridge,12,60,39,0.00744366816927
ridge,12,60,40,0.00884774208496
ridge,12,60,41,0.0100042272185
ridge,12,60,42,0.0128629330602
ridge,12,60,43,0.010930065249
ridge,12,60,44,0.011235094717
ridge,12,60,45,0.009667025266
ridge,12,60,46,0.0110258093643
ridge,12,60,47,0.00688259319986
ridge,12,60,48,0.00743224384546
ridge,12,60,49,0.00804457899142
ridge,12,60,50,0.00974161703656
ridge,12,60,51,0.0109560773516
ridge,12,60,52,0.0138963864333
ridge,12,60,53,0.00892428860938
ridge,12,60,54,0.00797029653723
ridge,12,60,55,0.0127286663672
ridge,12,60,56,0.0109322925746
ridge,12,60,57,0.00578117285629
ridge,12,60,58,0.00912449409251
ridge,12,60,59,0.00733770347939
ridge,12,60,60,0.0121632845415
ridge,12,60,61,0.0109807616409
ridge,12,60,62,0.0153040052753
ridge,12,60,63,0.00942444454138
ridge,12,60,64,0.0100968488693
ridge,12,60,65,0.0120778735277
ridge,12,60,66,0.012543038578
ridge,12,60,67,0.00763405850965
ridge,12,60,68,0.0120334725077
ridge,12,60,69,0.00866712284314
ridge,12,60,70,0.00833640704614
ridge,12,60,71,0.00743847375174
ridge,12,60,72,0.0105039473744
ridge,12,60,73,0.0106813986198
ridge,12,60,74,0.00957803322911
ridge,12,60,75,0.005347797421
ridge,12,60,76,0.0106267485265
ridge,12,60,77,0.0119299091791
ridge,12,60,78,0.0099429455432
ridge,12,60,79,0.00927628875433
ridge,12,60,80,0.00899859204007
ridge,12,60,81,0.00870977917907
ridge,12,60,82,0.0085373100105
ridge,12,60,83,0.0119288992785
ridge,12,60,84,0.00659638323138
ridge,12,60,85,0.00636178148364
ridge,12,60,86,0.00970039297822
ridge,12,60,87,0.00984148708175
ridge,12,60,88,0.0123181332762
ridge,12,60,89,0.0125709560163
ridge,12,60,90,0.0126229590947
ridge,12,60,91,0.00737241806296
ridge,12,60,92,0.0127409740102
ridge,12,60,93,0.0108515484639
ridge,12,60,94,0.0114436768638
ridge,12,60,95,0.0101320561708
ridge,12,60,96,0.00900294078764
ridge,12,60,97,0.0143200540675
ridge,12,60,98,0.0120128814667
ridge,12,60,99,0.00930013249275
ridge,12,60,100,0.012613519924
ridge,12,60,101,0.0136901720051
ridge,12,60,102,0.00950634664746
ridge,12,60,103,0.00881451958535
ridge,12,60,104,0.00731679889136
ridge,12,60,105,0.0126869729924
ridge,12,60,106,0.0100113712213
ridge,12,60,107,0.00588509549022
ridge,12,60,108,0.00782546158382
ridge,12,60,109,0.00729709937595
ridge,12,60,110,0.0124658557651
ridge,12,60,111,0.00892128002272
ridge,12,60,112,0.00978336030185
ridge,12,60,113,0.00989003235643
ridge,12,60,114,0.01008885383
ridge,12,60,115,0.0100352145763
ridge,12,60,116,0.0117963694483
ridge,12,60,117,0.00774543221615
ridge,12,60,118,0.00979060017703
ridge,12,60,119,0.0111385008112
ridge,12,60,120,0.0149930501803
ridge,12,60,121,0.00885623925678
ridge,12,60,122,0.0065294107691
ridge,12,60,123,0.0104268553934
ridge,12,60,124,0.00454676331156
ridge,12,60,125,0.0101950972188
ridge,12,60,126,0.0105222695999
ridge,12,60,127,0.00943195760822
ridge,12,60,128,0.0057334333476
ridge,12,60,129,0.00773737466891
ridge,12,60,130,0.0052842936876
ridge,12,60,131,0.0120402706035
ridge,12,60,132,0.0133540183084
ridge,12,60,133,0.0123211977071
ridge,12,60,134,0.0101397586901
ridge,12,60,135,0.0101281428782
ridge,12,60,136,0.0102590929542
ridge,12,60,137,0.0113786400685
ridge,12,60,138,0.0119822457035
ridge,12,60,139,0.0126485307995
ridge,12,60,140,0.00715053788926
ridge,12,60,141,0.0103011140897
ridge,12,60,142,0.0118857237695
ridge,12,60,143,0.0106838768703
ridge,12,60,144,0.00925651897885
ridge,12,60,145,0.00893820487483
ridge,12,60,146,0.00450955875192
ridge,12,60,147,0.0123929200892
ridge,12,60,148,0.00812016639217
ridge,12,60,149,0.0115427391873
ridge,12,60,150,0.00829461695501
ridge,12,60,151,0.0151105700334
ridge,12,60,152,0.00878086986767
ridge,12,60,153,0.00926917180546
ridge,12,60,154,0.0057931898845
ridge,12,60,155,0.00749162673458
ridge,12,60,156,0.0102103096985
ridge,12,60,157,0.0107621678473
ridge,12,60,158,0.0129603519157
ridge,12,60,159,0.00910716993974
ridge,12,60,160,0.0107761747415
ridge,12,60,161,0.00861787125194
ridge,12,60,162,0.0110736457579
ridge,12,60,163,0.00902590127452
ridge,12,60,164,0.0101056258236
ridge,12,60,165,0.00951872595732
ridge,12,60,166,0.00515638871392
ridge,12,60,167,0.0066773323373
ridge,12,60,168,0.0111067778849
ridge,12,60,169,0.00944895474792
ridge,12,60,170,0.00862161164373
ridge,12,60,171,0.00970684340424
ridge,12,60,172,0.00904449970003
ridge,12,60,173,0.00870329265729
ridge,12,60,174,0.00860928028508
ridge,12,60,175,0.0100260738016
ridge,12,60,176,0.00875656281331
ridge,12,60,177,0.00869034636437
ridge,12,60,178,0.00898046374287
ridge,12,60,179,0.0126054833403
ridge,12,60,180,0.0122681701705
ridge,12,60,181,0.0118455708692
ridge,12,60,182,0.00984250049513
ridge,12,60,183,0.00924590204271
ridge,12,60,184,0.0126761770853
ridge,12,60,185,0.00401617557982
ridge,12,60,186,0.00708502630868
ridge,12,60,187,0.00614282672422
ridge,12,60,188,0.0156584886468
ridge,12,60,189,0.0101461154061
ridge,12,60,190,0.00937525427789
ridge,12,60,191,0.00744972615883
ridge,12,60,192,0.0125454276499
ridge,12,60,193,0.0105419678893
ridge,12,60,194,0.0108715285715
ridge,12,60,195,0.0135687227623
ridge,12,60,196,0.00767294351822
ridge,12,60,197,0.0114837548455
ridge,12,60,198,0.0106888621984
ridge,12,60,199,0.0104286327803
ridge,12,60,200,0.0102868359788
ridge,12,60,201,0.0122192598864
ridge,12,60,202,0.0114964571968
ridge,12,60,203,0.00611970951305
ridge,12,60,204,0.00843353177607
ridge,12,60,205,0.012881018507
ridge,12,60,206,0.0107009472405
ridge,12,60,207,0.00694278034696
ridge,12,60,208,0.00968005544697
ridge,12,60,209,0.00940672822211
ridge,12,60,210,0.0125276467842
ridge,12,60,211,0.00684306971015
ridge,12,60,212,0.0118930284753
ridge,12,60,213,0.011257733857
ridge,12,60,214,0.0140942835504
ridge,12,60,215,0.0130058250387
ridge,12,60,216,0.00287478245828
ridge,12,60,217,0.0117591792261
ridge,12,60,218,0.00802421402197
ridge,12,60,219,0.00979179341715
ridge,12,60,220,0.00820937699612
ridge,12,60,221,0.00304339229906
ridge,12,60,222,0.00291973002658
ridge,12,60,223,0.00914436754533
ridge,12,60,224,0.00855876240367
ridge,12,60,225,0.00515254625152
ridge,12,60,226,0.0121485159154
ridge,12,60,227,0.00480037569024
ridge,12,60,228,0.011890030329
ridge,12,60,229,0.0140244234725
ridge,12,60,230,0.0145825309042
ridge,12,60,231,0.0112040003988
ridge,12,60,232,0.00584123137878
ridge,12,60,233,0.0116125870426
ridge,12,60,234,0.0149144238264
ridge,12,60,235,0.00995948677007
ridge,12,60,236,0.0120427910657
ridge,12,60,237,0.00753498962856
ridge,12,60,238,0.0109173040053
ridge,12,60,239,0.0121080304093
ridge,12,60,240,0.0101550610785
ridge,12,60,241,0.00663579182024
ridge,12,60,242,0.0100472607426
ridge,12,60,243,0.0105500674645
ridge,12,60,244,0.0110944282831
ridge,12,60,245,0.0111900950819
ridge,12,60,246,0.00535032264533
ridge,12,60,247,0.00846232069027
ridge,12,60,248,0.0100466821913
ridge,12,60,249,0.00678394926359
ridge,12,60,250,0.00414863243846
ridge,12,60,251,0.00957103003417
ridge,12,60,252,0.0110602179607
ridge,12,60,253,0.008275908556
ridge,12,60,254,0.00328017055756
ridge,12,60,255,0.0102380470505
ridge,12,60,256,0.010407333856
ridge,12,60,257,0.010676451283
ridge,12,60,258,0.00428812756643
ridge,12,60,259,0.00778442462517
ridge,12,60,260,0.00864703538911
ridge,12,60,261,0.00890611565689
ridge,12,60,262,0.0118457957992
ridge,12,60,263,0.00734932412411
ridge,12,60,264,0.0113137735523
ridge,12,60,265,0.00830093256393
ridge,12,60,266,0.00616442423858
ridge,12,60,267,0.010631300318
ridge,12,60,268,0.007385828663
ridge,12,60,269,0.00848204361437
ridge,12,60,270,0.0061349210132
ridge,12,60,271,0.0116246494021
ridge,12,60,272,0.0119105029865
ridge,12,60,273,0.00644827218087
ridge,12,60,274,0.00959961954353
ridge,12,60,275,0.00292492163487
ridge,12,60,276,0.0098773161199
ridge,12,60,277,0.00908820234264
ridge,12,60,278,0.0110610758098
ridge,12,60,279,0.0108040334991
ridge,12,60,280,0.00979061069461
ridge,12,60,281,0.00847111384102
ridge,12,60,282,0.00736705717004
ridge,12,60,283,0.0100080785006
ridge,12,60,284,0.00597129536155
ridge,12,60,285,0.00754595729976
ridge,12,60,286,0.00795772586615
ridge,12,60,287,0.00652371571978
ridge,12,60,288,0.0101995099924
ridge,12,60,289,0.011128040594
ridge,12,60,290,0.0088922939487
ridge,12,60,291,0.00866651223762
ridge,12,60,292,0.0087641389444
ridge,12,60,293,0.00811334506578
ridge,12,60,294,0.0088983152419
ridge,12,60,295,0.0146906202352
ridge,12,60,296,0.014595074934
ridge,12,60,297,0.00571080567347
ridge,12,60,298,0.00920992670913
ridge,12,60,299,0.0113956509685
ridge,12,60,300,0.00827368816736
ridge,12,60,301,0.00664747961249
ridge,12,60,302,0.0129238386877
ridge,12,60,303,0.0121700350838
ridge,12,60,304,0.0108239987614
ridge,12,60,305,0.0110779205685
ridge,12,60,306,0.0108990494278
ridge,12,60,307,0.00391592423818
ridge,12,60,308,0.00955878478807
ridge,12,60,309,0.00358762039469
ridge,12,60,310,0.0109933014592
ridge,12,60,311,0.0127864600265
ridge,12,60,312,0.0112256288706
ridge,12,60,313,0.00850701049615
ridge,12,60,314,0.00944498631087
ridge,12,60,315,0.00807040405127
ridge,12,60,316,0.00475128467932
ridge,12,60,317,0.00931835778355
ridge,12,60,318,0.0132379263355
ridge,12,60,319,0.00721290975122
ridge,12,60,320,0.014062997957
ridge,12,60,321,0.0121372812002
ridge,12,60,322,0.00784870089089
ridge,12,60,323,0.00664967599004
ridge,12,60,324,0.0079404068222
ridge,12,60,325,0.005349585151
ridge,12,60,326,0.0135268230503
ridge,12,60,327,0.00753304606385
ridge,12,60,328,0.0111180435704
ridge,12,60,329,0.0100066111998
ridge,12,60,330,0.0121073283744
ridge,12,60,331,0.0117948560839
ridge,12,60,332,0.0112137406402
ridge,12,60,333,0.0153333268877
ridge,12,60,334,0.0113807071153
ridge,12,60,335,0.00882107642084
ridge,12,60,336,0.0102545450885
ridge,12,60,337,0.0108960833773
ridge,12,60,338,0.0109549336975
ridge,12,60,339,0.00981904240626
ridge,12,60,340,0.00913592071557
ridge,12,60,341,0.0061984693432
ridge,12,60,342,0.00965461494693
ridge,12,60,343,0.0105536520501
ridge,12,60,344,0.0106307171503
ridge,12,60,345,0.013873164562
ridge,12,60,346,0.00678907251441
ridge,12,60,347,0.00780074695793
ridge,12,60,348,0.0112689672509
ridge,12,60,349,0.010277713354
ridge,12,60,350,0.0101842722401
ridge,12,60,351,0.0113715823424
ridge,12,60,352,0.00910613082102
ridge,12,60,353,0.00781820805125
ridge,12,60,354,0.0127107588837
ridge,12,60,355,0.00751706726508
ridge,12,60,356,0.0103837247319
ridge,12,60,357,0.0130768383168
ridge,12,60,358,0.0100189188778
ridge,12,60,359,0.00716760683898
ridge,12,60,360,0.00786961147968
ridge,12,60,361,0.0115852125494
ridge,12,60,362,0.00774875912452
ridge,12,60,363,0.0160699873087
ridge,12,60,364,0.0110806395446
ridge,12,60,365,0.00450591695246
ridge,12,60,366,0.0107055144362
ridge,12,60,367,0.00681938399142
ridge,12,60,368,0.0089513058338
ridge,12,60,369,0.00962644274956
ridge,12,60,370,0.0102931575486
ridge,12,60,371,0.0110272589049
ridge,12,60,372,0.00824484951584
ridge,12,60,373,0.00732157611697
ridge,12,60,374,0.0117745065227
ridge,12,60,375,0.00793051208948
ridge,12,60,376,0.0081993342303
ridge,12,60,377,0.00905743426297
ridge,12,60,378,0.00788456149536
ridge,12,60,379,0.00712835794841
ridge,12,60,380,0.00460187573977
ridge,12,60,381,0.00427196434713
ridge,12,60,382,0.00798060564488
ridge,12,60,383,0.00896871608761
ridge,12,60,384,0.00538762615041
ridge,12,60,385,0.0100345631133
ridge,12,60,386,0.0118059284143
ridge,12,60,387,0.0079659272071
ridge,12,60,388,0.00662593815867
ridge,12,60,389,0.0103808318028
ridge,12,60,390,0.0118222945405
ridge,12,60,391,0.0124936303105
ridge,12,60,392,0.012175218372
ridge,12,60,393,0.00649042255649
ridge,12,60,394,0.00734637156917
ridge,12,60,395,0.0084054591091
ridge,12,60,396,0.00695771976523
ridge,12,60,397,0.0116218328274
ridge,12,60,398,0.00956102467133
ridge,12,60,399,0.0164573051652
ridge,12,60,400,0.00804999648545
ridge,12,60,401,0.00866318667069
ridge,12,60,402,0.00835038233291
ridge,12,60,403,0.00912001104378
ridge,12,60,404,0.00910843004655
ridge,12,60,405,0.00517938522004
ridge,12,60,406,0.0136257766311
ridge,12,60,407,0.0118339974406
ridge,12,60,408,0.00843479230225
ridge,12,60,409,0.00746703525177
ridge,12,60,410,0.00688511676638
ridge,12,60,411,0.00742714695693
ridge,12,60,412,0.0145911559539
ridge,12,60,413,0.0161842948959
ridge,12,60,414,0.00920976629687
ridge,12,60,415,0.00975865254419
ridge,12,60,416,0.00994607143897
ridge,12,60,417,0.0111558755666
ridge,12,60,418,0.0137108772688
ridge,12,60,419,0.0106250384381
ridge,12,60,420,0.00964912625351
ridge,12,60,421,0.00910316849934
ridge,12,60,422,0.0122352635038
ridge,12,60,423,0.0113377220513
ridge,12,60,424,0.0118848580744
ridge,12,60,425,0.0124262591382
ridge,12,60,426,0.011550151582
ridge,12,60,427,0.0135979961596
ridge,12,60,428,0.0109204844069
ridge,12,60,429,0.00978248236175
ridge,12,60,430,0.00839137238509
ridge,12,60,431,0.0113163190173
ridge,12,60,432,0.011719660763
ridge,12,60,433,0.0120217557746
ridge,12,60,434,0.0140459717253
ridge,12,60,435,0.011400132584
ridge,12,60,436,0.0103624766486
ridge,12,60,437,0.0126948316171
ridge,12,60,438,0.00759269841101
ridge,12,60,439,0.0107967823725
ridge,12,60,440,0.0063713750771
ridge,12,60,441,0.00682985089526
ridge,12,60,442,0.0136090177627
ridge,12,60,443,0.0155607684593
ridge,12,60,444,0.00824921414083
ridge,12,60,445,0.0115739294732
ridge,12,60,446,0.00790961062229
ridge,12,60,447,0.00926163356693
ridge,12,60,448,0.00597584892174
ridge,12,60,449,0.00930241475481
ridge,12,60,450,0.0118491704565
ridge,12,60,451,0.00968732009784
ridge,12,60,452,0.00656126543725
ridge,12,60,453,0.00804974348812
ridge,12,60,454,0.00832934105453
ridge,12,60,455,0.00680762628001
ridge,12,60,456,0.00507138130066
ridge,12,60,457,0.00844974592182
ridge,12,60,458,0.00755085148644
ridge,12,60,459,0.0131413980742
ridge,12,60,460,0.0104077778168
ridge,12,60,461,0.0129998916075
ridge,12,60,462,0.0130981002457
ridge,12,60,463,0.00984876866737
ridge,12,60,464,0.0105747564367
ridge,12,60,465,0.0122101025486
ridge,12,60,466,0.00609658456989
ridge,12,60,467,0.00621696164811
ridge,12,60,468,0.00834142153665
ridge,12,60,469,0.00664160537752
ridge,12,60,470,0.0097482436473
ridge,12,60,471,0.0102429400554
ridge,12,60,472,0.00923295109546
ridge,12,60,473,0.00891352366034
ridge,12,60,474,0.00791811438699
ridge,12,60,475,0.00804296111716
ridge,12,60,476,0.0065075054667
ridge,12,60,477,0.00443250073197
ridge,12,60,478,0.0119734562095
ridge,12,60,479,0.00786287454752
ridge,12,60,480,0.00335434516271
ridge,12,60,481,0.00853926903033
ridge,12,60,482,0.00721940735124
ridge,12,60,483,0.0115161906727
ridge,12,60,484,0.0138390195885
ridge,12,60,485,0.00645155022484
ridge,12,60,486,0.00816896729598
ridge,12,60,487,0.0092426327973
ridge,12,60,488,0.00878023707346
ridge,12,60,489,0.00750808614584
ridge,12,60,490,0.0060814887668
ridge,12,60,491,0.0125351625881
ridge,12,60,492,0.0121304776277
ridge,12,60,493,0.0125830138105
ridge,12,60,494,0.0104840147114
ridge,12,60,495,0.0114243597288
ridge,12,60,496,0.00476592283574
ridge,12,60,497,0.0122829788185
ridge,12,60,498,0.00927906130577
ridge,12,60,499,0.00850954621071
ridge,12,60,500,0.012719069957
ridge,12,60,501,0.00847184584893
ridge,12,60,502,0.0141071632284
ridge,12,60,503,0.0156501679766
ridge,12,60,504,0.0120044586923
ridge,12,60,505,0.00986136316967
ridge,12,60,506,0.0104169585424
ridge,12,60,507,0.00458389981611
ridge,12,60,508,0.00673936387008
ridge,12,60,509,0.0129993774038
ridge,12,60,510,0.0114439261194
ridge,12,60,511,0.0106353858447
ridge,12,60,512,0.007322686609
ridge,12,60,513,0.00839603534777
ridge,12,60,514,0.00918346180298
ridge,12,60,515,0.0107131655777
ridge,12,60,516,0.0136711973785
ridge,12,60,517,0.00855962274877
ridge,12,60,518,0.00992238747607
ridge,12,60,519,0.0166755141243
ridge,12,60,520,0.00920810062768
ridge,12,60,521,0.00803939185175
ridge,12,60,522,0.00980621481198
ridge,12,60,523,0.0102748411028
ridge,12,60,524,0.0106240989302
ridge,12,60,525,0.0086076007808
ridge,12,60,526,0.00919672278226
ridge,12,60,527,0.0128617500745
ridge,12,60,528,0.0116384255293
ridge,12,60,529,0.00848886580681
ridge,12,60,530,0.0100264191493
ridge,12,60,531,0.0123461628964
ridge,12,60,532,0.00423152832548
ridge,12,60,533,0.0124689836805
ridge,12,60,534,0.0129476588099
ridge,12,60,535,0.0133016154582
ridge,12,60,536,0.00923464528932
ridge,12,60,537,0.00794116988077
ridge,12,60,538,0.0117462247445
ridge,12,60,539,0.010730336802
ridge,12,60,540,0.0102910881669
ridge,12,60,541,0.00857170889518
ridge,12,60,542,0.0109058482623
ridge,12,60,543,0.00952862165452
ridge,12,60,544,0.01057063199
ridge,12,60,545,0.0086418583475
ridge,12,60,546,0.0103470656398
ridge,12,60,547,0.00489576262654
ridge,12,60,548,0.0113721971036
ridge,12,60,549,0.00478168883142
ridge,12,60,550,0.00822701297529
ridge,12,60,551,0.00777177176211
ridge,12,60,552,0.0124955565281
ridge,12,60,553,0.00978737605193
ridge,12,60,554,0.00780980145399
ridge,12,60,555,0.0141964737154
ridge,12,60,556,0.00952333612483
ridge,12,60,557,0.0097496125685
ridge,12,60,558,0.013483331884
ridge,12,60,559,0.00817663926798
ridge,12,60,560,0.0090891937309
ridge,12,60,561,0.0117198563346
ridge,12,60,562,0.00994524741098
ridge,12,60,563,0.0103758518508
ridge,12,60,564,0.012532998603
ridge,12,60,565,0.00685761954329
ridge,12,60,566,0.00993292145668
ridge,12,60,567,0.00874562313789
ridge,12,60,568,0.0133151458038
ridge,12,60,569,0.0113393970712
ridge,12,60,570,0.00824170518387
ridge,12,60,571,0.0107042405657
ridge,12,60,572,0.0107072916624
ridge,12,60,573,0.0122235869968
ridge,12,60,574,0.0118648867564
ridge,12,60,575,0.00921807560648
ridge,12,60,576,0.0111245093906
ridge,12,60,577,0.00798219228954
ridge,12,60,578,0.0116147939131
ridge,12,60,579,0.0137492978671
ridge,12,60,580,0.0149760970301
ridge,12,60,581,0.0143668841431
ridge,12,60,582,0.00967408490533
ridge,12,60,583,0.0134851512487
ridge,12,60,584,0.00428980238338
ridge,12,60,585,0.0115982863888
ridge,12,60,586,0.0116809882476
ridge,12,60,587,0.0105289679701
ridge,12,60,588,0.010811693467
ridge,12,60,589,0.00748104733634
ridge,12,60,590,0.0071655595273
ridge,12,60,591,0.00537081213455
ridge,12,60,592,0.00769767236093
ridge,12,60,593,0.010046650822
ridge,12,60,594,0.0121478401425
ridge,12,60,595,0.01004515516
ridge,12,60,596,0.00858688220941
ridge,12,60,597,0.0107897223422
ridge,12,60,598,0.0151618141214
ridge,12,60,599,0.0118104893164
ridge,12,60,600,0.0135206370603
ridge,12,60,601,0.00595075750529
ridge,12,60,602,0.0123881444622
ridge,12,60,603,0.0113828435522
ridge,12,60,604,0.010068124846
ridge,12,60,605,0.00711384169863
ridge,12,60,606,0.0101386207654
ridge,12,60,607,0.00813412105473
ridge,12,60,608,0.00861293691978
ridge,12,60,609,0.0130859367744
ridge,12,60,610,0.00880578837425
ridge,12,60,611,0.011442585505
ridge,12,60,612,0.0130849742892
ridge,12,60,613,0.0093523520214
ridge,12,60,614,0.00871560403956
ridge,12,60,615,0.00810631294319
ridge,12,60,616,0.0104576293587
ridge,12,60,617,0.00714909603009
ridge,12,60,618,0.00894463123733
ridge,12,60,619,0.00784879591048
ridge,12,60,620,0.00903010110091
ridge,12,60,621,0.00681999667144
ridge,12,60,622,0.00684246113944
ridge,12,60,623,0.0101578062213
ridge,12,60,624,0.0105026742241
ridge,12,60,625,0.0116213437361
ridge,12,60,626,0.0129528077543
ridge,12,60,627,0.00636750193996
ridge,12,60,628,0.0100805111093
ridge,12,60,629,0.0103308855623
ridge,12,60,630,0.0102389325409
ridge,12,60,631,0.00613181633037
ridge,12,60,632,0.00600782457702
ridge,12,60,633,0.0137193567168
ridge,12,60,634,0.00956118310959
ridge,12,60,635,0.0106005005367
ridge,12,60,636,0.00936693934184
ridge,12,60,637,0.00767150575717
ridge,12,60,638,0.00773568498912
ridge,12,60,639,0.0141933885788
ridge,12,60,640,0.0111736635053
ridge,12,60,641,0.0110742726925
ridge,12,60,642,0.0103392299723
ridge,12,60,643,0.0116082030708
ridge,12,60,644,0.0133242124424
ridge,12,60,645,0.0108589327864
ridge,12,60,646,0.012018777346
ridge,12,60,647,0.008301153445
ridge,12,60,648,0.0100168744537
ridge,12,60,649,0.0105270681413
ridge,12,60,650,0.0134494554326
ridge,12,60,651,0.0108721491143
ridge,12,60,652,0.00989578403308
ridge,12,60,653,0.00799379303505
ridge,12,60,654,0.0115068968473
ridge,12,60,655,0.00474769843276
ridge,12,60,656,0.00700437683188
ridge,12,60,657,0.00829646333466
ridge,12,60,658,0.00885587714164
ridge,12,60,659,0.00657831639799
ridge,12,60,660,0.0138972271645
ridge,12,60,661,0.0125558182542
ridge,12,60,662,0.00951700262041
ridge,12,60,663,0.00626994971882
ridge,12,60,664,0.0103188241983
ridge,12,60,665,0.00776158294384
ridge,12,60,666,0.0100150085126
ridge,12,60,667,0.0108254251909
ridge,12,60,668,0.0118509287657
ridge,12,60,669,0.00979629752269
ridge,12,60,670,0.00993116700165
ridge,12,60,671,0.0113664535303
ridge,12,60,672,0.0129992051188
ridge,12,60,673,0.00540444517354
ridge,12,60,674,0.00813746253779
ridge,12,60,675,0.0116146573657
ridge,12,60,676,0.00758940331142
ridge,12,60,677,0.0105850969642
ridge,12,60,678,0.0120304782652
ridge,12,60,679,0.00673776926119
ridge,12,60,680,0.00456324526253
ridge,12,60,681,0.0083880573659
ridge,12,60,682,0.0094549299786
ridge,12,60,683,0.0058271542206
ridge,12,60,684,0.00537920422562
ridge,12,60,685,0.00882358194587
ridge,12,60,686,0.00667207709944
ridge,12,60,687,0.00560171888038
ridge,12,60,688,0.0106797961391
ridge,12,60,689,0.0126910068494
ridge,12,60,690,0.00633412288561
ridge,12,60,691,0.0107273534049
ridge,12,60,692,0.00912129708542
ridge,12,60,693,0.00849577613978
ridge,12,60,694,0.0103433012109
ridge,12,60,695,0.011174736953
ridge,12,60,696,0.00645143900601
ridge,12,60,697,0.0114837848632
ridge,12,60,698,0.00684062954823
ridge,12,60,699,0.011601662989
ridge,12,60,700,0.00622144078906
ridge,12,60,701,0.00892631240668
ridge,12,60,702,0.00643338338026
ridge,12,60,703,0.00582172814866
ridge,12,60,704,0.0139322581958
ridge,12,60,705,0.00610515101203
ridge,12,60,706,0.0111326812581
ridge,12,60,707,0.00612086809807
ridge,12,60,708,0.0113102381956
ridge,12,60,709,0.0106493431772
ridge,12,60,710,0.0125768005407
ridge,12,60,711,0.00848215327499
ridge,12,60,712,0.00864287287889
ridge,12,60,713,0.00929463864427
ridge,12,60,714,0.00480274875051
ridge,12,60,715,0.0100973773943
ridge,12,60,716,0.0139927895587
ridge,12,60,717,0.00736385611986
ridge,12,60,718,0.0071446082147
ridge,12,60,719,0.00724705408084
ridge,12,60,720,0.00552302864818
ridge,12,60,721,0.00921766663709
ridge,12,60,722,0.0134915884977
ridge,12,60,723,0.00795704585751
ridge,12,60,724,0.0108773560185
ridge,12,60,725,0.0114907861711
ridge,12,60,726,0.0130217348062
ridge,12,60,727,0.0100279101959
ridge,12,60,728,0.00613002146734
ridge,12,60,729,0.00988768052573
ridge,12,60,730,0.00894830954716
ridge,12,60,731,0.0093395790269
ridge,12,60,732,0.0130884766814
ridge,12,60,733,0.0124021138894
ridge,12,60,734,0.00856540301938
ridge,12,60,735,0.00983267661134
ridge,12,60,736,0.0070864937066
ridge,12,60,737,0.00943410626786
ridge,12,60,738,0.00765697937333
ridge,12,60,739,0.00925209400777
ridge,12,60,740,0.0103518505655
ridge,12,60,741,0.0146206559043
ridge,12,60,742,0.00910269519274
ridge,12,60,743,0.00691019140758
ridge,12,60,744,0.00873828541232
ridge,12,60,745,0.0112200474414
ridge,12,60,746,0.0114691187079
ridge,12,60,747,0.0100306688561
ridge,12,60,748,0.00925153495519
ridge,12,60,749,0.0113522958582
ridge,12,60,750,0.0139291504814
ridge,12,60,751,0.00971648420575
ridge,12,60,752,0.0116022000858
ridge,12,60,753,0.00666959590453
ridge,12,60,754,0.0136596902245
ridge,12,60,755,0.00741492359757
ridge,12,60,756,0.0068539002371
ridge,12,60,757,0.00933749000459
ridge,12,60,758,0.00987954809784
ridge,12,60,759,0.00574752043213
ridge,12,60,760,0.00870387715844
ridge,12,60,761,0.00947482757716
ridge,12,60,762,0.00934267152798
ridge,12,60,763,0.00667136726492
ridge,12,60,764,0.0089247435755
ridge,12,60,765,0.00990260754501
ridge,12,60,766,0.00676006518331
ridge,12,60,767,0.0112662870174
ridge,12,60,768,0.012069183986
ridge,12,60,769,0.0113094897154
ridge,12,60,770,0.0146199603187
ridge,12,60,771,0.00641238962118
ridge,12,60,772,0.0128287584693
ridge,12,60,773,0.00938094021947
ridge,12,60,774,0.0114633336955
ridge,12,60,775,0.00960533844173
ridge,12,60,776,0.00864082453018
ridge,12,60,777,0.00799344192406
ridge,12,60,778,0.0110978799293
ridge,12,60,779,0.0107287499403
ridge,12,60,780,0.00907101790983
ridge,12,60,781,0.0095853448399
ridge,12,60,782,0.0126871399839
ridge,12,60,783,0.0085891658586
ridge,12,60,784,0.00902463393327
ridge,12,60,785,0.0101677608688
ridge,12,60,786,0.0098997948576
ridge,12,60,787,0.0108203789706
ridge,12,60,788,0.0108783509928
ridge,12,60,789,0.0112153980339
ridge,12,60,790,0.0100474815656
ridge,12,60,791,0.00852608153426
ridge,12,60,792,0.00533496533897
ridge,12,60,793,0.00854136162178
ridge,12,60,794,0.0115641464679
ridge,12,60,795,0.0133497282179
ridge,12,60,796,0.00869313807881
ridge,12,60,797,0.0116163147449
ridge,12,60,798,0.0107502113104
ridge,12,60,799,0.0122956954623
ridge,12,60,800,0.010682854045
ridge,12,60,801,0.00884737918126
ridge,12,60,802,0.0103048762934
ridge,12,60,803,0.0112991168499
ridge,12,60,804,0.0137285601999
ridge,12,60,805,0.010412466909
ridge,12,60,806,0.0108992910105
ridge,12,60,807,0.0132061107004
ridge,12,60,808,0.0137953252667
ridge,12,60,809,0.010752376733
ridge,12,60,810,0.0138151195721
ridge,12,60,811,0.00641985648198
ridge,12,60,812,0.0080161334429
ridge,12,60,813,0.0152912862718
ridge,12,60,814,0.0123399012516
ridge,12,60,815,0.00706180533717
ridge,12,60,816,0.00894052357639
ridge,12,60,817,0.0121072434122
ridge,12,60,818,0.00952387333056
ridge,12,60,819,0.00790724886256
ridge,12,60,820,0.00997543994751
ridge,12,60,821,0.00841824113484
ridge,12,60,822,0.0145555864428
ridge,12,60,823,0.0141151126834
ridge,12,60,824,0.0118905806434
ridge,12,60,825,0.00538327194828
ridge,12,60,826,0.00744691333661
ridge,12,60,827,0.0115933301757
ridge,12,60,828,0.0099640795218
ridge,12,60,829,0.00636756777029
ridge,12,60,830,0.0158174048771
ridge,12,60,831,0.0116361021731
ridge,12,60,832,0.00851989879252
ridge,12,60,833,0.0129095705148
ridge,12,60,834,0.00973498797958
ridge,12,60,835,0.0125465448209
ridge,12,60,836,0.00542807942004
ridge,12,60,837,0.0130491969775
ridge,12,60,838,0.0116114545825
ridge,12,60,839,0.0104139575992
ridge,12,60,840,0.010332172875
ridge,12,60,841,0.0128459753992
ridge,12,60,842,0.00570223184409
ridge,12,60,843,0.0109598415756
ridge,12,60,844,0.0109608373924
ridge,12,60,845,0.01441652251
ridge,12,60,846,0.010038611691
ridge,12,60,847,0.00784643530275
ridge,12,60,848,0.0139864109706
ridge,12,60,849,0.0103563428353
ridge,12,60,850,0.0111696505098
ridge,12,60,851,0.0112582682158
ridge,12,60,852,0.0123787010776
ridge,12,60,853,0.00942376185294
ridge,12,60,854,0.0128766649721
ridge,12,60,855,0.00683837215881
ridge,12,60,856,0.0070857063913
ridge,12,60,857,0.0111861846772
ridge,12,60,858,0.0101486798171
ridge,12,60,859,0.00533960899104
ridge,12,60,860,0.00660511542842
ridge,12,60,861,0.00869378651876
ridge,12,60,862,0.00780983852072
ridge,12,60,863,0.00940989605789
ridge,12,60,864,0.00688249581744
ridge,12,60,865,0.00941407517318
ridge,12,60,866,0.00620423943444
ridge,12,60,867,0.0086186822957
ridge,12,60,868,0.0103095778423
ridge,12,60,869,0.00703666833075
ridge,12,60,870,0.0103313235969
ridge,12,60,871,0.00670493145528
ridge,12,60,872,0.0125154208418
ridge,12,60,873,0.0130614762105
ridge,12,60,874,0.0080467484424
ridge,12,60,875,0.00847569999629
ridge,12,60,876,0.012718465059
ridge,12,60,877,0.0136268628461
ridge,12,60,878,0.0105817265688
ridge,12,60,879,0.0111814501904
ridge,12,60,880,0.0111290259251
ridge,12,60,881,0.00848015610939
ridge,12,60,882,0.0093288107208
ridge,12,60,883,0.0184538380167
ridge,12,60,884,0.00993192279261
ridge,12,60,885,0.00835717813774
ridge,12,60,886,0.00836696846993
ridge,12,60,887,0.0107478749155
ridge,12,60,888,0.00903134341513
ridge,12,60,889,0.00703616480328
ridge,12,60,890,0.0102019899343
ridge,12,60,891,0.00794719404301
ridge,12,60,892,0.00923471059796
ridge,12,60,893,0.0119172338211
ridge,12,60,894,0.0109832494356
ridge,12,60,895,0.0117261875046
ridge,12,60,896,0.00864072274253
ridge,12,60,897,0.00569660165361
ridge,12,60,898,0.00966216770954
ridge,12,60,899,0.0103331984283
ridge,12,60,900,0.0158517054303
ridge,12,60,901,0.00592484682117
ridge,12,60,902,0.00934876525652
ridge,12,60,903,0.00897299418247
ridge,12,60,904,0.0137111393187
ridge,12,60,905,0.0101861992893
ridge,12,60,906,0.0139413344635
ridge,12,60,907,0.0126439009088
ridge,12,60,908,0.00790799269701
ridge,12,60,909,0.0102206785669
ridge,12,60,910,0.00668465410202
ridge,12,60,911,0.0113546532674
ridge,12,60,912,0.006016394232
ridge,12,60,913,0.0139703169114
ridge,12,60,914,0.00687967356591
ridge,12,60,915,0.0092789071625
ridge,12,60,916,0.0108831264935
ridge,12,60,917,0.00641814671001
ridge,12,60,918,0.0168212495501
ridge,12,60,919,0.00990980482088
ridge,12,60,920,0.00864021408122
ridge,12,60,921,0.00947847171031
ridge,12,60,922,0.00370224501348
ridge,12,60,923,0.00369526898408
ridge,12,60,924,0.00954981046656
ridge,12,60,925,0.00626553264294
ridge,12,60,926,0.0125338313946
ridge,12,60,927,0.00892944522198
ridge,12,60,928,0.0100258248541
ridge,12,60,929,0.00524087794761
ridge,12,60,930,0.00942036368221
ridge,12,60,931,0.0144780874796
ridge,12,60,932,0.00879495268844
ridge,12,60,933,0.0146610138417
ridge,12,60,934,0.011981683273
ridge,12,60,935,0.0091671102308
ridge,12,60,936,0.00773456263105
ridge,12,60,937,0.00948524994648
ridge,12,60,938,0.0102491031115
ridge,12,60,939,0.00764632590455
ridge,12,60,940,0.0143665412744
ridge,12,60,941,0.0117410401746
ridge,12,60,942,0.0116864207629
ridge,12,60,943,0.011045248716
ridge,12,60,944,0.00951242754132
ridge,12,60,945,0.00728266444229
ridge,12,60,946,0.00927299853718
ridge,12,60,947,0.00952564840703
ridge,12,60,948,0.0087149590921
ridge,12,60,949,0.0131941198588
ridge,12,60,950,0.0111679194531
ridge,12,60,951,0.00891729713483
ridge,12,60,952,0.0106758468561
ridge,12,60,953,0.00464007204701
ridge,12,60,954,0.0118906076852
ridge,12,60,955,0.0166802434864
ridge,12,60,956,0.010377931609
ridge,12,60,957,0.0100723326104
ridge,12,60,958,0.0106666785841
ridge,12,60,959,0.012082073164
ridge,12,60,960,0.00706486344253
ridge,12,60,961,0.0126477069233
ridge,12,60,962,0.00787129941304
ridge,12,60,963,0.00444309632888
ridge,12,60,964,0.0121526806708
ridge,12,60,965,0.0130768109557
ridge,12,60,966,0.0105680975523
ridge,12,60,967,0.00894023643436
ridge,12,60,968,0.0101551078915
ridge,12,60,969,0.0113083998584
ridge,12,60,970,0.0101001087275
ridge,12,60,971,0.0120268864092
ridge,12,60,972,0.00750008684927
ridge,12,60,973,0.0125926549721
ridge,12,60,974,0.0107353599237
ridge,12,60,975,0.00466661476438
ridge,12,60,976,0.00680743488647
ridge,12,60,977,0.00799942289809
ridge,12,60,978,0.00736112490349
ridge,12,60,979,0.00836549391896
ridge,12,60,980,0.00615227332819
ridge,12,60,981,0.0137309341048
ridge,12,60,982,0.00708994091918
ridge,12,60,983,0.0139275282505
ridge,12,60,984,0.00928766257029
ridge,12,60,985,0.00766596440825
ridge,12,60,986,0.0112256213596
ridge,12,60,987,0.00986277357688
ridge,12,60,988,0.0137075257129
ridge,12,60,989,0.0105748703753
ridge,12,60,990,0.00856789225938
ridge,12,60,991,0.00982606469628
ridge,12,60,992,0.0101485160729
ridge,12,60,993,0.0110026112556
ridge,12,60,994,0.00667601293143
ridge,12,60,995,0.0137711121381
ridge,12,60,996,0.00861986406886
ridge,12,60,997,0.0113359968035
ridge,12,60,998,0.0152313366421
ridge,12,60,999,0.0102039755622
ridge,24,120,0,0.0138887258414
ridge,24,120,1,0.0113835418555
ridge,24,120,2,0.0108050213495
ridge,24,120,3,0.0127862747501
ridge,24,120,4,0.0104194553874
ridge,24,120,5,0.0117353725826
ridge,24,120,6,0.00496322139553
ridge,24,120,7,0.013618380276
ridge,24,120,8,0.00932696084584
ridge,24,120,9,0.0137279805805
ridge,24,120,10,0.00873282086326
ridge,24,120,11,0.0100692890011
ridge,24,120,12,0.00722188995737
ridge,24,120,13,0.00947331936696
ridge,24,120,14,0.00836708610376
ridge,24,120,15,0.0127794037719
ridge,24,120,16,0.0107756709366
ridge,24,120,17,0.00466375679618
ridge,24,120,18,0.0145066826099
ridge,24,120,19,0.00767246601592
ridge,24,120,20,0.00886365935605
ridge,24,120,21,0.00700393186423
ridge,24,120,22,0.0120123032703
ridge,24,120,23,0.013399036489
ridge,24,120,24,0.00907944126326
ridge,24,120,25,0.00835725442376
ridge,24,120,26,0.00992449865262
ridge,24,120,27,0.0131656485331
ridge,24,120,28,0.00763603043816
ridge,24,120,29,0.00892322520045
ridge,24,120,30,0.0164733899032
ridge,24,120,31,0.00648904876013
ridge,24,120,32,0.00759651026404
ridge,24,120,33,0.00649326229259
ridge,24,120,34,0.00979158606404
ridge,24,120,35,0.00934684858618
ridge,24,120,36,0.00992183226557
ridge,24,120,37,0.00779837118726
ridge,24,120,38,0.0100046294676
ridge,24,120,39,0.0088225067475
ridge,24,120,40,0.00791557908662
ridge,24,120,41,0.00904896426995
ridge,24,120,42,0.00706187221235
ridge,24,120,43,0.0102780115197
ridge,24,120,44,0.00944087420413
ridge,24,120,45,0.0123412726356
ridge,24,120,46,0.0108997141781
ridge,24,120,47,0.0115442302487
ridge,24,120,48,0.0131333338878
ridge,24,120,49,0.00897540454548
ridge,24,120,50,0.0126092831791
ridge,24,120,51,0.00917760626151
ridge,24,120,52,0.00792397813826
ridge,24,120,53,0.013016750638
ridge,24,120,54,0.00890642166393
ridge,24,120,55,0.0107973092558
ridge,24,120,56,0.00867425093753
ridge,24,120,57,0.00965690957547
ridge,24,120,58,0.00810018099162
ridge,24,120,59,0.00540236347608
ridge,24,120,60,0.00926918997872
ridge,24,120,61,0.0100925388137
ridge,24,120,62,0.012364698227
ridge,24,120,63,0.0115210707337
ridge,24,120,64,0.0074907466034
ridge,24,120,65,0.00445639427446
ridge,24,120,66,0.0104401698299
ridge,24,120,67,0.0121131540294
ridge,24,120,68,0.00445047863665
ridge,24,120,69,0.00758972608709
ridge,24,120,70,0.0106160065813
ridge,24,120,71,0.0126763670672
ridge,24,120,72,0.00709018242485
ridge,24,120,73,0.00571907619848
ridge,24,120,74,0.008334959167
ridge,24,120,75,0.00656000780145
ridge,24,120,76,0.0114753887816
ridge,24,120,77,0.00915414953282
ridge,24,120,78,0.00880423918652
ridge,24,120,79,0.0127658007375
ridge,24,120,80,0.00857485643521
ridge,24,120,81,0.0107423276251
ridge,24,120,82,0.00689829800158
ridge,24,120,83,0.0116963571393
ridge,24,120,84,0.00834304055874
ridge,24,120,85,0.00703818195242
ridge,24,120,86,0.00977419893882
ridge,24,120,87,0.00928584854541
ridge,24,120,88,0.0154946554446
ridge,24,120,89,0.011146894594
ridge,24,120,90,0.0131436608784
ridge,24,120,91,0.0104977919621
ridge,24,120,92,0.0120940217803
ridge,24,120,93,0.0122022530043
ridge,24,120,94,0.00663887470446
ridge,24,120,95,0.013846341344
ridge,24,120,96,0.0110480681035
ridge,24,120,97,0.0120968195966
ridge,24,120,98,0.00687883938908
ridge,24,120,99,0.00925633179833
ridge,24,120,100,0.00839211679935
ridge,24,120,101,0.00490324127839
ridge,24,120,102,0.0153281616697
ridge,24,120,103,0.0112214591343
ridge,24,120,104,0.0098515098844
ridge,24,120,105,0.00854333130537
ridge,24,120,106,0.015032293665
ridge,24,120,107,0.011199883982
ridge,24,120,108,0.00726628682127
ridge,24,120,109,0.00966030022545
ridge,24,120,110,0.00785527484842
ridge,24,120,111,0.009427681827
ridge,24,120,112,0.0122223831309
ridge,24,120,113,0.00707224872111
ridge,24,120,114,0.0115475597252
ridge,24,120,115,0.0100610319112
ridge,24,120,116,0.00898843887607
ridge,24,120,117,0.00797097082407
ridge,24,120,118,0.0100359534683
ridge,24,120,119,0.0105724367403
ridge,24,120,120,0.00768463203271
ridge,24,120,121,0.00902045737196
ridge,24,120,122,0.00872492425802
ridge,24,120,123,0.0121226462085
ridge,24,120,124,0.0097621462986
ridge,24,120,125,0.00869623724199
ridge,24,120,126,0.00855837746777
ridge,24,120,127,0.00677046397523
ridge,24,120,128,0.00785346653506
ridge,24,120,129,0.0131438337571
ridge,24,120,130,0.0119546215745
ridge,24,120,131,0.00961221691709
ridge,24,120,132,0.00747270990253
ridge,24,120,133,0.00253380614945
ridge,24,120,134,0.00768626270884
ridge,24,120,135,0.00860075357584
ridge,24,120,136,0.0102267834073
ridge,24,120,137,0.0110369629775
ridge,24,120,138,0.0129825044379
ridge,24,120,139,0.0148024092302
ridge,24,120,140,0.010472959265
ridge,24,120,141,0.0105673999423
ridge,24,120,142,0.0144722463567
ridge,24,120,143,0.0112244551909
ridge,24,120,144,0.00998834328265
ridge,24,120,145,0.0095251216438
ridge,24,120,146,0.00966780552886
ridge,24,120,147,0.0103322547775
ridge,24,120,148,0.00583179161224
ridge,24,120,149,0.0110514301619
ridge,24,120,150,0.0104761485574
ridge,24,120,151,0.0137963279062
ridge,24,120,152,0.0109015223137
ridge,24,120,153,0.00836980631179
ridge,24,120,154,0.0121369342466
ridge,24,120,155,0.0115995381313
ridge,24,120,156,0.0129157987647
ridge,24,120,157,0.0100753502866
ridge,24,120,158,0.00678183546317
ridge,24,120,159,0.0101984522112
ridge,24,120,160,0.0116068859167
ridge,24,120,161,0.0121608264157
ridge,24,120,162,0.0104962863791
ridge,24,120,163,0.012806584688
ridge,24,120,164,0.014801028369
ridge,24,120,165,0.0114312256984
ridge,24,120,166,0.00961490060022
ridge,24,120,167,0.0104841869315
ridge,24,120,168,0.0124411854445
ridge,24,120,169,0.00398352388581
ridge,24,120,170,0.0111522101879
ridge,24,120,171,0.00725590059854
ridge,24,120,172,0.0112699406366
ridge,24,120,173,0.0130743366221
ridge,24,120,174,0.0107817411893
ridge,24,120,175,0.00605718256944
ridge,24,120,176,0.00957504583965
ridge,24,120,177,0.00936239068369
ridge,24,120,178,0.0107177799705
ridge,24,120,179,0.0100526516627
ridge,24,120,180,0.0104313532102
ridge,24,120,181,0.00594391595632
ridge,24,120,182,0.0108319076992
ridge,24,120,183,0.010436038795
ridge,24,120,184,0.0167812622868
ridge,24,120,185,0.00664018251069
ridge,24,120,186,0.0122558514133
ridge,24,120,187,0.00993480171661
ridge,24,120,188,0.00962810814076
ridge,24,120,189,0.0163778229931
ridge,24,120,190,0.0129685976943
ridge,24,120,191,0.00952786168736
ridge,24,120,192,0.0184066482805
ridge,24,120,193,0.0111848142258
ridge,24,120,194,0.00739177376171
ridge,24,120,195,0.0122470167903
ridge,24,120,196,0.00859304857864
ridge,24,120,197,0.0079431295062
ridge,24,120,198,0.00891120379965
ridge,24,120,199,0.00798408190414
ridge,24,120,200,0.0105273658757
ridge,24,120,201,0.00760613509399
ridge,24,120,202,0.00685799075754
ridge,24,120,203,0.0143109917637
ridge,24,120,204,0.00901406629345
ridge,24,120,205,0.00972310554955
ridge,24,120,206,0.0128215185466
ridge,24,120,207,0.00616243223964
ridge,24,120,208,0.00778582914219
ridge,24,120,209,0.0132090910886
ridge,24,120,210,0.0076378769635
ridge,24,120,211,0.00756014889824
ridge,24,120,212,0.00903264685345
ridge,24,120,213,0.0137991101444
ridge,24,120,214,0.00783235403715
ridge,24,120,215,0.0111620440703
ridge,24,120,216,0.00791397054868
ridge,24,120,217,0.0111620091457
ridge,24,120,218,0.00489385183256
ridge,24,120,219,0.0101697740183
ridge,24,120,220,0.00722302445034
ridge,24,120,221,0.0100144287542
ridge,24,120,222,0.00799804834002
ridge,24,120,223,0.0125596632078
ridge,24,120,224,0.00868647438779
ridge,24,120,225,0.00931747242137
ridge,24,120,226,0.00959288082516
ridge,24,120,227,0.00996174684764
ridge,24,120,228,0.00773463679689
ridge,24,120,229,0.0111946277895
ridge,24,120,230,0.00415182769342
ridge,24,120,231,0.00919762180273
ridge,24,120,232,0.0106350247336
ridge,24,120,233,0.005346306019
ridge,24,120,234,0.0108281951286
ridge,24,120,235,0.0134634698243
ridge,24,120,236,0.0100906780143
ridge,24,120,237,0.00585670357217
ridge,24,120,238,0.0127443076836
ridge,24,120,239,0.00737051330914
ridge,24,120,240,0.0105330417321
ridge,24,120,241,0.0118157688829
ridge,24,120,242,0.00767638488307
ridge,24,120,243,0.00933326521056
ridge,24,120,244,0.0156566005284
ridge,24,120,245,0.0109106005804
ridge,24,120,246,0.00716693042458
ridge,24,120,247,0.00607727137433
ridge,24,120,248,0.00479614520634
ridge,24,120,249,0.00324447795165
ridge,24,120,250,0.010153435647
ridge,24,120,251,0.00743144189759
ridge,24,120,252,0.0110076889866
ridge,24,120,253,0.0135293287517
ridge,24,120,254,0.00795774253767
ridge,24,120,255,0.0114340904764
ridge,24,120,256,0.00839278740654
ridge,24,120,257,0.0132490987379
ridge,24,120,258,0.00102143596324
ridge,24,120,259,0.0100476222551
ridge,24,120,260,0.00706682348015
ridge,24,120,261,0.00229379765458
ridge,24,120,262,0.00517399701829
ridge,24,120,263,0.00420767705929
ridge,24,120,264,0.0103115209649
ridge,24,120,265,0.0120803283794
ridge,24,120,266,0.0121099803466
ridge,24,120,267,0.00915015678612
ridge,24,120,268,0.00789145151738
ridge,24,120,269,0.0063244638613
ridge,24,120,270,0.00927053145376
ridge,24,120,271,0.0094503871132
ridge,24,120,272,0.00837225729008
ridge,24,120,273,0.0147415472455
ridge,24,120,274,0.0104940982164
ridge,24,120,275,0.00990633210636
ridge,24,120,276,0.00512060005748
ridge,24,120,277,0.00985338058642
ridge,24,120,278,0.00853973031759
ridge,24,120,279,0.00905341017821
ridge,24,120,280,0.00898146920477
ridge,24,120,281,0.0090039778701
ridge,24,120,282,0.00706118955108
ridge,24,120,283,0.0042847803303
ridge,24,120,284,0.00514130500496
ridge,24,120,285,0.015242618228
ridge,24,120,286,0.0130276206825
ridge,24,120,287,0.0108189049891
ridge,24,120,288,0.0107311090838
ridge,24,120,289,0.00522961702315
ridge,24,120,290,0.00849059040786
ridge,24,120,291,0.0102140760558
ridge,24,120,292,0.00480286008689
ridge,24,120,293,0.0115000879496
ridge,24,120,294,0.00753905818625
ridge,24,120,295,0.0118129953558
ridge,24,120,296,0.0118990295925
ridge,24,120,297,0.0112881913701
ridge,24,120,298,0.012196862075
ridge,24,120,299,0.0102677124787
ridge,24,120,300,0.012597759119
ridge,24,120,301,0.0126778453843
ridge,24,120,302,0.00738012484295
ridge,24,120,303,0.00343548128256
ridge,24,120,304,0.00619015959109
ridge,24,120,305,0.0065917375648
ridge,24,120,306,0.00900963979956
ridge,24,120,307,0.0118787806447
ridge,24,120,308,0.00637559492157
ridge,24,120,309,0.0134749527838
ridge,24,120,310,0.00839073169901
ridge,24,120,311,0.0153864680504
ridge,24,120,312,0.00921981652706
ridge,24,120,313,0.0106795264367
ridge,24,120,314,0.0128307718214
ridge,24,120,315,0.0117930505792
ridge,24,120,316,0.00933990043645
ridge,24,120,317,0.0113595321221
ridge,24,120,318,0.00815356493638
ridge,24,120,319,0.00935788541638
ridge,24,120,320,0.00559343091835
ridge,24,120,321,0.0116165371339
ridge,24,120,322,0.00981958745673
ridge,24,120,323,0.0113322418513
ridge,24,120,324,0.00717401906964
ridge,24,120,325,0.0109951182753
ridge,24,120,326,0.0100383601598
ridge,24,120,327,0.0109334510802
ridge,24,120,328,0.00820278642118
ridge,24,120,329,0.00901635213691
ridge,24,120,330,0.0101183845102
ridge,24,120,331,0.00657211712927
ridge,24,120,332,0.011468552439
ridge,24,120,333,0.0123980719882
ridge,24,120,334,0.0134485640137
ridge,24,120,335,0.00738230085869
ridge,24,120,336,0.0099914928953
ridge,24,120,337,0.0106852826922
ridge,24,120,338,0.0100396486146
ridge,24,120,339,0.00834949478522
ridge,24,120,340,0.00935464545468
ridge,24,120,341,0.00911349762539
ridge,24,120,342,0.0140746121602
ridge,24,120,343,0.0100844153034
ridge,24,120,344,0.00682872226644
ridge,24,120,345,0.0132860256206
ridge,24,120,346,0.00626741444438
ridge,24,120,347,0.0115891966331
ridge,24,120,348,0.0102598235358
ridge,24,120,349,0.00661285772398
ridge,24,120,350,0.00627908985205
ridge,24,120,351,0.00723278263031
ridge,24,120,352,0.0057264219325
ridge,24,120,353,0.00956504341718
ridge,24,120,354,0.00849628170767
ridge,24,120,355,0.00761718082146
ridge,24,120,356,0.00682400042437
ridge,24,120,357,0.0118091157852
ridge,24,120,358,0.0080789336151
ridge,24,120,359,0.0133706818904
ridge,24,120,360,0.00762586708177
ridge,24,120,361,0.0134965685852
ridge,24,120,362,0.0124502143587
ridge,24,120,363,0.0147380389055
ridge,24,120,364,0.00756569538992
ridge,24,120,365,0.00795363961597
ridge,24,120,366,0.0156430486835
ridge,24,120,367,0.0121837449504
ridge,24,120,368,0.0121255411877
ridge,24,120,369,0.00908929218981
ridge,24,120,370,0.0101648880696
ridge,24,120,371,0.00859369858794
ridge,24,120,372,0.0120915010067
ridge,24,120,373,0.0109323369531
ridge,24,120,374,0.0112773666502
ridge,24,120,375,0.008329063763
ridge,24,120,376,0.0119710836187
ridge,24,120,377,0.00938729837118
ridge,24,120,378,0.00841367404608
ridge,24,120,379,0.010058145799
ridge,24,120,380,0.0109055058693
ridge,24,120,381,0.00850001190754
ridge,24,120,382,0.011678838772
ridge,24,120,383,0.00798881300851
ridge,24,120,384,0.00704955122313
ridge,24,120,385,0.00953990875219
ridge,24,120,386,0.0192079094213
ridge,24,120,387,0.00374791823717
ridge,24,120,388,0.00972214005666
ridge,24,120,389,0.00618671265276
ridge,24,120,390,0.0101967888896
ridge,24,120,391,0.013659338939
ridge,24,120,392,0.0136293147213
ridge,24,120,393,0.00931171144986
ridge,24,120,394,0.0129190487486
ridge,24,120,395,0.0111894795023
ridge,24,120,396,0.00600974131628
ridge,24,120,397,0.00327742099593
ridge,24,120,398,0.00789076375528
ridge,24,120,399,0.0125430467966
ridge,24,120,400,0.00735023988909
ridge,24,120,401,0.00965695880827
ridge,24,120,402,0.0143244871551
ridge,24,120,403,0.00671726622976
ridge,24,120,404,0.00805504469425
ridge,24,120,405,0.00894476450181
ridge,24,120,406,0.00970444580874
ridge,24,120,407,0.0117964332437
ridge,24,120,408,0.0115525800761
ridge,24,120,409,0.00762127218875
ridge,24,120,410,0.00867686272185
ridge,24,120,411,0.00766776157553
ridge,24,120,412,0.0101095110289
ridge,24,120,413,0.0109433120589
ridge,24,120,414,0.00647491389767
ridge,24,120,415,0.00440875024805
ridge,24,120,416,0.00911560333431
ridge,24,120,417,0.0132494555375
ridge,24,120,418,0.010141040269
ridge,24,120,419,0.0131727165631
ridge,24,120,420,0.00632302657341
ridge,24,120,421,0.0134537137828
ridge,24,120,422,0.00696386077086
ridge,24,120,423,0.0134939280873
ridge,24,120,424,0.0059225040938
ridge,24,120,425,0.00765335545753
ridge,24,120,426,0.00752288364913
ridge,24,120,427,0.00411867892056
ridge,24,120,428,0.00877002408625
ridge,24,120,429,0.0162595851039
ridge,24,120,430,0.00359154453615
ridge,24,120,431,0.00812697558203
ridge,24,120,432,0.0158088672647
ridge,24,120,433,0.00542559352574
ridge,24,120,434,0.00883685158297
ridge,24,120,435,0.00670369723796
ridge,24,120,436,0.0120563612809
ridge,24,120,437,0.0103031733483
ridge,24,120,438,0.0155813675118
ridge,24,120,439,0.0106206210164
ridge,24,120,440,0.00998893819739
ridge,24,120,441,0.0154980839902
ridge,24,120,442,0.0085177365296
ridge,24,120,443,0.0082995117099
ridge,24,120,444,0.0211612080665
ridge,24,120,445,0.0117195394229
ridge,24,120,446,0.0102891378065
ridge,24,120,447,0.00573326855433
ridge,24,120,448,0.0119754225907
ridge,24,120,449,0.0168709545724
ridge,24,120,450,0.0103171027096
ridge,24,120,451,0.0096397004997
ridge,24,120,452,0.0093840922409
ridge,24,120,453,0.011302837072
ridge,24,120,454,0.00948247383565
ridge,24,120,455,0.00806150677303
ridge,24,120,456,0.00999489097063
ridge,24,120,457,0.00723543412814
ridge,24,120,458,0.00852877187666
ridge,24,120,459,0.00917629465208
ridge,24,120,460,0.0058251539421
ridge,24,120,461,0.00961235444062
ridge,24,120,462,0.0116578032111
ridge,24,120,463,0.0100223244208
ridge,24,120,464,0.00978705079601
ridge,24,120,465,0.0089481785933
ridge,24,120,466,0.00893096297714
ridge,24,120,467,0.00709752386729
ridge,24,120,468,0.00578583099958
ridge,24,120,469,0.00746477099164
ridge,24,120,470,0.0126021750709
ridge,24,120,471,0.00690182392413
ridge,24,120,472,0.00817704681605
ridge,24,120,473,0.00596965829245
ridge,24,120,474,0.0134272451343
ridge,24,120,475,0.0114039949828
ridge,24,120,476,0.0119511205657
ridge,24,120,477,0.0110848848365
ridge,24,120,478,0.0124704400115
ridge,24,120,479,0.0120996262238
ridge,24,120,480,0.0116815048718
ridge,24,120,481,0.00907384099832
ridge,24,120,482,0.00650291340737
ridge,24,120,483,0.0106457510049
ridge,24,120,484,0.00479251514564
ridge,24,120,485,0.00641171056088
ridge,24,120,486,0.00284552222361
ridge,24,120,487,0.00503686842185
ridge,24,120,488,0.00467772334809
ridge,24,120,489,0.017209713459
ridge,24,120,490,0.0119168868174
ridge,24,120,491,0.0081085919809
ridge,24,120,492,0.00908202045498
ridge,24,120,493,0.00812056898259
ridge,24,120,494,0.0133432189531
ridge,24,120,495,0.0126335485879
ridge,24,120,496,0.0123492293571
ridge,24,120,497,0.00811454788255
ridge,24,120,498,0.0150919835716
ridge,24,120,499,0.00747510675902
ridge,24,120,500,0.00644222786127
ridge,24,120,501,0.0105261751332
ridge,24,120,502,0.0105360590463
ridge,24,120,503,0.00586859635398
ridge,24,120,504,0.0027649073851
ridge,24,120,505,0.00856098723813
ridge,24,120,506,0.0101623713705
ridge,24,120,507,0.0112068670639
ridge,24,120,508,0.0148851467007
ridge,24,120,509,0.011974393706
ridge,24,120,510,0.00738511053611
ridge,24,120,511,0.0150647566781
ridge,24,120,512,0.00907819918229
ridge,24,120,513,0.0114417851116
ridge,24,120,514,0.0112693228727
ridge,24,120,515,0.0106378435475
ridge,24,120,516,0.00702601275487
ridge,24,120,517,0.00565262217466
ridge,24,120,518,0.0117761404927
ridge,24,120,519,0.00738010652886
ridge,24,120,520,0.0075133453475
ridge,24,120,521,0.011334141661
ridge,24,120,522,0.00903879041654
ridge,24,120,523,0.0108887044718
ridge,24,120,524,0.00838675072973
ridge,24,120,525,0.00621450141746
ridge,24,120,526,0.00804868859762
ridge,24,120,527,0.00758727246835
ridge,24,120,528,0.00930861620672
ridge,24,120,529,0.00875927275459
ridge,24,120,530,0.0128635173102
ridge,24,120,531,0.0121001490526
ridge,24,120,532,0.0089189966727
ridge,24,120,533,0.0108279313604
ridge,24,120,534,0.00787549135502
ridge,24,120,535,0.0113459851738
ridge,24,120,536,0.00817710789847
ridge,24,120,537,0.00699023940145
ridge,24,120,538,0.00610219318221
ridge,24,120,539,0.013303944462
ridge,24,120,540,0.00682029925669
ridge,24,120,541,0.00658448554918
ridge,24,120,542,0.0113713813868
ridge,24,120,543,0.00530320928131
ridge,24,120,544,0.00578443989022
ridge,24,120,545,0.00784702858149
ridge,24,120,546,0.0102963068659
ridge,24,120,547,0.00767476471322
ridge,24,120,548,0.00975137672356
ridge,24,120,549,0.00862219122596
ridge,24,120,550,0.0138623972796
ridge,24,120,551,0.0129768235861
ridge,24,120,552,0.00805006532201
ridge,24,120,553,0.0140158716211
ridge,24,120,554,0.0137359771045
ridge,24,120,555,0.00853079357347
ridge,24,120,556,0.0131457518395
ridge,24,120,557,0.0101900647536
ridge,24,120,558,0.00633626215022
ridge,24,120,559,0.00954301798933
ridge,24,120,560,0.00724987921703
ridge,24,120,561,0.00924948156062
ridge,24,120,562,0.00727744671104
ridge,24,120,563,0.00972898873337
ridge,24,120,564,0.00889377177085
ridge,24,120,565,0.0136332512358
ridge,24,120,566,0.00448236772141
ridge,24,120,567,0.00262674545994
ridge,24,120,568,0.00956265697913
ridge,24,120,569,0.00958134843615
ridge,24,120,570,0.00877054254907
ridge,24,120,571,0.00777815589752
ridge,24,120,572,0.00718965243034
ridge,24,120,573,0.00676939326007
ridge,24,120,574,0.0114351637507
ridge,24,120,575,0.0126979014645
ridge,24,120,576,0.0125158319424
ridge,24,120,577,0.00689439543558
ridge,24,120,578,0.00988777932908
ridge,24,120,579,0.00776002534661
ridge,24,120,580,0.00984627604278
ridge,24,120,581,0.011168617313
ridge,24,120,582,0.00789115628576
ridge,24,120,583,0.0138259066939
ridge,24,120,584,0.00887370652521
ridge,24,120,585,0.0130110766344
ridge,24,120,586,0.01311532016
ridge,24,120,587,0.00986520641653
ridge,24,120,588,0.0100460815049
ridge,24,120,589,0.00871175343378
ridge,24,120,590,0.00925756167476
ridge,24,120,591,0.0103124558489
ridge,24,120,592,0.00780051641125
ridge,24,120,593,0.00820615200645
ridge,24,120,594,0.0103239378927
ridge,24,120,595,0.0119361409987
ridge,24,120,596,0.0132902800415
ridge,24,120,597,0.0120294465184
ridge,24,120,598,0.00943007214883
ridge,24,120,599,0.0114141084754
ridge,24,120,600,0.000532062438709
ridge,24,120,601,0.0106639141559
ridge,24,120,602,0.00672003873436
ridge,24,120,603,0.0118686999637
ridge,24,120,604,0.00717471190453
ridge,24,120,605,0.00862357718431
ridge,24,120,606,0.012945074291
ridge,24,120,607,0.0111970655303
ridge,24,120,608,0.00598088823983
ridge,24,120,609,0.00765912185336
ridge,24,120,610,0.0101720014516
ridge,24,120,611,0.00895541023952
ridge,24,120,612,0.00705523035813
ridge,24,120,613,0.00696001772724
ridge,24,120,614,0.0111858773204
ridge,24,120,615,0.0106945446889
ridge,24,120,616,0.00999037385057
ridge,24,120,617,0.00886451681017
ridge,24,120,618,0.00811300986598
ridge,24,120,619,0.00929898927666
ridge,24,120,620,0.00890541492494
ridge,24,120,621,0.00868127069481
ridge,24,120,622,0.00882403145083
ridge,24,120,623,0.00756936119791
ridge,24,120,624,0.0146944689018
ridge,24,120,625,0.003611606388
ridge,24,120,626,0.00677417525656
ridge,24,120,627,0.0109297471159
ridge,24,120,628,0.0115440287076
ridge,24,120,629,0.0127323690904
ridge,24,120,630,0.0166586175454
ridge,24,120,631,0.00560365604724
ridge,24,120,632,0.00857863968188
ridge,24,120,633,0.0118502586962
ridge,24,120,634,0.0059536480232
ridge,24,120,635,0.0105309742792
ridge,24,120,636,0.00846071298187
ridge,24,120,637,0.00966459499571
ridge,24,120,638,0.00827056464438
ridge,24,120,639,0.00555356641797
ridge,24,120,640,0.0119297849519
ridge,24,120,641,0.0107956330759
ridge,24,120,642,0.00711257404526
ridge,24,120,643,0.0189635741288
ridge,24,120,644,0.00808803593474
ridge,24,120,645,0.0125121118913
ridge,24,120,646,0.00652253839275
ridge,24,120,647,0.00721659768404
ridge,24,120,648,0.00798117563305
ridge,24,120,649,0.0109271037529
ridge,24,120,650,0.013683452032
ridge,24,120,651,0.00864560719659
ridge,24,120,652,0.00976828508388
ridge,24,120,653,0.0113776300418
ridge,24,120,654,0.0119999542991
ridge,24,120,655,0.0132597979979
ridge,24,120,656,0.0080246804059
ridge,24,120,657,0.00796700488684
ridge,24,120,658,0.0102769099014
ridge,24,120,659,0.0130954134295
ridge,24,120,660,0.0125227560908
ridge,24,120,661,0.0148963679178
ridge,24,120,662,0.00521152726892
ridge,24,120,663,0.00800159809612
ridge,24,120,664,0.00828982090523
ridge,24,120,665,0.00899009695785
ridge,24,120,666,0.00562336110393
ridge,24,120,667,0.00473371220128
ridge,24,120,668,0.0119489453473
ridge,24,120,669,0.0141807687508
ridge,24,120,670,0.0048068025871
ridge,24,120,671,0.0115505087923
ridge,24,120,672,0.0110087622346
ridge,24,120,673,0.00796855174514
ridge,24,120,674,0.00619167420764
ridge,24,120,675,0.0099330983873
ridge,24,120,676,0.0103847051618
ridge,24,120,677,0.0131185847659
ridge,24,120,678,0.0088578711918
ridge,24,120,679,0.0112021612524
ridge,24,120,680,0.0131561916227
ridge,24,120,681,0.00844359417694
ridge,24,120,682,0.00439031107056
ridge,24,120,683,0.0103059304028
ridge,24,120,684,0.0098309059529
ridge,24,120,685,0.0111425779268
ridge,24,120,686,0.0111946648004
ridge,24,120,687,0.00753273294217
ridge,24,120,688,0.00790772242038
ridge,24,120,689,0.0122447930644
ridge,24,120,690,0.00722975169732
ridge,24,120,691,0.00691671164611
ridge,24,120,692,0.00743170482469
ridge,24,120,693,0.00724480005305
ridge,24,120,694,0.0148642814997
ridge,24,120,695,0.0129198404917
ridge,24,120,696,0.0112462906281
ridge,24,120,697,0.00966106339065
ridge,24,120,698,0.0125663331932
ridge,24,120,699,0.00946066063751
ridge,24,120,700,0.0100497589073
ridge,24,120,701,0.0105463997509
ridge,24,120,702,0.00695842456625
ridge,24,120,703,0.00928472129403
ridge,24,120,704,0.0152460071277
ridge,24,120,705,0.00544421901454
ridge,24,120,706,0.00882904357839
ridge,24,120,707,0.00687044040943
ridge,24,120,708,0.012949442111
ridge,24,120,709,0.00821374714193
ridge,24,120,710,0.00981276963077
ridge,24,120,711,0.0109432749633
ridge,24,120,712,0.013869452275
ridge,24,120,713,0.00651078078618
ridge,24,120,714,0.0106578629534
ridge,24,120,715,0.0124716467632
ridge,24,120,716,0.00918440558765
ridge,24,120,717,0.00926941375831
ridge,24,120,718,0.00481331607883
ridge,24,120,719,0.00928277671031
ridge,24,120,720,0.00848906606779
ridge,24,120,721,0.0137810194326
ridge,24,120,722,0.0129930475196
ridge,24,120,723,0.0119291273836
ridge,24,120,724,0.00603499193994
ridge,24,120,725,0.0116825796106
ridge,24,120,726,0.0117395035166
ridge,24,120,727,0.00232411198412
ridge,24,120,728,0.0130101123635
ridge,24,120,729,0.00953463060007
ridge,24,120,730,0.00883800279694
ridge,24,120,731,0.00837074966483
ridge,24,120,732,0.00753227162535
ridge,24,120,733,0.00837872781476
ridge,24,120,734,0.0102417555628
ridge,24,120,735,0.00953916076752
ridge,24,120,736,0.0092038237808
ridge,24,120,737,0.0139720330172
ridge,24,120,738,0.00874369744406
ridge,24,120,739,0.012588489816
ridge,24,120,740,0.0105719086583
ridge,24,120,741,0.00936680834771
ridge,24,120,742,0.00514100838559
ridge,24,120,743,0.010191062474
ridge,24,120,744,0.00962556276182
ridge,24,120,745,0.0067448028598
ridge,24,120,746,0.0112746026767
ridge,24,120,747,0.0119341691994
ridge,24,120,748,0.00982883427719
ridge,24,120,749,0.0125340863375
ridge,24,120,750,0.0134324669095
ridge,24,120,751,0.00976070510534
ridge,24,120,752,0.0116796443137
ridge,24,120,753,0.00915937083846
ridge,24,120,754,0.0185195199449
ridge,24,120,755,0.00665358993853
ridge,24,120,756,0.00715407403738
ridge,24,120,757,0.0079393579499
ridge,24,120,758,0.00909960247641
ridge,24,120,759,0.0120230794971
ridge,24,120,760,0.0115737695841
ridge,24,120,761,0.0112364482809
ridge,24,120,762,0.0124295882779
ridge,24,120,763,0.0079382467392
ridge,24,120,764,0.0131622969011
ridge,24,120,765,0.010641885796
ridge,24,120,766,0.00616236476792
ridge,24,120,767,0.00967514710982
ridge,24,120,768,0.0112904224307
ridge,24,120,769,0.0157207852881
ridge,24,120,770,0.0125268653207
ridge,24,120,771,0.0109927569807
ridge,24,120,772,0.00771126820593
ridge,24,120,773,0.00699915991632
ridge,24,120,774,0.00885764462899
ridge,24,120,775,0.00988506935721
ridge,24,120,776,0.0131841481231
ridge,24,120,777,0.0131715563327
ridge,24,120,778,0.00835156270977
ridge,24,120,779,0.00997864160817
ridge,24,120,780,0.00608669068731
ridge,24,120,781,0.0068528150726
ridge,24,120,782,0.0122701483777
ridge,24,120,783,0.00670769748541
ridge,24,120,784,0.00997183359673
ridge,24,120,785,0.00890101070458
ridge,24,120,786,0.00959861931836
ridge,24,120,787,0.01092418313
ridge,24,120,788,0.00957577376108
ridge,24,120,789,0.00908678246234
ridge,24,120,790,0.0119304762629
ridge,24,120,791,0.0133981766226
ridge,24,120,792,0.00796723358065
ridge,24,120,793,0.00775392694005
ridge,24,120,794,0.0109388909611
ridge,24,120,795,0.0106461683725
ridge,24,120,796,0.0140880837703
ridge,24,120,797,0.0135840583016
ridge,24,120,798,0.0109223125229
ridge,24,120,799,0.00662170551757
ridge,24,120,800,0.0111376789626
ridge,24,120,801,0.00580127883801
ridge,24,120,802,0.0126460593175
ridge,24,120,803,0.0117023720127
ridge,24,120,804,0.014101551383
ridge,24,120,805,0.0126913792943
ridge,24,120,806,0.0114945152395
ridge,24,120,807,0.00677889468097
ridge,24,120,808,0.0142962794732
ridge,24,120,809,0.00948079543595
ridge,24,120,810,0.0113176059549
ridge,24,120,811,0.00911371941051
ridge,24,120,812,0.0104801169371
ridge,24,120,813,0.00803178325715
ridge,24,120,814,0.00913226699
ridge,24,120,815,0.0112047413571
ridge,24,120,816,0.0131001300862
ridge,24,120,817,0.00187338052285
ridge,24,120,818,0.0137361205555
ridge,24,120,819,0.00991976079024
ridge,24,120,820,0.0125517225509
ridge,24,120,821,0.012531112617
ridge,24,120,822,0.00809858499878
ridge,24,120,823,0.00942553620195
ridge,24,120,824,0.0147833200374
ridge,24,120,825,0.00937172924538
ridge,24,120,826,0.00583825786937
ridge,24,120,827,0.012128878965
ridge,24,120,828,0.013236658588
ridge,24,120,829,0.0138523954349
ridge,24,120,830,0.0108407350574
ridge,24,120,831,0.00690467843919
ridge,24,120,832,0.012316925844
ridge,24,120,833,0.00983469730154
ridge,24,120,834,0.0104419749979
ridge,24,120,835,0.0112954806144
ridge,24,120,836,0.00968597598846
ridge,24,120,837,0.00686328157623
ridge,24,120,838,0.00532851676973
ridge,24,120,839,0.0109906985107
ridge,24,120,840,0.0103092680856
ridge,24,120,841,0.00522571459439
ridge,24,120,842,0.0104170030353
ridge,24,120,843,0.0089462745256
ridge,24,120,844,0.00488532692381
ridge,24,120,845,0.0102995918088
ridge,24,120,846,0.0119764518623
ridge,24,120,847,0.00915520111786
ridge,24,120,848,0.0144696446458
ridge,24,120,849,0.00859178321921
ridge,24,120,850,0.00984049474726
ridge,24,120,851,0.0115914301069
ridge,24,120,852,0.00869716135405
ridge,24,120,853,0.0110864626634
ridge,24,120,854,0.00902757119447
ridge,24,120,855,0.00766174114223
ridge,24,120,856,0.011883778745
ridge,24,120,857,0.00906851070576
ridge,24,120,858,0.0114751902455
ridge,24,120,859,0.00866672911627
ridge,24,120,860,0.00653181325745
ridge,24,120,861,0.0087909855629
ridge,24,120,862,0.00768375660295
ridge,24,120,863,0.0123539012361
ridge,24,120,864,0.0109598240331
ridge,24,120,865,0.0106061330505
ridge,24,120,866,0.00937635051498
ridge,24,120,867,0.00485177939006
ridge,24,120,868,0.0124508765112
ridge,24,120,869,0.0136434619746
ridge,24,120,870,0.00944071146984
ridge,24,120,871,0.00823711097103
ridge,24,120,872,0.00640879553318
ridge,24,120,873,0.00779734509334
ridge,24,120,874,0.00764412106147
ridge,24,120,875,0.0120982822337
ridge,24,120,876,0.0122819287855
ridge,24,120,877,0.0108062947277
ridge,24,120,878,0.0153142086632
ridge,24,120,879,0.0146639278134
ridge,24,120,880,0.0107863636857
ridge,24,120,881,0.00703424158304
ridge,24,120,882,0.00669439038906
ridge,24,120,883,0.0137273851863
ridge,24,120,884,0.0110286822128
ridge,24,120,885,0.0121735668927
ridge,24,120,886,0.00696927173499
ridge,24,120,887,0.00871362607964
ridge,24,120,888,0.0131539431507
ridge,24,120,889,0.00883617274913
ridge,24,120,890,0.0139396607132
ridge,24,120,891,0.0105231547514
ridge,24,120,892,0.00872107267277
ridge,24,120,893,0.00806261307062
ridge,24,120,894,0.00837392495366
ridge,24,120,895,0.0141334882032
ridge,24,120,896,0.00453721595722
ridge,24,120,897,0.00809406519152
ridge,24,120,898,0.00742582402784
ridge,24,120,899,0.0111467315044
ridge,24,120,900,0.0104863849503
ridge,24,120,901,0.0123106922274
ridge,24,120,902,0.00903591909398
ridge,24,120,903,0.00780808459068
ridge,24,120,904,0.0092248160545
ridge,24,120,905,0.0127168339388
ridge,24,120,906,0.0105204637623
ridge,24,120,907,0.0106107260682
ridge,24,120,908,0.00998217334203
ridge,24,120,909,0.0113413149538
ridge,24,120,910,0.0127614377808
ridge,24,120,911,0.0104117112663
ridge,24,120,912,0.0126840411947
ridge,24,120,913,0.0117706722723
ridge,24,120,914,0.00806092441807
ridge,24,120,915,0.00896045430184
ridge,24,120,916,0.00746325424273
ridge,24,120,917,0.00954286638772
ridge,24,120,918,0.00655318785365
ridge,24,120,919,0.00617792779458
ridge,24,120,920,0.0093716349219
ridge,24,120,921,0.0119867236811
ridge,24,120,922,0.00860242208332
ridge,24,120,923,0.0110031563566
ridge,24,120,924,0.00845972344725
ridge,24,120,925,0.0156019492815
ridge,24,120,926,0.00836569592185
ridge,24,120,927,0.00847206062794
ridge,24,120,928,0.00937986957065
ridge,24,120,929,0.00224532947799
ridge,24,120,930,0.0103578841972
ridge,24,120,931,0.0110057211873
ridge,24,120,932,0.011687474844
ridge,24,120,933,0.00735047890034
ridge,24,120,934,0.00995005372213
ridge,24,120,935,0.0103630819231
ridge,24,120,936,0.012189355745
ridge,24,120,937,0.00459050121321
ridge,24,120,938,0.0130920932808
ridge,24,120,939,0.00930880219395
ridge,24,120,940,0.0124646737963
ridge,24,120,941,0.0103173562448
ridge,24,120,942,0.00993967966419
ridge,24,120,943,0.0141583131025
ridge,24,120,944,0.00970492143349
ridge,24,120,945,0.0131953221422
ridge,24,120,946,0.0090316020131
ridge,24,120,947,0.00833839821269
ridge,24,120,948,0.0114515364908
ridge,24,120,949,0.00848388656433
ridge,24,120,950,0.01246373161
ridge,24,120,951,0.0111536996475
ridge,24,120,952,0.00995530688404
ridge,24,120,953,0.00742487538181
ridge,24,120,954,0.0110380309899
ridge,24,120,955,0.0101059900916
ridge,24,120,956,0.00981793321432
ridge,24,120,957,0.0100994126667
ridge,24,120,958,0.010401862983
ridge,24,120,959,0.00676635467361
ridge,24,120,960,0.0104136200356
ridge,24,120,961,0.0135920293458
ridge,24,120,962,0.00812790089264
ridge,24,120,963,0.0146394845965
ridge,24,120,964,0.0105003155615
ridge,24,120,965,0.0103107308337
ridge,24,120,966,0.0107058845799
ridge,24,120,967,0.00948391370905
ridge,24,120,968,0.0100273546059
ridge,24,120,969,0.0134916772331
ridge,24,120,970,0.00876927947944
ridge,24,120,971,0.00721956499944
ridge,24,120,972,0.0103233043363
ridge,24,120,973,0.00595076930647
ridge,24,120,974,0.0102333058804
ridge,24,120,975,0.014554877146
ridge,24,120,976,0.00725743286049
ridge,24,120,977,0.00764695887483
ridge,24,120,978,0.00742247040586
ridge,24,120,979,0.0140524100107
ridge,24,120,980,0.0145035480054
ridge,24,120,981,0.0122749563435
ridge,24,120,982,0.0087915256816
ridge,24,120,983,0.0049820766788
ridge,24,120,984,0.0105921450442
ridge,24,120,985,0.0115756286841
ridge,24,120,986,0.0101487750573
ridge,24,120,987,0.00685460966739
ridge,24,120,988,0.0120517340247
ridge,24,120,989,0.0135330225206
ridge,24,120,990,0.013540197444
ridge,24,120,991,0.00904185668751
ridge,24,120,992,0.007996326729
ridge,24,120,993,0.00887753540093
ridge,24,120,994,0.0105140150425
ridge,24,120,995,0.00564598720157
ridge,24,120,996,0.015014663157
ridge,24,120,997,0.0105305252938
ridge,24,120,998,0.0113635923224
ridge,24,120,999,0.0113956362681
ridge,48,240,0,0.00588700028998
ridge,48,240,1,0.0163499052742
ridge,48,240,2,0.0139438008201
ridge,48,240,3,0.0105602547054
ridge,48,240,4,0.0108878533622
ridge,48,240,5,0.0135017168649
ridge,48,240,6,0.00968379278416
ridge,48,240,7,0.01171853486
ridge,48,240,8,0.0158223913608
ridge,48,240,9,0.00833511615414
ridge,48,240,10,0.00353539272442
ridge,48,240,11,0.00706201960034
ridge,48,240,12,0.00929137153186
ridge,48,240,13,0.0124664391769
ridge,48,240,14,0.00710655375803
ridge,48,240,15,0.00736448700114
ridge,48,240,16,0.00838992975605
ridge,48,240,17,0.0060796627164
ridge,48,240,18,0.00586948029278
ridge,48,240,19,0.00518072156833
ridge,48,240,20,0.0100231727213
ridge,48,240,21,0.0061225315405
ridge,48,240,22,0.00812289773237
ridge,48,240,23,0.0147574239718
ridge,48,240,24,0.012083051328
ridge,48,240,25,0.0121866247263
ridge,48,240,26,0.0103286139844
ridge,48,240,27,0.0102416495275
ridge,48,240,28,0.00568576573806
ridge,48,240,29,0.0105941031774
ridge,48,240,30,0.00812576209451
ridge,48,240,31,0.0138518134036
ridge,48,240,32,0.0116085865765
ridge,48,240,33,0.0105621662757
ridge,48,240,34,0.00752555888425
ridge,48,240,35,0.0111738008592
ridge,48,240,36,0.00831193138151
ridge,48,240,37,0.0117931334166
ridge,48,240,38,0.00713660258212
ridge,48,240,39,0.0113887874501
ridge,48,240,40,0.012013333299
ridge,48,240,41,0.0117167548049
ridge,48,240,42,0.014683490306
ridge,48,240,43,0.0108663159103
ridge,48,240,44,0.0156962417133
ridge,48,240,45,0.00919092536646
ridge,48,240,46,0.00981064057682
ridge,48,240,47,0.0087419151508
ridge,48,240,48,0.0110243782435
ridge,48,240,49,0.0129887237153
ridge,48,240,50,0.00990273117577
ridge,48,240,51,0.0101952658098
ridge,48,240,52,0.0110903564429
ridge,48,240,53,0.0125807248312
ridge,48,240,54,0.00712604883626
ridge,48,240,55,0.00966237536454
ridge,48,240,56,0.00684793717582
ridge,48,240,57,0.00528418710126
ridge,48,240,58,0.0107874370881
ridge,48,240,59,0.0156754257627
ridge,48,240,60,0.0132724329227
ridge,48,240,61,0.00678089011888
ridge,48,240,62,0.00743843812698
ridge,48,240,63,0.0108713682957
ridge,48,240,64,0.00333436900625
ridge,48,240,65,0.012763146965
ridge,48,240,66,0.0127046596335
ridge,48,240,67,0.00833868527599
ridge,48,240,68,0.00902400762492
ridge,48,240,69,0.0103027575155
ridge,48,240,70,0.019400192992
ridge,48,240,71,0.009604260634
ridge,48,240,72,0.00963642556445
ridge,48,240,73,0.0106643621064
ridge,48,240,74,0.0116283881922
ridge,48,240,75,0.0103884816001
ridge,48,240,76,0.0092818504468
ridge,48,240,77,0.00900039708748
ridge,48,240,78,0.0146346274523
ridge,48,240,79,0.00940181880086
ridge,48,240,80,0.0124962780072
ridge,48,240,81,0.0122366155327
ridge,48,240,82,0.00927980975356
ridge,48,240,83,0.00866872530301
ridge,48,240,84,0.0091372212593
ridge,48,240,85,0.00928463174363
ridge,48,240,86,0.00713439097257
ridge,48,240,87,0.00994316012999
ridge,48,240,88,0.010802861472
ridge,48,240,89,0.00663601137307
ridge,48,240,90,0.00482683624244
ridge,48,240,91,0.0100763519547
ridge,48,240,92,0.00901597987632
ridge,48,240,93,0.00645631157328
ridge,48,240,94,0.0087853481416
ridge,48,240,95,0.00856392765572
ridge,48,240,96,0.0112422639913
ridge,48,240,97,0.0094116892107
ridge,48,240,98,0.00978919179809
ridge,48,240,99,0.00839781127775
ridge,48,240,100,0.00779031900677
ridge,48,240,101,0.00718250232859
ridge,48,240,102,0.00875410818876
ridge,48,240,103,0.00806322279878
ridge,48,240,104,0.0115263396473
ridge,48,240,105,0.00686067100721
ridge,48,240,106,0.00715992896484
ridge,48,240,107,0.0090846836561
ridge,48,240,108,0.00786074760722
ridge,48,240,109,0.010744215018
ridge,48,240,110,0.00980757037134
ridge,48,240,111,0.0102132807705
ridge,48,240,112,0.0112135647191
ridge,48,240,113,0.0100162400992
ridge,48,240,114,0.0100185224845
ridge,48,240,115,0.0105319745678
ridge,48,240,116,0.00607692957212
ridge,48,240,117,0.0093569843499
ridge,48,240,118,0.00489173985402
ridge,48,240,119,0.00820237059884
ridge,48,240,120,0.0101115163483
ridge,48,240,121,0.013087271696
ridge,48,240,122,0.0126970486925
ridge,48,240,123,0.00927013200247
ridge,48,240,124,0.0126825989874
ridge,48,240,125,0.0110271109094
ridge,48,240,126,0.00751969380401
ridge,48,240,127,0.0113976991218
ridge,48,240,128,0.00810027997692
ridge,48,240,129,0.00889211597066
ridge,48,240,130,0.0101610512473
ridge,48,240,131,0.0134405691488
ridge,48,240,132,0.00957023842285
ridge,48,240,133,0.0120457827981
ridge,48,240,134,0.0117051806508
ridge,48,240,135,0.0132891631697
ridge,48,240,136,0.0124914576001
ridge,48,240,137,0.0171377980473
ridge,48,240,138,0.0094501835304
ridge,48,240,139,0.011615252033
ridge,48,240,140,0.0125143470341
ridge,48,240,141,0.00640591808535
ridge,48,240,142,0.0104615014049
ridge,48,240,143,0.0104174279386
ridge,48,240,144,0.0100482699778
ridge,48,240,145,0.00730361653981
ridge,48,240,146,0.0076800239633
ridge,48,240,147,0.0107924253337
ridge,48,240,148,0.00758487070387
ridge,48,240,149,0.0131215537818
ridge,48,240,150,0.0105145110681
ridge,48,240,151,0.0105896874553
ridge,48,240,152,0.0109911809319
ridge,48,240,153,0.0121386192821
ridge,48,240,154,0.0116743109635
ridge,48,240,155,0.00872111151653
ridge,48,240,156,0.0109618156996
ridge,48,240,157,0.00992855254398
ridge,48,240,158,0.00723462481946
ridge,48,240,159,0.010458832266
ridge,48,240,160,0.00564324716012
ridge,48,240,161,0.00902980699983
ridge,48,240,162,0.0121155878699
ridge,48,240,163,0.0176648844142
ridge,48,240,164,0.00768403175342
ridge,48,240,165,0.00701176498198
ridge,48,240,166,0.00989152774142
ridge,48,240,167,0.00928434600438
ridge,48,240,168,0.010493399915
ridge,48,240,169,0.00990904016679
ridge,48,240,170,0.0112148223399
ridge,48,240,171,0.00659242620327
ridge,48,240,172,0.0130757463417
ridge,48,240,173,0.0145628856626
ridge,48,240,174,0.0112145649709
ridge,48,240,175,0.00838037553498
ridge,48,240,176,0.00584325808939
ridge,48,240,177,0.0099496160177
ridge,48,240,178,0.0116528507286
ridge,48,240,179,0.00972264755976
ridge,48,240,180,0.0094837672258
ridge,48,240,181,0.0152772728258
ridge,48,240,182,0.00511857570181
ridge,48,240,183,0.0120956487886
ridge,48,240,184,0.0135140092266
ridge,48,240,185,0.0103639255612
ridge,48,240,186,0.00679424493496
ridge,48,240,187,0.0144251727995
ridge,48,240,188,0.00604244952783
ridge,48,240,189,0.00918841383988
ridge,48,240,190,0.00965682545933
ridge,48,240,191,0.00875323526358
ridge,48,240,192,0.00902952926197
ridge,48,240,193,0.0147847834484
ridge,48,240,194,0.00777402593173
ridge,48,240,195,0.00938948076512
ridge,48,240,196,0.00842965369154
ridge,48,240,197,0.0153936673783
ridge,48,240,198,0.00812688436289
ridge,48,240,199,0.010844501887
ridge,48,240,200,0.00948401053598
ridge,48,240,201,0.00385672589576
ridge,48,240,202,0.00963874074999
ridge,48,240,203,0.00874006454737
ridge,48,240,204,0.0124505753192
ridge,48,240,205,0.0132394879441
ridge,48,240,206,0.00632540958195
ridge,48,240,207,0.00947814425668
ridge,48,240,208,0.00881936652552
ridge,48,240,209,0.00708265559418
ridge,48,240,210,0.0104524057872
ridge,48,240,211,0.00615871569039
ridge,48,240,212,0.00852992542023
ridge,48,240,213,0.0120391791858
ridge,48,240,214,0.00985783016776
ridge,48,240,215,0.0124323573422
ridge,48,240,216,0.00932661677409
ridge,48,240,217,0.0105152026665
ridge,48,240,218,0.0100417857308
ridge,48,240,219,0.0112501006953
ridge,48,240,220,0.008788562011
ridge,48,240,221,0.00877114455947
ridge,48,240,222,0.00650163135487
ridge,48,240,223,0.00452086299353
ridge,48,240,224,0.00944457931674
ridge,48,240,225,0.00782694321215
ridge,48,240,226,0.0110133116184
ridge,48,240,227,0.00890149875855
ridge,48,240,228,0.0124392883659
ridge,48,240,229,0.010309000824
ridge,48,240,230,0.00680755022722
ridge,48,240,231,0.0110540776454
ridge,48,240,232,0.00712453560864
ridge,48,240,233,0.00848719078325
ridge,48,240,234,0.00659144307146
ridge,48,240,235,0.00315497259246
ridge,48,240,236,0.0142019602823
ridge,48,240,237,0.0100386332654
ridge,48,240,238,0.0137211131685
ridge,48,240,239,0.00763816272442
ridge,48,240,240,0.00855390652919
ridge,48,240,241,0.0106557511028
ridge,48,240,242,0.0116822774852
ridge,48,240,243,0.00355772744387
ridge,48,240,244,0.0112124383755
ridge,48,240,245,0.00573828860314
ridge,48,240,246,0.00838977859241
ridge,48,240,247,0.00947182249918
ridge,48,240,248,0.00998446505322
ridge,48,240,249,0.0118144746783
ridge,48,240,250,0.00573699150148
ridge,48,240,251,0.0101826887513
ridge,48,240,252,0.00323372629567
ridge,48,240,253,0.00460537110469
ridge,48,240,254,0.00875740173526
ridge,48,240,255,0.00872215477588
ridge,48,240,256,0.010732829566
ridge,48,240,257,0.00944178235006
ridge,48,240,258,0.0131332928364
ridge,48,240,259,0.0095489676809
ridge,48,240,260,0.00800951919205
ridge,48,240,261,0.0140745662784
ridge,48,240,262,0.00711315733005
ridge,48,240,263,0.00874529001767
ridge,48,240,264,0.00995394030967
ridge,48,240,265,0.00621248734358
ridge,48,240,266,0.00890837058841
ridge,48,240,267,0.0108268432711
ridge,48,240,268,0.0064328236184
ridge,48,240,269,0.0149194659602
ridge,48,240,270,0.00877161342173
ridge,48,240,271,0.00989674967251
ridge,48,240,272,0.00939432196666
ridge,48,240,273,0.00961807051767
ridge,48,240,274,0.0130678370848
ridge,48,240,275,0.00858334264968
ridge,48,240,276,0.0091506040916
ridge,48,240,277,0.0111940355211
ridge,48,240,278,0.00757600432243
ridge,48,240,279,0.0109458973411
ridge,48,240,280,0.0124537231813
ridge,48,240,281,0.010538087237
ridge,48,240,282,0.00973748025081
ridge,48,240,283,0.00894949038193
ridge,48,240,284,0.00696830632415
ridge,48,240,285,0.00539916265921
ridge,48,240,286,0.0137190337945
ridge,48,240,287,0.00666256986887
ridge,48,240,288,0.0086190806568
ridge,48,240,289,0.0105135179419
ridge,48,240,290,0.0101278171409
ridge,48,240,291,0.00590702151174
ridge,48,240,292,0.00691866298962
ridge,48,240,293,0.00909981222374
ridge,48,240,294,0.0106351460867
ridge,48,240,295,0.0123703007987
ridge,48,240,296,0.0118259573149
ridge,48,240,297,0.0068613359644
ridge,48,240,298,0.00955365152851
ridge,48,240,299,0.00543078642715
ridge,48,240,300,0.0104589265003
ridge,48,240,301,0.0113430499033
ridge,48,240,302,0.012203170007
ridge,48,240,303,0.00932130271649
ridge,48,240,304,0.0151243969246
ridge,48,240,305,0.0115888873863
ridge,48,240,306,0.011868310674
ridge,48,240,307,0.00931568464061
ridge,48,240,308,0.0118225557458
ridge,48,240,309,0.0128439759207
ridge,48,240,310,0.011681043265
ridge,48,240,311,0.00955454669521
ridge,48,240,312,0.0104483471662
ridge,48,240,313,0.008950638566
ridge,48,240,314,0.00700951180128
ridge,48,240,315,0.0134534066331
ridge,48,240,316,0.0135680481677
ridge,48,240,317,0.00885250310947
ridge,48,240,318,0.0107210755924
ridge,48,240,319,0.010087295792
ridge,48,240,320,0.0142823785335
ridge,48,240,321,0.0148346290871
ridge,48,240,322,0.0114862639945
ridge,48,240,323,0.00529344881237
ridge,48,240,324,0.00996837929469
ridge,48,240,325,0.0065748764883
ridge,48,240,326,0.00713179645222
ridge,48,240,327,0.0118392845291
ridge,48,240,328,0.00719993342816
ridge,48,240,329,0.00653710423077
ridge,48,240,330,0.0041762506512
ridge,48,240,331,0.00926031279809
ridge,48,240,332,0.0101461620562
ridge,48,240,333,0.00759813382538
ridge,48,240,334,0.00932265704499
ridge,48,240,335,0.012699209227
ridge,48,240,336,0.00832027280858
ridge,48,240,337,0.00752721224118
ridge,48,240,338,0.0148001363038
ridge,48,240,339,0.00377730103838
ridge,48,240,340,0.00882246071419
ridge,48,240,341,0.00955539353548
ridge,48,240,342,0.0157921916858
ridge,48,240,343,0.00655195640755
ridge,48,240,344,0.0143036007879
ridge,48,240,345,0.00630034988089
ridge,48,240,346,0.00913402104297
ridge,48,240,347,0.0101640047489
ridge,48,240,348,0.00991759067995
ridge,48,240,349,0.00322575816276
ridge,48,240,350,0.0131589962335
ridge,48,240,351,0.010180337994
ridge,48,240,352,0.00790362740616
ridge,48,240,353,0.0113218610132
ridge,48,240,354,0.013426160578
ridge,48,240,355,0.0146238541004
ridge,48,240,356,0.0063910820114
ridge,48,240,357,0.00749619419778
ridge,48,240,358,0.00934942920988
ridge,48,240,359,0.00955960177413
ridge,48,240,360,0.0138758414918
ridge,48,240,361,0.00973243647721
ridge,48,240,362,0.00783952097695
ridge,48,240,363,0.004973682583
ridge,48,240,364,0.0122667566176
ridge,48,240,365,0.0121570874012
ridge,48,240,366,0.00656450063494
ridge,48,240,367,0.0106969849417
ridge,48,240,368,0.0100789329758
ridge,48,240,369,0.015625216855
ridge,48,240,370,0.00942617011427
ridge,48,240,371,0.00791846946869
ridge,48,240,372,0.0080955433849
ridge,48,240,373,0.00799486157223
ridge,48,240,374,0.00663778039696
ridge,48,240,375,0.00935324522861
ridge,48,240,376,0.00657064836296
ridge,48,240,377,0.00667340212077
ridge,48,240,378,0.00702351776283
ridge,48,240,379,0.00468747478598
ridge,48,240,380,0.0111802084508
ridge,48,240,381,0.00467684077341
ridge,48,240,382,0.011313267864
ridge,48,240,383,0.00670368911604
ridge,48,240,384,0.00829704268578
ridge,48,240,385,0.00800897774841
ridge,48,240,386,0.00870806733263
ridge,48,240,387,0.00983739492936
ridge,48,240,388,0.00772615104985
ridge,48,240,389,0.0114518067628
ridge,48,240,390,0.0160040062996
ridge,48,240,391,0.00929164672959
ridge,48,240,392,0.0119808018163
ridge,48,240,393,0.0114897329901
ridge,48,240,394,0.0105463649899
ridge,48,240,395,0.0111555606609
ridge,48,240,396,0.0132036240661
ridge,48,240,397,0.0170765311345
ridge,48,240,398,0.0111579133808
ridge,48,240,399,0.00752880104924
ridge,48,240,400,0.0079684197916
ridge,48,240,401,0.0136407912234
ridge,48,240,402,0.00958352879919
ridge,48,240,403,0.0135424463807
ridge,48,240,404,0.0113360603624
ridge,48,240,405,0.00704283104138
ridge,48,240,406,0.00687767746095
ridge,48,240,407,0.00860007474175
ridge,48,240,408,0.00930757242743
ridge,48,240,409,0.0131214635979
ridge,48,240,410,0.013573445479
ridge,48,240,411,0.00905642187223
ridge,48,240,412,0.0111897436704
ridge,48,240,413,0.0114227112124
ridge,48,240,414,0.0105281760544
ridge,48,240,415,0.00425972141438
ridge,48,240,416,0.0130576573569
ridge,48,240,417,0.011826444139
ridge,48,240,418,0.0136003119217
ridge,48,240,419,0.01233041006
ridge,48,240,420,0.00436984664478
ridge,48,240,421,0.0119981740976
ridge,48,240,422,0.00754898516587
ridge,48,240,423,0.00666562020259
ridge,48,240,424,0.0117438471209
ridge,48,240,425,0.00650476528611
ridge,48,240,426,0.0107066015126
ridge,48,240,427,0.0106258404363
ridge,48,240,428,0.0108860992328
ridge,48,240,429,0.00750376763778
ridge,48,240,430,0.00744033287796
ridge,48,240,431,0.0121015933461
ridge,48,240,432,0.00966085320315
ridge,48,240,433,0.00657425046806
ridge,48,240,434,0.00999030653199
ridge,48,240,435,0.00877897168767
ridge,48,240,436,0.00712568836079
ridge,48,240,437,0.00814521579914
ridge,48,240,438,0.00788326761979
ridge,48,240,439,0.0101764533813
ridge,48,240,440,0.00932810481345
ridge,48,240,441,0.0132840452238
ridge,48,240,442,0.00774244271058
ridge,48,240,443,0.0114160960806
ridge,48,240,444,0.00568663834085
ridge,48,240,445,0.0103253200512
ridge,48,240,446,0.00649200811288
ridge,48,240,447,0.00732630117601
ridge,48,240,448,0.00840701590647
ridge,48,240,449,0.00664352343443
ridge,48,240,450,0.0136715883513
ridge,48,240,451,0.00948191100196
ridge,48,240,452,0.012628020717
ridge,48,240,453,0.0130992611522
ridge,48,240,454,0.0127919440808
ridge,48,240,455,0.00702831387287
ridge,48,240,456,0.0140439896339
ridge,48,240,457,0.00979093717564
ridge,48,240,458,0.00918653330185
ridge,48,240,459,0.0123414103567
ridge,48,240,460,0.00769210053771
ridge,48,240,461,0.00912210361674
ridge,48,240,462,0.00992480962708
ridge,48,240,463,0.00888312893991
ridge,48,240,464,0.00521407196848
ridge,48,240,465,0.00636272977464
ridge,48,240,466,0.00866368858439
ridge,48,240,467,0.00876973472681
ridge,48,240,468,0.0159833399372
ridge,48,240,469,0.00926861238232
ridge,48,240,470,0.0118763514916
ridge,48,240,471,0.0149497588646
ridge,48,240,472,0.0114806853213
ridge,48,240,473,0.014000898085
ridge,48,240,474,0.00968397403743
ridge,48,240,475,0.0133284593855
ridge,48,240,476,0.00722674851283
ridge,48,240,477,0.0107027931285
ridge,48,240,478,0.00833451521948
ridge,48,240,479,0.0121799601135
ridge,48,240,480,0.00711229597772
ridge,48,240,481,0.0135556916323
ridge,48,240,482,0.0110086042535
ridge,48,240,483,0.00474908368896
ridge,48,240,484,0.0059231468967
ridge,48,240,485,0.00898619818741
ridge,48,240,486,0.0132112718178
ridge,48,240,487,0.00631019279182
ridge,48,240,488,0.00891231717482
ridge,48,240,489,0.0138445734687
ridge,48,240,490,0.0118134644522
ridge,48,240,491,0.00745393849449
ridge,48,240,492,0.00757768639218
ridge,48,240,493,0.010396652885
ridge,48,240,494,0.00975680429132
ridge,48,240,495,0.0160555282856
ridge,48,240,496,0.00838214346121
ridge,48,240,497,0.0108659271647
ridge,48,240,498,0.00859486600228
ridge,48,240,499,0.00827479127072
ridge,48,240,500,0.0111338500369
ridge,48,240,501,0.00707172662339
ridge,48,240,502,0.0108728536507
ridge,48,240,503,0.00784595096459
ridge,48,240,504,0.00836177221236
ridge,48,240,505,0.00770862811854
ridge,48,240,506,0.0101880076292
ridge,48,240,507,0.00677453476666
ridge,48,240,508,0.011826640155
ridge,48,240,509,0.00764737640498
ridge,48,240,510,0.0123482491327
ridge,48,240,511,0.00457884284407
ridge,48,240,512,0.0055172204662
ridge,48,240,513,0.00510955926173
ridge,48,240,514,0.00694659932498
ridge,48,240,515,0.00731066669123
ridge,48,240,516,0.0102861851327
ridge,48,240,517,0.00565224102212
ridge,48,240,518,0.00881588135197
ridge,48,240,519,0.00682608431291
ridge,48,240,520,0.00739278038667
ridge,48,240,521,0.00421674249765
ridge,48,240,522,0.00953310660696
ridge,48,240,523,0.0135210925617
ridge,48,240,524,0.00864940605646
ridge,48,240,525,0.00815018963914
ridge,48,240,526,0.00932122588043
ridge,48,240,527,0.00818174978475
ridge,48,240,528,0.0137491269487
ridge,48,240,529,0.0122084029574
ridge,48,240,530,0.00847638388985
ridge,48,240,531,0.00469750847069
ridge,48,240,532,0.0116385938459
ridge,48,240,533,0.00999478468744
ridge,48,240,534,0.00660456584493
ridge,48,240,535,0.014136343028
ridge,48,240,536,0.0102531704042
ridge,48,240,537,0.00726682839077
ridge,48,240,538,0.00941751618621
ridge,48,240,539,0.00983284516084
ridge,48,240,540,0.00981712898779
ridge,48,240,541,0.011547397842
ridge,48,240,542,0.0100839900396
ridge,48,240,543,0.00706820234827
ridge,48,240,544,0.00972268293805
ridge,48,240,545,0.0128696743764
ridge,48,240,546,0.00441329782925
ridge,48,240,547,0.0127270756827
ridge,48,240,548,0.0103171054553
ridge,48,240,549,0.00793371936906
ridge,48,240,550,0.00952334306083
ridge,48,240,551,0.0137237006683
ridge,48,240,552,0.0119596074294
ridge,48,240,553,0.00943254125649
ridge,48,240,554,0.0144940498848
ridge,48,240,555,0.00919863767387
ridge,48,240,556,0.0119502546433
ridge,48,240,557,0.00569988332863
ridge,48,240,558,0.00746740314021
ridge,48,240,559,0.00928847000616
ridge,48,240,560,0.00729368412035
ridge,48,240,561,0.00859724679787
ridge,48,240,562,0.00929571926592
ridge,48,240,563,0.00957134902722
ridge,48,240,564,0.0152593284461
ridge,48,240,565,0.0141390316435
ridge,48,240,566,0.00836430650974
ridge,48,240,567,0.00849907983477
ridge,48,240,568,0.00712951319202
ridge,48,240,569,0.00654250550108
ridge,48,240,570,0.0121870402799
ridge,48,240,571,0.0134204017664
ridge,48,240,572,0.00935997177716
ridge,48,240,573,0.0156289886852
ridge,48,240,574,0.0124251743438
ridge,48,240,575,0.0123359789505
ridge,48,240,576,0.00586654971835
ridge,48,240,577,0.0114335857898
ridge,48,240,578,0.00624549877516
ridge,48,240,579,0.0116864672478
ridge,48,240,580,0.0132153747929
ridge,48,240,581,0.00684913966846
ridge,48,240,582,0.00855792997317
ridge,48,240,583,0.0098841542834
ridge,48,240,584,0.00735663123066
ridge,48,240,585,0.00547262478906
ridge,48,240,586,0.0117172420492
ridge,48,240,587,0.00818426561461
ridge,48,240,588,0.0130346443137
ridge,48,240,589,0.00899921930679
ridge,48,240,590,0.00615048504514
ridge,48,240,591,0.0103945018187
ridge,48,240,592,0.0103760407331
ridge,48,240,593,0.00898450606441
ridge,48,240,594,0.0112679875135
ridge,48,240,595,0.0132056098183
ridge,48,240,596,0.0101185020506
ridge,48,240,597,0.01205145021
ridge,48,240,598,0.00733633612169
ridge,48,240,599,0.0132910369065
ridge,48,240,600,0.00918671931787
ridge,48,240,601,0.00836741382165
ridge,48,240,602,0.0120389896378
ridge,48,240,603,0.00729885824214
ridge,48,240,604,0.0147256861487
ridge,48,240,605,0.0081278947454
ridge,48,240,606,0.00793052692365
ridge,48,240,607,0.00891848325398
ridge,48,240,608,0.00936699081029
ridge,48,240,609,0.0103234174155
ridge,48,240,610,0.0050092704193
ridge,48,240,611,0.00979877881113
ridge,48,240,612,0.0109182996599
ridge,48,240,613,0.00779332470281
ridge,48,240,614,0.00791577585776
ridge,48,240,615,0.00887746468966
ridge,48,240,616,0.0130677156243
ridge,48,240,617,0.0111441095355
ridge,48,240,618,0.00844258431526
ridge,48,240,619,0.0100020289259
ridge,48,240,620,0.0105903358155
ridge,48,240,621,0.00900427656714
ridge,48,240,622,0.0104800423968
ridge,48,240,623,0.0102006297656
ridge,48,240,624,0.00816425838586
ridge,48,240,625,0.00677149823571
ridge,48,240,626,0.0159042577749
ridge,48,240,627,0.0074627332782
ridge,48,240,628,0.0114742189513
ridge,48,240,629,0.0119644781577
ridge,48,240,630,0.00831478137197
ridge,48,240,631,0.0105787795802
ridge,48,240,632,0.015041428133
ridge,48,240,633,0.0113448610021
ridge,48,240,634,0.0120967575993
ridge,48,240,635,0.00968520398378
ridge,48,240,636,0.00874904265398
ridge,48,240,637,0.0142154996926
ridge,48,240,638,0.0132536355359
ridge,48,240,639,0.0108884392965
ridge,48,240,640,0.0100996974471
ridge,48,240,641,0.0102408290116
ridge,48,240,642,0.0113039163204
ridge,48,240,643,0.0104317080553
ridge,48,240,644,0.00554482839393
ridge,48,240,645,0.00697457808005
ridge,48,240,646,0.00321367776951
ridge,48,240,647,0.00787280710113
ridge,48,240,648,0.00547927142373
ridge,48,240,649,0.0126366373224
ridge,48,240,650,0.00821958772924
ridge,48,240,651,0.011505440017
ridge,48,240,652,0.00962554442656
ridge,48,240,653,0.0104266742266
ridge,48,240,654,0.0113322408492
ridge,48,240,655,0.0130340037934
ridge,48,240,656,0.00615932147955
ridge,48,240,657,0.00668660658281
ridge,48,240,658,0.0111926094802
ridge,48,240,659,0.00725664360513
ridge,48,240,660,0.0127730715529
ridge,48,240,661,0.00906426443725
ridge,48,240,662,0.010170823812
ridge,48,240,663,0.00808801865552
ridge,48,240,664,0.0109461049815
ridge,48,240,665,0.00640926450342
ridge,48,240,666,0.00686110299791
ridge,48,240,667,0.0117363598014
ridge,48,240,668,0.00671692666249
ridge,48,240,669,0.00548107216029
ridge,48,240,670,0.00897484434179
ridge,48,240,671,0.00874265626831
ridge,48,240,672,0.0112434625938
ridge,48,240,673,0.013599772774
ridge,48,240,674,0.0115427106133
ridge,48,240,675,0.00901649534426
ridge,48,240,676,0.0120101465388
ridge,48,240,677,0.00676453186171
ridge,48,240,678,0.0105172556176
ridge,48,240,679,0.0130160993392
ridge,48,240,680,0.0163959026636
ridge,48,240,681,0.011535126699
ridge,48,240,682,0.0119519147441
ridge,48,240,683,0.0123039183723
ridge,48,240,684,0.0149510509598
ridge,48,240,685,0.00850412501521
ridge,48,240,686,0.00792405711596
ridge,48,240,687,0.0131717735979
ridge,48,240,688,0.0117257535626
ridge,48,240,689,0.00819762840973
ridge,48,240,690,0.0129086608461
ridge,48,240,691,0.0114776724049
ridge,48,240,692,0.0126235808844
ridge,48,240,693,0.00965810185877
ridge,48,240,694,0.00951023511358
ridge,48,240,695,0.0137755390304
ridge,48,240,696,0.0044591175741
ridge,48,240,697,0.00671627904604
ridge,48,240,698,0.0068600701949
ridge,48,240,699,0.0100135267109
ridge,48,240,700,0.00970859179587
ridge,48,240,701,0.0104789387898
ridge,48,240,702,0.0053483766888
ridge,48,240,703,0.00857756823581
ridge,48,240,704,0.00809541720964
ridge,48,240,705,0.0119676196451
ridge,48,240,706,0.00730941274156
ridge,48,240,707,0.00641764946873
ridge,48,240,708,0.0130493463475
ridge,48,240,709,0.0049902523284
ridge,48,240,710,0.00723481946903
ridge,48,240,711,0.00847515171596
ridge,48,240,712,0.0109962071514
ridge,48,240,713,0.00947327153453
ridge,48,240,714,0.00721886118822
ridge,48,240,715,0.00607486716777
ridge,48,240,716,0.0157327043914
ridge,48,240,717,0.0106167193035
ridge,48,240,718,0.00928707369506
ridge,48,240,719,0.0135829774382
ridge,48,240,720,0.00438978419339
ridge,48,240,721,0.0118129852109
ridge,48,240,722,0.0107340257316
ridge,48,240,723,0.00994030813951
ridge,48,240,724,0.0142310199883
ridge,48,240,725,0.00723773359571
ridge,48,240,726,0.00933887248925
ridge,48,240,727,0.00786814997973
ridge,48,240,728,0.00780037630887
ridge,48,240,729,0.00966175368691
ridge,48,240,730,0.0129015010554
ridge,48,240,731,0.00935784897786
ridge,48,240,732,0.0111628491243
ridge,48,240,733,0.0122198058168
ridge,48,240,734,0.00993015889847
ridge,48,240,735,0.0118132672493
ridge,48,240,736,0.00784577784988
ridge,48,240,737,0.00849859149819
ridge,48,240,738,0.0140332797911
ridge,48,240,739,0.0088461315966
ridge,48,240,740,0.0122222251637
ridge,48,240,741,0.0118570338794
ridge,48,240,742,0.012263421006
ridge,48,240,743,0.00861168543399
ridge,48,240,744,0.00865799794797
ridge,48,240,745,0.00861522565402
ridge,48,240,746,0.00543960804654
ridge,48,240,747,0.0128888778332
ridge,48,240,748,0.0130629338416
ridge,48,240,749,0.00845497303887
ridge,48,240,750,0.0105235840912
ridge,48,240,751,0.00901932788761
ridge,48,240,752,0.00887946475519
ridge,48,240,753,0.0118954606688
ridge,48,240,754,0.00729609127572
ridge,48,240,755,0.0116771790565
ridge,48,240,756,0.00753135492078
ridge,48,240,757,0.011317628392
ridge,48,240,758,0.00950110454159
ridge,48,240,759,0.015313862375
ridge,48,240,760,0.0111922730415
ridge,48,240,761,0.0132557677689
ridge,48,240,762,0.00811649273266
ridge,48,240,763,0.00845618472367
ridge,48,240,764,0.0144621695281
ridge,48,240,765,0.0113476700983
ridge,48,240,766,0.00526587595431
ridge,48,240,767,0.0131812753549
ridge,48,240,768,0.0115938673325
ridge,48,240,769,0.0102431555139
ridge,48,240,770,0.0109485775774
ridge,48,240,771,0.00727810585481
ridge,48,240,772,0.00929952177287
ridge,48,240,773,0.0138737583819
ridge,48,240,774,0.00833282638949
ridge,48,240,775,0.0102082431414
ridge,48,240,776,0.01306486562
ridge,48,240,777,0.00806538512342
ridge,48,240,778,0.00887543775542
ridge,48,240,779,0.0114926467312
ridge,48,240,780,0.0099061960372
ridge,48,240,781,0.00936532478669
ridge,48,240,782,0.0119746856261
ridge,48,240,783,0.00698365966605
ridge,48,240,784,0.00575775138073
ridge,48,240,785,0.0116313124685
ridge,48,240,786,0.00989111507765
ridge,48,240,787,0.0117324167734
ridge,48,240,788,0.0106439707357
ridge,48,240,789,0.0131928330317
ridge,48,240,790,0.00961055454503
ridge,48,240,791,0.00937685460481
ridge,48,240,792,0.0101470633057
ridge,48,240,793,0.010732794149
ridge,48,240,794,0.012571782619
ridge,48,240,795,0.00959596916414
ridge,48,240,796,0.0140510946925
ridge,48,240,797,0.0139327973948
ridge,48,240,798,0.00361697353792
ridge,48,240,799,0.0100815762489
ridge,48,240,800,0.0127708972728
ridge,48,240,801,0.00892735122596
ridge,48,240,802,0.00712060105978
ridge,48,240,803,0.00624205738192
ridge,48,240,804,0.0120824926275
ridge,48,240,805,0.0122231441463
ridge,48,240,806,0.0135219380275
ridge,48,240,807,0.0132830999372
ridge,48,240,808,0.015060426898
ridge,48,240,809,0.0145665318153
ridge,48,240,810,0.00676324894911
ridge,48,240,811,0.0101673173098
ridge,48,240,812,0.00757920068065
ridge,48,240,813,0.0105030495602
ridge,48,240,814,0.00870452152358
ridge,48,240,815,0.00960292040461
ridge,48,240,816,0.00799473111554
ridge,48,240,817,0.0150817624134
ridge,48,240,818,0.0098009820915
ridge,48,240,819,0.010251221194
ridge,48,240,820,0.013842889903
ridge,48,240,821,0.016501632452
ridge,48,240,822,0.00650913493246
ridge,48,240,823,0.00456695474026
ridge,48,240,824,0.0152750023719
ridge,48,240,825,0.0113324405793
ridge,48,240,826,0.0112665705652
ridge,48,240,827,0.011715990219
ridge,48,240,828,0.00471510431584
ridge,48,240,829,0.0121790608334
ridge,48,240,830,0.00946046481045
ridge,48,240,831,0.0101874877975
ridge,48,240,832,0.010136905046
ridge,48,240,833,0.0122004975728
ridge,48,240,834,0.008542268486
ridge,48,240,835,0.0133140332722
ridge,48,240,836,0.0111045320616
ridge,48,240,837,0.00869341999761
ridge,48,240,838,0.00868062785441
ridge,48,240,839,0.00938613934444
ridge,48,240,840,0.00406718493181
ridge,48,240,841,0.0146570415828
ridge,48,240,842,0.013523851317
ridge,48,240,843,0.0100799343172
ridge,48,240,844,0.0100059851611
ridge,48,240,845,0.00901999279723
ridge,48,240,846,0.0118198551695
ridge,48,240,847,0.00833041148407
ridge,48,240,848,0.00855011443271
ridge,48,240,849,0.0145808816862
ridge,48,240,850,0.0107610269017
ridge,48,240,851,0.00982359917736
ridge,48,240,852,0.00801542398842
ridge,48,240,853,0.013484719278
ridge,48,240,854,0.0098154926843
ridge,48,240,855,0.0100570198311
ridge,48,240,856,0.00986288234682
ridge,48,240,857,0.00954440596663
ridge,48,240,858,0.00795271148357
ridge,48,240,859,0.00970401332355
ridge,48,240,860,0.0085256616964
ridge,48,240,861,0.00786352133235
ridge,48,240,862,0.013808844968
ridge,48,240,863,0.0125324625895
ridge,48,240,864,0.00578578774859
ridge,48,240,865,0.0112491157454
ridge,48,240,866,0.0170597502994
ridge,48,240,867,0.00983707043519
ridge,48,240,868,0.00996725168545
ridge,48,240,869,0.00711792490003
ridge,48,240,870,0.011378943989
ridge,48,240,871,0.00708824218429
ridge,48,240,872,0.00670559899696
ridge,48,240,873,0.00490756900578
ridge,48,240,874,0.00977325856129
ridge,48,240,875,0.0132110436123
ridge,48,240,876,0.0113691737177
ridge,48,240,877,0.0116469461215
ridge,48,240,878,0.0122540353141
ridge,48,240,879,0.00947139992481
ridge,48,240,880,0.0152144843567
ridge,48,240,881,0.0115853630382
ridge,48,240,882,0.00699405481759
ridge,48,240,883,0.00942841464553
ridge,48,240,884,0.0118544251145
ridge,48,240,885,0.00761508895694
ridge,48,240,886,0.0166919941447
ridge,48,240,887,0.00517365166036
ridge,48,240,888,0.0116919204259
ridge,48,240,889,0.0112593608461
ridge,48,240,890,0.00940739923744
ridge,48,240,891,0.00630957358213
ridge,48,240,892,0.00813810173914
ridge,48,240,893,0.00723763393329
ridge,48,240,894,0.00774962425378
ridge,48,240,895,0.00805033235408
ridge,48,240,896,0.0049940163597
ridge,48,240,897,0.00708890709166
ridge,48,240,898,0.00780765492911
ridge,48,240,899,0.00835093345645
ridge,48,240,900,0.0119466638231
ridge,48,240,901,0.0089280992193
ridge,48,240,902,0.0179144584902
ridge,48,240,903,0.00748801104516
ridge,48,240,904,0.00663791922809
ridge,48,240,905,0.00875336200441
ridge,48,240,906,0.00832499760505
ridge,48,240,907,0.00632636977156
ridge,48,240,908,0.00948081988828
ridge,48,240,909,0.0115975717232
ridge,48,240,910,0.00855574921343
ridge,48,240,911,0.00578775689555
ridge,48,240,912,0.011435640329
ridge,48,240,913,0.00820904226473
ridge,48,240,914,0.00949714363302
ridge,48,240,915,0.00660759131688
ridge,48,240,916,0.0111333739503
ridge,48,240,917,0.00937412060876
ridge,48,240,918,0.0133202514195
ridge,48,240,919,0.011899757078
ridge,48,240,920,0.00865659715584
ridge,48,240,921,0.00893421831238
ridge,48,240,922,0.010445776191
ridge,48,240,923,0.00798260703786
ridge,48,240,924,0.011390047949
ridge,48,240,925,0.00956377560938
ridge,48,240,926,0.00689127443756
ridge,48,240,927,0.00996873282122
ridge,48,240,928,0.0103651967993
ridge,48,240,929,0.0087622952145
ridge,48,240,930,0.0100668328201
ridge,48,240,931,0.0132395856061
ridge,48,240,932,0.00113456180672
ridge,48,240,933,0.00970788874139
ridge,48,240,934,0.00845411376217
ridge,48,240,935,0.00850478112698
ridge,48,240,936,0.0083218733439
ridge,48,240,937,0.00385286800546
ridge,48,240,938,0.00791581602546
ridge,48,240,939,0.00773407468948
ridge,48,240,940,0.0120173536289
ridge,48,240,941,0.0102866127343
ridge,48,240,942,0.008757507992
ridge,48,240,943,0.00791665783884
ridge,48,240,944,0.0116552097376
ridge,48,240,945,0.0093457446884
ridge,48,240,946,0.0131394674163
ridge,48,240,947,0.0110483579164
ridge,48,240,948,0.0139729431094
ridge,48,240,949,0.00864172619985
ridge,48,240,950,0.00807589158513
ridge,48,240,951,0.0138701401066
ridge,48,240,952,0.011035703755
ridge,48,240,953,0.00899429728168
ridge,48,240,954,0.0126086485365
ridge,48,240,955,0.00849205176581
ridge,48,240,956,0.0105365419744
ridge,48,240,957,0.00693799286825
ridge,48,240,958,0.00893287241992
ridge,48,240,959,0.00905740444372
ridge,48,240,960,0.0101516696028
ridge,48,240,961,0.0131253129173
ridge,48,240,962,0.0116848468542
ridge,48,240,963,0.00787311426328
ridge,48,240,964,0.00901496323002
ridge,48,240,965,0.00988024489012
ridge,48,240,966,0.00681260633765
ridge,48,240,967,0.00737601592215
ridge,48,240,968,0.0100716284784
ridge,48,240,969,0.0117507033171
ridge,48,240,970,0.0123666053455
ridge,48,240,971,0.00885145248996
ridge,48,240,972,0.0119216694235
ridge,48,240,973,0.00984918038981
ridge,48,240,974,0.00447625611916
ridge,48,240,975,0.00962011600538
ridge,48,240,976,0.00527273261942
ridge,48,240,977,0.00837228623582
ridge,48,240,978,0.0115506148709
ridge,48,240,979,0.00973120604321
ridge,48,240,980,0.00900592848056
ridge,48,240,981,0.00988208499255
ridge,48,240,982,0.00988081986572
ridge,48,240,983,0.00866302269579
ridge,48,240,984,0.00527556115511
ridge,48,240,985,0.0142236396159
ridge,48,240,986,0.0092131468457
ridge,48,240,987,0.00798353204582
ridge,48,240,988,0.00923436641282
ridge,48,240,989,0.0106702305277
ridge,48,240,990,0.00765786206933
ridge,48,240,991,0.00608456515705
ridge,48,240,992,0.0126300417615
ridge,48,240,993,0.0085305257616
ridge,48,240,994,0.00737532537813
ridge,48,240,995,0.0067624232488
ridge,48,240,996,0.0129581690276
ridge,48,240,997,0.0139886739152
ridge,48,240,998,0.012773536206
ridge,48,240,999,0.0111828711569
tcn,12,60,0,0.000576552404766
tcn,12,60,1,0.0010655353463
tcn,12,60,2,-0.00173825797279
tcn,12,60,3,0.00464711623406
tcn,12,60,4,0.00310357258584
tcn,12,60,5,0.0026844470108
tcn,12,60,6,0.00203860203694
tcn,12,60,7,-0.000193165653073
tcn,12,60,8,0.00323001135821
tcn,12,60,9,0.00329686563734
tcn,12,60,10,0.00197082968999
tcn,12,60,11,-0.000696679563309
tcn,12,60,12,0.00109358269861
tcn,12,60,13,0.000482205072552
tcn,12,60,14,0.00224186326741
tcn,12,60,15,0.00457141661763
tcn,12,60,16,0.00155721161913
tcn,12,60,17,0.000484042184431
tcn,12,60,18,0.00166820151112
tcn,12,60,19,0.000975777547994
tcn,12,60,20,-0.000214445776434
tcn,12,60,21,0.000871312677404
tcn,12,60,22,0.0045306850246
tcn,12,60,23,0.000579935068826
tcn,12,60,24,0.0028680730652
tcn,12,60,25,0.0036279317694
tcn,12,60,26,0.00225969773085
tcn,12,60,27,-0.00110124230181
tcn,12,60,28,-0.000157310161228
tcn,12,60,29,0.00230284500358
tcn,12,60,30,0.00104050316525
tcn,12,60,31,-0.000706048974493
tcn,12,60,32,0.00162976998638
tcn,12,60,33,0.00236285815887
tcn,12,60,34,0.00231868039979
tcn,12,60,35,-0.000766260488525
tcn,12,60,36,-0.000981908126562
tcn,12,60,37,0.00165246404315
tcn,12,60,38,0.00167102823443
tcn,12,60,39,0.00167044162613
tcn,12,60,40,0.00147909086185
tcn,12,60,41,-0.000373603256805
tcn,12,60,42,0.00137519976807
tcn,12,60,43,0.00124116009107
tcn,12,60,44,0.00206027349769
tcn,12,60,45,0.000743901144737
tcn,12,60,46,0.00369568281892
tcn,12,60,47,0.0011226625542
tcn,12,60,48,0.000739118710087
tcn,12,60,49,1.9885815304e-05
tcn,12,60,50,0.00186524699854
tcn,12,60,51,0.00552063615783
tcn,12,60,52,-0.000674823075558
tcn,12,60,53,0.00151184726546
tcn,12,60,54,0.000593065278645
tcn,12,60,55,0.00211588647284
tcn,12,60,56,0.00339556487549
tcn,12,60,57,-0.000864791307795
tcn,12,60,58,-0.00144779317247
tcn,12,60,59,0.00304616336127
tcn,12,60,60,0.00226694203556
tcn,12,60,61,-2.13182218987e-05
tcn,12,60,62,0.00118822708075
tcn,12,60,63,5.08955056164e-05
tcn,12,60,64,0.000607369630035
tcn,12,60,65,0.00339889858285
tcn,12,60,66,0.00160766359671
tcn,12,60,67,-0.00267378816757
tcn,12,60,68,0.000250357269186
tcn,12,60,69,0.00493432327687
tcn,12,60,70,0.00153894430576
tcn,12,60,71,0.00476503630313
tcn,12,60,72,0.0017965923039
tcn,12,60,73,0.00120671851169
tcn,12,60,74,-0.000510255644131
tcn,12,60,75,0.00397812540734
tcn,12,60,76,0.0047086576225
tcn,12,60,77,0.00344258978967
tcn,12,60,78,0.00236843107104
tcn,12,60,79,0.00145850096038
tcn,12,60,80,0.000269616302538
tcn,12,60,81,0.0007564467647
tcn,12,60,82,0.00318597484449
tcn,12,60,83,0.00281746097153
tcn,12,60,84,0.00133163365731
tcn,12,60,85,0.00470155576769
tcn,12,60,86,0.00188714453699
tcn,12,60,87,-0.000608209940802
tcn,12,60,88,0.00504583523289
tcn,12,60,89,0.0033744481705
tcn,12,60,90,0.00280405591523
tcn,12,60,91,0.00536704233807
tcn,12,60,92,0.00189946832455
tcn,12,60,93,0.00214222148879
tcn,12,60,94,0.00197148828159
tcn,12,60,95,0.00355659727159
tcn,12,60,96,0.00114968194903
tcn,12,60,97,0.00384194695139
tcn,12,60,98,0.000924912887526
tcn,12,60,99,0.000365059092677
tcn,12,60,100,-0.000953100876713
tcn,12,60,101,0.00175872133845
tcn,12,60,102,0.00189869027572
tcn,12,60,103,0.00172176078247
tcn,12,60,104,0.00382618979518
tcn,12,60,105,0.00296116238736
tcn,12,60,106,-0.00211194211867
tcn,12,60,107,0.0027537676052
tcn,12,60,108,0.00252263087941
tcn,12,60,109,0.00477705169359
tcn,12,60,110,0.00214697231161
tcn,12,60,111,0.00309064809058
tcn,12,60,112,0.0020602592726
tcn,12,60,113,0.000637130633898
tcn,12,60,114,0.00169881324862
tcn,12,60,115,-0.00304171509676
tcn,12,60,116,7.56968829065e-05
tcn,12,60,117,0.000217453073772
tcn,12,60,118,0.00051942943955
tcn,12,60,119,0.00216572860914
tcn,12,60,120,0.00378357136873
tcn,12,60,121,-0.000275102118266
tcn,12,60,122,0.00254355696482
tcn,12,60,123,-0.000643176290059
tcn,12,60,124,0.00454759905081
tcn,12,60,125,0.00219742461672
tcn,12,60,126,-0.000195616924641
tcn,12,60,127,0.00317548205012
tcn,12,60,128,0.00533830787749
tcn,12,60,129,0.00264061808053
tcn,12,60,130,0.000925990285818
tcn,12,60,131,-0.0033465339911
tcn,12,60,132,0.00227450510798
tcn,12,60,133,0.000180520906292
tcn,12,60,134,0.00214878323617
tcn,12,60,135,0.00100124593217
tcn,12,60,136,0.00205260442504
tcn,12,60,137,0.0043350222906
tcn,12,60,138,0.00235231306748
tcn,12,60,139,-0.00292057362876
tcn,12,60,140,0.00145076898047
tcn,12,60,141,0.00305429169878
tcn,12,60,142,5.97575053513e-05
tcn,12,60,143,0.00137117520793
tcn,12,60,144,0.000451423642091
tcn,12,60,145,0.000689809472278
tcn,12,60,146,0.00237163158968
tcn,12,60,147,-0.000635543229915
tcn,12,60,148,0.001270473138
tcn,12,60,149,0.000401029828887
tcn,12,60,150,-0.00246092450523
tcn,12,60,151,0.00130062913301
tcn,12,60,152,-0.00150611335491
tcn,12,60,153,0.00257323781134
tcn,12,60,154,-0.000896553873071
tcn,12,60,155,0.000276766947565
tcn,12,60,156,0.00290071235292
tcn,12,60,157,0.00241463779143
tcn,12,60,158,0.00219269319516
tcn,12,60,159,0.000347303477933
tcn,12,60,160,0.00121737009547
tcn,12,60,161,0.00385748204938
tcn,12,60,162,0.00347869153192
tcn,12,60,163,0.000607442861164
tcn,12,60,164,0.000829145576462
tcn,12,60,165,0.00401628183431
tcn,12,60,166,0.00375800266861
tcn,12,60,167,-0.000571128331364
tcn,12,60,168,-0.00314081161067
tcn,12,60,169,-2.84827542052e-05
tcn,12,60,170,0.000678238909991
tcn,12,60,171,0.00445162531937
tcn,12,60,172,0.0014356161375
tcn,12,60,173,-0.00141701584055
tcn,12,60,174,-0.000261905897888
tcn,12,60,175,0.00383702381527
tcn,12,60,176,0.00359920702628
tcn,12,60,177,0.001375845689
tcn,12,60,178,0.00162839542637
tcn,12,60,179,0.0012502972545
tcn,12,60,180,0.00178442389231
tcn,12,60,181,-0.000527128945684
tcn,12,60,182,0.00266474996052
tcn,12,60,183,0.000355762468209
tcn,12,60,184,0.00104411470674
tcn,12,60,185,0.00454972757333
tcn,12,60,186,-0.000988278060822
tcn,12,60,187,-0.00146043955461
tcn,12,60,188,-0.000569828637705
tcn,12,60,189,0.00148665562978
tcn,12,60,190,0.00284912122007
tcn,12,60,191,0.00213829072563
tcn,12,60,192,0.000448692642187
tcn,12,60,193,0.00307129737697
tcn,12,60,194,0.00193302001404
tcn,12,60,195,0.00411218009029
tcn,12,60,196,0.000974625516687
tcn,12,60,197,0.00348159465261
tcn,12,60,198,0.0037811805672
tcn,12,60,199,0.000666878563004
tcn,12,60,200,0.00278723486279
tcn,12,60,201,-0.00115903940214
tcn,12,60,202,-0.000685120026862
tcn,12,60,203,0.000874837388209
tcn,12,60,204,0.00215071526365
tcn,12,60,205,0.000828341166222
tcn,12,60,206,0.00322087944641
tcn,12,60,207,-0.000769086965052
tcn,12,60,208,0.00510171026624
tcn,12,60,209,0.000480503866179
tcn,12,60,210,0.00308167740205
tcn,12,60,211,0.00335410832881
tcn,12,60,212,0.00277437083545
tcn,12,60,213,0.00379868758554
tcn,12,60,214,0.00318788542016
tcn,12,60,215,0.000629406737598
tcn,12,60,216,0.00362062720101
tcn,12,60,217,-0.00435418501118
tcn,12,60,218,0.00265178650424
tcn,12,60,219,-0.0012138179889
tcn,12,60,220,0.00351116809316
tcn,12,60,221,0.000157942461178
tcn,12,60,222,3.59423973992e-06
tcn,12,60,223,-0.000419812211953
tcn,12,60,224,0.00162207786635
tcn,12,60,225,0.00125574075467
tcn,12,60,226,0.00158071379518
tcn,12,60,227,0.00357441271013
tcn,12,60,228,0.00306378200826
tcn,12,60,229,-0.00114816614526
tcn,12,60,230,0.00503309910632
tcn,12,60,231,0.00167582867443
tcn,12,60,232,0.00063832787976
tcn,12,60,233,0.000555814376163
tcn,12,60,234,0.00164973046709
tcn,12,60,235,-0.00148187056504
tcn,12,60,236,0.00125204401158
tcn,12,60,237,0.000925117402849
tcn,12,60,238,0.00811770551971
tcn,12,60,239,0.00382417710318
tcn,12,60,240,0.00169763145086
tcn,12,60,241,0.00149513542557
tcn,12,60,242,0.00480786781168
tcn,12,60,243,-0.00131607221705
tcn,12,60,244,0.00522873928586
tcn,12,60,245,0.00212569006907
tcn,12,60,246,-0.000795640755175
tcn,12,60,247,0.00165931327609
tcn,12,60,248,0.000380145999478
tcn,12,60,249,0.000196695263337
tcn,12,60,250,-0.00043696468183
tcn,12,60,251,0.00347481460187
tcn,12,60,252,0.00314829948563
tcn,12,60,253,0.000421987505385
tcn,12,60,254,0.00010473169219
tcn,12,60,255,0.00212271224788
tcn,12,60,256,0.000727490317275
tcn,12,60,257,0.00318512642435
tcn,12,60,258,0.00104822785203
tcn,12,60,259,0.000423087515169
tcn,12,60,260,-0.0031936899772
tcn,12,60,261,-0.000572578914748
tcn,12,60,262,0.00415386267088
tcn,12,60,263,0.00489277398917
tcn,12,60,264,0.000675517946409
tcn,12,60,265,0.00072761017546
tcn,12,60,266,-0.00250901415385
tcn,12,60,267,3.79598808531e-05
tcn,12,60,268,0.00598265294108
tcn,12,60,269,0.00319597144134
tcn,12,60,270,0.00337254808836
tcn,12,60,271,-0.000414859449219
tcn,12,60,272,0.000635944633851
tcn,12,60,273,0.0014571874023
tcn,12,60,274,0.00177113645257
tcn,12,60,275,0.000964307807862
tcn,12,60,276,-0.00127032469696
tcn,12,60,277,0.000173204022776
tcn,12,60,278,0.00296832625394
tcn,12,60,279,0.00289643577119
tcn,12,60,280,0.00103752997749
tcn,12,60,281,-0.00157058283517
tcn,12,60,282,0.000825997473977
tcn,12,60,283,0.00235433052073
tcn,12,60,284,-0.00284688158018
tcn,12,60,285,0.0017992449073
tcn,12,60,286,-0.000342407430182
tcn,12,60,287,0.00335358446223
tcn,12,60,288,0.0025116555026
tcn,12,60,289,-0.0010849447771
tcn,12,60,290,0.00144004531559
tcn,12,60,291,-0.000235523595269
tcn,12,60,292,0.00250986785742
tcn,12,60,293,-0.0032106448669
tcn,12,60,294,0.00295189659802
tcn,12,60,295,0.00187500348023
tcn,12,60,296,-0.00344942156893
tcn,12,60,297,0.0034373475977
tcn,12,60,298,-0.000103097621257
tcn,12,60,299,0.00404377281617
tcn,12,60,300,0.0017607550318
tcn,12,60,301,0.0017885299841
tcn,12,60,302,3.80073896743e-07
tcn,12,60,303,0.00427022098706
tcn,12,60,304,0.00510184251974
tcn,12,60,305,0.00173808020034
tcn,12,60,306,0.00200190067333
tcn,12,60,307,0.0048997526603
tcn,12,60,308,0.00532867697481
tcn,12,60,309,-0.000883334428716
tcn,12,60,310,0.000930603349414
tcn,12,60,311,-0.00252214723324
tcn,12,60,312,-0.00166205360354
tcn,12,60,313,0.001184387515
tcn,12,60,314,0.00422211167459
tcn,12,60,315,0.00230720526272
tcn,12,60,316,0.0030082491581
tcn,12,60,317,0.00232786541419
tcn,12,60,318,0.00178263471443
tcn,12,60,319,0.00274869440067
tcn,12,60,320,0.00338167497133
tcn,12,60,321,0.00277533376863
tcn,12,60,322,0.000645750423427
tcn,12,60,323,0.00571362063599
tcn,12,60,324,0.00181822680043
tcn,12,60,325,-0.00138643369516
tcn,12,60,326,0.0030023570404
tcn,12,60,327,6.4738197175e-05
tcn,12,60,328,0.00280241791927
tcn,12,60,329,0.00520344236279
tcn,12,60,330,-0.00171134541371
tcn,12,60,331,0.00134219376584
tcn,12,60,332,0.00491630486401
tcn,12,60,333,0.00519640688439
tcn,12,60,334,0.00501476376715
tcn,12,60,335,0.00295802687813
tcn,12,60,336,0.00439021738855
tcn,12,60,337,0.0023620056516
tcn,12,60,338,0.000154008434129
tcn,12,60,339,0.00164896502593
tcn,12,60,340,0.00315647285955
tcn,12,60,341,0.00308192125844
tcn,12,60,342,0.00294618652963
tcn,12,60,343,-0.00139488969078
tcn,12,60,344,-0.000252199765746
tcn,12,60,345,-0.000528980285451
tcn,12,60,346,-0.00107769415927
tcn,12,60,347,-0.000174050594737
tcn,12,60,348,-0.000404128539793
tcn,12,60,349,-0.00124850441733
tcn,12,60,350,1.06616016254e-05
tcn,12,60,351,9.36059745889e-05
tcn,12,60,352,-0.000948674799701
tcn,12,60,353,0.00377264439733
tcn,12,60,354,-0.00145906780638
tcn,12,60,355,0.00252744348396
tcn,12,60,356,0.00272441039855
tcn,12,60,357,-0.00172566221467
tcn,12,60,358,0.00431109002625
tcn,12,60,359,0.00181285720779
tcn,12,60,360,0.00177785999764
tcn,12,60,361,0.000600196176753
tcn,12,60,362,-0.0011053210086
tcn,12,60,363,0.00406004210087
tcn,12,60,364,0.00105861774403
tcn,12,60,365,0.000508948121219
tcn,12,60,366,0.00250073638655
tcn,12,60,367,0.00463799106896
tcn,12,60,368,0.00194370723766
tcn,12,60,369,-0.00102274102111
tcn,12,60,370,0.00151832176389
tcn,12,60,371,0.00313864109319
tcn,12,60,372,0.000203620019404
tcn,12,60,373,0.000112797767337
tcn,12,60,374,-3.76867989233e-06
tcn,12,60,375,0.00238703056166
tcn,12,60,376,0.00436158563799
tcn,12,60,377,0.00122845218672
tcn,12,60,378,-0.00202414577637
tcn,12,60,379,0.0015335823237
tcn,12,60,380,0.000543403321227
tcn,12,60,381,-0.000281749470781
tcn,12,60,382,0.00298665266468
tcn,12,60,383,0.00216172183676
tcn,12,60,384,0.00607232707177
tcn,12,60,385,-0.000727242387656
tcn,12,60,386,0.00246434677144
tcn,12,60,387,0.00194601956388
tcn,12,60,388,0.00172184858698
tcn,12,60,389,-0.00170190664217
tcn,12,60,390,0.00225359643084
tcn,12,60,391,0.00198607069738
tcn,12,60,392,-0.00126810492153
tcn,12,60,393,-0.00156773171202
tcn,12,60,394,0.00550985686848
tcn,12,60,395,0.00237000914429
tcn,12,60,396,0.000958471886961
tcn,12,60,397,-0.00341231258755
tcn,12,60,398,0.00445925673265
tcn,12,60,399,0.00243303735923
tcn,12,60,400,0.000206197480599
tcn,12,60,401,0.00288355139615
tcn,12,60,402,-0.00146141601772
tcn,12,60,403,0.00340037423724
tcn,12,60,404,0.00167718548489
tcn,12,60,405,0.00165163456196
tcn,12,60,406,0.00186455623775
tcn,12,60,407,-0.00341000578366
tcn,12,60,408,0.00208648304672
tcn,12,60,409,0.000673510161335
tcn,12,60,410,0.000882703056532
tcn,12,60,411,-0.000586163490848
tcn,12,60,412,0.00217980137177
tcn,12,60,413,-0.000227053172039
tcn,12,60,414,0.00432474960614
tcn,12,60,415,0.00038225760588
tcn,12,60,416,0.00412259102691
tcn,12,60,417,0.00195149192307
tcn,12,60,418,0.00043782977407
tcn,12,60,419,-0.000427192142833
tcn,12,60,420,-0.000223007157547
tcn,12,60,421,0.00278443343755
tcn,12,60,422,0.00362335589024
tcn,12,60,423,-0.000513692957601
tcn,12,60,424,0.00128758055312
tcn,12,60,425,0.000708054409976
tcn,12,60,426,0.000444983208673
tcn,12,60,427,0.00393066322284
tcn,12,60,428,0.000662001855737
tcn,12,60,429,-0.00282296872819
tcn,12,60,430,-0.00129503639555
tcn,12,60,431,-7.1617490837e-05
tcn,12,60,432,0.000371309827809
tcn,12,60,433,0.00133923165586
tcn,12,60,434,0.00171069221131
tcn,12,60,435,-0.000241858948957
tcn,12,60,436,-0.00227211812412
tcn,12,60,437,0.00267435772201
tcn,12,60,438,0.00100110016999
tcn,12,60,439,0.00354258475824
tcn,12,60,440,-0.0020321218915
tcn,12,60,441,0.00310735744506
tcn,12,60,442,0.00103707475753
tcn,12,60,443,0.00508759447394
tcn,12,60,444,0.000631999548986
tcn,12,60,445,0.00169000532678
tcn,12,60,446,0.00334627318299
tcn,12,60,447,0.00240497667392
tcn,12,60,448,0.00156013567272
tcn,12,60,449,0.00277960574226
tcn,12,60,450,-0.000123576988294
tcn,12,60,451,0.000848338599761
tcn,12,60,452,0.00237493073656
tcn,12,60,453,0.00212173334534
tcn,12,60,454,-0.0018955781826
tcn,12,60,455,0.00190318373643
tcn,12,60,456,0.00492418739395
tcn,12,60,457,0.00122691110828
tcn,12,60,458,0.00182223709851
tcn,12,60,459,0.00187229599752
tcn,12,60,460,0.00358436986817
tcn,12,60,461,0.000132726035859
tcn,12,60,462,0.00111606850931
tcn,12,60,463,-0.00343869156735
tcn,12,60,464,0.00294189234818
tcn,12,60,465,0.00358972140559
tcn,12,60,466,4.14284620138e-05
tcn,12,60,467,0.00252393983186
tcn,12,60,468,-0.000149898024638
tcn,12,60,469,5.1905890207e-05
tcn,12,60,470,7.96469356722e-05
tcn,12,60,471,0.00268982010095
tcn,12,60,472,0.00261435285209
tcn,12,60,473,0.000249938226369
tcn,12,60,474,0.00101447634489
tcn,12,60,475,0.00035997220957
tcn,12,60,476,0.00173014724546
tcn,12,60,477,0.00227746780628
tcn,12,60,478,0.00129635659267
tcn,12,60,479,-0.000474189874453
tcn,12,60,480,-0.00040424485392
tcn,12,60,481,-0.000510451216383
tcn,12,60,482,0.00258070912596
tcn,12,60,483,0.00171029195965
tcn,12,60,484,0.00507469098905
tcn,12,60,485,0.00265100704084
tcn,12,60,486,0.00162902720477
tcn,12,60,487,0.00263314561418
tcn,12,60,488,0.001278728932
tcn,12,60,489,0.00229435367451
tcn,12,60,490,0.000991472384127
tcn,12,60,491,0.00115205457951
tcn,12,60,492,0.00294868825954
tcn,12,60,493,-0.000305608657673
tcn,12,60,494,0.000871619420191
tcn,12,60,495,0.00194163819377
tcn,12,60,496,0.00356602642558
tcn,12,60,497,-0.00220566122053
tcn,12,60,498,0.000210302218394
tcn,12,60,499,-0.00141984241591
tcn,12,60,500,0.00216874535114
tcn,12,60,501,0.00317531005271
tcn,12,60,502,0.00448668312356
tcn,12,60,503,0.0025752211377
tcn,12,60,504,-0.00183476917859
tcn,12,60,505,0.00148389051857
tcn,12,60,506,-0.00109113413202
tcn,12,60,507,0.00227830981343
tcn,12,60,508,0.00178617795741
tcn,12,60,509,0.00339990557558
tcn,12,60,510,0.00127110862665
tcn,12,60,511,0.00282622140946
tcn,12,60,512,-0.00177568372225
tcn,12,60,513,0.00131883824268
tcn,12,60,514,0.00160857655347
tcn,12,60,515,-0.000987182133373
tcn,12,60,516,0.00564091545656
tcn,12,60,517,0.00323684698097
tcn,12,60,518,0.0022044397666
tcn,12,60,519,-0.00100415414862
tcn,12,60,520,0.00446745368481
tcn,12,60,521,0.00121491482264
tcn,12,60,522,0.00104437030779
tcn,12,60,523,0.00325521221844
tcn,12,60,524,0.00265086506178
tcn,12,60,525,-0.000168287224827
tcn,12,60,526,0.000141330049848
tcn,12,60,527,0.000263240616972
tcn,12,60,528,0.00380673961692
tcn,12,60,529,-0.000516214931913
tcn,12,60,530,0.00148835786307
tcn,12,60,531,0.00457110226047
tcn,12,60,532,-0.00117862224178
tcn,12,60,533,0.00447574028241
tcn,12,60,534,0.00630046874611
tcn,12,60,535,0.00161258838666
tcn,12,60,536,0.00223271455685
tcn,12,60,537,0.00611012170909
tcn,12,60,538,-0.000204932778664
tcn,12,60,539,0.00346948249939
tcn,12,60,540,0.00112429157685
tcn,12,60,541,-0.00414418250841
tcn,12,60,542,0.00430685590938
tcn,12,60,543,0.00422832121028
tcn,12,60,544,-0.000388553886166
tcn,12,60,545,-0.00112658634088
tcn,12,60,546,-0.000449561945742
tcn,12,60,547,-0.000345358648143
tcn,12,60,548,0.00472541312271
tcn,12,60,549,-0.00309058904623
tcn,12,60,550,0.00255164155113
tcn,12,60,551,0.00681618993148
tcn,12,60,552,0.00285992799782
tcn,12,60,553,-0.00273856137485
tcn,12,60,554,0.00241578171568
tcn,12,60,555,0.00378669115208
tcn,12,60,556,-0.000544361387448
tcn,12,60,557,0.00240655174677
tcn,12,60,558,-0.00121964086509
tcn,12,60,559,0.00201019044334
tcn,12,60,560,-0.00134901500275
tcn,12,60,561,-0.00129731856591
tcn,12,60,562,0.000735596308297
tcn,12,60,563,0.00282131529186
tcn,12,60,564,0.00308468637705
tcn,12,60,565,0.00171712677194
tcn,12,60,566,0.000410831929629
tcn,12,60,567,0.00606955129547
tcn,12,60,568,0.00379472993709
tcn,12,60,569,0.00363063903004
tcn,12,60,570,0.00133432236181
tcn,12,60,571,-0.00101781389352
tcn,12,60,572,0.00264729734111
tcn,12,60,573,-0.00087672614266
tcn,12,60,574,0.00023312303263
tcn,12,60,575,0.00268367141726
tcn,12,60,576,-0.00108338262706
tcn,12,60,577,0.00107610653223
tcn,12,60,578,0.00318781367186
tcn,12,60,579,0.00293523802916
tcn,12,60,580,0.000939181469181
tcn,12,60,581,0.00165892391663
tcn,12,60,582,0.000449440236984
tcn,12,60,583,0.000340515809635
tcn,12,60,584,0.00369517970158
tcn,12,60,585,0.000105171175029
tcn,12,60,586,0.00119177089426
tcn,12,60,587,0.00472542661703
tcn,12,60,588,0.00119430978567
tcn,12,60,589,0.000735808038812
tcn,12,60,590,0.0042495833242
tcn,12,60,591,0.00394088175991
tcn,12,60,592,0.00232937477374
tcn,12,60,593,-0.000517230001482
tcn,12,60,594,0.00475406396919
tcn,12,60,595,-0.00168787970991
tcn,12,60,596,0.00206140309603
tcn,12,60,597,7.58130562283e-05
tcn,12,60,598,-0.00152061227619
tcn,12,60,599,0.00457951127934
tcn,12,60,600,0.00125915690047
tcn,12,60,601,0.00256567500128
tcn,12,60,602,0.00241688194958
tcn,12,60,603,-0.000658774725421
tcn,12,60,604,0.00132728392667
tcn,12,60,605,0.000991393372379
tcn,12,60,606,0.00509577553224
tcn,12,60,607,0.00348877282793
tcn,12,60,608,0.00279806254097
tcn,12,60,609,0.00292478868747
tcn,12,60,610,0.00316795973574
tcn,12,60,611,0.0026873828464
tcn,12,60,612,0.0025606967881
tcn,12,60,613,0.0015389164408
tcn,12,60,614,0.00119756836045
tcn,12,60,615,0.000156548774855
tcn,12,60,616,0.000387546231335
tcn,12,60,617,0.00197733855643
tcn,12,60,618,0.00141003454933
tcn,12,60,619,0.000524281677206
tcn,12,60,620,0.00276048801016
tcn,12,60,621,0.000813052690162
tcn,12,60,622,0.00187667440522
tcn,12,60,623,0.000373159370482
tcn,12,60,624,-0.00017061581772
tcn,12,60,625,0.00383925680926
tcn,12,60,626,0.00241986719299
tcn,12,60,627,0.000620712996274
tcn,12,60,628,0.00386501066949
tcn,12,60,629,0.00382602613866
tcn,12,60,630,-0.000734366827312
tcn,12,60,631,0.00357668077926
tcn,12,60,632,0.0025213783881
tcn,12,60,633,0.000167204712471
tcn,12,60,634,-0.000581365919557
tcn,12,60,635,0.000610071888354
tcn,12,60,636,0.00269912212003
tcn,12,60,637,0.00211958373069
tcn,12,60,638,0.000666714201933
tcn,12,60,639,0.00175637995725
tcn,12,60,640,0.00217921844411
tcn,12,60,641,0.00293559567526
tcn,12,60,642,0.0021347402381
tcn,12,60,643,-0.00152251714765
tcn,12,60,644,0.00144662212807
tcn,12,60,645,-0.000809762892387
tcn,12,60,646,0.0030542264501
tcn,12,60,647,-0.000392384634993
tcn,12,60,648,0.00107312315176
tcn,12,60,649,0.00393779830123
tcn,12,60,650,0.000352124782799
tcn,12,60,651,-6.25877062814e-05
tcn,12,60,652,0.00403668223206
tcn,12,60,653,0.000447005816068
tcn,12,60,654,0.00300845932136
tcn,12,60,655,0.00332621800438
tcn,12,60,656,0.00465734071975
tcn,12,60,657,0.00217694013279
tcn,12,60,658,-0.000545262833515
tcn,12,60,659,0.00288143681711
tcn,12,60,660,0.00234893821547
tcn,12,60,661,0.00194547637504
tcn,12,60,662,0.000406093812439
tcn,12,60,663,0.0016828287827
tcn,12,60,664,0.000955067725194
tcn,12,60,665,0.00358467107216
tcn,12,60,666,0.00118484121052
tcn,12,60,667,-0.00239874411248
tcn,12,60,668,0.00331478803121
tcn,12,60,669,0.00462808841747
tcn,12,60,670,0.0014759661058
tcn,12,60,671,0.00405785356838
tcn,12,60,672,0.00253818055148
tcn,12,60,673,0.00192470069074
tcn,12,60,674,-0.00376109422899
tcn,12,60,675,0.000985816900775
tcn,12,60,676,0.00269027766485
tcn,12,60,677,0.00101977440223
tcn,12,60,678,0.00266121817678
tcn,12,60,679,0.000249069820815
tcn,12,60,680,0.00407737960974
tcn,12,60,681,0.000564233362732
tcn,12,60,682,1.25656218652e-05
tcn,12,60,683,0.00250193950195
tcn,12,60,684,0.0019056997961
tcn,12,60,685,0.00208205281726
tcn,12,60,686,0.00396207523165
tcn,12,60,687,0.00080681582081
tcn,12,60,688,0.00273581573083
tcn,12,60,689,-0.000827321293862
tcn,12,60,690,-0.00167817662579
tcn,12,60,691,0.00368604157642
tcn,12,60,692,0.00127157928201
tcn,12,60,693,0.00251888520537
tcn,12,60,694,-0.00203587176278
tcn,12,60,695,0.00206287579163
tcn,12,60,696,0.00478095326531
tcn,12,60,697,0.00246375542406
tcn,12,60,698,0.000159341818615
tcn,12,60,699,-0.00169203699333
tcn,12,60,700,0.00502080964541
tcn,12,60,701,0.00112551814983
tcn,12,60,702,-0.0002760614901
tcn,12,60,703,0.00254480378462
tcn,12,60,704,-0.00391040894052
tcn,12,60,705,0.00406559307896
tcn,12,60,706,0.0054083772216
tcn,12,60,707,0.00200804584794
tcn,12,60,708,0.000706593644871
tcn,12,60,709,0.00278574939226
tcn,12,60,710,0.00538668399735
tcn,12,60,711,-0.00293375703
tcn,12,60,712,0.000505201823475
tcn,12,60,713,-0.00164161986866
tcn,12,60,714,-0.000555805393737
tcn,12,60,715,0.000287017759301
tcn,12,60,716,0.00225244191219
tcn,12,60,717,0.00317142173401
tcn,12,60,718,0.00469228293625
tcn,12,60,719,0.0022930992904
tcn,12,60,720,0.000674853481736
tcn,12,60,721,0.000253016865562
tcn,12,60,722,0.00220016317852
tcn,12,60,723,0.00325673361703
tcn,12,60,724,0.0013721786231
tcn,12,60,725,0.00267327217561
tcn,12,60,726,0.000649017117586
tcn,12,60,727,0.00102395120026
tcn,12,60,728,-9.22181327358e-05
tcn,12,60,729,0.00176447724807
tcn,12,60,730,0.00243630275139
tcn,12,60,731,0.000519180364775
tcn,12,60,732,0.00275707634975
tcn,12,60,733,0.00330733992843
tcn,12,60,734,0.00140480740133
tcn,12,60,735,-0.00122288057862
tcn,12,60,736,0.0029399746506
tcn,12,60,737,-0.000851147284757
tcn,12,60,738,0.0026672363313
tcn,12,60,739,0.000710495106158
tcn,12,60,740,0.00224604194816
tcn,12,60,741,0.000770781110619
tcn,12,60,742,0.00239102695397
tcn,12,60,743,0.00220806515459
tcn,12,60,744,0.00150635777565
tcn,12,60,745,0.00520966345785
tcn,12,60,746,0.00532940592736
tcn,12,60,747,0.00409942184382
tcn,12,60,748,-0.000322916241082
tcn,12,60,749,0.000426760410513
tcn,12,60,750,0.000461741183285
tcn,12,60,751,0.00298568757933
tcn,12,60,752,0.00301627781395
tcn,12,60,753,0.002513618521
tcn,12,60,754,0.00248285617135
tcn,12,60,755,0.00269713238455
tcn,12,60,756,0.00211510914245
tcn,12,60,757,-4.71312722e-06
tcn,12,60,758,0.0037983973892
tcn,12,60,759,0.00531731267724
tcn,12,60,760,-0.000789541182056
tcn,12,60,761,0.000662931974437
tcn,12,60,762,0.00737588065786
tcn,12,60,763,0.000118884969341
tcn,12,60,764,0.00482284416102
tcn,12,60,765,0.00256913570753
tcn,12,60,766,0.00448405129753
tcn,12,60,767,0.00469803528671
tcn,12,60,768,0.00515498192978
tcn,12,60,769,0.00167635881924
tcn,12,60,770,0.00343505219196
tcn,12,60,771,-0.00205201645375
tcn,12,60,772,-0.000142643577674
tcn,12,60,773,0.00583762474931
tcn,12,60,774,0.00237871513054
tcn,12,60,775,5.30487023809e-05
tcn,12,60,776,0.00149925476533
tcn,12,60,777,0.000818275517775
tcn,12,60,778,0.000631384620967
tcn,12,60,779,-0.00115684421824
tcn,12,60,780,-0.000243040591524
tcn,12,60,781,-0.00205333201597
tcn,12,60,782,0.00255203886788
tcn,12,60,783,0.00281948178093
tcn,12,60,784,0.00278561934753
tcn,12,60,785,0.00292845139742
tcn,12,60,786,0.00261342823728
tcn,12,60,787,-0.00204623465195
tcn,12,60,788,0.00298903564463
tcn,12,60,789,0.000512247392093
tcn,12,60,790,0.00284408322385
tcn,12,60,791,0.00156986934517
tcn,12,60,792,0.00210385412101
tcn,12,60,793,0.00323868403486
tcn,12,60,794,-0.000877533408821
tcn,12,60,795,0.000109957553351
tcn,12,60,796,0.00499339265476
tcn,12,60,797,0.00589337465259
tcn,12,60,798,0.00322059141354
tcn,12,60,799,0.0032231572597
tcn,12,60,800,0.00238617815274
tcn,12,60,801,0.00178589024847
tcn,12,60,802,0.00548895779128
tcn,12,60,803,-0.00109574431707
tcn,12,60,804,0.00290243481415
tcn,12,60,805,-0.00098290794197
tcn,12,60,806,0.00333249682521
tcn,12,60,807,0.00307901260651
tcn,12,60,808,-0.000637139199677
tcn,12,60,809,0.00271231186339
tcn,12,60,810,0.00573235570871
tcn,12,60,811,-0.00177541176545
tcn,12,60,812,0.00590813016721
tcn,12,60,813,-0.00057178384752
tcn,12,60,814,0.00352306316662
tcn,12,60,815,-0.000284036524987
tcn,12,60,816,-0.00245698159752
tcn,12,60,817,0.00319653507802
tcn,12,60,818,0.00241609277153
tcn,12,60,819,0.00288836795073
tcn,12,60,820,0.00134381921116
tcn,12,60,821,0.0011136937104
tcn,12,60,822,-0.00140430951823
tcn,12,60,823,0.00100007763615
tcn,12,60,824,-2.50229366885e-06
tcn,12,60,825,0.00632544577455
tcn,12,60,826,-0.000768940462414
tcn,12,60,827,0.00443401543877
tcn,12,60,828,0.00593803940332
tcn,12,60,829,0.00240731211947
tcn,12,60,830,0.00594834726267
tcn,12,60,831,0.00257555761758
tcn,12,60,832,0.00175721784234
tcn,12,60,833,-0.000130755657431
tcn,12,60,834,0.00140967196075
tcn,12,60,835,0.00227331772845
tcn,12,60,836,0.00263158005931
tcn,12,60,837,0.000561075943227
tcn,12,60,838,-0.00100456194015
tcn,12,60,839,-0.000192231431379
tcn,12,60,840,0.00052350977431
tcn,12,60,841,0.00371759775364
tcn,12,60,842,-0.00168816240553
tcn,12,60,843,0.000702885754341
tcn,12,60,844,-0.00151909022783
tcn,12,60,845,0.000497599192571
tcn,12,60,846,-0.000708267275302
tcn,12,60,847,-0.00302547942146
tcn,12,60,848,0.000626440414459
tcn,12,60,849,0.0057200272089
tcn,12,60,850,0.00118506597242
tcn,12,60,851,-0.000576470436748
tcn,12,60,852,-0.00181458013888
tcn,12,60,853,-0.000693996842675
tcn,12,60,854,0.00581662662579
tcn,12,60,855,0.00499909777949
tcn,12,60,856,-0.000117380580733
tcn,12,60,857,-0.00162861404701
tcn,12,60,858,0.00354084900338
tcn,12,60,859,0.000523077080496
tcn,12,60,860,0.0038344267626
tcn,12,60,861,0.0017759523315
tcn,12,60,862,0.00334458216198
tcn,12,60,863,0.00263128383743
tcn,12,60,864,0.0036640822933
tcn,12,60,865,0.00397897684169
tcn,12,60,866,2.39472193238e-05
tcn,12,60,867,0.00241122908461
tcn,12,60,868,-0.000932156661807
tcn,12,60,869,0.000119771878507
tcn,12,60,870,0.000896783994907
tcn,12,60,871,-0.000163878186619
tcn,12,60,872,0.00147806500232
tcn,12,60,873,0.00772978512921
tcn,12,60,874,0.00100668436891
tcn,12,60,875,-0.000167313146541
tcn,12,60,876,0.00353231110751
tcn,12,60,877,0.00658832816242
tcn,12,60,878,0.0013978665687
tcn,12,60,879,0.000196758429512
tcn,12,60,880,0.003118679435
tcn,12,60,881,0.00455767312575
tcn,12,60,882,0.0017505477973
tcn,12,60,883,0.000757780023221
tcn,12,60,884,0.000281423045088
tcn,12,60,885,0.000377897686173
tcn,12,60,886,0.0019453676197
tcn,12,60,887,0.00361566635505
tcn,12,60,888,0.00468968433952
tcn,12,60,889,0.00233326844811
tcn,12,60,890,-0.00240139119169
tcn,12,60,891,0.000581163414944
tcn,12,60,892,0.00335398824058
tcn,12,60,893,-2.4793929566e-05
tcn,12,60,894,0.00276528187127
tcn,12,60,895,0.00150027554965
tcn,12,60,896,0.00131140722225
tcn,12,60,897,0.00110617400284
tcn,12,60,898,-0.000437117488421
tcn,12,60,899,0.00332744038309
tcn,12,60,900,0.00110630319754
tcn,12,60,901,0.00273483399003
tcn,12,60,902,0.00167543230999
tcn,12,60,903,0.00465781385451
tcn,12,60,904,0.00151767944426
tcn,12,60,905,0.00508880701489
tcn,12,60,906,-0.000251143125427
tcn,12,60,907,0.00207438621383
tcn,12,60,908,0.00164946260779
tcn,12,60,909,0.000212750076044
tcn,12,60,910,0.00239241779201
tcn,12,60,911,0.0018214294452
tcn,12,60,912,0.00236645990808
tcn,12,60,913,0.00297640728853
tcn,12,60,914,0.00419061471028
tcn,12,60,915,0.00209929830028
tcn,12,60,916,0.00469470899625
tcn,12,60,917,0.00145022628054
tcn,12,60,918,-2.89927612712e-05
tcn,12,60,919,0.00438319181501
tcn,12,60,920,-0.000518112655166
tcn,12,60,921,-5.23646840625e-05
tcn,12,60,922,-0.000612192615655
tcn,12,60,923,-0.00305066044115
tcn,12,60,924,-0.00361705233093
tcn,12,60,925,0.00161687597535
tcn,12,60,926,0.0035942348135
tcn,12,60,927,-0.00136032916669
tcn,12,60,928,-0.00345057530243
tcn,12,60,929,0.00249664858244
tcn,12,60,930,0.00547322269532
tcn,12,60,931,0.00379937389742
tcn,12,60,932,0.00243278735756
tcn,12,60,933,-0.00151716250097
tcn,12,60,934,-0.00022732620015
tcn,12,60,935,0.00329110860383
tcn,12,60,936,0.00404247906945
tcn,12,60,937,-0.000500819869256
tcn,12,60,938,0.00491983446519
tcn,12,60,939,0.00300549611108
tcn,12,60,940,0.00214732247627
tcn,12,60,941,-0.00192602838027
tcn,12,60,942,0.00497816864634
tcn,12,60,943,0.000243759750446
tcn,12,60,944,0.00308226924653
tcn,12,60,945,0.00179091116708
tcn,12,60,946,0.00221931033804
tcn,12,60,947,0.00428291550923
tcn,12,60,948,0.00299001268618
tcn,12,60,949,0.00361490789607
tcn,12,60,950,0.0026129054401
tcn,12,60,951,0.00265951631604
tcn,12,60,952,-0.00296533282856
tcn,12,60,953,0.00500527758179
tcn,12,60,954,0.00155638099615
tcn,12,60,955,0.000962056453595
tcn,12,60,956,0.00196153823872
tcn,12,60,957,0.0063077294275
tcn,12,60,958,0.000394211514523
tcn,12,60,959,0.00405218745778
tcn,12,60,960,0.000877731525519
tcn,12,60,961,-0.00382116808104
tcn,12,60,962,0.00413580673314
tcn,12,60,963,0.00126950138166
tcn,12,60,964,0.00343302789166
tcn,12,60,965,0.00108893409191
tcn,12,60,966,0.00310392512109
tcn,12,60,967,0.00185111591678
tcn,12,60,968,0.000964236791117
tcn,12,60,969,0.00206307394531
tcn,12,60,970,0.00137444029319
tcn,12,60,971,0.00366874515583
tcn,12,60,972,0.00332691388469
tcn,12,60,973,0.00154099084498
tcn,12,60,974,0.00270910768884
tcn,12,60,975,-0.000805334691544
tcn,12,60,976,0.00278055093053
tcn,12,60,977,-9.13402411796e-06
tcn,12,60,978,-0.00321262153181
tcn,12,60,979,0.00153428595774
tcn,12,60,980,0.00230498122302
tcn,12,60,981,0.0012474419438
tcn,12,60,982,0.00133202570561
tcn,12,60,983,0.0034612852011
tcn,12,60,984,0.00406922986652
tcn,12,60,985,-0.00145902507902
tcn,12,60,986,-0.000771899385089
tcn,12,60,987,0.000999584862046
tcn,12,60,988,-0.000974077326767
tcn,12,60,989,0.000263763568629
tcn,12,60,990,-0.00266238531018
tcn,12,60,991,0.00194902929048
tcn,12,60,992,0.00128114554078
tcn,12,60,993,0.00150209126941
tcn,12,60,994,0.004351950071
tcn,12,60,995,0.00217034906077
tcn,12,60,996,0.00180838030082
tcn,12,60,997,-0.000655772125526
tcn,12,60,998,0.00413436455068
tcn,12,60,999,0.000436392937192
tcn,24,120,0,-0.00208926861214
tcn,24,120,1,0.00021565976277
tcn,24,120,2,0.00247245004332
tcn,24,120,3,-6.43305230055e-05
tcn,24,120,4,-0.00127855517901
tcn,24,120,5,0.00322168267542
tcn,24,120,6,-0.00304363517279
tcn,24,120,7,0.00176947536233
tcn,24,120,8,0.00105629665637
tcn,24,120,9,0.000753255170863
tcn,24,120,10,0.00257152797432
tcn,24,120,11,0.00152989928024
tcn,24,120,12,0.00426451846237
tcn,24,120,13,0.00321124187681
tcn,24,120,14,0.00176282180854
tcn,24,120,15,0.00457657801853
tcn,24,120,16,0.00222301607173
tcn,24,120,17,0.00377160050005
tcn,24,120,18,0.00203767610073
tcn,24,120,19,-0.000382923820354
tcn,24,120,20,0.00407706439274
tcn,24,120,21,-6.21466614513e-06
tcn,24,120,22,0.00242231041068
tcn,24,120,23,0.00282107803987
tcn,24,120,24,-8.54890430941e-05
tcn,24,120,25,0.00265263745876
tcn,24,120,26,0.00102148919818
tcn,24,120,27,0.00123760215978
tcn,24,120,28,0.00297946791222
tcn,24,120,29,0.00137735784444
tcn,24,120,30,0.00460126038777
tcn,24,120,31,0.00243609218635
tcn,24,120,32,-0.000702121562031
tcn,24,120,33,0.00107128468771
tcn,24,120,34,0.00457466909496
tcn,24,120,35,-0.00131257593379
tcn,24,120,36,0.000461874901453
tcn,24,120,37,-0.00162894599416
tcn,24,120,38,0.00492997436207
tcn,24,120,39,0.0047699950057
tcn,24,120,40,0.0024063639584
tcn,24,120,41,0.00191918647439
tcn,24,120,42,0.00309853823788
tcn,24,120,43,0.00240506530432
tcn,24,120,44,-0.0029448590556
tcn,24,120,45,0.00177835940678
tcn,24,120,46,0.00404903213718
tcn,24,120,47,0.000196205357497
tcn,24,120,48,0.00290000912217
tcn,24,120,49,-0.00223071868298
tcn,24,120,50,-0.00233209012882
tcn,24,120,51,0.00314503725236
tcn,24,120,52,-0.00118167267916
tcn,24,120,53,0.00364124399026
tcn,24,120,54,0.00491790270168
tcn,24,120,55,0.00374922621007
tcn,24,120,56,0.000169919645518
tcn,24,120,57,-0.00202804923581
tcn,24,120,58,0.00154336122941
tcn,24,120,59,-0.00156300681175
tcn,24,120,60,0.000509867488567
tcn,24,120,61,0.00282922054458
tcn,24,120,62,0.00331717342972
tcn,24,120,63,0.000246129857765
tcn,24,120,64,0.000871929810375
tcn,24,120,65,0.00337893720151
tcn,24,120,66,0.002782899298
tcn,24,120,67,0.000365572830948
tcn,24,120,68,-0.00107925055584
tcn,24,120,69,0.00167745677273
tcn,24,120,70,-0.000712463878875
tcn,24,120,71,0.00508532452306
tcn,24,120,72,0.00410563871968
tcn,24,120,73,0.00347055866247
tcn,24,120,74,0.00241876419082
tcn,24,120,75,0.00225438531756
tcn,24,120,76,0.00261180032978
tcn,24,120,77,0.00138354466751
tcn,24,120,78,0.00152459935617
tcn,24,120,79,0.00313518326916
tcn,24,120,80,-0.00348385830308
tcn,24,120,81,0.00141416377429
tcn,24,120,82,0.00288343762315
tcn,24,120,83,0.00238833700001
tcn,24,120,84,0.00751436045095
tcn,24,120,85,0.00585339587703
tcn,24,120,86,0.00271037442319
tcn,24,120,87,-6.28545705064e-05
tcn,24,120,88,0.0013419848306
tcn,24,120,89,0.000302535628463
tcn,24,120,90,-0.00111318847587
tcn,24,120,91,0.0016386469571
tcn,24,120,92,0.00203967635016
tcn,24,120,93,-0.00157850783441
tcn,24,120,94,0.00185814147907
tcn,24,120,95,0.000572495355051
tcn,24,120,96,0.00544560068673
tcn,24,120,97,0.00198805451057
tcn,24,120,98,0.00257433710478
tcn,24,120,99,0.00102768331728
tcn,24,120,100,8.26919751272e-05
tcn,24,120,101,0.0034300546749
tcn,24,120,102,0.000703103046358
tcn,24,120,103,-0.000591943311898
tcn,24,120,104,0.00435769633755
tcn,24,120,105,0.00374931879342
tcn,24,120,106,0.00214265778299
tcn,24,120,107,0.00105654127842
tcn,24,120,108,-0.0002671131177
tcn,24,120,109,0.00112251854491
tcn,24,120,110,0.00382713816189
tcn,24,120,111,-0.00106525197448
tcn,24,120,112,0.00504354507832
tcn,24,120,113,0.00115177039681
tcn,24,120,114,0.00122205247134
tcn,24,120,115,-0.000237813105367
tcn,24,120,116,0.00561400823805
tcn,24,120,117,-0.00102596879214
tcn,24,120,118,0.00455278665445
tcn,24,120,119,0.000520879915934
tcn,24,120,120,0.00201776854073
tcn,24,120,121,0.00279406476278
tcn,24,120,122,0.000170476112567
tcn,24,120,123,0.00105526875263
tcn,24,120,124,0.00085270623043
tcn,24,120,125,0.00399574857963
tcn,24,120,126,0.00106524952949
tcn,24,120,127,0.00184118701516
tcn,24,120,128,-9.7775866655e-05
tcn,24,120,129,0.00600003126662
tcn,24,120,130,0.00205261517097
tcn,24,120,131,0.00466969321401
tcn,24,120,132,0.000226110963376
tcn,24,120,133,0.00238824436379
tcn,24,120,134,0.00229596524878
tcn,24,120,135,-0.00122123017929
tcn,24,120,136,0.000529275201656
tcn,24,120,137,0.00250421022257
tcn,24,120,138,0.00236018472189
tcn,24,120,139,0.000494268073603
tcn,24,120,140,0.00425120430455
tcn,24,120,141,0.00338013588762
tcn,24,120,142,0.00346867241794
tcn,24,120,143,0.000519216591643
tcn,24,120,144,-0.00101785427458
tcn,24,120,145,0.00298896825724
tcn,24,120,146,0.000842830805425
tcn,24,120,147,0.00384911756386
tcn,24,120,148,-0.00053991905359
tcn,24,120,149,-0.000679068944011
tcn,24,120,150,0.00376409620661
tcn,24,120,151,-0.00167062128495
tcn,24,120,152,0.00149264529475
tcn,24,120,153,-0.000575444656317
tcn,24,120,154,0.000937620896098
tcn,24,120,155,4.66241955416e-05
tcn,24,120,156,-0.000206701725532
tcn,24,120,157,0.00388203186619
tcn,24,120,158,-0.00158849522724
tcn,24,120,159,0.000959597028466
tcn,24,120,160,0.00313010187861
tcn,24,120,161,0.0046133920443
tcn,24,120,162,0.000306906278955
tcn,24,120,163,0.00377069611796
tcn,24,120,164,0.0029125670798
tcn,24,120,165,0.00190600923419
tcn,24,120,166,0.00123423611944
tcn,24,120,167,0.000156809218806
tcn,24,120,168,-0.00125641996284
tcn,24,120,169,-0.00278189467699
tcn,24,120,170,-0.000727642919997
tcn,24,120,171,-0.00107539142905
tcn,24,120,172,0.00246830320763
tcn,24,120,173,-0.000788564261699
tcn,24,120,174,0.0037467281511
tcn,24,120,175,-0.000606648199595
tcn,24,120,176,0.000516626696661
tcn,24,120,177,0.001671604705
tcn,24,120,178,-0.00105183291704
tcn,24,120,179,0.00441186535023
tcn,24,120,180,0.000528633332546
tcn,24,120,181,0.0041829112532
tcn,24,120,182,-0.000402435020663
tcn,24,120,183,0.00037185925498
tcn,24,120,184,-0.000641749992705
tcn,24,120,185,-0.000160271266091
tcn,24,120,186,0.00191403880583
tcn,24,120,187,-0.00153597206574
tcn,24,120,188,-0.000578144921879
tcn,24,120,189,0.00202587316151
tcn,24,120,190,-0.000498347634852
tcn,24,120,191,0.000975775433643
tcn,24,120,192,-0.000989445422431
tcn,24,120,193,0.00386587571718
tcn,24,120,194,0.00319804624222
tcn,24,120,195,0.00103260413011
tcn,24,120,196,0.00410954423848
tcn,24,120,197,0.00124216280333
tcn,24,120,198,0.00209329579836
tcn,24,120,199,0.00550239594651
tcn,24,120,200,0.0010947374906
tcn,24,120,201,0.0029522077052
tcn,24,120,202,0.00293019853009
tcn,24,120,203,-0.000473137099869
tcn,24,120,204,0.00134978342266
tcn,24,120,205,-0.00182192629283
tcn,24,120,206,0.00366230086006
tcn,24,120,207,0.00354370179487
tcn,24,120,208,-0.00153666655375
tcn,24,120,209,0.000994668428809
tcn,24,120,210,0.00395480618479
tcn,24,120,211,0.000384185665788
tcn,24,120,212,0.00414145289002
tcn,24,120,213,0.00112762924821
tcn,24,120,214,0.00112977640178
tcn,24,120,215,0.00159038307395
tcn,24,120,216,-0.0018740584965
tcn,24,120,217,-0.00120773343881
tcn,24,120,218,9.53018818019e-05
tcn,24,120,219,-0.0003883856441
tcn,24,120,220,0.00179363855521
tcn,24,120,221,-0.000306959792577
tcn,24,120,222,-0.000482515709719
tcn,24,120,223,0.000570092594805
tcn,24,120,224,0.00331227935343
tcn,24,120,225,0.00472421547613
tcn,24,120,226,-0.000473581264834
tcn,24,120,227,0.0051262576681
tcn,24,120,228,0.000963109147932
tcn,24,120,229,0.00724137658327
tcn,24,120,230,0.00239176962322
tcn,24,120,231,0.000744128380478
tcn,24,120,232,0.00260132545717
tcn,24,120,233,0.00303223338208
tcn,24,120,234,0.00355545797464
tcn,24,120,235,0.00119080969753
tcn,24,120,236,-0.00069422408696
tcn,24,120,237,-0.00124231805056
tcn,24,120,238,0.00102695722594
tcn,24,120,239,0.00404448063839
tcn,24,120,240,-0.000799219931051
tcn,24,120,241,0.00193250738907
tcn,24,120,242,0.00375408843375
tcn,24,120,243,0.00408923469363
tcn,24,120,244,0.00346642728479
tcn,24,120,245,-0.000260662007187
tcn,24,120,246,-0.000287605396001
tcn,24,120,247,0.00353210044538
tcn,24,120,248,0.00565221539853
tcn,24,120,249,0.000714035575749
tcn,24,120,250,-0.00169816414613
tcn,24,120,251,0.00576195275746
tcn,24,120,252,0.00185867950364
tcn,24,120,253,0.00594471945908
tcn,24,120,254,0.00368514361022
tcn,24,120,255,0.00269241130493
tcn,24,120,256,0.00208033536242
tcn,24,120,257,0.000491082072537
tcn,24,120,258,0.00247416570712
tcn,24,120,259,0.00101078919341
tcn,24,120,260,0.000379240301262
tcn,24,120,261,0.00145238075409
tcn,24,120,262,0.00499966104975
tcn,24,120,263,0.00101274250896
tcn,24,120,264,0.00269679502149
tcn,24,120,265,-0.00357583745884
tcn,24,120,266,0.00507381949001
tcn,24,120,267,-8.63610672002e-06
tcn,24,120,268,0.00389590762799
tcn,24,120,269,0.00355040021392
tcn,24,120,270,0.00401378413284
tcn,24,120,271,-0.000867912503739
tcn,24,120,272,-0.00324059649442
tcn,24,120,273,0.00233984748925
tcn,24,120,274,0.00203239725004
tcn,24,120,275,-0.000569346130025
tcn,24,120,276,0.004812089495
tcn,24,120,277,0.00170003044241
tcn,24,120,278,0.00224689224557
tcn,24,120,279,0.00217075809003
tcn,24,120,280,0.000469655537378
tcn,24,120,281,0.00192655598196
tcn,24,120,282,0.00174538679295
tcn,24,120,283,0.00165600555819
tcn,24,120,284,0.00189808887651
tcn,24,120,285,0.00470000503906
tcn,24,120,286,0.00257729787541
tcn,24,120,287,-0.00098119666456
tcn,24,120,288,-0.000118662581319
tcn,24,120,289,0.00381805241565
tcn,24,120,290,-0.000528754125256
tcn,24,120,291,-0.000737881755768
tcn,24,120,292,0.0041948801317
tcn,24,120,293,0.00509338086113
tcn,24,120,294,0.00386859460075
tcn,24,120,295,-0.00169911820264
tcn,24,120,296,0.0033082711895
tcn,24,120,297,-0.00479899039515
tcn,24,120,298,0.00169365519397
tcn,24,120,299,0.000547885315485
tcn,24,120,300,0.000886689447073
tcn,24,120,301,-0.000332395671953
tcn,24,120,302,0.00399749795514
tcn,24,120,303,0.00677588590936
tcn,24,120,304,-0.00243696356817
tcn,24,120,305,0.00480863136097
tcn,24,120,306,0.000914379038267
tcn,24,120,307,0.00378617002604
tcn,24,120,308,-0.00121342502372
tcn,24,120,309,-3.94663905778e-05
tcn,24,120,310,0.000482560559204
tcn,24,120,311,0.00467650592462
tcn,24,120,312,-0.000785236834305
tcn,24,120,313,0.00394593989508
tcn,24,120,314,0.000911358164249
tcn,24,120,315,0.00274528185452
tcn,24,120,316,0.00312953189353
tcn,24,120,317,0.00121705232356
tcn,24,120,318,0.00296041277418
tcn,24,120,319,0.00352280951078
tcn,24,120,320,-0.00197648708094
tcn,24,120,321,0.0029878830513
tcn,24,120,322,-0.00123636525945
tcn,24,120,323,0.00165448416119
tcn,24,120,324,0.00221174912557
tcn,24,120,325,0.00113555976423
tcn,24,120,326,0.000796249121224
tcn,24,120,327,0.00186425585267
tcn,24,120,328,0.00214138583561
tcn,24,120,329,0.00167058572526
tcn,24,120,330,0.00298649619341
tcn,24,120,331,-0.00212562087389
tcn,24,120,332,0.00159739624777
tcn,24,120,333,0.00623292378931
tcn,24,120,334,-9.79993052105e-05
tcn,24,120,335,0.00084543132954
tcn,24,120,336,0.00475347003845
tcn,24,120,337,-0.000447012143609
tcn,24,120,338,-0.000113978115275
tcn,24,120,339,0.000586506841597
tcn,24,120,340,0.000471720827428
tcn,24,120,341,0.000638862037342
tcn,24,120,342,0.000623119599981
tcn,24,120,343,0.00061241529896
tcn,24,120,344,0.00139957315399
tcn,24,120,345,0.00327787345586
tcn,24,120,346,0.00436202668312
tcn,24,120,347,0.0022518256946
tcn,24,120,348,0.000713417606415
tcn,24,120,349,0.00199417407792
tcn,24,120,350,0.00143724370058
tcn,24,120,351,0.00208117525319
tcn,24,120,352,-0.00309032124334
tcn,24,120,353,0.000483858626166
tcn,24,120,354,0.00354133927254
tcn,24,120,355,0.0064232285119
tcn,24,120,356,0.00214974924527
tcn,24,120,357,0.00112722829259
tcn,24,120,358,0.000242583946791
tcn,24,120,359,-0.00172530363334
tcn,24,120,360,0.000417035695048
tcn,24,120,361,0.00125518541234
tcn,24,120,362,5.94884063475e-05
tcn,24,120,363,0.0054655383497
tcn,24,120,364,0.00236287094744
tcn,24,120,365,0.00342005726862
tcn,24,120,366,0.00121348033283
tcn,24,120,367,-8.39131349526e-05
tcn,24,120,368,0.00164434104542
tcn,24,120,369,0.00253761488691
tcn,24,120,370,0.00164564404577
tcn,24,120,371,0.00200633221987
tcn,24,120,372,0.000876277500182
tcn,24,120,373,0.00221865758306
tcn,24,120,374,-0.000806102353135
tcn,24,120,375,0.00123447271701
tcn,24,120,376,0.000743784693869
tcn,24,120,377,0.00587292366886
tcn,24,120,378,-0.00121137969916
tcn,24,120,379,0.00356186372017
tcn,24,120,380,-0.00266323669785
tcn,24,120,381,0.000232064059344
tcn,24,120,382,0.00230827501116
tcn,24,120,383,0.00219295436387
tcn,24,120,384,3.82256613246e-06
tcn,24,120,385,-0.000597133227422
tcn,24,120,386,0.00251747335652
tcn,24,120,387,0.0027397989147
tcn,24,120,388,0.00392618519419
tcn,24,120,389,0.00154789326883
tcn,24,120,390,5.79730987815e-05
tcn,24,120,391,0.000941877181151
tcn,24,120,392,-0.00131402365303
tcn,24,120,393,-0.000688958649588
tcn,24,120,394,0.000440849618401
tcn,24,120,395,0.00671645400998
tcn,24,120,396,0.000845302403277
tcn,24,120,397,0.0033418288693
tcn,24,120,398,0.00323172840244
tcn,24,120,399,-0.00333028073619
tcn,24,120,400,0.00314551184693
tcn,24,120,401,-0.00316363346999
tcn,24,120,402,-0.000294167281147
tcn,24,120,403,-0.00302897437761
tcn,24,120,404,0.00455200088628
tcn,24,120,405,0.000794451726031
tcn,24,120,406,0.00388621916659
tcn,24,120,407,9.03201240287e-05
tcn,24,120,408,-0.00102626911861
tcn,24,120,409,-0.000418480850805
tcn,24,120,410,0.000373539694453
tcn,24,120,411,0.00403239188788
tcn,24,120,412,0.00253163865264
tcn,24,120,413,0.00336299090892
tcn,24,120,414,-0.00087573790528
tcn,24,120,415,0.000789918255987
tcn,24,120,416,0.000582944358212
tcn,24,120,417,0.00501485001341
tcn,24,120,418,0.00533606051378
tcn,24,120,419,0.00286741555914
tcn,24,120,420,0.00485684570835
tcn,24,120,421,0.00565604300308
tcn,24,120,422,-6.22358331302e-05
tcn,24,120,423,0.00211514158368
tcn,24,120,424,0.00293472596986
tcn,24,120,425,0.00219369787522
tcn,24,120,426,0.000680953378628
tcn,24,120,427,0.00483423438509
tcn,24,120,428,0.00048396532236
tcn,24,120,429,-0.00282976411768
tcn,24,120,430,0.00181872177728
tcn,24,120,431,-0.000305438570464
tcn,24,120,432,-0.00113594467781
tcn,24,120,433,0.000105123944989
tcn,24,120,434,0.00236560929221
tcn,24,120,435,0.00128046317809
tcn,24,120,436,0.0062022087833
tcn,24,120,437,-0.00262855294429
tcn,24,120,438,0.00164358209216
tcn,24,120,439,-0.00107624981736
tcn,24,120,440,0.000991995241913
tcn,24,120,441,0.00186068490152
tcn,24,120,442,0.000415164570604
tcn,24,120,443,-0.000620596924114
tcn,24,120,444,0.000334159452486
tcn,24,120,445,0.00050462327987
tcn,24,120,446,-0.00039322153859
tcn,24,120,447,0.00192474627295
tcn,24,120,448,0.00203744490207
tcn,24,120,449,0.00101646700645
tcn,24,120,450,0.00163496186588
tcn,24,120,451,-0.000187322034341
tcn,24,120,452,0.0011723212632
tcn,24,120,453,0.00382069275316
tcn,24,120,454,0.00130433570795
tcn,24,120,455,0.0050583213611
tcn,24,120,456,0.00132133834993
tcn,24,120,457,-0.00368649382472
tcn,24,120,458,0.00575300319569
tcn,24,120,459,-0.00112784147453
tcn,24,120,460,0.00245042221912
tcn,24,120,461,-0.000361475588523
tcn,24,120,462,4.39683408109e-05
tcn,24,120,463,0.00329234142882
tcn,24,120,464,0.000362180737386
tcn,24,120,465,0.000246780052267
tcn,24,120,466,0.0017316403841
tcn,24,120,467,9.90084591663e-05
tcn,24,120,468,0.000127025340356
tcn,24,120,469,0.0030465313568
tcn,24,120,470,0.000996758019998
tcn,24,120,471,0.00378958990805
tcn,24,120,472,6.11393801622e-05
tcn,24,120,473,0.00343455826222
tcn,24,120,474,0.0030354046373
tcn,24,120,475,0.000893646862302
tcn,24,120,476,-0.00336563098746
tcn,24,120,477,0.0014128367924
tcn,24,120,478,-0.000950785812037
tcn,24,120,479,0.00158502695075
tcn,24,120,480,0.00292694712422
tcn,24,120,481,0.0036325728996
tcn,24,120,482,0.000533140199101
tcn,24,120,483,0.00266579967709
tcn,24,120,484,-0.00138630417092
tcn,24,120,485,0.000654860876054
tcn,24,120,486,-0.00176406585197
tcn,24,120,487,-0.000351336461698
tcn,24,120,488,0.00209663013338
tcn,24,120,489,0.00131664486798
tcn,24,120,490,0.00130031468063
tcn,24,120,491,0.00150033810633
tcn,24,120,492,0.00139317101282
tcn,24,120,493,0.00153732455608
tcn,24,120,494,0.00223312209403
tcn,24,120,495,0.00364211407974
tcn,24,120,496,0.00364283685382
tcn,24,120,497,-0.000868844014729
tcn,24,120,498,0.00132128904989
tcn,24,120,499,0.000453337673341
tcn,24,120,500,-0.00184236407143
tcn,24,120,501,0.00071056521606
tcn,24,120,502,0.000730929575123
tcn,24,120,503,0.00106489732973
tcn,24,120,504,0.000219272658506
tcn,24,120,505,0.004381934874
tcn,24,120,506,0.00172891958827
tcn,24,120,507,0.00242285623255
tcn,24,120,508,-0.0024920787131
tcn,24,120,509,0.00137654132492
tcn,24,120,510,0.000790181291212
tcn,24,120,511,0.00272324282029
tcn,24,120,512,0.00369026841617
tcn,24,120,513,0.00196052671173
tcn,24,120,514,0.00114085055378
tcn,24,120,515,0.00425562200787
tcn,24,120,516,0.000441721871618
tcn,24,120,517,0.00116104076811
tcn,24,120,518,0.00199508530806
tcn,24,120,519,-0.000328127143478
tcn,24,120,520,-0.000165491256088
tcn,24,120,521,0.00303953351958
tcn,24,120,522,0.00554941613216
tcn,24,120,523,0.00112246907369
tcn,24,120,524,0.00150769761188
tcn,24,120,525,-0.000625308001648
tcn,24,120,526,-0.000491619640282
tcn,24,120,527,0.00032239458781
tcn,24,120,528,-0.00418052597864
tcn,24,120,529,0.00290639875229
tcn,24,120,530,0.0027187583636
tcn,24,120,531,0.00206509674203
tcn,24,120,532,0.00119773675995
tcn,24,120,533,-0.00351248301159
tcn,24,120,534,0.000504047676839
tcn,24,120,535,0.00150272152731
tcn,24,120,536,0.00165589576795
tcn,24,120,537,0.00447115651466
tcn,24,120,538,0.00191723657322
tcn,24,120,539,0.00472998872196
tcn,24,120,540,0.00163743569753
tcn,24,120,541,0.00478130296744
tcn,24,120,542,0.000701672916444
tcn,24,120,543,0.00238096379962
tcn,24,120,544,0.000506514590322
tcn,24,120,545,-0.00139716079227
tcn,24,120,546,0.000307708293089
tcn,24,120,547,0.00163843414424
tcn,24,120,548,-0.000565428321073
tcn,24,120,549,0.003990999961
tcn,24,120,550,0.00228331301654
tcn,24,120,551,0.0016161975795
tcn,24,120,552,-0.0010673761517
tcn,24,120,553,0.0028288954899
tcn,24,120,554,0.00196364988483
tcn,24,120,555,0.000887112490764
tcn,24,120,556,0.00296081664006
tcn,24,120,557,0.00342344654472
tcn,24,120,558,-0.00190571324333
tcn,24,120,559,0.00425836119229
tcn,24,120,560,0.00150550319483
tcn,24,120,561,0.00574918871409
tcn,24,120,562,0.0017419961979
tcn,24,120,563,-0.000408964840138
tcn,24,120,564,0.00263200413205
tcn,24,120,565,0.000196670410057
tcn,24,120,566,0.000193696177884
tcn,24,120,567,0.00202232532388
tcn,24,120,568,0.000875388499106
tcn,24,120,569,0.00186319882989
tcn,24,120,570,0.00256197699973
tcn,24,120,571,0.00346024233486
tcn,24,120,572,0.00210881358352
tcn,24,120,573,-0.000474053548622
tcn,24,120,574,-0.00116796768565
tcn,24,120,575,-0.000813154726339
tcn,24,120,576,0.00346292823572
tcn,24,120,577,-0.00235751026497
tcn,24,120,578,0.00122673721213
tcn,24,120,579,0.00189412369602
tcn,24,120,580,0.00079810460593
tcn,24,120,581,0.000900516564788
tcn,24,120,582,-0.000363394430451
tcn,24,120,583,0.00186176215407
tcn,24,120,584,0.00400524130988
tcn,24,120,585,0.00534741798478
tcn,24,120,586,0.00413608037536
tcn,24,120,587,0.00486694964542
tcn,24,120,588,-0.000340327342917
tcn,24,120,589,0.00347479928057
tcn,24,120,590,6.05518792876e-05
tcn,24,120,591,0.00320417678478
tcn,24,120,592,0.00200299578585
tcn,24,120,593,0.00402881189419
tcn,24,120,594,0.00121368224217
tcn,24,120,595,0.0038929169413
tcn,24,120,596,0.0031704080186
tcn,24,120,597,0.00385703084901
tcn,24,120,598,0.00492900342629
tcn,24,120,599,0.00473206136744
tcn,24,120,600,0.00175538271329
tcn,24,120,601,0.00311006966816
tcn,24,120,602,-0.000368278318371
tcn,24,120,603,0.00464464531722
tcn,24,120,604,-0.00033702895099
tcn,24,120,605,0.00414156634901
tcn,24,120,606,0.00228068236911
tcn,24,120,607,0.000806350161895
tcn,24,120,608,0.000992864304637
tcn,24,120,609,0.0042700022409
tcn,24,120,610,-0.00246253416987
tcn,24,120,611,-0.00185233003708
tcn,24,120,612,0.000177972762855
tcn,24,120,613,0.00632018232526
tcn,24,120,614,-0.000170628256113
tcn,24,120,615,0.00396480098332
tcn,24,120,616,-0.000605061329431
tcn,24,120,617,0.00397716605189
tcn,24,120,618,-0.00227176336227
tcn,24,120,619,0.0013582538256
tcn,24,120,620,0.00119901839483
tcn,24,120,621,0.00147630983461
tcn,24,120,622,5.34134030829e-05
tcn,24,120,623,0.00107236061912
tcn,24,120,624,0.00398589138511
tcn,24,120,625,0.00374158957893
tcn,24,120,626,0.00144455018007
tcn,24,120,627,0.00378182311245
tcn,24,120,628,0.0031523136672
tcn,24,120,629,-0.00226739746673
tcn,24,120,630,0.00418826338529
tcn,24,120,631,0.00153026648926
tcn,24,120,632,0.00296919467448
tcn,24,120,633,0.00189631456078
tcn,24,120,634,0.00150911193282
tcn,24,120,635,-0.00287269840442
tcn,24,120,636,0.00369017053117
tcn,24,120,637,0.00384936521495
tcn,24,120,638,-0.00190991623652
tcn,24,120,639,0.00145444818203
tcn,24,120,640,0.00101678389854
tcn,24,120,641,0.00635150067952
tcn,24,120,642,0.00352626999351
tcn,24,120,643,-0.00056788827298
tcn,24,120,644,-0.00222566095342
tcn,24,120,645,0.000330895280821
tcn,24,120,646,0.00206231013577
tcn,24,120,647,-0.00147639983852
tcn,24,120,648,0.00149312162963
tcn,24,120,649,0.00208651071994
tcn,24,120,650,0.00180096094685
tcn,24,120,651,-0.00296930134309
tcn,24,120,652,-0.00310245815799
tcn,24,120,653,0.00507036326654
tcn,24,120,654,0.00225402648673
tcn,24,120,655,-0.00227149414308
tcn,24,120,656,0.00288112744108
tcn,24,120,657,-0.000614518414817
tcn,24,120,658,0.00281170092998
tcn,24,120,659,0.0024225380245
tcn,24,120,660,-0.000204101424398
tcn,24,120,661,0.00386541309375
tcn,24,120,662,0.000409421684384
tcn,24,120,663,0.00114793863314
tcn,24,120,664,0.000607236638725
tcn,24,120,665,0.00309022261316
tcn,24,120,666,0.00541048711488
tcn,24,120,667,-3.0846747863e-05
tcn,24,120,668,0.00086318251805
tcn,24,120,669,0.00205522148664
tcn,24,120,670,0.00120845055984
tcn,24,120,671,0.00125073555851
tcn,24,120,672,0.00250945556348
tcn,24,120,673,0.00334330218246
tcn,24,120,674,0.0045593468506
tcn,24,120,675,-0.00111930613276
tcn,24,120,676,-0.000699719064571
tcn,24,120,677,0.00343268806347
tcn,24,120,678,0.00141670239759
tcn,24,120,679,0.00262973222252
tcn,24,120,680,-0.0037869273648
tcn,24,120,681,0.000577772367568
tcn,24,120,682,-0.000486298927263
tcn,24,120,683,0.00016411060846
tcn,24,120,684,0.000423642251781
tcn,24,120,685,0.00022812652774
tcn,24,120,686,0.00186283241291
tcn,24,120,687,0.00340052697822
tcn,24,120,688,0.00367597363208
tcn,24,120,689,0.00155382692666
tcn,24,120,690,0.00360772458072
tcn,24,120,691,0.00446563795713
tcn,24,120,692,0.00190408062477
tcn,24,120,693,-0.00299950955
tcn,24,120,694,0.00202798489595
tcn,24,120,695,-0.000266499666617
tcn,24,120,696,0.00191446161475
tcn,24,120,697,0.00518597470376
tcn,24,120,698,0.00229999176579
tcn,24,120,699,0.000804356107408
tcn,24,120,700,0.00243627890407
tcn,24,120,701,0.00348292327429
tcn,24,120,702,-0.000346092298651
tcn,24,120,703,-0.0012171198378
tcn,24,120,704,0.00174612813583
tcn,24,120,705,0.00427543692612
tcn,24,120,706,-0.000539752730829
tcn,24,120,707,0.000753846075459
tcn,24,120,708,0.00500644167323
tcn,24,120,709,0.00103932226673
tcn,24,120,710,0.00237039027087
tcn,24,120,711,0.00194713935694
tcn,24,120,712,0.00282190536871
tcn,24,120,713,0.00172568680113
tcn,24,120,714,-0.00304629867347
tcn,24,120,715,0.00455356876638
tcn,24,120,716,0.00207446812207
tcn,24,120,717,0.000790567621015
tcn,24,120,718,0.00181628037851
tcn,24,120,719,5.32111697742e-06
tcn,24,120,720,0.000564329469839
tcn,24,120,721,-0.00118201485027
tcn,24,120,722,0.00211279153633
tcn,24,120,723,-0.00191704262199
tcn,24,120,724,0.00152324184378
tcn,24,120,725,0.00157390615178
tcn,24,120,726,0.00304258755241
tcn,24,120,727,-0.00157976790976
tcn,24,120,728,0.00467946055136
tcn,24,120,729,0.00405090571431
tcn,24,120,730,-0.000253652507772
tcn,24,120,731,0.00322129435222
tcn,24,120,732,0.000703368592281
tcn,24,120,733,0.00738351118479
tcn,24,120,734,0.00480779034752
tcn,24,120,735,0.00322200488416
tcn,24,120,736,0.00337409343181
tcn,24,120,737,0.00497959585344
tcn,24,120,738,0.00187659324665
tcn,24,120,739,5.58834360759e-05
tcn,24,120,740,0.00282158933838
tcn,24,120,741,-0.000565834946151
tcn,24,120,742,0.00510979219601
tcn,24,120,743,-0.00140172277282
tcn,24,120,744,0.00665827579873
tcn,24,120,745,-0.00159651855171
tcn,24,120,746,0.000281592641398
tcn,24,120,747,0.00398494333485
tcn,24,120,748,-0.000814902008686
tcn,24,120,749,-0.000902440348598
tcn,24,120,750,-0.000566614635268
tcn,24,120,751,0.00331409214503
tcn,24,120,752,-0.000614851829911
tcn,24,120,753,-0.000461211440772
tcn,24,120,754,0.00371546587045
tcn,24,120,755,0.00107906148575
tcn,24,120,756,0.00343387315871
tcn,24,120,757,0.000249073946445
tcn,24,120,758,0.000715722841687
tcn,24,120,759,0.00400685780539
tcn,24,120,760,-0.00170028684223
tcn,24,120,761,0.00331988174549
tcn,24,120,762,0.00267180058812
tcn,24,120,763,-0.00261257873139
tcn,24,120,764,0.00241406210012
tcn,24,120,765,0.000812223018029
tcn,24,120,766,0.00112991037079
tcn,24,120,767,0.00246574235542
tcn,24,120,768,0.000909627343179
tcn,24,120,769,0.00432164594018
tcn,24,120,770,0.00221640942988
tcn,24,120,771,0.00666974957014
tcn,24,120,772,0.00205633248405
tcn,24,120,773,-0.000490192071838
tcn,24,120,774,-0.000602610043814
tcn,24,120,775,0.00539921279796
tcn,24,120,776,0.000182498069279
tcn,24,120,777,0.00263888541381
tcn,24,120,778,0.00228659920104
tcn,24,120,779,-0.000516109690778
tcn,24,120,780,0.00194856679024
tcn,24,120,781,0.000203778753868
tcn,24,120,782,0.00151101940293
tcn,24,120,783,0.00618706067396
tcn,24,120,784,0.00246900370132
tcn,24,120,785,0.00236117890073
tcn,24,120,786,0.00623464039091
tcn,24,120,787,0.00334285485619
tcn,24,120,788,0.00402455428713
tcn,24,120,789,0.00507462182139
tcn,24,120,790,-0.00181560734554
tcn,24,120,791,0.000606794931657
tcn,24,120,792,-0.00318710574002
tcn,24,120,793,0.00591405145131
tcn,24,120,794,-0.000848751224475
tcn,24,120,795,-0.0025704401562
tcn,24,120,796,-0.000277366280379
tcn,24,120,797,0.00796951222976
tcn,24,120,798,0.00177250792755
tcn,24,120,799,0.00209190202243
tcn,24,120,800,0.00128379752354
tcn,24,120,801,0.00871319870812
tcn,24,120,802,0.000657848974331
tcn,24,120,803,0.00597697580028
tcn,24,120,804,-0.000530950275927
tcn,24,120,805,0.00181460162037
tcn,24,120,806,0.00269010177787
tcn,24,120,807,0.00317342738464
tcn,24,120,808,-0.000628913806406
tcn,24,120,809,0.00242387230198
tcn,24,120,810,0.00354917035006
tcn,24,120,811,0.00186209505563
tcn,24,120,812,0.000276226640591
tcn,24,120,813,0.00225488130204
tcn,24,120,814,0.00306503493665
tcn,24,120,815,-0.000114910832324
tcn,24,120,816,0.00226717830284
tcn,24,120,817,0.000970183018746
tcn,24,120,818,0.00517776360457
tcn,24,120,819,0.00450748785758
tcn,24,120,820,0.00016540669695
tcn,24,120,821,0.00299088723237
tcn,24,120,822,0.00343712332131
tcn,24,120,823,4.60270795976e-07
tcn,24,120,824,0.00437566520783
tcn,24,120,825,0.00103444001113
tcn,24,120,826,-0.00153351096503
tcn,24,120,827,-0.00250176274122
tcn,24,120,828,-0.00118750645679
tcn,24,120,829,-0.00115335854175
tcn,24,120,830,0.00336330079429
tcn,24,120,831,-0.000408389257185
tcn,24,120,832,0.0011811485563
tcn,24,120,833,0.000286633866056
tcn,24,120,834,0.000644316802495
tcn,24,120,835,-0.00125309779475
tcn,24,120,836,0.00290705311739
tcn,24,120,837,0.00428623334612
tcn,24,120,838,-0.00011317278474
tcn,24,120,839,0.00188381971241
tcn,24,120,840,0.000723788139688
tcn,24,120,841,0.00221498364352
tcn,24,120,842,0.00218556853916
tcn,24,120,843,0.000520743882221
tcn,24,120,844,-0.000759378325511
tcn,24,120,845,0.0020169999733
tcn,24,120,846,-0.000544964632336
tcn,24,120,847,0.00147985985386
tcn,24,120,848,-0.0050238991618
tcn,24,120,849,-0.00153297447364
tcn,24,120,850,0.00310764470578
tcn,24,120,851,-0.000173540663183
tcn,24,120,852,-0.00495805075151
tcn,24,120,853,0.00249434064039
tcn,24,120,854,0.00129394336915
tcn,24,120,855,-0.000277919671509
tcn,24,120,856,0.00172680208328
tcn,24,120,857,-0.00240662543963
tcn,24,120,858,0.00290280836467
tcn,24,120,859,0.00127481042828
tcn,24,120,860,0.00403265977461
tcn,24,120,861,-0.000407909673921
tcn,24,120,862,0.00103452137682
tcn,24,120,863,0.00116622489989
tcn,24,120,864,0.00218670237323
tcn,24,120,865,0.00704756123172
tcn,24,120,866,0.00144322202103
tcn,24,120,867,-0.00115479040776
tcn,24,120,868,0.00303478131345
tcn,24,120,869,-0.00476491086042
tcn,24,120,870,0.00602513093409
tcn,24,120,871,0.00377909431491
tcn,24,120,872,0.000857013473114
tcn,24,120,873,0.00080973341299
tcn,24,120,874,0.00315697680494
tcn,24,120,875,-0.000391304548413
tcn,24,120,876,0.000742228586637
tcn,24,120,877,0.000329055097301
tcn,24,120,878,0.00222915713364
tcn,24,120,879,0.00486653353794
tcn,24,120,880,0.000775357859473
tcn,24,120,881,0.000924912813035
tcn,24,120,882,-0.000814893789403
tcn,24,120,883,0.00624371199738
tcn,24,120,884,0.00566284358353
tcn,24,120,885,0.00495042402191
tcn,24,120,886,0.000431347331049
tcn,24,120,887,-0.00201467049643
tcn,24,120,888,-0.000739047633459
tcn,24,120,889,0.00374591454045
tcn,24,120,890,-0.000691438199779
tcn,24,120,891,0.00211939689443
tcn,24,120,892,0.00363523793575
tcn,24,120,893,0.00356744236205
tcn,24,120,894,0.000777342043392
tcn,24,120,895,0.00686706103013
tcn,24,120,896,0.000154679112043
tcn,24,120,897,-0.00334419370642
tcn,24,120,898,0.00166824136138
tcn,24,120,899,-0.00241040086356
tcn,24,120,900,0.00114932437436
tcn,24,120,901,-0.000511759702649
tcn,24,120,902,0.000776862119353
tcn,24,120,903,0.00344071618399
tcn,24,120,904,-0.00582589705906
tcn,24,120,905,0.000190495559007
tcn,24,120,906,0.00074903446093
tcn,24,120,907,0.00141809152608
tcn,24,120,908,0.00360042250641
tcn,24,120,909,3.137333279e-05
tcn,24,120,910,-0.00116047109642
tcn,24,120,911,-0.000491110153156
tcn,24,120,912,-0.0028800527752
tcn,24,120,913,0.000500790924017
tcn,24,120,914,0.00399898096363
tcn,24,120,915,0.000276178233615
tcn,24,120,916,0.00384833174011
tcn,24,120,917,0.00163173140588
tcn,24,120,918,-0.000467467331534
tcn,24,120,919,0.00109680287563
tcn,24,120,920,0.00108800212381
tcn,24,120,921,0.00329357627441
tcn,24,120,922,0.000874803073135
tcn,24,120,923,0.00157833764141
tcn,24,120,924,0.00184203120323
tcn,24,120,925,0.00337007965516
tcn,24,120,926,-0.00158495606852
tcn,24,120,927,0.00276772732299
tcn,24,120,928,0.000546546099081
tcn,24,120,929,0.00330169171223
tcn,24,120,930,-0.00170742763467
tcn,24,120,931,0.00344445122051
tcn,24,120,932,-0.000708130317496
tcn,24,120,933,0.00526520625098
tcn,24,120,934,0.00236502558632
tcn,24,120,935,0.00295842624211
tcn,24,120,936,-0.00210439236958
tcn,24,120,937,0.000863760254856
tcn,24,120,938,0.00152507090086
tcn,24,120,939,0.00446147468191
tcn,24,120,940,9.27295375023e-05
tcn,24,120,941,0.00414649041694
tcn,24,120,942,0.00364932846581
tcn,24,120,943,0.00246920374714
tcn,24,120,944,4.83833634133e-05
tcn,24,120,945,0.00228199296041
tcn,24,120,946,-0.00312584151234
tcn,24,120,947,0.00289005796929
tcn,24,120,948,-0.00274164847793
tcn,24,120,949,0.0013752949479
tcn,24,120,950,0.00391117777195
tcn,24,120,951,0.000240566511682
tcn,24,120,952,0.00218022770572
tcn,24,120,953,0.00285863346759
tcn,24,120,954,0.00153027841817
tcn,24,120,955,0.000945257375792
tcn,24,120,956,0.00132480305573
tcn,24,120,957,0.000767242751788
tcn,24,120,958,0.000589033787904
tcn,24,120,959,-0.000355093595129
tcn,24,120,960,0.00050339992607
tcn,24,120,961,0.00168921203756
tcn,24,120,962,0.00306969639036
tcn,24,120,963,0.00369869616287
tcn,24,120,964,-0.00143490667442
tcn,24,120,965,0.00166940170805
tcn,24,120,966,0.00251008633572
tcn,24,120,967,0.00491887497817
tcn,24,120,968,-0.00047255048878
tcn,24,120,969,0.00114334122525
tcn,24,120,970,-0.000840386632249
tcn,24,120,971,0.00249552324573
tcn,24,120,972,-0.0006402464545
tcn,24,120,973,0.00231094517673
tcn,24,120,974,-0.00113010827149
tcn,24,120,975,0.00347491890978
tcn,24,120,976,0.00316758486523
tcn,24,120,977,-0.00267084989497
tcn,24,120,978,0.00162330137155
tcn,24,120,979,0.000528180614318
tcn,24,120,980,0.000977971544346
tcn,24,120,981,0.00117995247647
tcn,24,120,982,0.000795839931652
tcn,24,120,983,0.00228824280585
tcn,24,120,984,0.000990843744345
tcn,24,120,985,0.00183148263812
tcn,24,120,986,-0.00064786793645
tcn,24,120,987,-0.000168860257302
tcn,24,120,988,0.00525805367922
tcn,24,120,989,0.00163119487738
tcn,24,120,990,0.0015662178688
tcn,24,120,991,0.00108490670387
tcn,24,120,992,0.000453210822253
tcn,24,120,993,0.00094526565948
tcn,24,120,994,0.00174937471825
tcn,24,120,995,-0.0007948380384
tcn,24,120,996,0.00227966547641
tcn,24,120,997,0.000279684465373
tcn,24,120,998,0.00138320165541
tcn,24,120,999,0.000549085387066
tcn,48,240,0,0.00286729528078
tcn,48,240,1,-0.000368067854146
tcn,48,240,2,0.00035346735874
tcn,48,240,3,0.00289049726792
tcn,48,240,4,-0.00336424091622
tcn,48,240,5,-0.00144895936125
tcn,48,240,6,-0.00207931263284
tcn,48,240,7,-0.00134086844202
tcn,48,240,8,-0.000492817752199
tcn,48,240,9,0.00231253407148
tcn,48,240,10,0.00318463117674
tcn,48,240,11,0.00316262142345
tcn,48,240,12,-0.000252000255552
tcn,48,240,13,0.00125072361385
tcn,48,240,14,0.000962132867774
tcn,48,240,15,-0.00511732776875
tcn,48,240,16,0.00376632793907
tcn,48,240,17,-0.00177855371311
tcn,48,240,18,0.00557094879207
tcn,48,240,19,-0.000604182273925
tcn,48,240,20,0.00178347226663
tcn,48,240,21,-0.00271634212998
tcn,48,240,22,0.0020887835064
tcn,48,240,23,0.00188624594098
tcn,48,240,24,0.00111576790588
tcn,48,240,25,-0.000656072990153
tcn,48,240,26,0.00230186475261
tcn,48,240,27,0.00221190790245
tcn,48,240,28,0.00065776410159
tcn,48,240,29,0.00314037833629
tcn,48,240,30,0.0031741661825
tcn,48,240,31,-0.000494625595972
tcn,48,240,32,0.00151314622056
tcn,48,240,33,0.000342720867223
tcn,48,240,34,0.00170086227261
tcn,48,240,35,-0.00147717776647
tcn,48,240,36,0.00622985261864
tcn,48,240,37,-0.00388782508088
tcn,48,240,38,-0.000127789038779
tcn,48,240,39,0.00100359597618
tcn,48,240,40,0.00369432215817
tcn,48,240,41,0.0050944319296
tcn,48,240,42,0.00149363858485
tcn,48,240,43,-0.000237599591837
tcn,48,240,44,0.00124828359684
tcn,48,240,45,0.00579720252106
tcn,48,240,46,-0.000140482610131
tcn,48,240,47,0.00301256335566
tcn,48,240,48,0.00526754940767
tcn,48,240,49,0.00201215502089
tcn,48,240,50,0.00439222116986
tcn,48,240,51,-0.00284519702553
tcn,48,240,52,0.00162748382736
tcn,48,240,53,0.00436931547654
tcn,48,240,54,0.00476532381557
tcn,48,240,55,-0.000523659578192
tcn,48,240,56,0.00209134159688
tcn,48,240,57,0.00402215381518
tcn,48,240,58,-0.000679598771359
tcn,48,240,59,0.00108410861901
tcn,48,240,60,-0.0014137579432
tcn,48,240,61,0.001467557095
tcn,48,240,62,0.00358462771573
tcn,48,240,63,-0.00091595297884
tcn,48,240,64,0.00298312713751
tcn,48,240,65,0.00127736296634
tcn,48,240,66,0.000645711418292
tcn,48,240,67,0.00401836648768
tcn,48,240,68,0.00297077996476
tcn,48,240,69,0.00448434007035
tcn,48,240,70,0.00390206469035
tcn,48,240,71,0.00536218002897
tcn,48,240,72,0.000246511974903
tcn,48,240,73,0.000164590880389
tcn,48,240,74,0.00125229091003
tcn,48,240,75,0.00397606482546
tcn,48,240,76,0.00397771762588
tcn,48,240,77,0.00174506523181
tcn,48,240,78,0.00374626166702
tcn,48,240,79,0.00663182600648
tcn,48,240,80,-0.00207307503661
tcn,48,240,81,-0.000988073439184
tcn,48,240,82,0.000736768546909
tcn,48,240,83,0.00448423368672
tcn,48,240,84,-0.000812991518554
tcn,48,240,85,-0.000223570021443
tcn,48,240,86,0.000304994301348
tcn,48,240,87,-0.000652747091542
tcn,48,240,88,0.00225790806632
tcn,48,240,89,0.000676560855659
tcn,48,240,90,0.00279037521665
tcn,48,240,91,0.000396394589152
tcn,48,240,92,0.00199061459388
tcn,48,240,93,0.000301722927105
tcn,48,240,94,0.00182483991204
tcn,48,240,95,0.00229469312168
tcn,48,240,96,0.00317167195499
tcn,48,240,97,-0.00368471335719
tcn,48,240,98,-0.00208631688478
tcn,48,240,99,0.00444211713929
tcn,48,240,100,-0.00129420753194
tcn,48,240,101,0.00509207223333
tcn,48,240,102,0.00320801316777
tcn,48,240,103,0.00409120707979
tcn,48,240,104,-0.0024263671775
tcn,48,240,105,0.00475407003123
tcn,48,240,106,-0.001603902648
tcn,48,240,107,0.00199153810364
tcn,48,240,108,0.00524549331973
tcn,48,240,109,-0.000935153877461
tcn,48,240,110,0.002440744256
tcn,48,240,111,0.00147628078996
tcn,48,240,112,0.00432154261337
tcn,48,240,113,9.00693828311e-05
tcn,48,240,114,2.07362546668e-05
tcn,48,240,115,0.00426285703272
tcn,48,240,116,0.000929324929842
tcn,48,240,117,0.000467022278199
tcn,48,240,118,0.000887859019183
tcn,48,240,119,-0.00068336503956
tcn,48,240,120,0.00220865075842
tcn,48,240,121,0.00474648342375
tcn,48,240,122,0.00312520725295
tcn,48,240,123,-0.000372000306425
tcn,48,240,124,0.00248667431749
tcn,48,240,125,5.11289143687e-08
tcn,48,240,126,0.00458347453429
tcn,48,240,127,0.000482877885225
tcn,48,240,128,0.000805255811663
tcn,48,240,129,-0.00145077403819
tcn,48,240,130,0.00192680104031
tcn,48,240,131,-0.000822611854518
tcn,48,240,132,0.00210219246195
tcn,48,240,133,0.00497610147325
tcn,48,240,134,0.0021725384494
tcn,48,240,135,-0.00102992269783
tcn,48,240,136,-0.00166568117221
tcn,48,240,137,0.00372191678995
tcn,48,240,138,0.00184946584453
tcn,48,240,139,0.00170624943285
tcn,48,240,140,0.000817339786
tcn,48,240,141,0.000232899708576
tcn,48,240,142,-3.2403683459e-05
tcn,48,240,143,0.00305648978874
tcn,48,240,144,0.00102302589204
tcn,48,240,145,0.00123364225763
tcn,48,240,146,-0.00178212465104
tcn,48,240,147,0.00247182462429
tcn,48,240,148,0.00526168563885
tcn,48,240,149,-0.000626768042435
tcn,48,240,150,-0.00105792808233
tcn,48,240,151,0.00207661322661
tcn,48,240,152,0.00136610410202
tcn,48,240,153,0.00254502938077
tcn,48,240,154,-1.54022041222e-05
tcn,48,240,155,0.00102151427809
tcn,48,240,156,0.000653914110042
tcn,48,240,157,0.00224054852952
tcn,48,240,158,-0.00151277739746
tcn,48,240,159,-0.00239755446648
tcn,48,240,160,0.00375688864748
tcn,48,240,161,0.00397697499459
tcn,48,240,162,0.000119870537571
tcn,48,240,163,-0.000345893517183
tcn,48,240,164,-0.000587430685942
tcn,48,240,165,0.00220914821937
tcn,48,240,166,0.0018645846266
tcn,48,240,167,0.00299874557954
tcn,48,240,168,-0.00182774333431
tcn,48,240,169,-0.000690020420372
tcn,48,240,170,0.00326063380935
tcn,48,240,171,4.76062281364e-05
tcn,48,240,172,-0.000744455625519
tcn,48,240,173,0.00334836388408
tcn,48,240,174,0.00095307930667
tcn,48,240,175,-0.000317867274602
tcn,48,240,176,0.00148785366778
tcn,48,240,177,0.000904470403369
tcn,48,240,178,0.00261217739805
tcn,48,240,179,0.00291095381789
tcn,48,240,180,-0.00413954947123
tcn,48,240,181,0.00165897069933
tcn,48,240,182,-0.00198194112972
tcn,48,240,183,0.00461591136417
tcn,48,240,184,-0.000306782742022
tcn,48,240,185,0.00617693767083
tcn,48,240,186,-0.0012512509849
tcn,48,240,187,0.00347685525919
tcn,48,240,188,0.00523477385114
tcn,48,240,189,0.00513056848235
tcn,48,240,190,0.00274014483432
tcn,48,240,191,0.0044448420465
tcn,48,240,192,0.00256527836633
tcn,48,240,193,0.00882914559798
tcn,48,240,194,0.00325029508847
tcn,48,240,195,-0.00179175244376
tcn,48,240,196,0.00651368853124
tcn,48,240,197,0.00148024866362
tcn,48,240,198,-3.60716058307e-05
tcn,48,240,199,0.00939382546309
tcn,48,240,200,-0.000103344477517
tcn,48,240,201,0.00206356290704
tcn,48,240,202,0.00339724802552
tcn,48,240,203,-0.00146319097844
tcn,48,240,204,-0.00187099752144
tcn,48,240,205,0.00295386641139
tcn,48,240,206,0.00171869987289
tcn,48,240,207,0.00219620098164
tcn,48,240,208,-0.000433008534534
tcn,48,240,209,0.00391224206149
tcn,48,240,210,0.00208893693213
tcn,48,240,211,0.0017231814563
tcn,48,240,212,0.00025636776164
tcn,48,240,213,-0.00130250565331
tcn,48,240,214,0.00210391730738
tcn,48,240,215,0.00241481030205
tcn,48,240,216,0.00211328791411
tcn,48,240,217,2.12477511083e-05
tcn,48,240,218,0.00452514145916
tcn,48,240,219,-0.00114811142995
tcn,48,240,220,0.00278133252853
tcn,48,240,221,0.00161296248805
tcn,48,240,222,-0.000574353266291
tcn,48,240,223,0.00345054129013
tcn,48,240,224,0.0010537223597
tcn,48,240,225,0.00119627003914
tcn,48,240,226,-0.000437132566552
tcn,48,240,227,-0.000294176386011
tcn,48,240,228,0.00254167517103
tcn,48,240,229,0.00490980040942
tcn,48,240,230,0.00139547567347
tcn,48,240,231,0.00155487634483
tcn,48,240,232,0.00258242848236
tcn,48,240,233,0.000932239138046
tcn,48,240,234,-0.000410391348608
tcn,48,240,235,0.00120892964588
tcn,48,240,236,0.00337494982553
tcn,48,240,237,0.000717682501908
tcn,48,240,238,-0.00174824281926
tcn,48,240,239,-0.000497571391795
tcn,48,240,240,0.00136424426562
tcn,48,240,241,0.0015103840916
tcn,48,240,242,0.00334388178391
tcn,48,240,243,0.00254743517654
tcn,48,240,244,0.00139165382982
tcn,48,240,245,-0.00221368514526
tcn,48,240,246,0.00274797245542
tcn,48,240,247,0.00199158635308
tcn,48,240,248,-0.00292386166231
tcn,48,240,249,-0.00171000246145
tcn,48,240,250,0.0028444682603
tcn,48,240,251,0.00187322129906
tcn,48,240,252,0.00294780462215
tcn,48,240,253,0.00236913527476
tcn,48,240,254,-0.00161938847669
tcn,48,240,255,0.00200787967941
tcn,48,240,256,-0.00154738477048
tcn,48,240,257,0.00159377513029
tcn,48,240,258,0.000437418618466
tcn,48,240,259,-0.000538188113799
tcn,48,240,260,0.000490055776183
tcn,48,240,261,0.000827441687785
tcn,48,240,262,0.00212351792964
tcn,48,240,263,0.00132213057385
tcn,48,240,264,0.00110064306887
tcn,48,240,265,0.00105111521741
tcn,48,240,266,0.00155650704336
tcn,48,240,267,-0.0017629373041
tcn,48,240,268,-0.000419007812086
tcn,48,240,269,0.000816826029899
tcn,48,240,270,0.000520009192532
tcn,48,240,271,0.00210092982768
tcn,48,240,272,-0.0023769589681
tcn,48,240,273,-0.0018414656512
tcn,48,240,274,0.00237816277544
tcn,48,240,275,-0.00162899303617
tcn,48,240,276,0.00297610434765
tcn,48,240,277,0.00490666621298
tcn,48,240,278,0.00117472289988
tcn,48,240,279,-0.00107844561095
tcn,48,240,280,0.00296622282889
tcn,48,240,281,-0.00196845765615
tcn,48,240,282,0.00505571031541
tcn,48,240,283,0.000952019739858
tcn,48,240,284,0.00403328377871
tcn,48,240,285,-0.000418206394357
tcn,48,240,286,0.00307663810064
tcn,48,240,287,0.00300886587107
tcn,48,240,288,0.0021344718036
tcn,48,240,289,0.0020182531922
tcn,48,240,290,0.00142873810541
tcn,48,240,291,0.00182946798723
tcn,48,240,292,0.000541697828727
tcn,48,240,293,-0.00121659922436
tcn,48,240,294,0.00613574227581
tcn,48,240,295,-0.00064317184734
tcn,48,240,296,0.00430462743527
tcn,48,240,297,0.00336286705148
tcn,48,240,298,-0.00102817017112
tcn,48,240,299,0.00196112910148
tcn,48,240,300,0.00272455876639
tcn,48,240,301,-0.00104679973852
tcn,48,240,302,-0.00179573085454
tcn,48,240,303,0.0024797829325
tcn,48,240,304,0.00266216701039
tcn,48,240,305,0.00450965665038
tcn,48,240,306,0.00286805031774
tcn,48,240,307,0.00133162859893
tcn,48,240,308,0.00556672896566
tcn,48,240,309,0.00317789954757
tcn,48,240,310,0.00298013520053
tcn,48,240,311,0.00461600310982
tcn,48,240,312,0.000770393381129
tcn,48,240,313,0.00336160767695
tcn,48,240,314,0.00481238203725
tcn,48,240,315,-0.000961472757181
tcn,48,240,316,-0.0019155225232
tcn,48,240,317,-0.00280134481887
tcn,48,240,318,0.00320032937852
tcn,48,240,319,0.00344428828596
tcn,48,240,320,0.00190109761637
tcn,48,240,321,0.000433920763674
tcn,48,240,322,0.00416449876732
tcn,48,240,323,0.00744782905634
tcn,48,240,324,-0.000868409566144
tcn,48,240,325,0.00127123413143
tcn,48,240,326,-0.00260671791675
tcn,48,240,327,0.0014645033453
tcn,48,240,328,0.00146527366821
tcn,48,240,329,-0.000150299706788
tcn,48,240,330,0.000593660951644
tcn,48,240,331,0.00102578860985
tcn,48,240,332,0.00704124676095
tcn,48,240,333,0.000821087864543
tcn,48,240,334,5.04584907581e-05
tcn,48,240,335,0.00516622782231
tcn,48,240,336,0.00103640499251
tcn,48,240,337,-0.00218142419737
tcn,48,240,338,0.00262523402422
tcn,48,240,339,0.0019633632078
tcn,48,240,340,-0.00188861334112
tcn,48,240,341,0.00190295344394
tcn,48,240,342,0.00150822685137
tcn,48,240,343,0.00244301185551
tcn,48,240,344,0.000783517770172
tcn,48,240,345,-0.00115931744569
tcn,48,240,346,-0.000389857745095
tcn,48,240,347,0.00209384279692
tcn,48,240,348,0.00219691243488
tcn,48,240,349,0.00451316290241
tcn,48,240,350,0.00220838624511
tcn,48,240,351,0.000124786393312
tcn,48,240,352,-0.00372296968681
tcn,48,240,353,0.00183549397731
tcn,48,240,354,-0.000344043623795
tcn,48,240,355,-3.74460448326e-05
tcn,48,240,356,-0.0015396941571
tcn,48,240,357,0.00303660144376
tcn,48,240,358,-0.000949621849474
tcn,48,240,359,0.00127670659919
tcn,48,240,360,0.00218468888343
tcn,48,240,361,0.00389811665783
tcn,48,240,362,0.0050323897615
tcn,48,240,363,0.00300200929986
tcn,48,240,364,0.00159650102915
tcn,48,240,365,-0.000503315206504
tcn,48,240,366,0.00616562818492
tcn,48,240,367,-0.000857713606565
tcn,48,240,368,0.00539233858953
tcn,48,240,369,0.00339615769738
tcn,48,240,370,-0.00027612138266
tcn,48,240,371,-9.46748149912e-05
tcn,48,240,372,0.00377972216754
tcn,48,240,373,0.00297614755917
tcn,48,240,374,2.67097649583e-05
tcn,48,240,375,0.00243955120361
tcn,48,240,376,0.00542742984264
tcn,48,240,377,0.00538621462977
tcn,48,240,378,0.00266760483911
tcn,48,240,379,0.00133495700147
tcn,48,240,380,0.000437082657827
tcn,48,240,381,0.00825599258401
tcn,48,240,382,-0.00365828515381
tcn,48,240,383,0.000692464440652
tcn,48,240,384,0.00341664553128
tcn,48,240,385,0.00278164644663
tcn,48,240,386,0.000596555846218
tcn,48,240,387,0.00246045887834
tcn,48,240,388,0.000231638788251
tcn,48,240,389,0.000978303279456
tcn,48,240,390,0.00215683552388
tcn,48,240,391,0.00052060877802
tcn,48,240,392,-0.000589795368622
tcn,48,240,393,-0.00114844007944
tcn,48,240,394,-0.000394801844239
tcn,48,240,395,0.00265331568103
tcn,48,240,396,0.00151301032054
tcn,48,240,397,0.00222503837502
tcn,48,240,398,-0.00149298755566
tcn,48,240,399,0.00577204398304
tcn,48,240,400,-0.000734823078275
tcn,48,240,401,0.00273710251668
tcn,48,240,402,-0.00198133079141
tcn,48,240,403,0.00553959202789
tcn,48,240,404,0.00598152258596
tcn,48,240,405,-0.00152662434885
tcn,48,240,406,0.000768651619825
tcn,48,240,407,0.000114902754926
tcn,48,240,408,0.00304384594737
tcn,48,240,409,0.00483556196198
tcn,48,240,410,0.00150735140571
tcn,48,240,411,0.00391379297695
tcn,48,240,412,0.000583982956596
tcn,48,240,413,0.00229966040009
tcn,48,240,414,0.00171889178307
tcn,48,240,415,-8.86678933613e-05
tcn,48,240,416,0.000174776428739
tcn,48,240,417,-0.000347281395134
tcn,48,240,418,0.00219669124288
tcn,48,240,419,0.00240329576997
tcn,48,240,420,0.000414130252093
tcn,48,240,421,-0.00355175666421
tcn,48,240,422,0.00646826389753
tcn,48,240,423,0.0029298237669
tcn,48,240,424,0.00257831842799
tcn,48,240,425,0.00166150080273
tcn,48,240,426,0.000608099868477
tcn,48,240,427,-0.00168787674402
tcn,48,240,428,3.74186267382e-05
tcn,48,240,429,0.00075265496968
tcn,48,240,430,0.00545679209494
tcn,48,240,431,0.00320309550414
tcn,48,240,432,0.00379620743584
tcn,48,240,433,0.00395197890701
tcn,48,240,434,0.00150196924577
tcn,48,240,435,0.00474480297881
tcn,48,240,436,-0.0040559526753
tcn,48,240,437,0.00337808227129
tcn,48,240,438,0.00165296590191
tcn,48,240,439,0.00462253955325
tcn,48,240,440,0.00410651789601
tcn,48,240,441,0.00250346430127
tcn,48,240,442,0.00222884222185
tcn,48,240,443,0.00183493618827
tcn,48,240,444,0.000731624826574
tcn,48,240,445,-0.000283136136776
tcn,48,240,446,-0.000871926630036
tcn,48,240,447,0.0041165809732
tcn,48,240,448,-0.00169698792159
tcn,48,240,449,-0.00297348857532
tcn,48,240,450,-0.00280313131827
tcn,48,240,451,0.00244773437911
tcn,48,240,452,0.00210890959922
tcn,48,240,453,0.00129211264296
tcn,48,240,454,-0.00220175163105
tcn,48,240,455,0.0025504735118
tcn,48,240,456,0.00277106789247
tcn,48,240,457,-0.000543024638734
tcn,48,240,458,0.00126914598135
tcn,48,240,459,0.000174767731173
tcn,48,240,460,-0.00113588223094
tcn,48,240,461,0.000988524228925
tcn,48,240,462,0.00353843277082
tcn,48,240,463,0.000651106670554
tcn,48,240,464,0.000180291732077
tcn,48,240,465,0.00271214830006
tcn,48,240,466,0.00198565032876
tcn,48,240,467,-0.0013971976354
tcn,48,240,468,0.00111330345176
tcn,48,240,469,0.00179658397341
tcn,48,240,470,-0.000356900135648
tcn,48,240,471,0.00248355625385
tcn,48,240,472,0.00154122709228
tcn,48,240,473,0.00400665679164
tcn,48,240,474,0.00314298756723
tcn,48,240,475,0.000687022692897
tcn,48,240,476,0.00123154651203
tcn,48,240,477,-0.000797340783637
tcn,48,240,478,0.00140710022786
tcn,48,240,479,0.00141326765758
tcn,48,240,480,-0.00276897736921
tcn,48,240,481,0.00500226399986
tcn,48,240,482,0.0010817013303
tcn,48,240,483,0.00239867411868
tcn,48,240,484,0.00540170868536
tcn,48,240,485,0.00300747933719
tcn,48,240,486,6.02476689912e-05
tcn,48,240,487,0.000668781307838
tcn,48,240,488,-0.00184277920094
tcn,48,240,489,0.00297828417182
tcn,48,240,490,-0.0003701561994
tcn,48,240,491,0.00266018094521
tcn,48,240,492,0.00149340874624
tcn,48,240,493,0.00304115388655
tcn,48,240,494,-0.000370072705723
tcn,48,240,495,0.000471985543581
tcn,48,240,496,0.00327036407929
tcn,48,240,497,0.00237401021996
tcn,48,240,498,-0.000108560279766
tcn,48,240,499,0.00626173925078
tcn,48,240,500,-0.00173496105431
tcn,48,240,501,0.00289320917471
tcn,48,240,502,0.000958766218009
tcn,48,240,503,0.00159478062858
tcn,48,240,504,0.00230811482318
tcn,48,240,505,0.00239786306805
tcn,48,240,506,0.00129359919392
tcn,48,240,507,0.00177879325386
tcn,48,240,508,0.00202754604659
tcn,48,240,509,0.00208272524461
tcn,48,240,510,0.00306175210766
tcn,48,240,511,0.00149186308839
tcn,48,240,512,0.00162543803165
tcn,48,240,513,-0.000285242480939
tcn,48,240,514,-0.000407113530303
tcn,48,240,515,-0.000452668300442
tcn,48,240,516,0.00081863878163
tcn,48,240,517,-0.00101688597116
tcn,48,240,518,-8.24581289128e-05
tcn,48,240,519,0.00264389842513
tcn,48,240,520,0.00168266511
tcn,48,240,521,0.00194407402168
tcn,48,240,522,0.00169671813273
tcn,48,240,523,-0.00037685156736
tcn,48,240,524,0.00366493097933
tcn,48,240,525,-0.000494672104013
tcn,48,240,526,0.00185289533595
tcn,48,240,527,0.00551759164399
tcn,48,240,528,-0.00192714318165
tcn,48,240,529,8.29975516934e-05
tcn,48,240,530,0.0036457661175
tcn,48,240,531,0.00152575253962
tcn,48,240,532,0.000746575560323
tcn,48,240,533,0.00293204263887
tcn,48,240,534,0.0020616324813
tcn,48,240,535,0.00513520497479
tcn,48,240,536,0.00137870236183
tcn,48,240,537,0.00344111938733
tcn,48,240,538,0.000212140172546
tcn,48,240,539,0.000738394261157
tcn,48,240,540,0.00431881065098
tcn,48,240,541,0.00420013200295
tcn,48,240,542,0.00241022934086
tcn,48,240,543,0.00335445807296
tcn,48,240,544,-0.000117612497323
tcn,48,240,545,0.001930598934
tcn,48,240,546,0.00295290215881
tcn,48,240,547,-0.00141365776284
tcn,48,240,548,-0.00223580312276
tcn,48,240,549,0.00398067852054
tcn,48,240,550,0.00421067311438
tcn,48,240,551,0.00353200117849
tcn,48,240,552,-0.00205497567758
tcn,48,240,553,0.0026342159457
tcn,48,240,554,0.00140056435021
tcn,48,240,555,-0.000798759401285
tcn,48,240,556,0.00250177742599
tcn,48,240,557,0.00459601031144
tcn,48,240,558,0.00414221920384
tcn,48,240,559,0.00187550909918
tcn,48,240,560,-0.00243268754969
tcn,48,240,561,0.00252151712419
tcn,48,240,562,-0.000480462095424
tcn,48,240,563,0.00397720261812
tcn,48,240,564,0.00251114785088
tcn,48,240,565,0.00038609209121
tcn,48,240,566,0.00322475791971
tcn,48,240,567,0.00466039299161
tcn,48,240,568,0.00415648777341
tcn,48,240,569,-0.00412299157819
tcn,48,240,570,0.00322859892411
tcn,48,240,571,0.00512894184445
tcn,48,240,572,0.00289258301756
tcn,48,240,573,0.00209398000272
tcn,48,240,574,0.00469615213486
tcn,48,240,575,0.00035323583419
tcn,48,240,576,0.000894775475443
tcn,48,240,577,0.00641836281683
tcn,48,240,578,0.000685224123647
tcn,48,240,579,0.00171712279898
tcn,48,240,580,0.00224111441958
tcn,48,240,581,0.0016885314779
tcn,48,240,582,-0.00123219382763
tcn,48,240,583,0.00427707365038
tcn,48,240,584,0.00218938814526
tcn,48,240,585,-0.00114241663487
tcn,48,240,586,0.0044475505148
tcn,48,240,587,0.000183376723375
tcn,48,240,588,-0.000864246607677
tcn,48,240,589,0.00250694346998
tcn,48,240,590,0.00396980169018
tcn,48,240,591,0.00373221202118
tcn,48,240,592,0.00414183974511
tcn,48,240,593,0.00369974060889
tcn,48,240,594,-0.00286279505598
tcn,48,240,595,0.00181717624314
tcn,48,240,596,0.000925214728552
tcn,48,240,597,0.000823675300001
tcn,48,240,598,-0.000987647160478
tcn,48,240,599,0.00550682824147
tcn,48,240,600,0.00153816713594
tcn,48,240,601,-0.000436850951474
tcn,48,240,602,0.000285092358917
tcn,48,240,603,0.00127001958715
tcn,48,240,604,0.000850039618472
tcn,48,240,605,0.00144705494553
tcn,48,240,606,0.000738723779682
tcn,48,240,607,0.000331650832402
tcn,48,240,608,0.000188222418678
tcn,48,240,609,-0.00126525367994
tcn,48,240,610,0.00469040096228
tcn,48,240,611,0.00625028016604
tcn,48,240,612,0.00208275709205
tcn,48,240,613,0.0030302998267
tcn,48,240,614,-0.00205702836198
tcn,48,240,615,-0.000184112181141
tcn,48,240,616,0.0047394097309
tcn,48,240,617,0.00468181107968
tcn,48,240,618,-0.00203679736484
tcn,48,240,619,0.00104191225123
tcn,48,240,620,0.00103590901398
tcn,48,240,621,0.00290736134718
tcn,48,240,622,-0.00175582746338
tcn,48,240,623,0.00304421625964
tcn,48,240,624,9.28961515724e-05
tcn,48,240,625,-0.000914566763348
tcn,48,240,626,0.00164354654929
tcn,48,240,627,0.00241989659621
tcn,48,240,628,0.00424977888101
tcn,48,240,629,-0.00186984583729
tcn,48,240,630,0.000997780839792
tcn,48,240,631,0.00409866191952
tcn,48,240,632,-0.00178078407351
tcn,48,240,633,0.00769368161788
tcn,48,240,634,0.00320323378785
tcn,48,240,635,0.00186161029477
tcn,48,240,636,0.003134584868
tcn,48,240,637,0.00132433869269
tcn,48,240,638,-0.00113606676316
tcn,48,240,639,-0.00115855509976
tcn,48,240,640,0.00348985795876
tcn,48,240,641,0.00278509734075
tcn,48,240,642,0.00144133299768
tcn,48,240,643,0.00324788711217
tcn,48,240,644,0.000150191140894
tcn,48,240,645,0.00870992602441
tcn,48,240,646,0.0046337497993
tcn,48,240,647,0.00257492530465
tcn,48,240,648,0.00587169004192
tcn,48,240,649,0.00590959930161
tcn,48,240,650,0.00186663038663
tcn,48,240,651,-0.000870351373634
tcn,48,240,652,0.00102274466602
tcn,48,240,653,0.00182252188939
tcn,48,240,654,-0.000520830993281
tcn,48,240,655,-0.00218895691677
tcn,48,240,656,0.00118689436568
tcn,48,240,657,0.000829003657377
tcn,48,240,658,-0.00101487823628
tcn,48,240,659,0.00756677395386
tcn,48,240,660,0.000321238190741
tcn,48,240,661,0.00048588208063
tcn,48,240,662,-4.3730200441e-05
tcn,48,240,663,-0.000425452302902
tcn,48,240,664,0.000384697381045
tcn,48,240,665,0.00508914200109
tcn,48,240,666,-0.00112770557558
tcn,48,240,667,-0.00148125618129
tcn,48,240,668,0.00363685588466
tcn,48,240,669,0.00352358115109
tcn,48,240,670,0.00196260025919
tcn,48,240,671,-3.79634005244e-06
tcn,48,240,672,0.00512718923626
tcn,48,240,673,0.000439858876958
tcn,48,240,674,0.00401787481768
tcn,48,240,675,0.00247323562172
tcn,48,240,676,-0.0026753831397
tcn,48,240,677,0.00461357045792
tcn,48,240,678,0.00199723815286
tcn,48,240,679,-0.00211470638187
tcn,48,240,680,0.000964304041374
tcn,48,240,681,0.00335650537566
tcn,48,240,682,0.00599195198466
tcn,48,240,683,0.000410080072836
tcn,48,240,684,0.00506162129669
tcn,48,240,685,0.000311356813325
tcn,48,240,686,0.00241719891892
tcn,48,240,687,0.00231428530249
tcn,48,240,688,-0.00194496757671
tcn,48,240,689,0.00131406417291
tcn,48,240,690,0.00456009569204
tcn,48,240,691,-0.00204870587926
tcn,48,240,692,0.0013655271644
tcn,48,240,693,-0.000398583964207
tcn,48,240,694,-0.00014330477168
tcn,48,240,695,0.00512443047084
tcn,48,240,696,0.0040231307175
tcn,48,240,697,0.0017986610515
tcn,48,240,698,0.00260088013985
tcn,48,240,699,-5.25796833481e-05
tcn,48,240,700,0.00414142283175
tcn,48,240,701,0.00181771793915
tcn,48,240,702,0.00814401337533
tcn,48,240,703,0.00401897109438
tcn,48,240,704,0.00221392568965
tcn,48,240,705,0.00187219558606
tcn,48,240,706,0.00346214949568
tcn,48,240,707,0.00712306074489
tcn,48,240,708,0.00150272492426
tcn,48,240,709,-0.00102591889252
tcn,48,240,710,0.0026806161191
tcn,48,240,711,0.004378157542
tcn,48,240,712,0.00344028350318
tcn,48,240,713,0.00403115079276
tcn,48,240,714,0.0024895494335
tcn,48,240,715,0.00276424953794
tcn,48,240,716,0.000722505162239
tcn,48,240,717,0.0032299605535
tcn,48,240,718,0.0020160072101
tcn,48,240,719,0.00370758053981
tcn,48,240,720,0.00434138828167
tcn,48,240,721,0.00219318029341
tcn,48,240,722,0.00110654961109
tcn,48,240,723,-0.000313849197981
tcn,48,240,724,-0.000518540495247
tcn,48,240,725,0.00275986316946
tcn,48,240,726,0.00266744863578
tcn,48,240,727,0.00208779720213
tcn,48,240,728,0.00165531078396
tcn,48,240,729,0.00052514766963
tcn,48,240,730,0.00476802996218
tcn,48,240,731,0.00126274869783
tcn,48,240,732,0.000529125397191
tcn,48,240,733,0.000767444515012
tcn,48,240,734,0.000373879839131
tcn,48,240,735,-0.00149236072126
tcn,48,240,736,0.00170018720624
tcn,48,240,737,-0.000804512063527
tcn,48,240,738,0.00146612476816
tcn,48,240,739,-0.00151173979263
tcn,48,240,740,0.0013907101939
tcn,48,240,741,-0.000483934495484
tcn,48,240,742,-0.00178859566528
tcn,48,240,743,0.00268583813742
tcn,48,240,744,0.00335328157669
tcn,48,240,745,0.00122869334329
tcn,48,240,746,0.0060760212677
tcn,48,240,747,0.00580109807241
tcn,48,240,748,-0.000625811142425
tcn,48,240,749,0.00107045727733
tcn,48,240,750,0.00397317193801
tcn,48,240,751,0.000566579870328
tcn,48,240,752,0.00288735439592
tcn,48,240,753,0.0062165673407
tcn,48,240,754,0.00401756309273
tcn,48,240,755,0.00187103861548
tcn,48,240,756,-0.000386823447694
tcn,48,240,757,-0.000215195936088
tcn,48,240,758,0.000312187787757
tcn,48,240,759,0.00444964465378
tcn,48,240,760,0.00167951632868
tcn,48,240,761,0.00387254188691
tcn,48,240,762,-0.00189405570224
tcn,48,240,763,-0.000283096188331
tcn,48,240,764,0.00530267720007
tcn,48,240,765,-0.000113847524991
tcn,48,240,766,0.00642614821447
tcn,48,240,767,0.00292069335725
tcn,48,240,768,-0.000565252412659
tcn,48,240,769,0.00258075697275
tcn,48,240,770,0.000967602394893
tcn,48,240,771,-0.00195133445673
tcn,48,240,772,0.00127395200865
tcn,48,240,773,-0.00120501584367
tcn,48,240,774,0.00138900003121
tcn,48,240,775,-0.00215583429881
tcn,48,240,776,0.00350844347982
tcn,48,240,777,0.00248248183485
tcn,48,240,778,0.00320135054475
tcn,48,240,779,0.0001509084756
tcn,48,240,780,0.0015402628188
tcn,48,240,781,0.00221382486155
tcn,48,240,782,0.000237058356947
tcn,48,240,783,0.00354117271862
tcn,48,240,784,0.00373610051723
tcn,48,240,785,0.00247991953879
tcn,48,240,786,0.0021286200769
tcn,48,240,787,0.00291897243766
tcn,48,240,788,0.00309992388617
tcn,48,240,789,0.00286558663293
tcn,48,240,790,0.00254552034438
tcn,48,240,791,-0.000853021420799
tcn,48,240,792,-0.00230082142301
tcn,48,240,793,0.00147389559263
tcn,48,240,794,0.00492758479901
tcn,48,240,795,0.00103198050234
tcn,48,240,796,0.00137826213387
tcn,48,240,797,-0.000839200925782
tcn,48,240,798,-0.000681690556743
tcn,48,240,799,-0.00177811177929
tcn,48,240,800,0.00227067692288
tcn,48,240,801,0.00298774962125
tcn,48,240,802,0.0023717897604
tcn,48,240,803,-0.00143938320608
tcn,48,240,804,-0.00049954557107
tcn,48,240,805,0.00567997505422
tcn,48,240,806,0.00160709288696
tcn,48,240,807,0.00306085159693
tcn,48,240,808,-0.000699627262884
tcn,48,240,809,-0.0015844789182
tcn,48,240,810,0.00212230133844
tcn,48,240,811,0.00530814143469
tcn,48,240,812,0.000452075635736
tcn,48,240,813,0.000192381683898
tcn,48,240,814,-0.000260645125337
tcn,48,240,815,0.00101382119244
tcn,48,240,816,-0.000997537268224
tcn,48,240,817,0.000881481258017
tcn,48,240,818,0.00104013620602
tcn,48,240,819,-0.0016089034565
tcn,48,240,820,-0.00209711018354
tcn,48,240,821,-0.000374574040477
tcn,48,240,822,-4.21993014862e-05
tcn,48,240,823,0.00303394482712
tcn,48,240,824,0.000959264162936
tcn,48,240,825,0.000785377584906
tcn,48,240,826,-0.0011476406244
tcn,48,240,827,0.00406254840356
tcn,48,240,828,0.00229531248908
tcn,48,240,829,0.00391728546367
tcn,48,240,830,-0.00138681342463
tcn,48,240,831,0.00310450731365
tcn,48,240,832,-0.00305303460296
tcn,48,240,833,0.00274075899502
tcn,48,240,834,-4.38535085173e-06
tcn,48,240,835,0.00152940303958
tcn,48,240,836,0.0026228971768
tcn,48,240,837,0.00499273194997
tcn,48,240,838,0.00468534126841
tcn,48,240,839,-0.00341780239306
tcn,48,240,840,0.00370270002175
tcn,48,240,841,0.00264747524253
tcn,48,240,842,-0.00164997703674
tcn,48,240,843,0.000129041986961
tcn,48,240,844,0.00264168851722
tcn,48,240,845,0.00217798619269
tcn,48,240,846,0.00343466040768
tcn,48,240,847,-0.00112753722031
tcn,48,240,848,-0.000932692601415
tcn,48,240,849,0.000922441541856
tcn,48,240,850,0.000446423683162
tcn,48,240,851,-0.00229164030577
tcn,48,240,852,-0.00103299954766
tcn,48,240,853,0.0022628567458
tcn,48,240,854,0.00369163431662
tcn,48,240,855,0.00137947707818
tcn,48,240,856,0.00132683387584
tcn,48,240,857,0.000644902770657
tcn,48,240,858,0.00217855143162
tcn,48,240,859,-0.000264954064959
tcn,48,240,860,0.000287515624334
tcn,48,240,861,0.00323919400998
tcn,48,240,862,-0.00104751741451
tcn,48,240,863,0.00416092817678
tcn,48,240,864,0.00232359017371
tcn,48,240,865,0.00174429765913
tcn,48,240,866,-0.00330072077923
tcn,48,240,867,0.00102502583139
tcn,48,240,868,0.0020282036891
tcn,48,240,869,0.00132693228985
tcn,48,240,870,-0.00245544618199
tcn,48,240,871,-0.000217197013726
tcn,48,240,872,0.00321630402524
tcn,48,240,873,0.00141526340345
tcn,48,240,874,0.000386597705321
tcn,48,240,875,0.00197876442019
tcn,48,240,876,0.00452175221583
tcn,48,240,877,-0.00149530120975
tcn,48,240,878,0.00293357841107
tcn,48,240,879,0.00100640181128
tcn,48,240,880,1.90729246433e-05
tcn,48,240,881,0.000947464924981
tcn,48,240,882,0.00242754670569
tcn,48,240,883,-0.000749598008018
tcn,48,240,884,0.000171849216552
tcn,48,240,885,0.00252968710405
tcn,48,240,886,0.000433205629193
tcn,48,240,887,0.00239528527882
tcn,48,240,888,0.00355133085998
tcn,48,240,889,0.00407697954901
tcn,48,240,890,0.000405580437548
tcn,48,240,891,0.00375362352953
tcn,48,240,892,-0.0022887820718
tcn,48,240,893,0.00187706266413
tcn,48,240,894,0.00102572399664
tcn,48,240,895,-0.000351815004727
tcn,48,240,896,0.00312364063837
tcn,48,240,897,0.00544342338911
tcn,48,240,898,0.00373788295076
tcn,48,240,899,-0.000671276178265
tcn,48,240,900,0.00325369151677
tcn,48,240,901,0.0025410643102
tcn,48,240,902,-0.00133129764046
tcn,48,240,903,-0.000536558986271
tcn,48,240,904,0.00212994392012
tcn,48,240,905,0.00306389938804
tcn,48,240,906,0.00182192254535
tcn,48,240,907,-0.00143774558184
tcn,48,240,908,-0.000619512098653
tcn,48,240,909,-0.000791602640237
tcn,48,240,910,0.002377818768
tcn,48,240,911,-0.0011805739019
tcn,48,240,912,0.00368765156154
tcn,48,240,913,0.00224628396676
tcn,48,240,914,0.00374445042143
tcn,48,240,915,0.00348125655077
tcn,48,240,916,0.00202147527127
tcn,48,240,917,-0.000668153824527
tcn,48,240,918,0.00164157645278
tcn,48,240,919,0.000609289781991
tcn,48,240,920,0.00280966510464
tcn,48,240,921,0.00392128823804
tcn,48,240,922,-0.00267299459304
tcn,48,240,923,0.000302839992375
tcn,48,240,924,0.000181465758971
tcn,48,240,925,8.2130109506e-05
tcn,48,240,926,0.000460434652508
tcn,48,240,927,0.00650294621593
tcn,48,240,928,0.00235219859605
tcn,48,240,929,-0.00138622729914
tcn,48,240,930,0.00374585672378
tcn,48,240,931,0.000836219378735
tcn,48,240,932,-0.000229532085576
tcn,48,240,933,-0.00231134841483
tcn,48,240,934,0.00529059008336
tcn,48,240,935,0.000305207550953
tcn,48,240,936,0.00330098622916
tcn,48,240,937,-0.00108300873603
tcn,48,240,938,0.00562034061651
tcn,48,240,939,0.00513681231608
tcn,48,240,940,-0.000230257176321
tcn,48,240,941,0.00449781720532
tcn,48,240,942,0.00183085864089
tcn,48,240,943,0.00458369447301
tcn,48,240,944,0.00389793211088
tcn,48,240,945,0.000909523784841
tcn,48,240,946,-0.00118610580639
tcn,48,240,947,0.000661072397638
tcn,48,240,948,0.0057003433153
tcn,48,240,949,0.00321616735305
tcn,48,240,950,0.00182290595904
tcn,48,240,951,0.00409310768173
tcn,48,240,952,-0.00130229911839
tcn,48,240,953,-0.000438071910793
tcn,48,240,954,-0.00186447167114
tcn,48,240,955,0.000893250514838
tcn,48,240,956,-0.000264439109357
tcn,48,240,957,0.00415993315873
tcn,48,240,958,0.00291379089289
tcn,48,240,959,0.000614985610506
tcn,48,240,960,0.00285955105366
tcn,48,240,961,0.00153645471841
tcn,48,240,962,0.00187016372986
tcn,48,240,963,0.00278047438958
tcn,48,240,964,0.000282041201974
tcn,48,240,965,-0.00183017587712
tcn,48,240,966,0.000119934866677
tcn,48,240,967,0.00372808955674
tcn,48,240,968,0.0050675199352
tcn,48,240,969,0.000956703765845
tcn,48,240,970,0.00135284562354
tcn,48,240,971,-0.00382254299042
tcn,48,240,972,0.00198000840306
tcn,48,240,973,0.00134718469937
tcn,48,240,974,0.000323129601787
tcn,48,240,975,0.000669932176949
tcn,48,240,976,0.000657646626167
tcn,48,240,977,0.00213922862586
tcn,48,240,978,0.000729809652267
tcn,48,240,979,0.00044847934866
tcn,48,240,980,0.00153925317886
tcn,48,240,981,0.00188295896309
tcn,48,240,982,0.00421080895533
tcn,48,240,983,0.00218495468967
tcn,48,240,984,0.000753399614328
tcn,48,240,985,0.00158584515911
tcn,48,240,986,0.000953085231239
tcn,48,240,987,0.00215078908017
tcn,48,240,988,-9.28175880427e-05
tcn,48,240,989,0.000788206026786
tcn,48,240,990,-0.000426039422893
tcn,48,240,991,-8.29736066665e-05
tcn,48,240,992,-0.00128573234344
tcn,48,240,993,-0.000304178068935
tcn,48,240,994,0.00444385318228
tcn,48,240,995,0.00299177624671
tcn,48,240,996,0.00323363760936
tcn,48,240,997,-0.00408778029126
tcn,48,240,998,0.000549319386296
tcn,48,240,999,0.00108091624083
transformer,12,60,0,0.0122754978977
transformer,12,60,1,0.0246714689587
transformer,12,60,2,0.0177751677716
transformer,12,60,3,0.0246972476681
transformer,12,60,4,0.0173364069914
transformer,12,60,5,0.0178968147141
transformer,12,60,6,0.0134592574656
transformer,12,60,7,0.0201983393294
transformer,12,60,8,0.0142786821617
transformer,12,60,9,0.0171491925819
transformer,12,60,10,0.0172050997708
transformer,12,60,11,0.0207459107234
transformer,12,60,12,0.0163214049364
transformer,12,60,13,0.0155783508573
transformer,12,60,14,0.0171297191637
transformer,12,60,15,0.0139866025336
transformer,12,60,16,0.0114763928795
transformer,12,60,17,0.0109845401229
transformer,12,60,18,0.0199597215881
transformer,12,60,19,0.00505670453234
transformer,12,60,20,0.022377404827
transformer,12,60,21,0.0174434417119
transformer,12,60,22,0.0165270998272
transformer,12,60,23,0.0132120512428
transformer,12,60,24,0.0202461453293
transformer,12,60,25,0.0178712160566
transformer,12,60,26,0.0175935288583
transformer,12,60,27,0.0166658269094
transformer,12,60,28,0.0270609689688
transformer,12,60,29,0.020603699847
transformer,12,60,30,0.0184731694255
transformer,12,60,31,0.0190519715721
transformer,12,60,32,0.0182778819882
transformer,12,60,33,0.013560593485
transformer,12,60,34,0.0150144397676
transformer,12,60,35,0.0165863837452
transformer,12,60,36,0.0138459013106
transformer,12,60,37,0.014969247432
transformer,12,60,38,0.0129045821141
transformer,12,60,39,0.0186704216546
transformer,12,60,40,0.0207518667429
transformer,12,60,41,0.0148528365947
transformer,12,60,42,0.0130034137167
transformer,12,60,43,0.0202061719665
transformer,12,60,44,0.0193361673522
transformer,12,60,45,0.0146608872818
transformer,12,60,46,0.0185042794814
transformer,12,60,47,0.0126097533938
transformer,12,60,48,0.0158063742387
transformer,12,60,49,0.0118308364911
transformer,12,60,50,0.0144084121612
transformer,12,60,51,0.0147882471259
transformer,12,60,52,0.0147332819385
transformer,12,60,53,0.0160761256346
transformer,12,60,54,0.0117986679611
transformer,12,60,55,0.0204921151332
transformer,12,60,56,0.0125084210923
transformer,12,60,57,0.0132572458991
transformer,12,60,58,0.0152050485961
transformer,12,60,59,0.0178418213864
transformer,12,60,60,0.0138388385138
transformer,12,60,61,0.0115461427175
transformer,12,60,62,0.0216713389705
transformer,12,60,63,0.0199603900409
transformer,12,60,64,0.0227351817064
transformer,12,60,65,0.0173336128578
transformer,12,60,66,0.0159987100872
transformer,12,60,67,0.0160330221613
transformer,12,60,68,0.0223215885231
transformer,12,60,69,0.0156747313706
transformer,12,60,70,0.016724353934
transformer,12,60,71,0.017082393744
transformer,12,60,72,0.0178782161412
transformer,12,60,73,0.0166685744413
transformer,12,60,74,0.0134031404399
transformer,12,60,75,0.0167867816537
transformer,12,60,76,0.0186621424422
transformer,12,60,77,0.0182883443165
transformer,12,60,78,0.0126066130344
transformer,12,60,79,0.0148067512237
transformer,12,60,80,0.0120021833061
transformer,12,60,81,0.01923732012
transformer,12,60,82,0.0177362181027
transformer,12,60,83,0.00936150945435
transformer,12,60,84,0.0139620245261
transformer,12,60,85,0.0101889309082
transformer,12,60,86,0.019110715902
transformer,12,60,87,0.0226948786966
transformer,12,60,88,0.0129306785836
transformer,12,60,89,0.0184341945279
transformer,12,60,90,0.0215922835843
transformer,12,60,91,0.0139391173981
transformer,12,60,92,0.0150282536681
transformer,12,60,93,0.0180062273918
transformer,12,60,94,0.0161582041586
transformer,12,60,95,0.022933453954
transformer,12,60,96,0.017651623151
transformer,12,60,97,0.0123680692908
transformer,12,60,98,0.0234122263424
transformer,12,60,99,0.0210935901055
transformer,12,60,100,0.0120722957657
transformer,12,60,101,0.0197670009508
transformer,12,60,102,0.0174338012506
transformer,12,60,103,0.0137401886188
transformer,12,60,104,0.0179152817685
transformer,12,60,105,0.0137049765867
transformer,12,60,106,0.0174935974191
transformer,12,60,107,0.0203085913198
transformer,12,60,108,0.0164084580819
transformer,12,60,109,0.0158392564732
transformer,12,60,110,0.0169537330617
transformer,12,60,111,0.0174883467704
transformer,12,60,112,0.0205283958537
transformer,12,60,113,0.015393182605
transformer,12,60,114,0.0179281372554
transformer,12,60,115,0.0170405211242
transformer,12,60,116,0.0187140871197
transformer,12,60,117,0.00805757634471
transformer,12,60,118,0.0142589919074
transformer,12,60,119,0.0189138008256
transformer,12,60,120,0.0136927062145
transformer,12,60,121,0.017989714594
transformer,12,60,122,0.0174963926266
transformer,12,60,123,0.0137893981897
transformer,12,60,124,0.0202074184265
transformer,12,60,125,0.014710512151
transformer,12,60,126,0.0210078027136
transformer,12,60,127,0.0172845971357
transformer,12,60,128,0.0159185698301
transformer,12,60,129,0.0181126884309
transformer,12,60,130,0.0198689739176
transformer,12,60,131,0.0179814783887
transformer,12,60,132,0.0157927988699
transformer,12,60,133,0.0155680624177
transformer,12,60,134,0.019094303196
transformer,12,60,135,0.0130350814076
transformer,12,60,136,0.0157819681653
transformer,12,60,137,0.0250570724863
transformer,12,60,138,0.0134264006068
transformer,12,60,139,0.0162148608038
transformer,12,60,140,0.0116522047517
transformer,12,60,141,0.0111035652386
transformer,12,60,142,0.0138623332265
transformer,12,60,143,0.018164744884
transformer,12,60,144,0.0162668240934
transformer,12,60,145,0.0146655984735
transformer,12,60,146,0.0213880173436
transformer,12,60,147,0.0113417653443
transformer,12,60,148,0.0122093612373
transformer,12,60,149,0.0168334871206
transformer,12,60,150,0.0121862819314
transformer,12,60,151,0.0190733058097
transformer,12,60,152,0.012348721137
transformer,12,60,153,0.0157620703426
transformer,12,60,154,0.0148036997869
transformer,12,60,155,0.0143791573275
transformer,12,60,156,0.0169074432443
transformer,12,60,157,0.0173449121761
transformer,12,60,158,0.0208217677695
transformer,12,60,159,0.0184384304768
transformer,12,60,160,0.0169935661122
transformer,12,60,161,0.0159643144581
transformer,12,60,162,0.0188973202629
transformer,12,60,163,0.0144993670881
transformer,12,60,164,0.0153737819665
transformer,12,60,165,0.0185228671761
transformer,12,60,166,0.0157972062162
transformer,12,60,167,0.019703851714
transformer,12,60,168,0.0181554530746
transformer,12,60,169,0.019036269988
transformer,12,60,170,0.0170195907779
transformer,12,60,171,0.0122710617762
transformer,12,60,172,0.0054556577399
transformer,12,60,173,0.0166728014425
transformer,12,60,174,0.0154311984413
transformer,12,60,175,0.0112963536794
transformer,12,60,176,0.00882361551224
transformer,12,60,177,0.0168412341586
transformer,12,60,178,0.0193109893833
transformer,12,60,179,0.0166808634539
transformer,12,60,180,0.0120160059622
transformer,12,60,181,0.0196764500393
transformer,12,60,182,0.0203451814993
transformer,12,60,183,0.015940148108
transformer,12,60,184,0.0246661852655
transformer,12,60,185,0.0203603868544
transformer,12,60,186,0.0186651474656
transformer,12,60,187,0.0168708090901
transformer,12,60,188,0.0141733863936
transformer,12,60,189,0.0188347568706
transformer,12,60,190,0.0185936241799
transformer,12,60,191,0.0178507018206
transformer,12,60,192,0.0177846852178
transformer,12,60,193,0.0193056679298
transformer,12,60,194,0.0172555918018
transformer,12,60,195,0.016179486599
transformer,12,60,196,0.0188353796947
transformer,12,60,197,0.0152779508755
transformer,12,60,198,0.0136392440317
transformer,12,60,199,0.0215615233835
transformer,12,60,200,0.0123889120192
transformer,12,60,201,0.0179458946886
transformer,12,60,202,0.0166031584223
transformer,12,60,203,0.0143961608752
transformer,12,60,204,0.0193712388775
transformer,12,60,205,0.0133352630221
transformer,12,60,206,0.0174924731016
transformer,12,60,207,0.0197670049824
transformer,12,60,208,0.01244999393
transformer,12,60,209,0.0173028719628
transformer,12,60,210,0.0196591244366
transformer,12,60,211,0.00973508174549
transformer,12,60,212,0.0158833926947
transformer,12,60,213,0.0153410233308
transformer,12,60,214,0.0182342824926
transformer,12,60,215,0.0249353481552
transformer,12,60,216,0.0210829716889
transformer,12,60,217,0.0180624248976
transformer,12,60,218,0.0162057582563
transformer,12,60,219,0.0189011622436
transformer,12,60,220,0.0158470885174
transformer,12,60,221,0.0081199093137
transformer,12,60,222,0.0155872056647
transformer,12,60,223,0.0158540801655
transformer,12,60,224,0.0189177475706
transformer,12,60,225,0.0226780918871
transformer,12,60,226,0.0185976160838
transformer,12,60,227,0.0162334233286
transformer,12,60,228,0.0178744897171
transformer,12,60,229,0.0201217986646
transformer,12,60,230,0.0212810381629
transformer,12,60,231,0.0161400449766
transformer,12,60,232,0.0153284336114
transformer,12,60,233,0.0189918946397
transformer,12,60,234,0.0105260605521
transformer,12,60,235,0.0140700900762
transformer,12,60,236,0.0186750729024
transformer,12,60,237,0.0205181740287
transformer,12,60,238,0.0117080802588
transformer,12,60,239,0.011536041839
transformer,12,60,240,0.0208517125642
transformer,12,60,241,0.014006747077
transformer,12,60,242,0.0167642020511
transformer,12,60,243,0.0190766605953
transformer,12,60,244,0.0129694793864
transformer,12,60,245,0.0159117642829
transformer,12,60,246,0.0172078586524
transformer,12,60,247,0.0224102578325
transformer,12,60,248,0.0101405106105
transformer,12,60,249,0.0155774231419
transformer,12,60,250,0.0158201312255
transformer,12,60,251,0.0203580702403
transformer,12,60,252,0.0173650426954
transformer,12,60,253,0.012367970668
transformer,12,60,254,0.0137100397234
transformer,12,60,255,0.0124532337569
transformer,12,60,256,0.0188572655006
transformer,12,60,257,0.0168870610753
transformer,12,60,258,0.0167917781591
transformer,12,60,259,0.0220159650917
transformer,12,60,260,0.0158322530384
transformer,12,60,261,0.0128767871099
transformer,12,60,262,0.0173894804434
transformer,12,60,263,0.0194791480721
transformer,12,60,264,0.0172799080459
transformer,12,60,265,0.0210745004728
transformer,12,60,266,0.0154855672733
transformer,12,60,267,0.0136171295366
transformer,12,60,268,0.0178282619052
transformer,12,60,269,0.019771639423
transformer,12,60,270,0.0177460252843
transformer,12,60,271,0.0197531897854
transformer,12,60,272,0.0183734814786
transformer,12,60,273,0.0111900510345
transformer,12,60,274,0.0142631281422
transformer,12,60,275,0.0184562338399
transformer,12,60,276,0.017940221077
transformer,12,60,277,0.0235477457223
transformer,12,60,278,0.0145319291277
transformer,12,60,279,0.0173217176574
transformer,12,60,280,0.0187125142643
transformer,12,60,281,0.0122044163022
transformer,12,60,282,0.0125369206842
transformer,12,60,283,0.0139345274665
transformer,12,60,284,0.0115868569659
transformer,12,60,285,0.0158883370804
transformer,12,60,286,0.0150544735389
transformer,12,60,287,0.0222139040042
transformer,12,60,288,0.0136527779735
transformer,12,60,289,0.0210634406562
transformer,12,60,290,0.0202926312918
transformer,12,60,291,0.0189434174128
transformer,12,60,292,0.013137409019
transformer,12,60,293,0.0196575763979
transformer,12,60,294,0.0106021901861
transformer,12,60,295,0.0187412731145
transformer,12,60,296,0.0135244989633
transformer,12,60,297,0.011479305304
transformer,12,60,298,0.0169198985532
transformer,12,60,299,0.0179409443614
transformer,12,60,300,0.0153751473071
transformer,12,60,301,0.0195864308836
transformer,12,60,302,0.0186976475027
transformer,12,60,303,0.0173281437169
transformer,12,60,304,0.0201939791801
transformer,12,60,305,0.0171825500561
transformer,12,60,306,0.0123647911287
transformer,12,60,307,0.0103660451014
transformer,12,60,308,0.015220051572
transformer,12,60,309,0.0232312601803
transformer,12,60,310,0.0173573128636
transformer,12,60,311,0.0156941631637
transformer,12,60,312,0.0154909017384
transformer,12,60,313,0.0224171191665
transformer,12,60,314,0.0163182295274
transformer,12,60,315,0.0212456907276
transformer,12,60,316,0.0187632045747
transformer,12,60,317,0.0193607797269
transformer,12,60,318,0.0190844960993
transformer,12,60,319,0.0168434419976
transformer,12,60,320,0.016100223887
transformer,12,60,321,0.00959963000988
transformer,12,60,322,0.0131229347648
transformer,12,60,323,0.0180473010466
transformer,12,60,324,0.0118183148626
transformer,12,60,325,0.0138224648691
transformer,12,60,326,0.0167855895147
transformer,12,60,327,0.0175518084787
transformer,12,60,328,0.0180495104246
transformer,12,60,329,0.0231971532871
transformer,12,60,330,0.0169145862744
transformer,12,60,331,0.0222650553425
transformer,12,60,332,0.0190241119434
transformer,12,60,333,0.0183643363069
transformer,12,60,334,0.0106746223957
transformer,12,60,335,0.0138722759428
transformer,12,60,336,0.0162130650306
transformer,12,60,337,0.0139520036709
transformer,12,60,338,0.0166585871587
transformer,12,60,339,0.0150354085555
transformer,12,60,340,0.0171336781891
transformer,12,60,341,0.0131131774475
transformer,12,60,342,0.021341393215
transformer,12,60,343,0.0171267862041
transformer,12,60,344,0.0180180582709
transformer,12,60,345,0.0160408326289
transformer,12,60,346,0.0118887635935
transformer,12,60,347,0.00939908159586
transformer,12,60,348,0.0192058885953
transformer,12,60,349,0.0135260164799
transformer,12,60,350,0.0141012003627
transformer,12,60,351,0.0130076690717
transformer,12,60,352,0.0162408765796
transformer,12,60,353,0.0167866360899
transformer,12,60,354,0.017520302228
transformer,12,60,355,0.0224802793888
transformer,12,60,356,0.0151132912676
transformer,12,60,357,0.0146328463455
transformer,12,60,358,0.0171810682346
transformer,12,60,359,0.0125206724873
transformer,12,60,360,0.0138218058742
transformer,12,60,361,0.0119603201587
transformer,12,60,362,0.015137100057
transformer,12,60,363,0.0135130323257
transformer,12,60,364,0.0143316280005
transformer,12,60,365,0.016746982737
transformer,12,60,366,0.0111243647794
transformer,12,60,367,0.0174871749308
transformer,12,60,368,0.0149556289989
transformer,12,60,369,0.0182032336136
transformer,12,60,370,0.0139127594689
transformer,12,60,371,0.0137044412818
transformer,12,60,372,0.0116075939508
transformer,12,60,373,0.0122989146714
transformer,12,60,374,0.017164193612
transformer,12,60,375,0.00783648588424
transformer,12,60,376,0.0186635194169
transformer,12,60,377,0.0167102266642
transformer,12,60,378,0.0174311715757
transformer,12,60,379,0.0138797241028
transformer,12,60,380,0.0147693092806
transformer,12,60,381,0.0213516424699
transformer,12,60,382,0.0176068607979
transformer,12,60,383,0.0175739566616
transformer,12,60,384,0.0136993267984
transformer,12,60,385,0.00801927108361
transformer,12,60,386,0.0114542541395
transformer,12,60,387,0.0162722478398
transformer,12,60,388,0.0184860405436
transformer,12,60,389,0.0179179850582
transformer,12,60,390,0.0151918484765
transformer,12,60,391,0.0142440554636
transformer,12,60,392,0.0228664339441
transformer,12,60,393,0.0187595610671
transformer,12,60,394,0.0221023788127
transformer,12,60,395,0.0175629542654
transformer,12,60,396,0.0153815771862
transformer,12,60,397,0.0204555106599
transformer,12,60,398,0.0163878520448
transformer,12,60,399,0.0135022865868
transformer,12,60,400,0.0180569668682
transformer,12,60,401,0.0151273284083
transformer,12,60,402,0.0171183425062
transformer,12,60,403,0.0163029310945
transformer,12,60,404,0.0178165131472
transformer,12,60,405,0.0119156656817
transformer,12,60,406,0.0169102913128
transformer,12,60,407,0.0148688092157
transformer,12,60,408,0.0169969420581
transformer,12,60,409,0.0218553584286
transformer,12,60,410,0.0171103355293
transformer,12,60,411,0.0123445984875
transformer,12,60,412,0.010903396846
transformer,12,60,413,0.0173119660969
transformer,12,60,414,0.016236784573
transformer,12,60,415,0.0205691670685
transformer,12,60,416,0.0188381709838
transformer,12,60,417,0.0141855178219
transformer,12,60,418,0.0152881874264
transformer,12,60,419,0.0216591146684
transformer,12,60,420,0.0199571634502
transformer,12,60,421,0.0185101580674
transformer,12,60,422,0.0196134489484
transformer,12,60,423,0.0189643979601
transformer,12,60,424,0.0138754450093
transformer,12,60,425,0.0163373300809
transformer,12,60,426,0.015479789567
transformer,12,60,427,0.0145064257973
transformer,12,60,428,0.0191792888733
transformer,12,60,429,0.0170260156045
transformer,12,60,430,0.021411358508
transformer,12,60,431,0.0145494232131
transformer,12,60,432,0.00940424901164
transformer,12,60,433,0.018268366764
transformer,12,60,434,0.0222008393494
transformer,12,60,435,0.0196594699133
transformer,12,60,436,0.0177727021914
transformer,12,60,437,0.0198545419323
transformer,12,60,438,0.0132623468835
transformer,12,60,439,0.0138326525042
transformer,12,60,440,0.0156242095667
transformer,12,60,441,0.0205244740646
transformer,12,60,442,0.0166677256066
transformer,12,60,443,0.0177043664794
transformer,12,60,444,0.0153301982765
transformer,12,60,445,0.0171115933308
transformer,12,60,446,0.0149459162803
transformer,12,60,447,0.0158222032992
transformer,12,60,448,0.0186084018253
transformer,12,60,449,0.0160655681328
transformer,12,60,450,0.0178267373753
transformer,12,60,451,0.0154950415935
transformer,12,60,452,0.0185795548764
transformer,12,60,453,0.0139085528694
transformer,12,60,454,0.0123283935341
transformer,12,60,455,0.0182496198038
transformer,12,60,456,0.0160433299979
transformer,12,60,457,0.0154893875258
transformer,12,60,458,0.00912876917957
transformer,12,60,459,0.0181050868763
transformer,12,60,460,0.015679978059
transformer,12,60,461,0.0112933561976
transformer,12,60,462,0.0182560267797
transformer,12,60,463,0.0183651125358
transformer,12,60,464,0.018697230848
transformer,12,60,465,0.0132376246151
transformer,12,60,466,0.0171290243781
transformer,12,60,467,0.0217533455961
transformer,12,60,468,0.0119377559421
transformer,12,60,469,0.0128753646814
transformer,12,60,470,0.0188867722024
transformer,12,60,471,0.0231771676182
transformer,12,60,472,0.0123531219847
transformer,12,60,473,0.017279245575
transformer,12,60,474,0.0138632789599
transformer,12,60,475,0.015343630071
transformer,12,60,476,0.0178154339037
transformer,12,60,477,0.0175262325038
transformer,12,60,478,0.0115280840096
transformer,12,60,479,0.016862805966
transformer,12,60,480,0.0229996366803
transformer,12,60,481,0.0135201669567
transformer,12,60,482,0.0166973553034
transformer,12,60,483,0.0172082164521
transformer,12,60,484,0.0201504172108
transformer,12,60,485,0.015313703416
transformer,12,60,486,0.0170320704521
transformer,12,60,487,0.019455948103
transformer,12,60,488,0.0147925139815
transformer,12,60,489,0.0149317598866
transformer,12,60,490,0.0150868004341
transformer,12,60,491,0.0165697976982
transformer,12,60,492,0.020418650875
transformer,12,60,493,0.0135196844092
transformer,12,60,494,0.0172427956237
transformer,12,60,495,0.0136681795269
transformer,12,60,496,0.016326336353
transformer,12,60,497,0.0119591085214
transformer,12,60,498,0.0151301099677
transformer,12,60,499,0.0218893940498
transformer,12,60,500,0.00861948190699
transformer,12,60,501,0.012779721951
transformer,12,60,502,0.0158460313352
transformer,12,60,503,0.019245576062
transformer,12,60,504,0.0215289366479
transformer,12,60,505,0.0153222592125
transformer,12,60,506,0.0148882128116
transformer,12,60,507,0.0177797391201
transformer,12,60,508,0.0147944906298
transformer,12,60,509,0.0183367912394
transformer,12,60,510,0.0162769927116
transformer,12,60,511,0.0164059295245
transformer,12,60,512,0.0161825835867
transformer,12,60,513,0.0205158887701
transformer,12,60,514,0.0165312741875
transformer,12,60,515,0.0171065685751
transformer,12,60,516,0.0190248463564
transformer,12,60,517,0.0164980191617
transformer,12,60,518,0.0196673959597
transformer,12,60,519,0.0146832950326
transformer,12,60,520,0.0149841237586
transformer,12,60,521,0.0199491324416
transformer,12,60,522,0.0189513740614
transformer,12,60,523,0.0139893988186
transformer,12,60,524,0.0200541270659
transformer,12,60,525,0.0158826233815
transformer,12,60,526,0.0109470265417
transformer,12,60,527,0.0160567610747
transformer,12,60,528,0.0176364040552
transformer,12,60,529,0.0157011407486
transformer,12,60,530,0.0145437086767
transformer,12,60,531,0.0187070366718
transformer,12,60,532,0.0164023650809
transformer,12,60,533,0.0099932607113
transformer,12,60,534,0.0146850808266
transformer,12,60,535,0.020116349274
transformer,12,60,536,0.0215087038343
transformer,12,60,537,0.0174743967161
transformer,12,60,538,0.0132107672544
transformer,12,60,539,0.0105360644573
transformer,12,60,540,0.0200987526533
transformer,12,60,541,0.0158566196828
transformer,12,60,542,0.0193392208416
transformer,12,60,543,0.0182545614103
transformer,12,60,544,0.0154784474755
transformer,12,60,545,0.0137577978484
transformer,12,60,546,0.0185989583435
transformer,12,60,547,0.0141745069808
transformer,12,60,548,0.0162203121763
transformer,12,60,549,0.0181788792032
transformer,12,60,550,0.0208805596438
transformer,12,60,551,0.0130529370486
transformer,12,60,552,0.0172155676792
transformer,12,60,553,0.0207735624622
transformer,12,60,554,0.0160499690441
transformer,12,60,555,0.0164049963164
transformer,12,60,556,0.0176716611467
transformer,12,60,557,0.0180447765195
transformer,12,60,558,0.0154266954754
transformer,12,60,559,0.0202300422329
transformer,12,60,560,0.0189167464343
transformer,12,60,561,0.0092127160969
transformer,12,60,562,0.0119146304367
transformer,12,60,563,0.0201139156289
transformer,12,60,564,0.0187877795912
transformer,12,60,565,0.014849739947
transformer,12,60,566,0.02265205484
transformer,12,60,567,0.0147934595686
transformer,12,60,568,0.019364103938
transformer,12,60,569,0.0208869688822
transformer,12,60,570,0.0218877788623
transformer,12,60,571,0.010703757266
transformer,12,60,572,0.0181181677962
transformer,12,60,573,0.0142136415063
transformer,12,60,574,0.0182147740267
transformer,12,60,575,0.0174195061558
transformer,12,60,576,0.0226318562148
transformer,12,60,577,0.0168837168089
transformer,12,60,578,0.0255636451555
transformer,12,60,579,0.0184312393825
transformer,12,60,580,0.0167899359577
transformer,12,60,581,0.0150449146019
transformer,12,60,582,0.0188744362127
transformer,12,60,583,0.0137925928148
transformer,12,60,584,0.0194360539133
transformer,12,60,585,0.0214474231437
transformer,12,60,586,0.0180435570231
transformer,12,60,587,0.0124315673883
transformer,12,60,588,0.0203846368816
transformer,12,60,589,0.0169784152216
transformer,12,60,590,0.012054214558
transformer,12,60,591,0.0140323544164
transformer,12,60,592,0.016864594206
transformer,12,60,593,0.0114893655624
transformer,12,60,594,0.0172284544279
transformer,12,60,595,0.012822093434
transformer,12,60,596,0.0109224881202
transformer,12,60,597,0.0192923005325
transformer,12,60,598,0.012671346551
transformer,12,60,599,0.0153904647322
transformer,12,60,600,0.0180194057263
transformer,12,60,601,0.0169569304228
transformer,12,60,602,0.0143246285991
transformer,12,60,603,0.0141714584893
transformer,12,60,604,0.0208871648932
transformer,12,60,605,0.0127819034344
transformer,12,60,606,0.0152333174111
transformer,12,60,607,0.0166247347315
transformer,12,60,608,0.0183658814061
transformer,12,60,609,0.0216522926102
transformer,12,60,610,0.0146753445631
transformer,12,60,611,0.0203763612455
transformer,12,60,612,0.0181876261106
transformer,12,60,613,0.0129099150895
transformer,12,60,614,0.0165121981565
transformer,12,60,615,0.0189808139088
transformer,12,60,616,0.0229113640836
transformer,12,60,617,0.0181778693162
transformer,12,60,618,0.0128264698636
transformer,12,60,619,0.0171863531868
transformer,12,60,620,0.0226726809234
transformer,12,60,621,0.0200106539469
transformer,12,60,622,0.0187812592515
transformer,12,60,623,0.018471675872
transformer,12,60,624,0.0216673008358
transformer,12,60,625,0.0201043683225
transformer,12,60,626,0.0167958017978
transformer,12,60,627,0.0155162891329
transformer,12,60,628,0.0199134252828
transformer,12,60,629,0.0171221260329
transformer,12,60,630,0.0208592693402
transformer,12,60,631,0.0142916286506
transformer,12,60,632,0.0145265168962
transformer,12,60,633,0.019049303872
transformer,12,60,634,0.0156481016719
transformer,12,60,635,0.017831359303
transformer,12,60,636,0.0141385276359
transformer,12,60,637,0.0150804401232
transformer,12,60,638,0.0117621745154
transformer,12,60,639,0.0212505374044
transformer,12,60,640,0.0196777791582
transformer,12,60,641,0.0223081359362
transformer,12,60,642,0.0124100048876
transformer,12,60,643,0.0190959652804
transformer,12,60,644,0.018517135841
transformer,12,60,645,0.0173179780207
transformer,12,60,646,0.0162684961858
transformer,12,60,647,0.0177826018804
transformer,12,60,648,0.0219046419271
transformer,12,60,649,0.0150268091372
transformer,12,60,650,0.0221263595997
transformer,12,60,651,0.0221798644008
transformer,12,60,652,0.0120542019153
transformer,12,60,653,0.0140158126942
transformer,12,60,654,0.0101099908176
transformer,12,60,655,0.0185479846564
transformer,12,60,656,0.0144615563553
transformer,12,60,657,0.0158323156639
transformer,12,60,658,0.0131637036753
transformer,12,60,659,0.0100696268395
transformer,12,60,660,0.00983470944591
transformer,12,60,661,0.0155899367767
transformer,12,60,662,0.0192770519652
transformer,12,60,663,0.0193798412223
transformer,12,60,664,0.0185872576036
transformer,12,60,665,0.0188998679043
transformer,12,60,666,0.0119292249729
transformer,12,60,667,0.0152055377541
transformer,12,60,668,0.0120471828196
transformer,12,60,669,0.0166576278894
transformer,12,60,670,0.0117578197618
transformer,12,60,671,0.0162821282893
transformer,12,60,672,0.0149409346951
transformer,12,60,673,0.0142089830997
transformer,12,60,674,0.0205751817383
transformer,12,60,675,0.0189946344058
transformer,12,60,676,0.0177280315967
transformer,12,60,677,0.0134924007325
transformer,12,60,678,0.0153989141021
transformer,12,60,679,0.0129869030845
transformer,12,60,680,0.00914226775952
transformer,12,60,681,0.0130587055435
transformer,12,60,682,0.0183006553035
transformer,12,60,683,0.0097544188673
transformer,12,60,684,0.0161059389751
transformer,12,60,685,0.0153360469335
transformer,12,60,686,0.0192147227095
transformer,12,60,687,0.0113748050217
transformer,12,60,688,0.015490722983
transformer,12,60,689,0.0203092968704
transformer,12,60,690,0.015995596232
transformer,12,60,691,0.0200072042097
transformer,12,60,692,0.0141010010641
transformer,12,60,693,0.0126023428102
transformer,12,60,694,0.0151345486126
transformer,12,60,695,0.0198825860186
transformer,12,60,696,0.0221541207596
transformer,12,60,697,0.019639140765
transformer,12,60,698,0.0218545422235
transformer,12,60,699,0.0137673155325
transformer,12,60,700,0.0174000794556
transformer,12,60,701,0.0161581074045
transformer,12,60,702,0.0183128167476
transformer,12,60,703,0.0179614653229
transformer,12,60,704,0.0119688701196
transformer,12,60,705,0.0194796856584
transformer,12,60,706,0.0159423735863
transformer,12,60,707,0.0166163628237
transformer,12,60,708,0.0121086515885
transformer,12,60,709,0.0122641201403
transformer,12,60,710,0.00876792237815
transformer,12,60,711,0.0136013191206
transformer,12,60,712,0.01632301562
transformer,12,60,713,0.0154997609407
transformer,12,60,714,0.0166565446072
transformer,12,60,715,0.0191413108742
transformer,12,60,716,0.0169416747951
transformer,12,60,717,0.0167269720594
transformer,12,60,718,0.0208433768497
transformer,12,60,719,0.0181087806166
transformer,12,60,720,0.0152700199204
transformer,12,60,721,0.0243693064203
transformer,12,60,722,0.0152042398395
transformer,12,60,723,0.0128873361787
transformer,12,60,724,0.0170245185183
transformer,12,60,725,0.0163268844684
transformer,12,60,726,0.0208330953044
transformer,12,60,727,0.0142805669833
transformer,12,60,728,0.0161846779726
transformer,12,60,729,0.0164012020448
transformer,12,60,730,0.0231560594997
transformer,12,60,731,0.0176203118193
transformer,12,60,732,0.0140847180618
transformer,12,60,733,0.0141620071224
transformer,12,60,734,0.0184791394253
transformer,12,60,735,0.0197222677597
transformer,12,60,736,0.011947619552
transformer,12,60,737,0.0155677250397
transformer,12,60,738,0.0168092222982
transformer,12,60,739,0.0130946947265
transformer,12,60,740,0.0152506801493
transformer,12,60,741,0.0166039166792
transformer,12,60,742,0.0133816661854
transformer,12,60,743,0.0163509435402
transformer,12,60,744,0.0197403801274
transformer,12,60,745,0.0149552997018
transformer,12,60,746,0.0205787068758
transformer,12,60,747,0.0158153411421
transformer,12,60,748,0.0157795835854
transformer,12,60,749,0.0161846092902
transformer,12,60,750,0.0077184811677
transformer,12,60,751,0.0143472980785
transformer,12,60,752,0.0102128771039
transformer,12,60,753,0.0147706491565
transformer,12,60,754,0.0127820342654
transformer,12,60,755,0.0141650253042
transformer,12,60,756,0.0141439831577
transformer,12,60,757,0.0189303265238
transformer,12,60,758,0.0200347029707
transformer,12,60,759,0.014109715312
transformer,12,60,760,0.00867032192398
transformer,12,60,761,0.0222083251336
transformer,12,60,762,0.0125858732595
transformer,12,60,763,0.0133422254914
transformer,12,60,764,0.0122583170367
transformer,12,60,765,0.0197081181174
transformer,12,60,766,0.0169356506771
transformer,12,60,767,0.016274278022
transformer,12,60,768,0.0145999132657
transformer,12,60,769,0.0170608826242
transformer,12,60,770,0.0189860694443
transformer,12,60,771,0.016622100671
transformer,12,60,772,0.0178199892533
transformer,12,60,773,0.0159942403337
transformer,12,60,774,0.0165490193393
transformer,12,60,775,0.0164179754804
transformer,12,60,776,0.0106214793736
transformer,12,60,777,0.0108464685601
transformer,12,60,778,0.0239433215669
transformer,12,60,779,0.0215576879577
transformer,12,60,780,0.0241350573518
transformer,12,60,781,0.0183364668561
transformer,12,60,782,0.0166965318241
transformer,12,60,783,0.0259393042705
transformer,12,60,784,0.0215961796609
transformer,12,60,785,0.0108269599016
transformer,12,60,786,0.0213299929736
transformer,12,60,787,0.0177449259803
transformer,12,60,788,0.013124930608
transformer,12,60,789,0.0184062723593
transformer,12,60,790,0.0103968100562
transformer,12,60,791,0.0201201426861
transformer,12,60,792,0.0107240463326
transformer,12,60,793,0.0196437833003
transformer,12,60,794,0.010949388548
transformer,12,60,795,0.0162780599493
transformer,12,60,796,0.017805177886
transformer,12,60,797,0.0150286309645
transformer,12,60,798,0.0158055536924
transformer,12,60,799,0.0141133011909
transformer,12,60,800,0.0147831658944
transformer,12,60,801,0.0171120793083
transformer,12,60,802,0.0195894097204
transformer,12,60,803,0.0218412820182
transformer,12,60,804,0.0122963207726
transformer,12,60,805,0.0188329982282
transformer,12,60,806,0.0114382031959
transformer,12,60,807,0.0195869319776
transformer,12,60,808,0.0152763510572
transformer,12,60,809,0.0187430552094
transformer,12,60,810,0.0114244754029
transformer,12,60,811,0.0151841213351
transformer,12,60,812,0.0203727437618
transformer,12,60,813,0.0166482634181
transformer,12,60,814,0.0149849932234
transformer,12,60,815,0.0186000976086
transformer,12,60,816,0.015485480906
transformer,12,60,817,0.0153055753601
transformer,12,60,818,0.0138046208662
transformer,12,60,819,0.0158318447109
transformer,12,60,820,0.0168057227244
transformer,12,60,821,0.0181665213136
transformer,12,60,822,0.0143532940507
transformer,12,60,823,0.0179650191941
transformer,12,60,824,0.0246817977957
transformer,12,60,825,0.0115725148289
transformer,12,60,826,0.0196167418001
transformer,12,60,827,0.0215239263044
transformer,12,60,828,0.0146615030265
transformer,12,60,829,0.0159221192592
transformer,12,60,830,0.0175380851753
transformer,12,60,831,0.0171114949302
transformer,12,60,832,0.0157341261911
transformer,12,60,833,0.0169621295867
transformer,12,60,834,0.0244092970223
transformer,12,60,835,0.0196821372256
transformer,12,60,836,0.0184170342924
transformer,12,60,837,0.0170881100061
transformer,12,60,838,0.0176069511415
transformer,12,60,839,0.0172436539622
transformer,12,60,840,0.0122699854009
transformer,12,60,841,0.0193566983635
transformer,12,60,842,0.0184851237422
transformer,12,60,843,0.0222262315135
transformer,12,60,844,0.0161636490165
transformer,12,60,845,0.016411544364
transformer,12,60,846,0.0218083329295
transformer,12,60,847,0.0220009693196
transformer,12,60,848,0.0163497307758
transformer,12,60,849,0.0180238612486
transformer,12,60,850,0.0205124511646
transformer,12,60,851,0.0202557513389
transformer,12,60,852,0.0160423174774
transformer,12,60,853,0.0183214813749
transformer,12,60,854,0.017747963369
transformer,12,60,855,0.0143864924104
transformer,12,60,856,0.0179187990035
transformer,12,60,857,0.0175930116028
transformer,12,60,858,0.0141680848013
transformer,12,60,859,0.0166905198379
transformer,12,60,860,0.0181691387675
transformer,12,60,861,0.0168575539189
transformer,12,60,862,0.018501996854
transformer,12,60,863,0.0177887470994
transformer,12,60,864,0.0206095932118
transformer,12,60,865,0.0198494822021
transformer,12,60,866,0.0172026167128
transformer,12,60,867,0.0156226255488
transformer,12,60,868,0.0154341060168
transformer,12,60,869,0.0179902083355
transformer,12,60,870,0.0181797248282
transformer,12,60,871,0.0152717859455
transformer,12,60,872,0.019470780524
transformer,12,60,873,0.0179868779117
transformer,12,60,874,0.0187788284465
transformer,12,60,875,0.0142397007213
transformer,12,60,876,0.0183977104536
transformer,12,60,877,0.0173158546027
transformer,12,60,878,0.0128865205212
transformer,12,60,879,0.0184262015318
transformer,12,60,880,0.0184470180505
transformer,12,60,881,0.0158053473135
transformer,12,60,882,0.0187772245943
transformer,12,60,883,0.0104267873335
transformer,12,60,884,0.0161445321846
transformer,12,60,885,0.0172387620998
transformer,12,60,886,0.0111952250003
transformer,12,60,887,0.0158524399141
transformer,12,60,888,0.0215671410033
transformer,12,60,889,0.0174096406411
transformer,12,60,890,0.0134875028829
transformer,12,60,891,0.0136328669516
transformer,12,60,892,0.0193809623459
transformer,12,60,893,0.0148277587859
transformer,12,60,894,0.0174906741566
transformer,12,60,895,0.0197242774348
transformer,12,60,896,0.0120176542902
transformer,12,60,897,0.015247877124
transformer,12,60,898,0.0185877797834
transformer,12,60,899,0.0201503620402
transformer,12,60,900,0.0132360382904
transformer,12,60,901,0.0204574594169
transformer,12,60,902,0.0193897864975
transformer,12,60,903,0.0180120520742
transformer,12,60,904,0.0206074375492
transformer,12,60,905,0.0178104048865
transformer,12,60,906,0.0163138671385
transformer,12,60,907,0.0189896231702
transformer,12,60,908,0.0129346662425
transformer,12,60,909,0.0174923837174
transformer,12,60,910,0.0129553654019
transformer,12,60,911,0.0182201436751
transformer,12,60,912,0.0131518134701
transformer,12,60,913,0.0193854652594
transformer,12,60,914,0.014184745291
transformer,12,60,915,0.0156933158059
transformer,12,60,916,0.0112942053147
transformer,12,60,917,0.0232008785896
transformer,12,60,918,0.0252826062589
transformer,12,60,919,0.0181061139299
transformer,12,60,920,0.0238141536276
transformer,12,60,921,0.0208619472921
transformer,12,60,922,0.0114777196364
transformer,12,60,923,0.0222922817213
transformer,12,60,924,0.0141921825069
transformer,12,60,925,0.0169744962439
transformer,12,60,926,0.0257127167041
transformer,12,60,927,0.0148167347279
transformer,12,60,928,0.0170179700979
transformer,12,60,929,0.0197158149323
transformer,12,60,930,0.0181815519764
transformer,12,60,931,0.0158691474853
transformer,12,60,932,0.0160858062456
transformer,12,60,933,0.0207295537213
transformer,12,60,934,0.0167223100343
transformer,12,60,935,0.0192783414574
transformer,12,60,936,0.0127678555746
transformer,12,60,937,0.0189169414212
transformer,12,60,938,0.0169891991392
transformer,12,60,939,0.0162843235984
transformer,12,60,940,0.0204901806009
transformer,12,60,941,0.0150463833601
transformer,12,60,942,0.0209117022494
transformer,12,60,943,0.016536591152
transformer,12,60,944,0.0166203560249
transformer,12,60,945,0.0184493533373
transformer,12,60,946,0.0168063628264
transformer,12,60,947,0.0129145497791
transformer,12,60,948,0.0196066434443
transformer,12,60,949,0.0155453141669
transformer,12,60,950,0.0196627808203
transformer,12,60,951,0.0108764098312
transformer,12,60,952,0.0153800985837
transformer,12,60,953,0.0156011393136
transformer,12,60,954,0.0216564987918
transformer,12,60,955,0.0204548552559
transformer,12,60,956,0.0184480505769
transformer,12,60,957,0.0176873191775
transformer,12,60,958,0.0148784802116
transformer,12,60,959,0.0229253397235
transformer,12,60,960,0.0196558196183
transformer,12,60,961,0.0170188791196
transformer,12,60,962,0.0177509368102
transformer,12,60,963,0.013062894556
transformer,12,60,964,0.0109565967902
transformer,12,60,965,0.0247240445052
transformer,12,60,966,0.0174891103801
transformer,12,60,967,0.0189672402778
transformer,12,60,968,0.0144668013808
transformer,12,60,969,0.0117769530956
transformer,12,60,970,0.0201649272543
transformer,12,60,971,0.0181379599309
transformer,12,60,972,0.0159445607989
transformer,12,60,973,0.0251955673516
transformer,12,60,974,0.0120654080616
transformer,12,60,975,0.0126736554384
transformer,12,60,976,0.0135906133742
transformer,12,60,977,0.0192152007581
transformer,12,60,978,0.0195495936451
transformer,12,60,979,0.0201777284249
transformer,12,60,980,0.00888307366532
transformer,12,60,981,0.0150492375968
transformer,12,60,982,0.0162176399907
transformer,12,60,983,0.016072215462
transformer,12,60,984,0.0223219368396
transformer,12,60,985,0.0231901518029
transformer,12,60,986,0.0150993109181
transformer,12,60,987,0.0230783201341
transformer,12,60,988,0.0131651311655
transformer,12,60,989,0.014996324122
transformer,12,60,990,0.0162339763529
transformer,12,60,991,0.0137754286155
transformer,12,60,992,0.0136823679615
transformer,12,60,993,0.0118098360509
transformer,12,60,994,0.0176645627658
transformer,12,60,995,0.0170765075681
transformer,12,60,996,0.0165398331573
transformer,12,60,997,0.0178998150378
transformer,12,60,998,0.0186371908858
transformer,12,60,999,0.0229875533837
transformer,24,120,0,0.0184623679224
transformer,24,120,1,0.0202335865424
transformer,24,120,2,0.0175119684289
transformer,24,120,3,0.0193527533105
transformer,24,120,4,0.00718453498533
transformer,24,120,5,0.0174483696731
transformer,24,120,6,0.0154373798797
transformer,24,120,7,0.014736160002
transformer,24,120,8,0.00969297357045
transformer,24,120,9,0.0168156032289
transformer,24,120,10,0.0199662084436
transformer,24,120,11,0.016491934002
transformer,24,120,12,0.0221286201476
transformer,24,120,13,0.00954995938215
transformer,24,120,14,0.0203657547521
transformer,24,120,15,0.0139349216931
transformer,24,120,16,0.0106527136983
transformer,24,120,17,0.0226402669365
transformer,24,120,18,0.01988723812
transformer,24,120,19,0.0163355610249
transformer,24,120,20,0.0134396773622
transformer,24,120,21,0.0233653931124
transformer,24,120,22,0.0179166170748
transformer,24,120,23,0.017198401687
transformer,24,120,24,0.0114399722011
transformer,24,120,25,0.0191374347813
transformer,24,120,26,0.0163619016411
transformer,24,120,27,0.0152183739839
transformer,24,120,28,0.0119921517045
transformer,24,120,29,0.0147657325269
transformer,24,120,30,0.0169145786594
transformer,24,120,31,0.0182970139442
transformer,24,120,32,0.0113106732798
transformer,24,120,33,0.014325727055
transformer,24,120,34,0.0170610867831
transformer,24,120,35,0.0195545287647
transformer,24,120,36,0.0164143869443
transformer,24,120,37,0.0228943118487
transformer,24,120,38,0.0151491914821
transformer,24,120,39,0.0173231923958
transformer,24,120,40,0.0197869810596
transformer,24,120,41,0.0193558940946
transformer,24,120,42,0.0123633067808
transformer,24,120,43,0.0182603024472
transformer,24,120,44,0.0190137191255
transformer,24,120,45,0.0121576500317
transformer,24,120,46,0.0214926704529
transformer,24,120,47,0.0204286331445
transformer,24,120,48,0.0235616109232
transformer,24,120,49,0.0111371382007
transformer,24,120,50,0.0166176871749
transformer,24,120,51,0.0213058300538
transformer,24,120,52,0.0221926324302
transformer,24,120,53,0.0123548397281
transformer,24,120,54,0.0139724421117
transformer,24,120,55,0.010783196187
transformer,24,120,56,0.0204443762826
transformer,24,120,57,0.0186572431956
transformer,24,120,58,0.017209573007
transformer,24,120,59,0.0172620227146
transformer,24,120,60,0.0163119813427
transformer,24,120,61,0.0200558111786
transformer,24,120,62,0.0196633727827
transformer,24,120,63,0.0178061091012
transformer,24,120,64,0.0189883280636
transformer,24,120,65,0.0126878626087
transformer,24,120,66,0.0153111078416
transformer,24,120,67,0.0149514324068
transformer,24,120,68,0.0168489616603
transformer,24,120,69,0.0152270337803
transformer,24,120,70,0.021812358334
transformer,24,120,71,0.0199334207028
transformer,24,120,72,0.0123892968829
transformer,24,120,73,0.0197804299268
transformer,24,120,74,0.0124828601591
transformer,24,120,75,0.0185316770399
transformer,24,120,76,0.0163333552012
transformer,24,120,77,0.0198383374293
transformer,24,120,78,0.0183085235813
transformer,24,120,79,0.0146127514459
transformer,24,120,80,0.0159817727955
transformer,24,120,81,0.0149751859672
transformer,24,120,82,0.0170559564466
transformer,24,120,83,0.0119445352386
transformer,24,120,84,0.0102172884975
transformer,24,120,85,0.0191311053133
transformer,24,120,86,0.0160434558532
transformer,24,120,87,0.018959055045
transformer,24,120,88,0.0185884322927
transformer,24,120,89,0.0172598603099
transformer,24,120,90,0.00949530720755
transformer,24,120,91,0.0163024874197
transformer,24,120,92,0.0181883555628
transformer,24,120,93,0.0139150119664
transformer,24,120,94,0.00750152578883
transformer,24,120,95,0.0159396967685
transformer,24,120,96,0.0243699430392
transformer,24,120,97,0.0136791886077
transformer,24,120,98,0.0185628734333
transformer,24,120,99,0.0137396558324
transformer,24,120,100,0.0181716094779
transformer,24,120,101,0.0149743254755
transformer,24,120,102,0.015233907217
transformer,24,120,103,0.0204099700051
transformer,24,120,104,0.0117743611949
transformer,24,120,105,0.0187511986187
transformer,24,120,106,0.0148077292445
transformer,24,120,107,0.010963445602
transformer,24,120,108,0.0145511293424
transformer,24,120,109,0.0203648803839
transformer,24,120,110,0.0140101798106
transformer,24,120,111,0.0159265701667
transformer,24,120,112,0.0255830496774
transformer,24,120,113,0.021595434235
transformer,24,120,114,0.0185308770101
transformer,24,120,115,0.019974034708
transformer,24,120,116,0.0155128863098
transformer,24,120,117,0.0152057349112
transformer,24,120,118,0.0147357446129
transformer,24,120,119,0.0193036064802
transformer,24,120,120,0.0227872651707
transformer,24,120,121,0.0105257201414
transformer,24,120,122,0.0153334730955
transformer,24,120,123,0.00974260203576
transformer,24,120,124,0.01524041811
transformer,24,120,125,0.0216071501306
transformer,24,120,126,0.012703152441
transformer,24,120,127,0.0218614700782
transformer,24,120,128,0.0139497515692
transformer,24,120,129,0.016003785198
transformer,24,120,130,0.0156938386822
transformer,24,120,131,0.0110921807106
transformer,24,120,132,0.0226579157232
transformer,24,120,133,0.0235395623502
transformer,24,120,134,0.01459246521
transformer,24,120,135,0.0170183404644
transformer,24,120,136,0.0195960010867
transformer,24,120,137,0.0123787598594
transformer,24,120,138,0.0151581492779
transformer,24,120,139,0.0196489352898
transformer,24,120,140,0.0200995784431
transformer,24,120,141,0.0193112528594
transformer,24,120,142,0.0169081109486
transformer,24,120,143,0.0185822438543
transformer,24,120,144,0.0149090224146
transformer,24,120,145,0.015116246817
transformer,24,120,146,0.0141207761986
transformer,24,120,147,0.017589957283
transformer,24,120,148,0.0147597726754
transformer,24,120,149,0.0168120859494
transformer,24,120,150,0.0118850483741
transformer,24,120,151,0.0122362657019
transformer,24,120,152,0.0101891046406
transformer,24,120,153,0.013741318934
transformer,24,120,154,0.0215715719967
transformer,24,120,155,0.0199954722298
transformer,24,120,156,0.0173973287408
transformer,24,120,157,0.0200282029372
transformer,24,120,158,0.0138544771806
transformer,24,120,159,0.0158149812697
transformer,24,120,160,0.0216648689161
transformer,24,120,161,0.0163376297311
transformer,24,120,162,0.0134333648923
transformer,24,120,163,0.0114826628064
transformer,24,120,164,0.0146934884661
transformer,24,120,165,0.0228753409107
transformer,24,120,166,0.0195852423849
transformer,24,120,167,0.0191904262546
transformer,24,120,168,0.0187373312766
transformer,24,120,169,0.0156035876291
transformer,24,120,170,0.0120201853616
transformer,24,120,171,0.0147296533955
transformer,24,120,172,0.0232610394859
transformer,24,120,173,0.0116425531095
transformer,24,120,174,0.0185304404724
transformer,24,120,175,0.0132908743403
transformer,24,120,176,0.0192291289611
transformer,24,120,177,0.0193675104201
transformer,24,120,178,0.0184912499459
transformer,24,120,179,0.0185820925355
transformer,24,120,180,0.0112296824033
transformer,24,120,181,0.0140520176811
transformer,24,120,182,0.0196770849748
transformer,24,120,183,0.0127503504141
transformer,24,120,184,0.0200464184684
transformer,24,120,185,0.013298256697
transformer,24,120,186,0.0125483053205
transformer,24,120,187,0.0154945840776
transformer,24,120,188,0.0227044023004
transformer,24,120,189,0.0164686991247
transformer,24,120,190,0.0168074225161
transformer,24,120,191,0.0177724290999
transformer,24,120,192,0.0226741163265
transformer,24,120,193,0.0189405935458
transformer,24,120,194,0.0177179656592
transformer,24,120,195,0.0163280507653
transformer,24,120,196,0.0149660926853
transformer,24,120,197,0.0211659731616
transformer,24,120,198,0.0153333702495
transformer,24,120,199,0.0140831435494
transformer,24,120,200,0.0216481625578
transformer,24,120,201,0.0200220804182
transformer,24,120,202,0.0185325130183
transformer,24,120,203,0.0159378374107
transformer,24,120,204,0.0165000741304
transformer,24,120,205,0.00814484870348
transformer,24,120,206,0.014970959288
transformer,24,120,207,0.0163852183658
transformer,24,120,208,0.019601596564
transformer,24,120,209,0.0161261089615
transformer,24,120,210,0.0196926130415
transformer,24,120,211,0.0155417479994
transformer,24,120,212,0.0149131051676
transformer,24,120,213,0.0168868301329
transformer,24,120,214,0.0139247064753
transformer,24,120,215,0.0172608964907
transformer,24,120,216,0.0239934464748
transformer,24,120,217,0.0142121138426
transformer,24,120,218,0.0171732109718
transformer,24,120,219,0.0184845285692
transformer,24,120,220,0.0143634540223
transformer,24,120,221,0.0179264423129
transformer,24,120,222,0.0113118710683
transformer,24,120,223,0.019978353075
transformer,24,120,224,0.020640260139
transformer,24,120,225,0.0151077912465
transformer,24,120,226,0.0181750747144
transformer,24,120,227,0.0175394201116
transformer,24,120,228,0.0161437304376
transformer,24,120,229,0.0166962812434
transformer,24,120,230,0.0140868980201
transformer,24,120,231,0.015528328042
transformer,24,120,232,0.0205358600756
transformer,24,120,233,0.0111649235055
transformer,24,120,234,0.019047500305
transformer,24,120,235,0.014026348671
transformer,24,120,236,0.0221491005142
transformer,24,120,237,0.0185863371761
transformer,24,120,238,0.0189325485257
transformer,24,120,239,0.00955463929501
transformer,24,120,240,0.0174071755584
transformer,24,120,241,0.0192844000127
transformer,24,120,242,0.0188684264964
transformer,24,120,243,0.0109938584249
transformer,24,120,244,0.018255995725
transformer,24,120,245,0.0168110209944
transformer,24,120,246,0.0159615399911
transformer,24,120,247,0.0199441166728
transformer,24,120,248,0.0177883737361
transformer,24,120,249,0.0163647930351
transformer,24,120,250,0.0191187586346
transformer,24,120,251,0.02221266071
transformer,24,120,252,0.0129182925994
transformer,24,120,253,0.0208527385667
transformer,24,120,254,0.017032343595
transformer,24,120,255,0.0167716475436
transformer,24,120,256,0.0240736773907
transformer,24,120,257,0.017269769905
transformer,24,120,258,0.0171678487711
transformer,24,120,259,0.0186004173985
transformer,24,120,260,0.0197675130589
transformer,24,120,261,0.0099399136095
transformer,24,120,262,0.0184576595113
transformer,24,120,263,0.0108300083668
transformer,24,120,264,0.0157894726421
transformer,24,120,265,0.018406948861
transformer,24,120,266,0.0143645285419
transformer,24,120,267,0.0125766274252
transformer,24,120,268,0.0173550967255
transformer,24,120,269,0.0176013512636
transformer,24,120,270,0.0171021696557
transformer,24,120,271,0.016970324679
transformer,24,120,272,0.0166495257464
transformer,24,120,273,0.0183907354268
transformer,24,120,274,0.0219491916443
transformer,24,120,275,0.0165601402805
transformer,24,120,276,0.0180965849482
transformer,24,120,277,0.0173595999731
transformer,24,120,278,0.01203737203
transformer,24,120,279,0.0167679735242
transformer,24,120,280,0.0215993983032
transformer,24,120,281,0.0215060219886
transformer,24,120,282,0.0200214506391
transformer,24,120,283,0.0158237850441
transformer,24,120,284,0.0204873259099
transformer,24,120,285,0.0210736927341
transformer,24,120,286,0.0134548883621
transformer,24,120,287,0.0142648473135
transformer,24,120,288,0.0199159637509
transformer,24,120,289,0.0179722685298
transformer,24,120,290,0.0117865547134
transformer,24,120,291,0.0183554855925
transformer,24,120,292,0.0166414108281
transformer,24,120,293,0.0166672067309
transformer,24,120,294,0.0139995582698
transformer,24,120,295,0.0180169752454
transformer,24,120,296,0.0175089555897
transformer,24,120,297,0.0108379691151
transformer,24,120,298,0.0208028116909
transformer,24,120,299,0.0150489873432
transformer,24,120,300,0.0164905893987
transformer,24,120,301,0.0120837401893
transformer,24,120,302,0.0191162238469
transformer,24,120,303,0.0159165680149
transformer,24,120,304,0.0187829314368
transformer,24,120,305,0.0138432598142
transformer,24,120,306,0.0202252810309
transformer,24,120,307,0.0162071843344
transformer,24,120,308,0.0252381256085
transformer,24,120,309,0.0175047153978
transformer,24,120,310,0.013911416997
transformer,24,120,311,0.0174776597722
transformer,24,120,312,0.0224104236632
transformer,24,120,313,0.0168791771626
transformer,24,120,314,0.00731343354955
transformer,24,120,315,0.0163077007274
transformer,24,120,316,0.0140673716986
transformer,24,120,317,0.0167475700107
transformer,24,120,318,0.0195998909301
transformer,24,120,319,0.0156296794545
transformer,24,120,320,0.0109182037447
transformer,24,120,321,0.00976342915747
transformer,24,120,322,0.0113175547602
transformer,24,120,323,0.021362783699
transformer,24,120,324,0.0161804090904
transformer,24,120,325,0.0154604360441
transformer,24,120,326,0.0233313681336
transformer,24,120,327,0.00948093881494
transformer,24,120,328,0.0218847318225
transformer,24,120,329,0.0148517184656
transformer,24,120,330,0.0127350554221
transformer,24,120,331,0.0118993503623
transformer,24,120,332,0.011506177491
transformer,24,120,333,0.0135802708939
transformer,24,120,334,0.021658601554
transformer,24,120,335,0.0218784409717
transformer,24,120,336,0.0257248602682
transformer,24,120,337,0.0151935496323
transformer,24,120,338,0.0209098464712
transformer,24,120,339,0.015423579147
transformer,24,120,340,0.00930485035487
transformer,24,120,341,0.0169770018521
transformer,24,120,342,0.012844384043
transformer,24,120,343,0.0183759740791
transformer,24,120,344,0.0136822628708
transformer,24,120,345,0.0184063636101
transformer,24,120,346,0.0160230598499
transformer,24,120,347,0.0118171245676
transformer,24,120,348,0.01587583327
transformer,24,120,349,0.0156943627958
transformer,24,120,350,0.0124863198433
transformer,24,120,351,0.013171089966
transformer,24,120,352,0.0148541401919
transformer,24,120,353,0.0147423583085
transformer,24,120,354,0.0192002510488
transformer,24,120,355,0.0212093538769
transformer,24,120,356,0.017677463874
transformer,24,120,357,0.0144897955882
transformer,24,120,358,0.0138478998638
transformer,24,120,359,0.011539249971
transformer,24,120,360,0.0215504850223
transformer,24,120,361,0.0117585897894
transformer,24,120,362,0.0260158541152
transformer,24,120,363,0.0260992056984
transformer,24,120,364,0.0161900455936
transformer,24,120,365,0.0140283057349
transformer,24,120,366,0.0128667018947
transformer,24,120,367,0.0123969410197
transformer,24,120,368,0.015544170068
transformer,24,120,369,0.016225832679
transformer,24,120,370,0.0121122199995
transformer,24,120,371,0.017379185758
transformer,24,120,372,0.0181292342994
transformer,24,120,373,0.0202288098323
transformer,24,120,374,0.0167180142026
transformer,24,120,375,0.013899437182
transformer,24,120,376,0.0208779500036
transformer,24,120,377,0.0149594047408
transformer,24,120,378,0.0190401817185
transformer,24,120,379,0.0134185305664
transformer,24,120,380,0.0130439281151
transformer,24,120,381,0.0123647196119
transformer,24,120,382,0.0202950566745
transformer,24,120,383,0.00897699387142
transformer,24,120,384,0.0155615248263
transformer,24,120,385,0.0192907294425
transformer,24,120,386,0.0185001359405
transformer,24,120,387,0.0212571966717
transformer,24,120,388,0.0119625958465
transformer,24,120,389,0.0268573894397
transformer,24,120,390,0.0190678111817
transformer,24,120,391,0.014178404513
transformer,24,120,392,0.017826873561
transformer,24,120,393,0.0134207335555
transformer,24,120,394,0.0194675052706
transformer,24,120,395,0.0213338000272
transformer,24,120,396,0.0118314536052
transformer,24,120,397,0.0250938304758
transformer,24,120,398,0.0182795112829
transformer,24,120,399,0.0165284937974
transformer,24,120,400,0.0191045502822
transformer,24,120,401,0.0150717313195
transformer,24,120,402,0.0174279923141
transformer,24,120,403,0.0153735762184
transformer,24,120,404,0.0152388284491
transformer,24,120,405,0.0162776791852
transformer,24,120,406,0.0109451151866
transformer,24,120,407,0.0126685260538
transformer,24,120,408,0.0192381845471
transformer,24,120,409,0.0133844707644
transformer,24,120,410,0.0166907522098
transformer,24,120,411,0.0157936783605
transformer,24,120,412,0.0186607178697
transformer,24,120,413,0.0107929677893
transformer,24,120,414,0.0174125266554
transformer,24,120,415,0.0122652576594
transformer,24,120,416,0.0162508071179
transformer,24,120,417,0.0136447136291
transformer,24,120,418,0.0207833763354
transformer,24,120,419,0.0194839501118
transformer,24,120,420,0.0105871980442
transformer,24,120,421,0.0159178820621
transformer,24,120,422,0.0172848049975
transformer,24,120,423,0.0166731941306
transformer,24,120,424,0.0151498645552
transformer,24,120,425,0.0150820074854
transformer,24,120,426,0.0156161906086
transformer,24,120,427,0.0191596429823
transformer,24,120,428,0.0138070806275
transformer,24,120,429,0.0163746095762
transformer,24,120,430,0.0186506790852
transformer,24,120,431,0.0187648987323
transformer,24,120,432,0.0155553561613
transformer,24,120,433,0.0149250745419
transformer,24,120,434,0.01761709521
transformer,24,120,435,0.0190116227734
transformer,24,120,436,0.0208093071057
transformer,24,120,437,0.0116197501414
transformer,24,120,438,0.0188851149572
transformer,24,120,439,0.0172897381093
transformer,24,120,440,0.0179794150357
transformer,24,120,441,0.0202791406243
transformer,24,120,442,0.0219572279729
transformer,24,120,443,0.0135904766012
transformer,24,120,444,0.0163739395457
transformer,24,120,445,0.019115878813
transformer,24,120,446,0.0159396900216
transformer,24,120,447,0.0184662171679
transformer,24,120,448,0.0126394241214
transformer,24,120,449,0.015399880099
transformer,24,120,450,0.0212344480772
transformer,24,120,451,0.0188339596091
transformer,24,120,452,0.0143361503431
transformer,24,120,453,0.0150156788375
transformer,24,120,454,0.0197213956711
transformer,24,120,455,0.0141693046687
transformer,24,120,456,0.0121768950403
transformer,24,120,457,0.0157628842899
transformer,24,120,458,0.0129759589013
transformer,24,120,459,0.0157538467994
transformer,24,120,460,0.0219816657474
transformer,24,120,461,0.0131983769054
transformer,24,120,462,0.0198239316081
transformer,24,120,463,0.0211923903552
transformer,24,120,464,0.0191949773665
transformer,24,120,465,0.0148196667324
transformer,24,120,466,0.0236296645994
transformer,24,120,467,0.00991446444237
transformer,24,120,468,0.0221121751813
transformer,24,120,469,0.0146882093428
transformer,24,120,470,0.0174265959985
transformer,24,120,471,0.0148850923336
transformer,24,120,472,0.0177654120897
transformer,24,120,473,0.0144213541477
transformer,24,120,474,0.0207618827833
transformer,24,120,475,0.0161498663112
transformer,24,120,476,0.0185298839402
transformer,24,120,477,0.0153418694671
transformer,24,120,478,0.018164030362
transformer,24,120,479,0.0171237538914
transformer,24,120,480,0.0165122538224
transformer,24,120,481,0.015793468451
transformer,24,120,482,0.0190085413706
transformer,24,120,483,0.0156365134561
transformer,24,120,484,0.0154046795668
transformer,24,120,485,0.0185010032403
transformer,24,120,486,0.0163853144279
transformer,24,120,487,0.0172504540815
transformer,24,120,488,0.00782097514814
transformer,24,120,489,0.0163033319154
transformer,24,120,490,0.0222405407095
transformer,24,120,491,0.0139184514436
transformer,24,120,492,0.0196773923024
transformer,24,120,493,0.0125604283782
transformer,24,120,494,0.0216186877317
transformer,24,120,495,0.00769820953781
transformer,24,120,496,0.0102539151939
transformer,24,120,497,0.01571875425
transformer,24,120,498,0.0162917773739
transformer,24,120,499,0.0201592636681
transformer,24,120,500,0.0176156207719
transformer,24,120,501,0.0196894519846
transformer,24,120,502,0.0188388050662
transformer,24,120,503,0.0180032566427
transformer,24,120,504,0.0115034161237
transformer,24,120,505,0.020384673093
transformer,24,120,506,0.0102766269984
transformer,24,120,507,0.0105037579619
transformer,24,120,508,0.0175825207711
transformer,24,120,509,0.0163778699697
transformer,24,120,510,0.0155609330244
transformer,24,120,511,0.0177002211583
transformer,24,120,512,0.0137458181879
transformer,24,120,513,0.0160387721337
transformer,24,120,514,0.0190317547151
transformer,24,120,515,0.0165396579513
transformer,24,120,516,0.0180352132432
transformer,24,120,517,0.0197662795655
transformer,24,120,518,0.0138954054745
transformer,24,120,519,0.0152501671665
transformer,24,120,520,0.0160520905279
transformer,24,120,521,0.0222648327793
transformer,24,120,522,0.0128324691969
transformer,24,120,523,0.0136672951741
transformer,24,120,524,0.0238284993552
transformer,24,120,525,0.0210345827328
transformer,24,120,526,0.0210756766233
transformer,24,120,527,0.0165295508252
transformer,24,120,528,0.022881447836
transformer,24,120,529,0.0181664214531
transformer,24,120,530,0.0109156715852
transformer,24,120,531,0.0191426041981
transformer,24,120,532,0.0206134633347
transformer,24,120,533,0.0169839294153
transformer,24,120,534,0.0127699713651
transformer,24,120,535,0.0150245773884
transformer,24,120,536,0.0164026540787
transformer,24,120,537,0.0196968933887
transformer,24,120,538,0.0214537106449
transformer,24,120,539,0.0218151430058
transformer,24,120,540,0.0142356108516
transformer,24,120,541,0.0173112363395
transformer,24,120,542,0.0232234347624
transformer,24,120,543,0.019878931269
transformer,24,120,544,0.0185922054225
transformer,24,120,545,0.0137872678252
transformer,24,120,546,0.0181562835372
transformer,24,120,547,0.0187707977302
transformer,24,120,548,0.0163114798151
transformer,24,120,549,0.0164385041876
transformer,24,120,550,0.0101073688282
transformer,24,120,551,0.018514317217
transformer,24,120,552,0.0159233905218
transformer,24,120,553,0.0183510287925
transformer,24,120,554,0.0156333356515
transformer,24,120,555,0.0194758982398
transformer,24,120,556,0.0143426560929
transformer,24,120,557,0.0155678109794
transformer,24,120,558,0.0127276886083
transformer,24,120,559,0.0173610390382
transformer,24,120,560,0.0240693852888
transformer,24,120,561,0.0160140336466
transformer,24,120,562,0.0139912767103
transformer,24,120,563,0.0177026477456
transformer,24,120,564,0.0209128861079
transformer,24,120,565,0.0171346744506
transformer,24,120,566,0.0101922040806
transformer,24,120,567,0.01712775013
transformer,24,120,568,0.0201997163649
transformer,24,120,569,0.0199102549697
transformer,24,120,570,0.00797978864311
transformer,24,120,571,0.0145296711432
transformer,24,120,572,0.0162160936079
transformer,24,120,573,0.0126848468122
transformer,24,120,574,0.0144040160048
transformer,24,120,575,0.0196987103924
transformer,24,120,576,0.01518923903
transformer,24,120,577,0.0207901970069
transformer,24,120,578,0.0137622591249
transformer,24,120,579,0.0099947338177
transformer,24,120,580,0.0227823115531
transformer,24,120,581,0.0205880736312
transformer,24,120,582,0.0214303186234
transformer,24,120,583,0.0213446423156
transformer,24,120,584,0.0173564970327
transformer,24,120,585,0.0150832881208
transformer,24,120,586,0.020330535741
transformer,24,120,587,0.0166617404269
transformer,24,120,588,0.0205719970283
transformer,24,120,589,0.0208652331518
transformer,24,120,590,0.0214477417062
transformer,24,120,591,0.0152397238571
transformer,24,120,592,0.0192933725159
transformer,24,120,593,0.0158947788938
transformer,24,120,594,0.0188092591779
transformer,24,120,595,0.0184498796028
transformer,24,120,596,0.0212971307437
transformer,24,120,597,0.0166571667025
transformer,24,120,598,0.0162721282751
transformer,24,120,599,0.0185509130183
transformer,24,120,600,0.0155424487896
transformer,24,120,601,0.0195825900355
transformer,24,120,602,0.015141695662
transformer,24,120,603,0.0159910532911
transformer,24,120,604,0.0157851283927
transformer,24,120,605,0.0122358312275
transformer,24,120,606,0.0163328507312
transformer,24,120,607,0.0104181370282
transformer,24,120,608,0.0143059430767
transformer,24,120,609,0.0138285126649
transformer,24,120,610,0.0184335763919
transformer,24,120,611,0.018862040392
transformer,24,120,612,0.0236916601106
transformer,24,120,613,0.0110604948632
transformer,24,120,614,0.0229391338499
transformer,24,120,615,0.0224455356569
transformer,24,120,616,0.0170125968293
transformer,24,120,617,0.0140445066665
transformer,24,120,618,0.0176234212616
transformer,24,120,619,0.0200064281481
transformer,24,120,620,0.0178302306643
transformer,24,120,621,0.0110864666003
transformer,24,120,622,0.0120421253455
transformer,24,120,623,0.0255067547417
transformer,24,120,624,0.0199944662885
transformer,24,120,625,0.0236594811952
transformer,24,120,626,0.0186591953196
transformer,24,120,627,0.0198929388783
transformer,24,120,628,0.019227511969
transformer,24,120,629,0.0262941816605
transformer,24,120,630,0.0267710876722
transformer,24,120,631,0.0136033989436
transformer,24,120,632,0.0119036099667
transformer,24,120,633,0.0191403271028
transformer,24,120,634,0.0188394566195
transformer,24,120,635,0.0174203249753
transformer,24,120,636,0.0176497308325
transformer,24,120,637,0.0211038508896
transformer,24,120,638,0.014458162562
transformer,24,120,639,0.0196657864194
transformer,24,120,640,0.0125697506869
transformer,24,120,641,0.0157980972143
transformer,24,120,642,0.0136615321057
transformer,24,120,643,0.0174274757649
transformer,24,120,644,0.0196103369343
transformer,24,120,645,0.0157102302718
transformer,24,120,646,0.0116603326481
transformer,24,120,647,0.0114358323417
transformer,24,120,648,0.0165806775168
transformer,24,120,649,0.0261898909266
transformer,24,120,650,0.0184449314074
transformer,24,120,651,0.0191969953372
transformer,24,120,652,0.0058489090459
transformer,24,120,653,0.0174982791516
transformer,24,120,654,0.0190127956349
transformer,24,120,655,0.0212369069991
transformer,24,120,656,0.0118751294123
transformer,24,120,657,0.0162349490324
transformer,24,120,658,0.0204664172375
transformer,24,120,659,0.0223147589812
transformer,24,120,660,0.0181295901118
transformer,24,120,661,0.0213232086274
transformer,24,120,662,0.0115232506395
transformer,24,120,663,0.0153202464653
transformer,24,120,664,0.0106447349841
transformer,24,120,665,0.0174064138963
transformer,24,120,666,0.013676968871
transformer,24,120,667,0.0172964107387
transformer,24,120,668,0.0123656291369
transformer,24,120,669,0.0155515618845
transformer,24,120,670,0.0108630199687
transformer,24,120,671,0.0217850775472
transformer,24,120,672,0.0132532378801
transformer,24,120,673,0.0124232683529
transformer,24,120,674,0.00942570635692
transformer,24,120,675,0.0172266567422
transformer,24,120,676,0.0221616449545
transformer,24,120,677,0.0208156638062
transformer,24,120,678,0.0161381761292
transformer,24,120,679,0.0216199054903
transformer,24,120,680,0.0138708801551
transformer,24,120,681,0.0138922734197
transformer,24,120,682,0.0123421357489
transformer,24,120,683,0.0133356498278
transformer,24,120,684,0.00650360383826
transformer,24,120,685,0.021169410617
transformer,24,120,686,0.0120640891794
transformer,24,120,687,0.015323659907
transformer,24,120,688,0.0193761384317
transformer,24,120,689,0.0177424185572
transformer,24,120,690,0.0200651453224
transformer,24,120,691,0.0201407608738
transformer,24,120,692,0.0153083194413
transformer,24,120,693,0.0193332526142
transformer,24,120,694,0.0158304345061
transformer,24,120,695,0.0182059120692
transformer,24,120,696,0.0177508385826
transformer,24,120,697,0.0138982828328
transformer,24,120,698,0.0177563027374
transformer,24,120,699,0.0159864370496
transformer,24,120,700,0.0113743220159
transformer,24,120,701,0.00946425139087
transformer,24,120,702,0.0130873521474
transformer,24,120,703,0.0201388870699
transformer,24,120,704,0.0192066879457
transformer,24,120,705,0.0111918853321
transformer,24,120,706,0.0206550476027
transformer,24,120,707,0.0192279191891
transformer,24,120,708,0.0130534002311
transformer,24,120,709,0.0150474860265
transformer,24,120,710,0.0144210523843
transformer,24,120,711,0.013791548672
transformer,24,120,712,0.0144129480532
transformer,24,120,713,0.0129202330749
transformer,24,120,714,0.0172200835241
transformer,24,120,715,0.0175733955898
transformer,24,120,716,0.0245345133924
transformer,24,120,717,0.0167659011237
transformer,24,120,718,0.0134752332542
transformer,24,120,719,0.0245525046621
transformer,24,120,720,0.0192154649348
transformer,24,120,721,0.0129554968205
transformer,24,120,722,0.0210314968055
transformer,24,120,723,0.0126891251849
transformer,24,120,724,0.0130116093609
transformer,24,120,725,0.0227167295821
transformer,24,120,726,0.0122958669813
transformer,24,120,727,0.0173796511708
transformer,24,120,728,0.0149167743934
transformer,24,120,729,0.0159230793941
transformer,24,120,730,0.0220775617158
transformer,24,120,731,0.0165146204192
transformer,24,120,732,0.0154565440327
transformer,24,120,733,0.0140896261421
transformer,24,120,734,0.0113045347286
transformer,24,120,735,0.013877191252
transformer,24,120,736,0.0182566309638
transformer,24,120,737,0.014010491328
transformer,24,120,738,0.0162882294068
transformer,24,120,739,0.0206388135244
transformer,24,120,740,0.0151460927005
transformer,24,120,741,0.0115040199099
transformer,24,120,742,0.0118302139135
transformer,24,120,743,0.0162210621174
transformer,24,120,744,0.01878716273
transformer,24,120,745,0.0137200287457
transformer,24,120,746,0.0259812543746
transformer,24,120,747,0.020115949052
transformer,24,120,748,0.0202377843701
transformer,24,120,749,0.0171716726709
transformer,24,120,750,0.0209923655275
transformer,24,120,751,0.017876660322
transformer,24,120,752,0.0147407571982
transformer,24,120,753,0.0189401990763
transformer,24,120,754,0.0170277521608
transformer,24,120,755,0.0182620073549
transformer,24,120,756,0.0106278750251
transformer,24,120,757,0.0169141498912
transformer,24,120,758,0.0120043709458
transformer,24,120,759,0.0169934648714
transformer,24,120,760,0.0134953407082
transformer,24,120,761,0.0183261333605
transformer,24,120,762,0.0208095345714
transformer,24,120,763,0.015230117184
transformer,24,120,764,0.0220068077792
transformer,24,120,765,0.0145095503127
transformer,24,120,766,0.0221675160066
transformer,24,120,767,0.0202150362467
transformer,24,120,768,0.0153431251096
transformer,24,120,769,0.00942831068714
transformer,24,120,770,0.0181411880324
transformer,24,120,771,0.0253856225949
transformer,24,120,772,0.0192234571489
transformer,24,120,773,0.0233938833222
transformer,24,120,774,0.0173876387228
transformer,24,120,775,0.0180902560252
transformer,24,120,776,0.0169069542484
transformer,24,120,777,0.0183232575678
transformer,24,120,778,0.0173577603414
transformer,24,120,779,0.0194482097126
transformer,24,120,780,0.013359318052
transformer,24,120,781,0.0157319622591
transformer,24,120,782,0.0219606771342
transformer,24,120,783,0.020412494268
transformer,24,120,784,0.0142969115029
transformer,24,120,785,0.0171938603736
transformer,24,120,786,0.0111943482989
transformer,24,120,787,0.00851292189406
transformer,24,120,788,0.0256830345468
transformer,24,120,789,0.0149999122123
transformer,24,120,790,0.0216694546881
transformer,24,120,791,0.012939679677
transformer,24,120,792,0.0194251185101
transformer,24,120,793,0.0138259816019
transformer,24,120,794,0.0125811081177
transformer,24,120,795,0.0148252092927
transformer,24,120,796,0.00940906090165
transformer,24,120,797,0.013610135554
transformer,24,120,798,0.0145748756386
transformer,24,120,799,0.0119873498326
transformer,24,120,800,0.016186539031
transformer,24,120,801,0.0167863300567
transformer,24,120,802,0.0183034845053
transformer,24,120,803,0.0166302584177
transformer,24,120,804,0.0192330591762
transformer,24,120,805,0.0143488513234
transformer,24,120,806,0.0234877441606
transformer,24,120,807,0.0171894524055
transformer,24,120,808,0.0153766759057
transformer,24,120,809,0.0142970982068
transformer,24,120,810,0.0138228860238
transformer,24,120,811,0.0144256328503
transformer,24,120,812,0.0177422392232
transformer,24,120,813,0.0177605894083
transformer,24,120,814,0.0192537595137
transformer,24,120,815,0.0240132178567
transformer,24,120,816,0.0155208338103
transformer,24,120,817,0.0179794831312
transformer,24,120,818,0.0141132640054
transformer,24,120,819,0.0207363575195
transformer,24,120,820,0.0111760714647
transformer,24,120,821,0.00558495429508
transformer,24,120,822,0.0147511976092
transformer,24,120,823,0.0147874199924
transformer,24,120,824,0.0177578223733
transformer,24,120,825,0.0146112330227
transformer,24,120,826,0.0179297133691
transformer,24,120,827,0.0184937761485
transformer,24,120,828,0.0179089124756
transformer,24,120,829,0.011515509709
transformer,24,120,830,0.013124333212
transformer,24,120,831,0.0202355239315
transformer,24,120,832,0.0154063946418
transformer,24,120,833,0.0147991828462
transformer,24,120,834,0.0154563388384
transformer,24,120,835,0.0203154630263
transformer,24,120,836,0.0124714110962
transformer,24,120,837,0.0143480509438
transformer,24,120,838,0.0177925229054
transformer,24,120,839,0.0212110190929
transformer,24,120,840,0.0160021613357
transformer,24,120,841,0.0221096927234
transformer,24,120,842,0.0132324911214
transformer,24,120,843,0.018912289359
transformer,24,120,844,0.0127586325874
transformer,24,120,845,0.0154077067535
transformer,24,120,846,0.0142603853397
transformer,24,120,847,0.0235497641318
transformer,24,120,848,0.0209820982618
transformer,24,120,849,0.0147922826802
transformer,24,120,850,0.0152021503727
transformer,24,120,851,0.0104936463889
transformer,24,120,852,0.0176433470828
transformer,24,120,853,0.017369517747
transformer,24,120,854,0.0153611145862
transformer,24,120,855,0.0152741639122
transformer,24,120,856,0.0134491549585
transformer,24,120,857,0.0240912693892
transformer,24,120,858,0.0216811178383
transformer,24,120,859,0.0239709692722
transformer,24,120,860,0.0185311990199
transformer,24,120,861,0.0130544486886
transformer,24,120,862,0.0146261325278
transformer,24,120,863,0.0143149515914
transformer,24,120,864,0.0228832722299
transformer,24,120,865,0.0171935659629
transformer,24,120,866,0.0180099470382
transformer,24,120,867,0.016838829687
transformer,24,120,868,0.0171752591336
transformer,24,120,869,0.0228170144277
transformer,24,120,870,0.0113886878829
transformer,24,120,871,0.017419177162
transformer,24,120,872,0.0166560232181
transformer,24,120,873,0.0137677950618
transformer,24,120,874,0.0165900288675
transformer,24,120,875,0.0224475267772
transformer,24,120,876,0.020050603403
transformer,24,120,877,0.0235782135791
transformer,24,120,878,0.0135783888038
transformer,24,120,879,0.0216042094358
transformer,24,120,880,0.0139401294377
transformer,24,120,881,0.0212799304002
transformer,24,120,882,0.0172682713428
transformer,24,120,883,0.0140898799115
transformer,24,120,884,0.017916837234
transformer,24,120,885,0.0160893014432
transformer,24,120,886,0.0161516042284
transformer,24,120,887,0.0182104681817
transformer,24,120,888,0.021793206661
transformer,24,120,889,0.0101171882849
transformer,24,120,890,0.0184370105709
transformer,24,120,891,0.0246430469453
transformer,24,120,892,0.0130727526565
transformer,24,120,893,0.0175963206419
transformer,24,120,894,0.0150363566893
transformer,24,120,895,0.0171377212229
transformer,24,120,896,0.0211973452587
transformer,24,120,897,0.0224342837386
transformer,24,120,898,0.0245591167944
transformer,24,120,899,0.0160066928218
transformer,24,120,900,0.0229840512643
transformer,24,120,901,0.0190858355485
transformer,24,120,902,0.0203859108186
transformer,24,120,903,0.0159892848886
transformer,24,120,904,0.0140476459758
transformer,24,120,905,0.0169780429777
transformer,24,120,906,0.0171737431381
transformer,24,120,907,0.0180218636398
transformer,24,120,908,0.0141026646292
transformer,24,120,909,0.0156117561814
transformer,24,120,910,0.0200214419009
transformer,24,120,911,0.0152759811693
transformer,24,120,912,0.0160837369649
transformer,24,120,913,0.014093934113
transformer,24,120,914,0.0185517428063
transformer,24,120,915,0.0155828498408
transformer,24,120,916,0.0118705765607
transformer,24,120,917,0.0150984843468
transformer,24,120,918,0.0147346708487
transformer,24,120,919,0.0155430942156
transformer,24,120,920,0.0153783666296
transformer,24,120,921,0.0163565047223
transformer,24,120,922,0.015067831186
transformer,24,120,923,0.016707268417
transformer,24,120,924,0.0164803364216
transformer,24,120,925,0.0216014403014
transformer,24,120,926,0.0179098967909
transformer,24,120,927,0.0165077258821
transformer,24,120,928,0.0252972756895
transformer,24,120,929,0.0137903711743
transformer,24,120,930,0.020129612489
transformer,24,120,931,0.017414971765
transformer,24,120,932,0.0197904438251
transformer,24,120,933,0.0141044545295
transformer,24,120,934,0.0169898135286
transformer,24,120,935,0.0174216391967
transformer,24,120,936,0.0144681950887
transformer,24,120,937,0.01911349353
transformer,24,120,938,0.0133012654531
transformer,24,120,939,0.0119895041728
transformer,24,120,940,0.0206758124067
transformer,24,120,941,0.0163222814875
transformer,24,120,942,0.0158379928906
transformer,24,120,943,0.0222325994348
transformer,24,120,944,0.014671569012
transformer,24,120,945,0.0194006067926
transformer,24,120,946,0.0146835824582
transformer,24,120,947,0.0156690819995
transformer,24,120,948,0.0174093492671
transformer,24,120,949,0.00948878396601
transformer,24,120,950,0.0141979363615
transformer,24,120,951,0.0183498572379
transformer,24,120,952,0.0253594018731
transformer,24,120,953,0.0207515851712
transformer,24,120,954,0.0165667624043
transformer,24,120,955,0.0174838841108
transformer,24,120,956,0.0141668390161
transformer,24,120,957,0.0231936539102
transformer,24,120,958,0.0139336263742
transformer,24,120,959,0.0102040346913
transformer,24,120,960,0.0176392646203
transformer,24,120,961,0.0164618628934
transformer,24,120,962,0.0204757405148
transformer,24,120,963,0.0195365230294
transformer,24,120,964,0.0135203024467
transformer,24,120,965,0.0130501236865
transformer,24,120,966,0.0211356499399
transformer,24,120,967,0.0183100826195
transformer,24,120,968,0.0192777128234
transformer,24,120,969,0.00864168992185
transformer,24,120,970,0.0130843849691
transformer,24,120,971,0.0224096423627
transformer,24,120,972,0.0110292553393
transformer,24,120,973,0.0196322993471
transformer,24,120,974,0.0238618319446
transformer,24,120,975,0.0146789678234
transformer,24,120,976,0.0151565922361
transformer,24,120,977,0.0133655118134
transformer,24,120,978,0.0156767593842
transformer,24,120,979,0.0161412855441
transformer,24,120,980,0.0204264206606
transformer,24,120,981,0.0141319126987
transformer,24,120,982,0.0223204358491
transformer,24,120,983,0.00927987723441
transformer,24,120,984,0.0213505101694
transformer,24,120,985,0.0138419290442
transformer,24,120,986,0.0255620456971
transformer,24,120,987,0.0144203126726
transformer,24,120,988,0.0215675099345
transformer,24,120,989,0.0117383168923
transformer,24,120,990,0.0123242219906
transformer,24,120,991,0.0170832639049
transformer,24,120,992,0.0227890773657
transformer,24,120,993,0.0154568369729
transformer,24,120,994,0.0163909797169
transformer,24,120,995,0.00982798558854
transformer,24,120,996,0.00772230360345
transformer,24,120,997,0.0181507623842
transformer,24,120,998,0.0242950771309
transformer,24,120,999,0.0169090072345
transformer,48,240,0,0.0192104240975
transformer,48,240,1,0.0178366962145
transformer,48,240,2,0.0152074921721
transformer,48,240,3,0.0167104780177
transformer,48,240,4,0.018066759875
transformer,48,240,5,0.0228957568863
transformer,48,240,6,0.020199964099
transformer,48,240,7,0.0175644689669
transformer,48,240,8,0.0169031337462
transformer,48,240,9,0.0154206440611
transformer,48,240,10,0.0205190603507
transformer,48,240,11,0.017078581005
transformer,48,240,12,0.01277765453
transformer,48,240,13,0.0212659596005
transformer,48,240,14,0.0170869991026
transformer,48,240,15,0.0162375140705
transformer,48,240,16,0.014853844229
transformer,48,240,17,0.0162975567448
transformer,48,240,18,0.0158115243698
transformer,48,240,19,0.0167858595801
transformer,48,240,20,0.0210623307526
transformer,48,240,21,0.0156466806343
transformer,48,240,22,0.0188334040257
transformer,48,240,23,0.015034507638
transformer,48,240,24,0.0182565291485
transformer,48,240,25,0.0117911983252
transformer,48,240,26,0.0150399311102
transformer,48,240,27,0.0112125129843
transformer,48,240,28,0.021376175028
transformer,48,240,29,0.0173326355918
transformer,48,240,30,0.0121278525995
transformer,48,240,31,0.0154005773907
transformer,48,240,32,0.00593866719913
transformer,48,240,33,0.00570382674053
transformer,48,240,34,0.0127622782756
transformer,48,240,35,0.0192230441017
transformer,48,240,36,0.0128058042325
transformer,48,240,37,0.017889720302
transformer,48,240,38,0.0115695827784
transformer,48,240,39,0.00956371870729
transformer,48,240,40,0.0186505802134
transformer,48,240,41,0.0111806316613
transformer,48,240,42,0.0234724072971
transformer,48,240,43,0.0207543897885
transformer,48,240,44,0.0166835275241
transformer,48,240,45,0.0142557704177
transformer,48,240,46,0.0182225952205
transformer,48,240,47,0.019913531833
transformer,48,240,48,0.0162493513227
transformer,48,240,49,0.0118341934307
transformer,48,240,50,0.0155603882763
transformer,48,240,51,0.0164969927958
transformer,48,240,52,0.0152134648372
transformer,48,240,53,0.014615894215
transformer,48,240,54,0.0189390828313
transformer,48,240,55,0.0225128143801
transformer,48,240,56,0.0175585827374
transformer,48,240,57,0.0245526627496
transformer,48,240,58,0.0186510170237
transformer,48,240,59,0.0112893358614
transformer,48,240,60,0.0194446830998
transformer,48,240,61,0.0203945887968
transformer,48,240,62,0.0147857557521
transformer,48,240,63,0.0167414225526
transformer,48,240,64,0.0182984875792
transformer,48,240,65,0.0169421161956
transformer,48,240,66,0.0166094091141
transformer,48,240,67,0.0154095237929
transformer,48,240,68,0.0136012227188
transformer,48,240,69,0.0183462984451
transformer,48,240,70,0.0258690393172
transformer,48,240,71,0.0216149122334
transformer,48,240,72,0.0151250752329
transformer,48,240,73,0.0169932463907
transformer,48,240,74,0.0206053450426
transformer,48,240,75,0.0179845329105
transformer,48,240,76,0.0188649699632
transformer,48,240,77,0.0193243978117
transformer,48,240,78,0.0141658488176
transformer,48,240,79,0.0116181687563
transformer,48,240,80,0.020738826728
transformer,48,240,81,0.0181535958643
transformer,48,240,82,0.0210229149311
transformer,48,240,83,0.0135428386659
transformer,48,240,84,0.0216955700898
transformer,48,240,85,0.0109514946394
transformer,48,240,86,0.016076959846
transformer,48,240,87,0.0174731035231
transformer,48,240,88,0.0211986448723
transformer,48,240,89,0.0163342630501
transformer,48,240,90,0.0154242222832
transformer,48,240,91,0.0169044690541
transformer,48,240,92,0.0226986706725
transformer,48,240,93,0.0239857486676
transformer,48,240,94,0.0112937153163
transformer,48,240,95,0.0230375238245
transformer,48,240,96,0.014886933664
transformer,48,240,97,0.0133486510332
transformer,48,240,98,0.0123193331502
transformer,48,240,99,0.00914529251517
transformer,48,240,100,0.0077887758923
transformer,48,240,101,0.0164739999744
transformer,48,240,102,0.0137722892585
transformer,48,240,103,0.013623132977
transformer,48,240,104,0.0199204143374
transformer,48,240,105,0.016944137506
transformer,48,240,106,0.0146308524782
transformer,48,240,107,0.0242942782271
transformer,48,240,108,0.0174871883439
transformer,48,240,109,0.0196051127335
transformer,48,240,110,0.0171535225383
transformer,48,240,111,0.0213258765766
transformer,48,240,112,0.0190681240876
transformer,48,240,113,0.0066168505933
transformer,48,240,114,0.0124022552119
transformer,48,240,115,0.0187742493565
transformer,48,240,116,0.0194467474548
transformer,48,240,117,0.0148315023475
transformer,48,240,118,0.0171790107076
transformer,48,240,119,0.018409385716
transformer,48,240,120,0.0193834987289
transformer,48,240,121,0.0217025736534
transformer,48,240,122,0.0188371083482
transformer,48,240,123,0.0183694547317
transformer,48,240,124,0.0133932336488
transformer,48,240,125,0.0186493663849
transformer,48,240,126,0.0245768132365
transformer,48,240,127,0.0116035708256
transformer,48,240,128,0.020990055537
transformer,48,240,129,0.0175961900546
transformer,48,240,130,0.0120014503499
transformer,48,240,131,0.0156109784864
transformer,48,240,132,0.0146870685854
transformer,48,240,133,0.0117741762998
transformer,48,240,134,0.0179573988381
transformer,48,240,135,0.016306180842
transformer,48,240,136,0.0235997123058
transformer,48,240,137,0.0205158994932
transformer,48,240,138,0.0122380466142
transformer,48,240,139,0.0166319471643
transformer,48,240,140,0.0150276251201
transformer,48,240,141,0.0171089094457
transformer,48,240,142,0.0213582834605
transformer,48,240,143,0.0133848990116
transformer,48,240,144,0.0169162435364
transformer,48,240,145,0.0178260284601
transformer,48,240,146,0.0186315408324
transformer,48,240,147,0.0169099653115
transformer,48,240,148,0.0178628041289
transformer,48,240,149,0.0252482128944
transformer,48,240,150,0.0192019724069
transformer,48,240,151,0.0203913436547
transformer,48,240,152,0.0130664794802
transformer,48,240,153,0.0198351953217
transformer,48,240,154,0.0182215197893
transformer,48,240,155,0.0234776749507
transformer,48,240,156,0.0112158409853
transformer,48,240,157,0.0205162893665
transformer,48,240,158,0.0251311603535
transformer,48,240,159,0.0224033780464
transformer,48,240,160,0.0172721637637
transformer,48,240,161,0.0156296318243
transformer,48,240,162,0.0140191442514
transformer,48,240,163,0.0186589614703
transformer,48,240,164,0.0156718885272
transformer,48,240,165,0.0189561721859
transformer,48,240,166,0.0179601034836
transformer,48,240,167,0.0227169390545
transformer,48,240,168,0.0191186966827
transformer,48,240,169,0.0119012858165
transformer,48,240,170,0.0104794683232
transformer,48,240,171,0.0169035785232
transformer,48,240,172,0.0178696474142
transformer,48,240,173,0.0174584179365
transformer,48,240,174,0.0171995173562
transformer,48,240,175,0.016307480325
transformer,48,240,176,0.0177523531407
transformer,48,240,177,0.0214771208935
transformer,48,240,178,0.015079354177
transformer,48,240,179,0.0137645568874
transformer,48,240,180,0.0182162147271
transformer,48,240,181,0.0133175828738
transformer,48,240,182,0.0197642536742
transformer,48,240,183,0.0176579532352
transformer,48,240,184,0.0103456502225
transformer,48,240,185,0.0181021586563
transformer,48,240,186,0.0203694389392
transformer,48,240,187,0.0196436155435
transformer,48,240,188,0.0115506947545
transformer,48,240,189,0.0164379806173
transformer,48,240,190,0.0120190098032
transformer,48,240,191,0.0188683185671
transformer,48,240,192,0.0144461033939
transformer,48,240,193,0.0197935437313
transformer,48,240,194,0.0105793027786
transformer,48,240,195,0.0172593379705
transformer,48,240,196,0.00959944699877
transformer,48,240,197,0.0177685644308
transformer,48,240,198,0.0153554213079
transformer,48,240,199,0.0180612113645
transformer,48,240,200,0.0192411577778
transformer,48,240,201,0.0164392409214
transformer,48,240,202,0.0156565973139
transformer,48,240,203,0.0134016628467
transformer,48,240,204,0.0177713340245
transformer,48,240,205,0.0174186595216
transformer,48,240,206,0.0134085982622
transformer,48,240,207,0.0197783740652
transformer,48,240,208,0.0161086170972
transformer,48,240,209,0.0105724559238
transformer,48,240,210,0.0242402432565
transformer,48,240,211,0.0171055401147
transformer,48,240,212,0.0152586440032
transformer,48,240,213,0.020952874201
transformer,48,240,214,0.0199743941768
transformer,48,240,215,0.0210119660365
transformer,48,240,216,0.0168689162238
transformer,48,240,217,0.0170630969321
transformer,48,240,218,0.0238780587948
transformer,48,240,219,0.0237732139906
transformer,48,240,220,0.0137084675768
transformer,48,240,221,0.0209944514676
transformer,48,240,222,0.0151707352009
transformer,48,240,223,0.018730970267
transformer,48,240,224,0.0180656195606
transformer,48,240,225,0.0125434213116
transformer,48,240,226,0.0159452377274
transformer,48,240,227,0.0246435546901
transformer,48,240,228,0.0198244457183
transformer,48,240,229,0.0148658325825
transformer,48,240,230,0.0139758785776
transformer,48,240,231,0.019257639524
transformer,48,240,232,0.0136355116951
transformer,48,240,233,0.017861106639
transformer,48,240,234,0.0174666568639
transformer,48,240,235,0.0175412507028
transformer,48,240,236,0.0156337219227
transformer,48,240,237,0.0163980809456
transformer,48,240,238,0.0244850769952
transformer,48,240,239,0.0117139905753
transformer,48,240,240,0.0191265160887
transformer,48,240,241,0.0123646131216
transformer,48,240,242,0.0122651870463
transformer,48,240,243,0.0110644105123
transformer,48,240,244,0.0142555013174
transformer,48,240,245,0.0190038383031
transformer,48,240,246,0.0130705736691
transformer,48,240,247,0.0222944868814
transformer,48,240,248,0.0181432706824
transformer,48,240,249,0.0188300697327
transformer,48,240,250,0.0159624653618
transformer,48,240,251,0.0174577151614
transformer,48,240,252,0.0194150390611
transformer,48,240,253,0.0145500463621
transformer,48,240,254,0.0211792703447
transformer,48,240,255,0.0186876408425
transformer,48,240,256,0.0160328609241
transformer,48,240,257,0.0101013562066
transformer,48,240,258,0.0086139524817
transformer,48,240,259,0.0148699117506
transformer,48,240,260,0.013163986474
transformer,48,240,261,0.0195511782954
transformer,48,240,262,0.0182647084606
transformer,48,240,263,0.0225056748138
transformer,48,240,264,0.0139573204622
transformer,48,240,265,0.0129020616017
transformer,48,240,266,0.0219227102737
transformer,48,240,267,0.0228873113172
transformer,48,240,268,0.0212857189269
transformer,48,240,269,0.0193251410702
transformer,48,240,270,0.0176960185852
transformer,48,240,271,0.0143129997306
transformer,48,240,272,0.0223230360854
transformer,48,240,273,0.0177489481669
transformer,48,240,274,0.0173065631463
transformer,48,240,275,0.0206586676045
transformer,48,240,276,0.019342878387
transformer,48,240,277,0.0177484227022
transformer,48,240,278,0.0139339725922
transformer,48,240,279,0.0187685442628
transformer,48,240,280,0.0133496347834
transformer,48,240,281,0.0157216650471
transformer,48,240,282,0.0165275911531
transformer,48,240,283,0.0166322632447
transformer,48,240,284,0.0133409077773
transformer,48,240,285,0.0155170381393
transformer,48,240,286,0.0162291849119
transformer,48,240,287,0.0162864542734
transformer,48,240,288,0.0134177667082
transformer,48,240,289,0.00805510274065
transformer,48,240,290,0.0160680074199
transformer,48,240,291,0.0239923426513
transformer,48,240,292,0.0223617987287
transformer,48,240,293,0.0146415493735
transformer,48,240,294,0.0111853354236
transformer,48,240,295,0.0155370411985
transformer,48,240,296,0.018687453843
transformer,48,240,297,0.0124804381587
transformer,48,240,298,0.015975607249
transformer,48,240,299,0.0154242711017
transformer,48,240,300,0.0188396734457
transformer,48,240,301,0.0245046030014
transformer,48,240,302,0.0199747138335
transformer,48,240,303,0.016173905823
transformer,48,240,304,0.0130621004486
transformer,48,240,305,0.0186217459154
transformer,48,240,306,0.0204757345858
transformer,48,240,307,0.0051903509244
transformer,48,240,308,0.0134027005241
transformer,48,240,309,0.0210740050383
transformer,48,240,310,0.0174344596648
transformer,48,240,311,0.00717212175991
transformer,48,240,312,0.0139435216559
transformer,48,240,313,0.0144260509562
transformer,48,240,314,0.0160275750096
transformer,48,240,315,0.0162824560684
transformer,48,240,316,0.0201247995779
transformer,48,240,317,0.0210879740611
transformer,48,240,318,0.0191917260984
transformer,48,240,319,0.0182245984122
transformer,48,240,320,0.0156454192223
transformer,48,240,321,0.0129187926094
transformer,48,240,322,0.0185546831839
transformer,48,240,323,0.0161613306336
transformer,48,240,324,0.0251471701841
transformer,48,240,325,0.0124325146579
transformer,48,240,326,0.0184256335181
transformer,48,240,327,0.0152012881389
transformer,48,240,328,0.0118857157141
transformer,48,240,329,0.0198222726949
transformer,48,240,330,0.0128555881709
transformer,48,240,331,0.00985446777107
transformer,48,240,332,0.0232938731309
transformer,48,240,333,0.0173607045978
transformer,48,240,334,0.0196399935546
transformer,48,240,335,0.0152615221848
transformer,48,240,336,0.0138889966762
transformer,48,240,337,0.0255596160058
transformer,48,240,338,0.0171990872085
transformer,48,240,339,0.0128649066708
transformer,48,240,340,0.0175104420539
transformer,48,240,341,0.0125059203952
transformer,48,240,342,0.0149099760353
transformer,48,240,343,0.0127829072875
transformer,48,240,344,0.00569292622002
transformer,48,240,345,0.0175420283985
transformer,48,240,346,0.0177645988353
transformer,48,240,347,0.0184977517176
transformer,48,240,348,0.0111624620264
transformer,48,240,349,0.0229598439853
transformer,48,240,350,0.0153376400011
transformer,48,240,351,0.0139732148213
transformer,48,240,352,0.0140793518937
transformer,48,240,353,0.0194672070055
transformer,48,240,354,0.0193996087866
transformer,48,240,355,0.0191795269915
transformer,48,240,356,0.0182242213654
transformer,48,240,357,0.0174159893796
transformer,48,240,358,0.0158506589576
transformer,48,240,359,0.015594869277
transformer,48,240,360,0.0163511048109
transformer,48,240,361,0.0173761434732
transformer,48,240,362,0.0189440984377
transformer,48,240,363,0.0123862878774
transformer,48,240,364,0.0179847681527
transformer,48,240,365,0.00967506773555
transformer,48,240,366,0.0212126453777
transformer,48,240,367,0.0133850309059
transformer,48,240,368,0.0267356712148
transformer,48,240,369,0.0134279605804
transformer,48,240,370,0.0182270187092
transformer,48,240,371,0.0134769214242
transformer,48,240,372,0.0138079127417
transformer,48,240,373,0.0175129949069
transformer,48,240,374,0.0227881616761
transformer,48,240,375,0.0141299383707
transformer,48,240,376,0.0186884230898
transformer,48,240,377,0.0170501313844
transformer,48,240,378,0.0124680859969
transformer,48,240,379,0.0152193047639
transformer,48,240,380,0.0124058290964
transformer,48,240,381,0.0108214604505
transformer,48,240,382,0.0173313635135
transformer,48,240,383,0.0177852149667
transformer,48,240,384,0.014845084771
transformer,48,240,385,0.010003220327
transformer,48,240,386,0.0244286997898
transformer,48,240,387,0.0115592929208
transformer,48,240,388,0.0142401070857
transformer,48,240,389,0.0175434523962
transformer,48,240,390,0.0136658690016
transformer,48,240,391,0.0128575462947
transformer,48,240,392,0.0125072074775
transformer,48,240,393,0.0189346985554
transformer,48,240,394,0.0206620924568
transformer,48,240,395,0.0144701296342
transformer,48,240,396,0.0150588355008
transformer,48,240,397,0.0182174652435
transformer,48,240,398,0.0132574815868
transformer,48,240,399,0.0174927947425
transformer,48,240,400,0.0114942050896
transformer,48,240,401,0.0212892575286
transformer,48,240,402,0.00850012548002
transformer,48,240,403,0.0197161466428
transformer,48,240,404,0.019857981278
transformer,48,240,405,0.0175718715971
transformer,48,240,406,0.0177429090276
transformer,48,240,407,0.0178740249325
transformer,48,240,408,0.0185870665724
transformer,48,240,409,0.0199110057019
transformer,48,240,410,0.0139806278368
transformer,48,240,411,0.025228194458
transformer,48,240,412,0.01209133169
transformer,48,240,413,0.018404869871
transformer,48,240,414,0.0213689332308
transformer,48,240,415,0.0185461367873
transformer,48,240,416,0.0156634331368
transformer,48,240,417,0.0229972743046
transformer,48,240,418,0.0134812853976
transformer,48,240,419,0.0148287455334
transformer,48,240,420,0.0109387905474
transformer,48,240,421,0.0206684252036
transformer,48,240,422,0.0129236939591
transformer,48,240,423,0.0185411774914
transformer,48,240,424,0.017870544478
transformer,48,240,425,0.0122751418119
transformer,48,240,426,0.0165817619871
transformer,48,240,427,0.0137886569012
transformer,48,240,428,0.0212857943097
transformer,48,240,429,0.0144067178027
transformer,48,240,430,0.0157805378812
transformer,48,240,431,0.0167640863753
transformer,48,240,432,0.0134198007748
transformer,48,240,433,0.0160837053943
transformer,48,240,434,0.0210996887544
transformer,48,240,435,0.018183388862
transformer,48,240,436,0.0190855471747
transformer,48,240,437,0.0159049131556
transformer,48,240,438,0.0211636517145
transformer,48,240,439,0.0151098137966
transformer,48,240,440,0.0179633338833
transformer,48,240,441,0.0108414142965
transformer,48,240,442,0.0156528997351
transformer,48,240,443,0.0158359381163
transformer,48,240,444,0.0176248040493
transformer,48,240,445,0.0122085519403
transformer,48,240,446,0.01584531601
transformer,48,240,447,0.0170913805806
transformer,48,240,448,0.0206465773412
transformer,48,240,449,0.0135148980706
transformer,48,240,450,0.0138936250611
transformer,48,240,451,0.0185675422868
transformer,48,240,452,0.0195425577728
transformer,48,240,453,0.0130063745161
transformer,48,240,454,0.0186732630449
transformer,48,240,455,0.0153742857245
transformer,48,240,456,0.0171517699425
transformer,48,240,457,0.0160647119481
transformer,48,240,458,0.0213593957692
transformer,48,240,459,0.0151455406252
transformer,48,240,460,0.0224406359334
transformer,48,240,461,0.0175810562564
transformer,48,240,462,0.0195626779118
transformer,48,240,463,0.0230159034303
transformer,48,240,464,0.0134692118508
transformer,48,240,465,0.0158151606117
transformer,48,240,466,0.0218416031496
transformer,48,240,467,0.0181779137619
transformer,48,240,468,0.0189834625856
transformer,48,240,469,0.0165394858981
transformer,48,240,470,0.0190802051268
transformer,48,240,471,0.0159061587762
transformer,48,240,472,0.011534587427
transformer,48,240,473,0.012073914449
transformer,48,240,474,0.0122267419991
transformer,48,240,475,0.0110534928609
transformer,48,240,476,0.0160607909252
transformer,48,240,477,0.0156878153856
transformer,48,240,478,0.014995312711
transformer,48,240,479,0.020697887673
transformer,48,240,480,0.0223047593653
transformer,48,240,481,0.0201759714571
transformer,48,240,482,0.0119106980857
transformer,48,240,483,0.024156990022
transformer,48,240,484,0.0153360474204
transformer,48,240,485,0.0122532054715
transformer,48,240,486,0.0175749837092
transformer,48,240,487,0.0125147993675
transformer,48,240,488,0.0176025488892
transformer,48,240,489,0.0179060272069
transformer,48,240,490,0.0126547569699
transformer,48,240,491,0.0207793945242
transformer,48,240,492,0.00829410513395
transformer,48,240,493,0.0178872198375
transformer,48,240,494,0.0106619531717
transformer,48,240,495,0.0141741122154
transformer,48,240,496,0.0186162646783
transformer,48,240,497,0.0105503472557
transformer,48,240,498,0.0161911041497
transformer,48,240,499,0.0179651065064
transformer,48,240,500,0.0124055051128
transformer,48,240,501,0.0208105283291
transformer,48,240,502,0.0169703626938
transformer,48,240,503,0.0114101090808
transformer,48,240,504,0.0184899495487
transformer,48,240,505,0.0100605662176
transformer,48,240,506,0.0154947121275
transformer,48,240,507,0.0118787595071
transformer,48,240,508,0.0156276286566
transformer,48,240,509,0.0181770485406
transformer,48,240,510,0.0115612745562
transformer,48,240,511,0.0163787228338
transformer,48,240,512,0.0131455406698
transformer,48,240,513,0.018624522972
transformer,48,240,514,0.0180841261066
transformer,48,240,515,0.0178420724934
transformer,48,240,516,0.0190539588099
transformer,48,240,517,0.0210523381872
transformer,48,240,518,0.0204732070301
transformer,48,240,519,0.0111608153169
transformer,48,240,520,0.0162058694988
transformer,48,240,521,0.0162985491015
transformer,48,240,522,0.0117685512837
transformer,48,240,523,0.0120796295178
transformer,48,240,524,0.0187481935813
transformer,48,240,525,0.0191449560503
transformer,48,240,526,0.0246263638636
transformer,48,240,527,0.0201088130929
transformer,48,240,528,0.0130919613962
transformer,48,240,529,0.0213899204022
transformer,48,240,530,0.0191862102382
transformer,48,240,531,0.0123942031964
transformer,48,240,532,0.0179796059709
transformer,48,240,533,0.0139579492092
transformer,48,240,534,0.0141209263641
transformer,48,240,535,0.0200979976824
transformer,48,240,536,0.0199042040709
transformer,48,240,537,0.0124302211266
transformer,48,240,538,0.0121701023433
transformer,48,240,539,0.0111300043628
transformer,48,240,540,0.0121132833016
transformer,48,240,541,0.0167069663621
transformer,48,240,542,0.0151664244413
transformer,48,240,543,0.0180221592873
transformer,48,240,544,0.0144202407294
transformer,48,240,545,0.0175442856868
transformer,48,240,546,0.0136496367753
transformer,48,240,547,0.0193757029941
transformer,48,240,548,0.0143905541457
transformer,48,240,549,0.0179209501377
transformer,48,240,550,0.0139134984339
transformer,48,240,551,0.0173895517731
transformer,48,240,552,0.0149334204795
transformer,48,240,553,0.0137684815417
transformer,48,240,554,0.0143273973796
transformer,48,240,555,0.0165803283673
transformer,48,240,556,0.0109126881509
transformer,48,240,557,0.015655169917
transformer,48,240,558,0.016922714239
transformer,48,240,559,0.019498934158
transformer,48,240,560,0.0177901090194
transformer,48,240,561,0.021428337692
transformer,48,240,562,0.0195696792926
transformer,48,240,563,0.0150719896691
transformer,48,240,564,0.0180994320724
transformer,48,240,565,0.0152800316219
transformer,48,240,566,0.0146018757488
transformer,48,240,567,0.0172158319503
transformer,48,240,568,0.0154502221174
transformer,48,240,569,0.0139137512734
transformer,48,240,570,0.0192549444176
transformer,48,240,571,0.0123116496037
transformer,48,240,572,0.0197194051314
transformer,48,240,573,0.00800135060113
transformer,48,240,574,0.0237314243104
transformer,48,240,575,0.0100214365641
transformer,48,240,576,0.020058508798
transformer,48,240,577,0.0117232722175
transformer,48,240,578,0.012221018792
transformer,48,240,579,0.0178596726733
transformer,48,240,580,0.0225976890266
transformer,48,240,581,0.0187408642275
transformer,48,240,582,0.0175508366071
transformer,48,240,583,0.0234180652203
transformer,48,240,584,0.0138827457221
transformer,48,240,585,0.0120280179284
transformer,48,240,586,0.0187506543079
transformer,48,240,587,0.0156164497944
transformer,48,240,588,0.0230521718416
transformer,48,240,589,0.0182182217005
transformer,48,240,590,0.0194176480748
transformer,48,240,591,0.0204410651943
transformer,48,240,592,0.0194362936964
transformer,48,240,593,0.0160758185165
transformer,48,240,594,0.0167889051736
transformer,48,240,595,0.0146440928049
transformer,48,240,596,0.0164314870136
transformer,48,240,597,0.0172412664899
transformer,48,240,598,0.0196219234481
transformer,48,240,599,0.0227502289216
transformer,48,240,600,0.0176637765247
transformer,48,240,601,0.0198492876028
transformer,48,240,602,0.0151181564231
transformer,48,240,603,0.0147893795305
transformer,48,240,604,0.0148460619534
transformer,48,240,605,0.0142820853547
transformer,48,240,606,0.0245161352445
transformer,48,240,607,0.0144256828652
transformer,48,240,608,0.0188297088904
transformer,48,240,609,0.0147187394067
transformer,48,240,610,0.0192090896591
transformer,48,240,611,0.0185651562833
transformer,48,240,612,0.0186060501693
transformer,48,240,613,0.0141339665613
transformer,48,240,614,0.0160460728938
transformer,48,240,615,0.0160726008696
transformer,48,240,616,0.0243002886366
transformer,48,240,617,0.0205822413771
transformer,48,240,618,0.0168273141383
transformer,48,240,619,0.0234362266475
transformer,48,240,620,0.017308910125
transformer,48,240,621,0.0156297527924
transformer,48,240,622,0.020775682948
transformer,48,240,623,0.0152225861434
transformer,48,240,624,0.0168544323227
transformer,48,240,625,0.0195866024417
transformer,48,240,626,0.0201707575608
transformer,48,240,627,0.0181213080653
transformer,48,240,628,0.0168858472213
transformer,48,240,629,0.0186614447777
transformer,48,240,630,0.0158106733286
transformer,48,240,631,0.0159509806094
transformer,48,240,632,0.0221564884664
transformer,48,240,633,0.0143024763254
transformer,48,240,634,0.0196265798165
transformer,48,240,635,0.0188084770816
transformer,48,240,636,0.0039258218139
transformer,48,240,637,0.0226609561803
transformer,48,240,638,0.0160802038148
transformer,48,240,639,0.0134088459887
transformer,48,240,640,0.0208800554802
transformer,48,240,641,0.00866028707306
transformer,48,240,642,0.0247872814526
transformer,48,240,643,0.0133351895236
transformer,48,240,644,0.016930438777
transformer,48,240,645,0.0158983851521
transformer,48,240,646,0.0153841614068
transformer,48,240,647,0.0100685989236
transformer,48,240,648,0.0143008862428
transformer,48,240,649,0.0133910784253
transformer,48,240,650,0.0162811861146
transformer,48,240,651,0.0150830408277
transformer,48,240,652,0.0197100144791
transformer,48,240,653,0.0201564276896
transformer,48,240,654,0.0174608277154
transformer,48,240,655,0.0156505563221
transformer,48,240,656,0.0169283227988
transformer,48,240,657,0.0190760739514
transformer,48,240,658,0.0110921509041
transformer,48,240,659,0.0175556976957
transformer,48,240,660,0.0129145264048
transformer,48,240,661,0.0240055485397
transformer,48,240,662,0.00891381765169
transformer,48,240,663,0.0182059383339
transformer,48,240,664,0.0202524528427
transformer,48,240,665,0.0229187586959
transformer,48,240,666,0.0211149532634
transformer,48,240,667,0.0163199081819
transformer,48,240,668,0.0183031976288
transformer,48,240,669,0.0161960920852
transformer,48,240,670,0.0133900789751
transformer,48,240,671,0.0102336036457
transformer,48,240,672,0.0161746784874
transformer,48,240,673,0.0158872679728
transformer,48,240,674,0.0110517724678
transformer,48,240,675,0.0165296081618
transformer,48,240,676,0.0202636769804
transformer,48,240,677,0.0143993301093
transformer,48,240,678,0.0179723959868
transformer,48,240,679,0.0126595187641
transformer,48,240,680,0.00977993867514
transformer,48,240,681,0.0140879923682
transformer,48,240,682,0.0120678840278
transformer,48,240,683,0.0210001188086
transformer,48,240,684,0.0157618038444
transformer,48,240,685,0.0133986016978
transformer,48,240,686,0.0177617797736
transformer,48,240,687,0.0202985415955
transformer,48,240,688,0.0197806737086
transformer,48,240,689,0.015383840268
transformer,48,240,690,0.0171845842885
transformer,48,240,691,0.0171018353472
transformer,48,240,692,0.0192719776082
transformer,48,240,693,0.0166212025464
transformer,48,240,694,0.0165939778641
transformer,48,240,695,0.0113619012452
transformer,48,240,696,0.00977074045374
transformer,48,240,697,0.0164951218089
transformer,48,240,698,0.015001610045
transformer,48,240,699,0.0179316333658
transformer,48,240,700,0.0196598188919
transformer,48,240,701,0.0198757801025
transformer,48,240,702,0.0180649615415
transformer,48,240,703,0.0160203935567
transformer,48,240,704,0.0196685094477
transformer,48,240,705,0.0217147210354
transformer,48,240,706,0.0130276529862
transformer,48,240,707,0.0179962944109
transformer,48,240,708,0.0147559058306
transformer,48,240,709,0.0179498417478
transformer,48,240,710,0.0127686543047
transformer,48,240,711,0.0204256106957
transformer,48,240,712,0.0149189029852
transformer,48,240,713,0.0155313151802
transformer,48,240,714,0.0167489082741
transformer,48,240,715,0.01704924269
transformer,48,240,716,0.0199099767179
transformer,48,240,717,0.014670419537
transformer,48,240,718,0.0176508050398
transformer,48,240,719,0.0192823594704
transformer,48,240,720,0.0224411943357
transformer,48,240,721,0.0116056342574
transformer,48,240,722,0.0145368203394
transformer,48,240,723,0.0160100468414
transformer,48,240,724,0.0156215592497
transformer,48,240,725,0.018996492082
transformer,48,240,726,0.0191704192966
transformer,48,240,727,0.0181573595685
transformer,48,240,728,0.0173244425791
transformer,48,240,729,0.0155168250703
transformer,48,240,730,0.00904953065151
transformer,48,240,731,0.0174160916077
transformer,48,240,732,0.0206532787502
transformer,48,240,733,0.0193114105922
transformer,48,240,734,0.0115762112101
transformer,48,240,735,0.0122991503501
transformer,48,240,736,0.0173585645032
transformer,48,240,737,0.0179478504346
transformer,48,240,738,0.0152486000789
transformer,48,240,739,0.0202132304802
transformer,48,240,740,0.016196616491
transformer,48,240,741,0.0138817432187
transformer,48,240,742,0.0252710882779
transformer,48,240,743,0.0203690556661
transformer,48,240,744,0.0188729520704
transformer,48,240,745,0.0180668415985
transformer,48,240,746,0.0149727963994
transformer,48,240,747,0.015961463184
transformer,48,240,748,0.0114870118732
transformer,48,240,749,0.0163876169425
transformer,48,240,750,0.0152987423039
transformer,48,240,751,0.0165473895285
transformer,48,240,752,0.0178025206901
transformer,48,240,753,0.0147146396224
transformer,48,240,754,0.0136466383587
transformer,48,240,755,0.0225608050521
transformer,48,240,756,0.0176970505652
transformer,48,240,757,0.015739019584
transformer,48,240,758,0.0202652520723
transformer,48,240,759,0.0153649144353
transformer,48,240,760,0.0205288316787
transformer,48,240,761,0.0247164226837
transformer,48,240,762,0.0192860819596
transformer,48,240,763,0.0181659606042
transformer,48,240,764,0.0204063266149
transformer,48,240,765,0.0239932712335
transformer,48,240,766,0.0132337379396
transformer,48,240,767,0.0176865735079
transformer,48,240,768,0.016235907145
transformer,48,240,769,0.0171144336573
transformer,48,240,770,0.0176155916888
transformer,48,240,771,0.0265549326216
transformer,48,240,772,0.014877319077
transformer,48,240,773,0.0216387265062
transformer,48,240,774,0.0138372941925
transformer,48,240,775,0.0118791419554
transformer,48,240,776,0.0137168398651
transformer,48,240,777,0.0158501222154
transformer,48,240,778,0.0148906648698
transformer,48,240,779,0.0154677117008
transformer,48,240,780,0.0132066875517
transformer,48,240,781,0.0116671369515
transformer,48,240,782,0.0162392977082
transformer,48,240,783,0.0250065511213
transformer,48,240,784,0.0205705422597
transformer,48,240,785,0.0197088117186
transformer,48,240,786,0.0236861853272
transformer,48,240,787,0.0170205144843
transformer,48,240,788,0.0109060456504
transformer,48,240,789,0.0162641220751
transformer,48,240,790,0.0244843790856
transformer,48,240,791,0.0136287792315
transformer,48,240,792,0.0254373218689
transformer,48,240,793,0.0226732262696
transformer,48,240,794,0.0186222947691
transformer,48,240,795,0.0084263052328
transformer,48,240,796,0.0214949161936
transformer,48,240,797,0.0211031765097
transformer,48,240,798,0.0144684692792
transformer,48,240,799,0.0219446863502
transformer,48,240,800,0.0149550464736
transformer,48,240,801,0.016378584168
transformer,48,240,802,0.01308626763
transformer,48,240,803,0.0227642280297
transformer,48,240,804,0.0200570846259
transformer,48,240,805,0.0165440714721
transformer,48,240,806,0.0129421412523
transformer,48,240,807,0.013449833695
transformer,48,240,808,0.0164601929074
transformer,48,240,809,0.0126315934118
transformer,48,240,810,0.0145075510187
transformer,48,240,811,0.0141448246712
transformer,48,240,812,0.017270440594
transformer,48,240,813,0.0227276886141
transformer,48,240,814,0.0155051663294
transformer,48,240,815,0.0179544229859
transformer,48,240,816,0.0191155569536
transformer,48,240,817,0.0145113748592
transformer,48,240,818,0.0188858908231
transformer,48,240,819,0.0128881114462
transformer,48,240,820,0.0157517913265
transformer,48,240,821,0.0221245654213
transformer,48,240,822,0.0251684859243
transformer,48,240,823,0.0159945157588
transformer,48,240,824,0.016165954846
transformer,48,240,825,0.0185080413449
transformer,48,240,826,0.0256811623448
transformer,48,240,827,0.0204610014896
transformer,48,240,828,0.0189069431158
transformer,48,240,829,0.0154819852088
transformer,48,240,830,0.0240669164264
transformer,48,240,831,0.0225849714075
transformer,48,240,832,0.0143964667413
transformer,48,240,833,0.0189447674273
transformer,48,240,834,0.0170074222085
transformer,48,240,835,0.0210280629766
transformer,48,240,836,0.0159042639529
transformer,48,240,837,0.0194547784847
transformer,48,240,838,0.0180750468705
transformer,48,240,839,0.0192999069949
transformer,48,240,840,0.0225994111258
transformer,48,240,841,0.0162020144327
transformer,48,240,842,0.0148262231921
transformer,48,240,843,0.0133730318885
transformer,48,240,844,0.016522171923
transformer,48,240,845,0.011955803966
transformer,48,240,846,0.0113666840663
transformer,48,240,847,0.0137869658741
transformer,48,240,848,0.0193922254891
transformer,48,240,849,0.008765568449
transformer,48,240,850,0.012245953134
transformer,48,240,851,0.0143414227016
transformer,48,240,852,0.0194791069173
transformer,48,240,853,0.0129158559777
transformer,48,240,854,0.0208307779141
transformer,48,240,855,0.00964660957375
transformer,48,240,856,0.0187044457758
transformer,48,240,857,0.0101761286404
transformer,48,240,858,0.0177745982298
transformer,48,240,859,0.0171095701094
transformer,48,240,860,0.0229244782721
transformer,48,240,861,0.00994239071354
transformer,48,240,862,0.0131983562885
transformer,48,240,863,0.0199024329776
transformer,48,240,864,0.0178604726993
transformer,48,240,865,0.0171530089101
transformer,48,240,866,0.022096372419
transformer,48,240,867,0.0183617718426
transformer,48,240,868,0.0222400276866
transformer,48,240,869,0.0175500881609
transformer,48,240,870,0.0170320582107
transformer,48,240,871,0.0144504725078
transformer,48,240,872,0.0138322053324
transformer,48,240,873,0.0148602765342
transformer,48,240,874,0.0182651174873
transformer,48,240,875,0.016686777344
transformer,48,240,876,0.0107417530907
transformer,48,240,877,0.0154741855068
transformer,48,240,878,0.0188036807083
transformer,48,240,879,0.021439090301
transformer,48,240,880,0.0188002714581
transformer,48,240,881,0.0126461197386
transformer,48,240,882,0.014674595938
transformer,48,240,883,0.0253103492222
transformer,48,240,884,0.0129358044547
transformer,48,240,885,0.0155410784558
transformer,48,240,886,0.0176830096853
transformer,48,240,887,0.0146076064713
transformer,48,240,888,0.0182227553873
transformer,48,240,889,0.0177247618518
transformer,48,240,890,0.0232006717115
transformer,48,240,891,0.0173159519673
transformer,48,240,892,0.0161048965497
transformer,48,240,893,0.0197290712543
transformer,48,240,894,0.0120812068011
transformer,48,240,895,0.0141540310672
transformer,48,240,896,0.0171550940228
transformer,48,240,897,0.0221681300128
transformer,48,240,898,0.0212617495375
transformer,48,240,899,0.0154583489855
transformer,48,240,900,0.0216221076773
transformer,48,240,901,0.0189098736072
transformer,48,240,902,0.0139178457632
transformer,48,240,903,0.0119503918318
transformer,48,240,904,0.0128343433089
transformer,48,240,905,0.0252789290082
transformer,48,240,906,0.0147799245975
transformer,48,240,907,0.0264668169844
transformer,48,240,908,0.0209694366048
transformer,48,240,909,0.0184769089137
transformer,48,240,910,0.0158742954795
transformer,48,240,911,0.015742503041
transformer,48,240,912,0.0135583512486
transformer,48,240,913,0.0191808761058
transformer,48,240,914,0.0156162734773
transformer,48,240,915,0.0161135636539
transformer,48,240,916,0.0218371755582
transformer,48,240,917,0.0165872477086
transformer,48,240,918,0.02073709439
transformer,48,240,919,0.0205423677648
transformer,48,240,920,0.0131088139854
transformer,48,240,921,0.0114607646569
transformer,48,240,922,0.0224675195528
transformer,48,240,923,0.0151346891606
transformer,48,240,924,0.0206146897999
transformer,48,240,925,0.0202293015846
transformer,48,240,926,0.0187051022131
transformer,48,240,927,0.0140336728795
transformer,48,240,928,0.0205004130644
transformer,48,240,929,0.0157319216037
transformer,48,240,930,0.0157243718376
transformer,48,240,931,0.016455990982
transformer,48,240,932,0.0127571316451
transformer,48,240,933,0.0224640563133
transformer,48,240,934,0.0162823107406
transformer,48,240,935,0.0211052423106
transformer,48,240,936,0.0158480548422
transformer,48,240,937,0.0167664492019
transformer,48,240,938,0.0153068039219
transformer,48,240,939,0.0151432272902
transformer,48,240,940,0.0167597719244
transformer,48,240,941,0.0087845900227
transformer,48,240,942,0.0137526279496
transformer,48,240,943,0.0210828066105
transformer,48,240,944,0.011237866414
transformer,48,240,945,0.0165780880724
transformer,48,240,946,0.0182127041025
transformer,48,240,947,0.0175273731272
transformer,48,240,948,0.0193975120462
transformer,48,240,949,0.0118014240048
transformer,48,240,950,0.0195584700076
transformer,48,240,951,0.0277735723513
transformer,48,240,952,0.010906727034
transformer,48,240,953,0.0168606243587
transformer,48,240,954,0.0146404098617
transformer,48,240,955,0.0179877036323
transformer,48,240,956,0.0152966346024
transformer,48,240,957,0.0131117758622
transformer,48,240,958,0.0244464159886
transformer,48,240,959,0.0146003202334
transformer,48,240,960,0.0157476584799
transformer,48,240,961,0.0169992991264
transformer,48,240,962,0.0168922111526
transformer,48,240,963,0.0148811740777
transformer,48,240,964,0.0207001104218
transformer,48,240,965,0.0249167596488
transformer,48,240,966,0.0185946908845
transformer,48,240,967,0.0204982873672
transformer,48,240,968,0.0191468844209
transformer,48,240,969,0.0214860222353
transformer,48,240,970,0.0163455161874
transformer,48,240,971,0.00818104400152
transformer,48,240,972,0.0163685252848
transformer,48,240,973,0.0176414841549
transformer,48,240,974,0.0184622437648
transformer,48,240,975,0.0129802363976
transformer,48,240,976,0.0201307411909
transformer,48,240,977,0.014965506853
transformer,48,240,978,0.0128687025978
transformer,48,240,979,0.0167865573567
transformer,48,240,980,0.0122250153965
transformer,48,240,981,0.0152509293877
transformer,48,240,982,0.0216770831871
transformer,48,240,983,0.0165570649786
transformer,48,240,984,0.0193947904197
transformer,48,240,985,0.0164800960304
transformer,48,240,986,0.0162670173265
transformer,48,240,987,0.0163206063508
transformer,48,240,988,0.0168116571755
transformer,48,240,989,0.0161142034222
transformer,48,240,990,0.0158263969274
transformer,48,240,991,0.0187774423953
transformer,48,240,992,0.0144777946224
transformer,48,240,993,0.014886803093
transformer,48,240,994,0.0181718279505
transformer,48,240,995,0.0144427046332
transformer,48,240,996,0.0147335087246
transformer,48,240,997,0.0204683036586
transformer,48,240,998,0.0152780987372
transformer,48,240,999,0.0159245693592
