model,top_count,cost_bps,cohort,period_count,mean_net_return,annualized_net_return,annualized_volatility,annualized_sharpe,positive_fraction,mean_turnover,cumulative_net_log_return
lightgbm,1,0,0,4341,-1.67901693524e-05,-0.147081883527,0.427907859772,-0.343723257631,0.51531905091,0.69062428012,-0.0728861251586
lightgbm,1,0,1,4341,-3.63485853234e-06,-0.0318413607433,0.429482697421,-0.0741388673735,0.515779774246,0.703985256853,-0.0157789208889
lightgbm,1,0,2,4341,-1.66572973153e-05,-0.145917924482,0.411694247625,-0.354432750334,0.526146049297,0.69799585349,-0.0723093276458
lightgbm,1,0,3,4341,3.43382059494e-05,0.300802684117,0.42062800511,0.715127572255,0.520387007602,0.7000691085,0.149062152026
lightgbm,1,0,4,4341,-2.2865228161e-05,-0.200299398691,0.415090084066,-0.482544407538,0.513015434232,0.694770790141,-0.0992579554471
lightgbm,1,0,5,4341,-2.84390458916e-05,-0.249126042011,0.424637209753,-0.586679726338,0.515549412578,0.706979958535,-0.123453898216
lightgbm,1,0,6,4341,-9.16671443311e-05,-0.803004184341,0.427511855393,-1.87832027161,0.509560009214,0.717806956922,-0.397927073541
lightgbm,1,0,7,4341,-7.64793229823e-06,-0.0669958869325,0.428116340269,-0.156489908538,0.513706519235,0.711817553559,-0.0331996741066
lightgbm,1,0,8,4341,3.1759457026e-05,0.278212843547,0.426177772285,0.652809371206,0.511633264225,0.709974660217,0.13786780295
lightgbm,1,0,9,4341,-7.8930242207e-05,-0.691428921733,0.429469800161,-1.60995935331,0.516701220917,0.695692236812,-0.34263618142
lightgbm,1,0,10,4341,-3.68204039171e-05,-0.322546738313,0.430156623828,-0.749835572549,0.518083390924,0.696383321815,-0.159837373404
lightgbm,1,0,11,4341,2.71689912446e-05,0.238000363303,0.432567542492,0.550203933313,0.523612070951,0.697765491822,0.117940590993
lightgbm,1,0.25,0,4341,-3.40557763554e-05,-0.298328600873,0.427885855086,-0.697215384259,0.512785072564,0.69062428012,-0.147836125159
lightgbm,1,0.25,1,4341,-2.12344899537e-05,-0.186014131994,0.429482123063,-0.433112630317,0.513476157567,0.703985256853,-0.0921789208889
lightgbm,1,0.25,2,4341,-3.41071936526e-05,-0.298779016397,0.411710488028,-0.725701737227,0.523612070951,0.69799585349,-0.148059327646
lightgbm,1,0.25,3,4341,1.68364782369e-05,0.147487549355,0.420599255893,0.350660509473,0.519004837595,0.7000691085,0.0730871520264
lightgbm,1,0.25,4,4341,-4.02344979146e-05,-0.352454201732,0.41508484989,-0.849113625382,0.511633264225,0.694770790141,-0.174657955447
lightgbm,1,0.25,5,4341,-4.6113544855e-05,-0.40395465293,0.424672988721,-0.951213436359,0.511633264225,0.706979958535,-0.200178898216
lightgbm,1,0.25,6,4341,-0.000109612318254,-0.960203907907,0.427521488319,-2.24597811839,0.508408200875,0.717806956922,-0.475827073541
lightgbm,1,0.25,7,4341,-2.54433711372e-05,-0.222883931162,0.428104475801,-0.520629761567,0.510251094218,0.711817553559,-0.110449674107
lightgbm,1,0.25,8,4341,1.40100905205e-05,0.12272839296,0.426158151717,0.287987904175,0.509099285879,0.709974660217,0.0608178029497
lightgbm,1,0.25,9,4341,-9.63225481273e-05,-0.843785521595,0.429448684309,-1.96481105293,0.514167242571,0.695692236812,-0.41813618142
lightgbm,1,0.25,10,4341,-5.42299869624e-05,-0.475054685791,0.430160406785,-1.10436636728,0.514627965906,0.696383321815,-0.235412373404
lightgbm,1,0.25,11,4341,9.72485394906e-06,0.0851897205938,0.43258410636,0.196932155716,0.522460262612,0.697765491822,0.0422155909929
lightgbm,1,0.5,0,4341,-5.13213833584e-05,-0.449575318219,0.427870723471,-1.05072699196,0.51002073255,0.69062428012,-0.222786125159
lightgbm,1,0.5,1,4341,-3.8834121375e-05,-0.340186903245,0.429488494276,-0.792074543973,0.51002073255,0.703985256853,-0.168578920889
lightgbm,1,0.5,2,4341,-5.15570899898e-05,-0.451640108311,0.411733772033,-1.09692266943,0.520847730938,0.69799585349,-0.223809327646
lightgbm,1,0.5,3,4341,-6.65249475596e-07,-0.00582758540622,0.420577528059,-0.0138561502159,0.517161944252,0.7000691085,-0.00288784797356
lightgbm,1,0.5,4,4341,-5.76037676681e-05,-0.504609004772,0.41508658931,-1.2156716641,0.509099285879,0.694770790141,-0.250057955447
lightgbm,1,0.5,5,4341,-6.37880438184e-05,-0.558783263849,0.424715730844,-1.31566415668,0.508638562543,0.706979958535,-0.276903898216
lightgbm,1,0.5,6,4341,-0.000127557492177,-1.11740363147,0.427538053117,-2.61357702157,0.505874222529,0.717806956922,-0.553727073541
lightgbm,1,0.5,7,4341,-4.32388099762e-05,-0.378771975391,0.428099590491,-0.884775374247,0.506795669201,0.711817553559,-0.187699674107
lightgbm,1,0.5,8,4341,-3.73927598487e-06,-0.0327560576274,0.426145605012,-0.0768658816193,0.506795669201,0.709974660217,-0.0162321970503
lightgbm,1,0.5,9,4341,-0.000113714854048,-0.996142121457,0.429434415123,-2.31966066616,0.511402902557,0.695692236812,-0.49363618142
lightgbm,1,0.5,10,4341,-7.16395700078e-05,-0.627562633268,0.430171051565,-1.45886765505,0.511172540889,0.696383321815,-0.310987373404
lightgbm,1,0.5,11,4341,-7.71928334649e-06,-0.0676209221153,0.432607474242,-0.156310110531,0.519004837595,0.697765491822,-0.0335094090071
lightgbm,1,1,0,4341,-8.58525973643e-05,-0.752068752912,0.427861082038,-1.7577405015,0.503800967519,0.69062428012,-0.372686125159
lightgbm,1,1,1,4341,-7.40333842177e-05,-0.648532445747,0.429522071836,-1.50989317726,0.504261690855,0.703985256853,-0.321378920889
lightgbm,1,1,2,4341,-8.64568826643e-05,-0.757362292139,0.411801465708,-1.83914423626,0.516931582585,0.69799585349,-0.375309327646
lightgbm,1,1,3,4341,-3.56687049006e-05,-0.312457854929,0.420555140545,-0.742965249513,0.512785072564,0.7000691085,-0.154837847974
lightgbm,1,1,4,4341,-9.23423071751e-05,-0.808918610854,0.415110988236,-1.94868031389,0.501497350841,0.694770790141,-0.400857955447
lightgbm,1,1,5,4341,-9.91370417451e-05,-0.868440485687,0.424822095806,-2.04424509521,0.503570605851,0.706979958535,-0.430353898216
lightgbm,1,1,6,4341,-0.000163447840023,-1.4318030786,0.427591974768,-3.34852654656,0.501036627505,0.717806956922,-0.709527073541
lightgbm,1,1,7,4341,-7.88296876541e-05,-0.69054806385,0.428110757962,-1.61301263986,0.501036627505,0.711817553559,-0.342199674107
lightgbm,1,1,8,4341,-3.92380089957e-05,-0.343724958802,0.426141735337,-0.806597735681,0.501266989173,0.709974660217,-0.17033219705
lightgbm,1,1,9,4341,-0.000148499465888,-1.30085532118,0.429426419154,-3.0292857243,0.50794747754,0.695692236812,-0.64463618142
lightgbm,1,1,10,4341,-0.000106458736099,-0.932578528224,0.430212924227,-2.16771388237,0.506334945865,0.696383321815,-0.462137373404
lightgbm,1,1,11,4341,-4.26075579376e-05,-0.373242207533,0.432674617318,-0.862639481481,0.515549412578,0.697765491822,-0.184959409007
lightgbm,1,2,0,4341,-0.000154915025376,-1.3570556223,0.427924285907,-3.17125170734,0.49735084082,0.69062428012,-0.672486125159
lightgbm,1,2,1,4341,-0.000144431909903,-1.26522353075,0.429672537634,-2.94462275322,0.491591799125,0.703985256853,-0.626978920889
lightgbm,1,2,2,4341,-0.000156256468013,-1.3688066598,0.412021299543,-3.32217451213,0.507256392536,0.69799585349,-0.678309327646
lightgbm,1,2,3,4341,-0.000105675615751,-0.925718393976,0.420594646443,-2.20097521879,0.504031329187,0.7000691085,-0.458737847974
lightgbm,1,2,4,4341,-0.000161819386189,-1.41753782302,0.415243441846,-3.41375126051,0.489518544114,0.694770790141,-0.702457955447
lightgbm,1,2,5,4341,-0.000169835037599,-1.48775492936,0.425118268277,-3.49962596384,0.493665054135,0.706979958535,-0.737253898216
lightgbm,1,2,6,4341,-0.000235228535716,-2.06060197287,0.427782942527,-4.81693346793,0.4867542041,0.717806956922,-1.02112707354
lightgbm,1,2,7,4341,-0.00015001144301,-1.31410024077,0.428216830453,-3.06877298442,0.490900714121,0.711817553559,-0.651199674107
lightgbm,1,2,8,4341,-0.000110235475017,-0.965662761152,0.426218886231,-2.26564986289,0.492513245796,0.709974660217,-0.47853219705
lightgbm,1,2,9,4341,-0.000218068689569,-1.91028172063,0.429492595304,-4.44776403951,0.495507947478,0.695692236812,-0.94663618142
lightgbm,1,2,10,4341,-0.00017609706828,-1.54261031813,0.430378967029,-3.58430693949,0.497120479152,0.696383321815,-0.764437373404
lightgbm,1,2,11,4341,-0.00011238410712,-0.98448477837,0.432890481673,-2.27421211611,0.505874222529,0.697765491822,-0.487859409007
lightgbm,1,5,0,4341,-0.000362102309412,-3.17201623045,0.428772877617,-7.39789384086,0.470859249021,0.69062428012,-1.57188612516
lightgbm,1,5,1,4341,-0.000355627486959,-3.11529678576,0.430788889544,-7.23160894205,0.46463948399,0.703985256853,-1.54377892089
lightgbm,1,5,2,4341,-0.00036565522406,-3.20313976277,0.413354238582,-7.74913975421,0.471319972357,0.69799585349,-1.58730932765
lightgbm,1,5,3,4341,-0.000315696348301,-2.76550001111,0.42138662138,-6.5628566993,0.471550334024,0.7000691085,-1.37043784797
lightgbm,1,5,4,4341,-0.000370250623231,-3.24339545951,0.416308586243,-7.79084450017,0.457958995623,0.694770790141,-1.60725795545
lightgbm,1,5,5,4341,-0.000381929025159,-3.34569826039,0.426671751339,-7.84138685042,0.461184058973,0.706979958535,-1.65795389822
lightgbm,1,5,6,4341,-0.000450570622792,-3.94699865566,0.429019026262,-9.20005504197,0.455885740613,0.717806956922,-1.95592707354
lightgbm,1,5,7,4341,-0.000363556709078,-3.18475677152,0.429203713208,-7.42015195469,0.464869845658,0.711817553559,-1.57819967411
lightgbm,1,5,8,4341,-0.000323227873082,-2.8314761682,0.427128402705,-6.62909829988,0.464869845658,0.709974660217,-1.40313219705
lightgbm,1,5,9,4341,-0.000426776360613,-3.73856091897,0.43034754292,-8.68730629576,0.459801888966,0.695692236812,-1.85263618142
lightgbm,1,5,10,4341,-0.000385012064825,-3.37270568786,0.431533864452,-7.81562228529,0.465100207326,0.696383321815,-1.6713373734
lightgbm,1,5,11,4341,-0.000321713754666,-2.81821249088,0.434188780445,-6.49075383291,0.476618290716,0.697765491822,-1.39655940901
lightgbm,1,10,0,4341,-0.000707414449472,-6.19695057738,0.432365842395,-14.332655288,0.424326192122,0.69062428012,-3.07088612516
lightgbm,1,10,1,4341,-0.000707620115386,-6.19875221078,0.434843836478,-14.2551226228,0.416954618751,0.703985256853,-3.07177892089
lightgbm,1,10,2,4341,-0.000714653150805,-6.26036160105,0.417793683237,-14.9843376103,0.425478000461,0.69799585349,-3.10230932765
lightgbm,1,10,3,4341,-0.000665730902551,-5.83180270635,0.424933549164,-13.724034541,0.426169085464,0.7000691085,-2.88993784797
lightgbm,1,10,4,4341,-0.000717636018302,-6.28649152032,0.420287543818,-14.9575965617,0.409813407049,0.694770790141,-3.11525795545
lightgbm,1,10,5,4341,-0.000735419004427,-6.44227047878,0.431448375651,-14.9317295935,0.413038470399,0.706979958535,-3.19245389822
lightgbm,1,10,6,4341,-0.000809474101254,-7.09099312698,0.433265772325,-16.3663819759,0.411886662059,0.717806956922,-3.51392707354
lightgbm,1,10,7,4341,-0.000719465485857,-6.30251765611,0.433057002207,-14.5535521282,0.419718958765,0.711817553559,-3.12319967411
lightgbm,1,10,8,4341,-0.000678215203191,-5.94116517995,0.430884828746,-13.7882904748,0.422252937111,0.709974660217,-2.94413219705
lightgbm,1,10,9,4341,-0.000774622479019,-6.7856929162,0.433942622412,-15.6373044862,0.407740152039,0.695692236812,-3.36263618142
lightgbm,1,10,10,4341,-0.000733203725732,-6.42286463741,0.435625561481,-14.7440031195,0.415802810412,0.696383321815,-3.1828373734
lightgbm,1,10,11,4341,-0.000670596500578,-5.87442534506,0.438497537343,-13.3967122841,0.430315595485,0.697765491822,-2.91105940901
lightgbm,2,0,0,4341,4.81346278857e-05,0.421659340278,0.296971419962,1.41986505076,0.51209398756,0.516125316747,0.208952419652
lightgbm,2,0,1,4341,2.32856352105e-05,0.203982164444,0.298401332655,0.683583289088,0.506334945865,0.517507486754,0.101082942449
lightgbm,2,0,2,4341,6.1929341162e-07,0.00542501028579,0.286957826936,0.0189052528858,0.507486754204,0.519465560931,0.00268835269984
lightgbm,2,0,3,4341,2.91195534256e-05,0.255087288008,0.289121433271,0.882284253788,0.508177839208,0.519580741765,0.12640798142
lightgbm,2,0,4,4341,3.43488620169e-05,0.300896031268,0.290983924002,1.03406410612,0.504952775858,0.512900253398,0.149108410015
lightgbm,2,0,5,4341,3.51198985022e-05,0.307650310879,0.294992159703,1.04291012747,0.510942179221,0.51796821009,0.152455479398
lightgbm,2,0,6,4341,-1.0452670282e-05,-0.0915653916704,0.298950726202,-0.30628924316,0.497811564156,0.538815941027,-0.0453750416942
lightgbm,2,0,7,4341,1.30038173098e-05,0.113913439634,0.292129516693,0.389941560591,0.504031329187,0.528564846809,0.0564495709418
lightgbm,2,0,8,4341,2.58670656685e-05,0.226595495256,0.29621728138,0.764963793471,0.515088689242,0.525800506796,0.112288932067
lightgbm,2,0,9,4341,-1.53053681397e-05,-0.134075024903,0.293700460153,-0.456502604162,0.507026030868,0.521653996775,-0.0664406030942
lightgbm,2,0,10,4341,-1.88387120565e-06,-0.0165027117615,0.291366999164,-0.0566389186448,0.505874222529,0.525224602626,-0.00817788490371
lightgbm,2,0,11,4341,5.42444585837e-05,0.475181457193,0.295393939938,1.60863644424,0.516240497581,0.519926284266,0.235475194712
lightgbm,2,0.25,0,4341,3.5231494967e-05,0.308627895911,0.296978164882,1.03922756757,0.509099285879,0.516125316747,0.152939919652
lightgbm,2,0.25,1,4341,1.03479480417e-05,0.0906480248452,0.298397704391,0.303782581137,0.504952775858,0.517507486754,0.044920442449
lightgbm,2,0.25,2,4341,-1.23673456116e-05,-0.108337947558,0.286961925997,-0.37753422229,0.504031329187,0.519465560931,-0.0536866473002
lightgbm,2,0.25,3,4341,1.61300348814e-05,0.141299105562,0.289105065686,0.488746557333,0.505183137526,0.519580741765,0.0700204814204
lightgbm,2,0.25,4,4341,2.15263556819e-05,0.188570875774,0.290995958063,0.648018883249,0.502879520848,0.512900253398,0.0934459100153
lightgbm,2,0.25,5,4341,2.21706932499e-05,0.194215272869,0.295039727941,0.658268207556,0.508408200875,0.51796821009,0.0962429793979
lightgbm,2,0.25,6,4341,-2.39230688077e-05,-0.209566082755,0.298972811808,-0.700953646882,0.49527758581,0.538815941027,-0.103850041694
lightgbm,2,0.25,7,4341,-2.10303860453e-07,-0.00184226181757,0.292135831253,-0.00630618233194,0.502188435844,0.528564846809,-0.000912929058228
lightgbm,2,0.25,8,4341,1.27220529986e-05,0.111445184268,0.296209691786,0.376237467437,0.513015434232,0.525800506796,0.0552264320669
lightgbm,2,0.25,9,4341,-2.8346718059e-05,-0.248317250197,0.293703927801,-0.845467924301,0.503570605851,0.521653996775,-0.123053103094
lightgbm,2,0.25,10,4341,-1.50144862713e-05,-0.131526899737,0.291370458843,-0.451407806608,0.503340244183,0.525224602626,-0.0651778849037
lightgbm,2,0.25,11,4341,4.1246301477e-05,0.361317600939,0.295421593174,1.22305751945,0.515088689242,0.519926284266,0.179050194712
lightgbm,2,0.5,0,4341,2.23283620483e-05,0.195596451543,0.296990626532,0.658594696496,0.507717115872,0.516125316747,0.0969274196516
lightgbm,2,0.5,1,4341,-2.58973912716e-06,-0.0226861147539,0.298399680563,-0.0760259351187,0.503109882516,0.517507486754,-0.011242057551
lightgbm,2,0.5,2,4341,-2.53539846349e-05,-0.222100905402,0.286971922719,-0.773946465903,0.501958074176,0.519465560931,-0.1100616473
lightgbm,2,0.5,3,4341,3.14051633734e-06,0.0275109231151,0.289094563505,0.095162367571,0.503340244183,0.519580741765,0.0136329814204
lightgbm,2,0.5,4,4341,8.70384934698e-06,0.0762457202796,0.291013615275,0.262000526015,0.501266989173,0.512900253398,0.0377834100153
lightgbm,2,0.5,5,4341,9.22148799768e-06,0.0807802348597,0.295092955491,0.273745046625,0.504952775858,0.51796821009,0.0400304793979
lightgbm,2,0.5,6,4341,-3.73934673334e-05,-0.32756677384,0.29900088155,-1.09553781963,0.493434692467,0.538815941027,-0.162325041694
lightgbm,2,0.5,7,4341,-1.34244250307e-05,-0.117597963269,0.292148035425,-0.4025286807,0.50057590417,0.528564846809,-0.0582754290582
lightgbm,2,0.5,8,4341,-4.22959671299e-07,-0.00370512672058,0.296207839266,-0.0125085370116,0.51002073255,0.525800506796,-0.00183606793311
lightgbm,2,0.5,9,4341,-4.13880679784e-05,-0.362559475491,0.293713165749,-1.23439980828,0.501727712509,0.521653996775,-0.179665603094
lightgbm,2,0.5,10,4341,-2.8145101337e-05,-0.246551087712,0.291379830381,-0.846150151812,0.500806265837,0.525224602626,-0.122177884904
lightgbm,2,0.5,11,4341,2.82481443704e-05,0.247453744684,0.295455023105,0.837534397229,0.5132457959,0.519926284266,0.122625194712
lightgbm,2,1,0,4341,-3.47790378908e-06,-0.0304664371923,0.297032696815,-0.102569304723,0.501958074176,0.516125316747,-0.0150975803484
lightgbm,2,1,1,4341,-2.84651134649e-05,-0.249354393952,0.298420445456,-0.835580797995,0.497581202488,0.517507486754,-0.123567057551
lightgbm,2,1,2,4341,-5.13272626814e-05,-0.449626821089,0.287009606321,-1.56659153975,0.497120479152,0.519465560931,-0.2228116473
lightgbm,2,1,3,4341,-2.28385207509e-05,-0.200065441778,0.289091157558,-0.692049675501,0.498041925824,0.519580741765,-0.0991420185796
lightgbm,2,1,4,4341,-1.69411633229e-05,-0.148404590709,0.291065794734,-0.50986613128,0.496890117484,0.512900253398,-0.0735415899847
lightgbm,2,1,5,4341,-1.66769225068e-05,-0.14608984116,0.295216375959,-0.494856834026,0.501727712509,0.51796821009,-0.0723945206021
lightgbm,2,1,6,4341,-6.43342643847e-05,-0.56356815601,0.299074966338,-1.884370875,0.488366735775,0.538815941027,-0.279275041694
lightgbm,2,1,7,4341,-3.98526673712e-05,-0.349109366171,0.2921901093,-1.19480213416,0.49735084082,0.528564846809,-0.173000429058
lightgbm,2,1,8,4341,-2.67129850111e-05,-0.234005748697,0.296221345548,-0.789969231501,0.506104584197,0.525800506796,-0.115961067933
lightgbm,2,1,9,4341,-6.74707678171e-05,-0.591043926078,0.293748950026,-2.01207162111,0.496429394149,0.521653996775,-0.292890603094
lightgbm,2,1,10,4341,-5.44063314683e-05,-0.476599463662,0.291416306397,-1.63545914625,0.49735084082,0.525224602626,-0.236177884904
lightgbm,2,1,11,4341,2.25183015706e-06,0.0197260321758,0.295539204872,0.0667459066365,0.508868924211,0.519926284266,0.00977519471179
lightgbm,2,2,0,4341,-5.50904354638e-05,-0.482592214663,0.297185384404,-1.62387600464,0.493895415803,0.516125316747,-0.239147580348
lightgbm,2,2,1,4341,-8.02158621403e-05,-0.702690952349,0.298529202434,-2.35384326431,0.491131075789,0.517507486754,-0.348217057551
lightgbm,2,2,2,4341,-0.000103273818775,-0.904678652465,0.28715569402,-3.15048132878,0.488827459111,0.519465560931,-0.4483116473
lightgbm,2,2,3,4341,-7.47965949273e-05,-0.655218171564,0.289154734722,-2.2659776683,0.48997926745,0.519580741765,-0.32469201858
lightgbm,2,2,4,4341,-6.82311886627e-05,-0.597705212685,0.291237564649,-2.05229436458,0.487445289104,0.512900253398,-0.296191589985
lightgbm,2,2,5,4341,-6.84737435158e-05,-0.599829993198,0.295530972356,-2.0296687972,0.490209629118,0.51796821009,-0.297244520602
lightgbm,2,2,6,4341,-0.000118215858487,-1.03557092035,0.299294847419,-3.46003591202,0.478921907395,0.538815941027,-0.513175041694
lightgbm,2,2,7,4341,-9.27091520521e-05,-0.812132171977,0.2923448761,-2.77799352193,0.489288182446,0.528564846809,-0.402450429058
lightgbm,2,2,8,4341,-7.92930356906e-05,-0.69460699265,0.296317185416,-2.34413333696,0.498733010827,0.525800506796,-0.344211067933
lightgbm,2,2,9,4341,-0.000119636167495,-1.04801282725,0.293889715466,-3.56600715201,0.486523842433,0.521653996775,-0.519340603094
lightgbm,2,2,10,4341,-0.000106928791731,-0.936696215562,0.291560151577,-3.21270314374,0.490670352453,0.525224602626,-0.464177884904
lightgbm,2,2,11,4341,-4.97407982696e-05,-0.435729392841,0.295776779906,-1.4731697092,0.501497350841,0.519926284266,-0.215924805288
lightgbm,2,5,0,4341,-0.000209928030488,-1.83896954707,0.298190087057,-6.16710490018,0.466021653997,0.516125316747,-0.911297580348
lightgbm,2,5,1,4341,-0.000235468108167,-2.06270062754,0.299391958884,-6.88963269164,0.466021653997,0.517507486754,-1.02216705755
lightgbm,2,5,2,4341,-0.000259113487054,-2.26983414659,0.288157909689,-7.87704959771,0.463718037319,0.519465560931,-1.1248116473
lightgbm,2,5,3,4341,-0.000230670817457,-2.02067636092,0.289907510273,-6.97007248627,0.465560930661,0.519580741765,-1.00134201858
lightgbm,2,5,4,4341,-0.000222101264682,-1.94560707861,0.292290269826,-6.65642096049,0.460723335637,0.512900253398,-0.964141589985
lightgbm,2,5,5,4341,-0.000223864206543,-1.96105044931,0.297013757961,-6.60255761476,0.462335867312,0.51796821009,-0.971794520602
lightgbm,2,5,6,4341,-0.000279860640796,-2.45157921337,0.300525780486,-8.15763362931,0.453121400599,0.538815941027,-1.21487504169
lightgbm,2,5,7,4341,-0.000251278606095,-2.20120058939,0.293372277781,-7.50309676852,0.465330568993,0.528564846809,-1.09080042906
lightgbm,2,5,8,4341,-0.000237033187729,-2.07641072451,0.297154046048,-6.98765758745,0.47523612071,0.525800506796,-1.02896106793
lightgbm,2,5,9,4341,-0.000276132366527,-2.41891953078,0.294863910484,-8.20351167021,0.457728633955,0.521653996775,-1.19869060309
lightgbm,2,5,10,4341,-0.000264496172519,-2.31698647126,0.292557062093,-7.91977624702,0.464409122322,0.525224602626,-1.1481778849
lightgbm,2,5,11,4341,-0.000205718683549,-1.80209566789,0.297040720411,-6.06683038405,0.472241419028,0.519926284266,-0.893024805288
lightgbm,2,10,0,4341,-0.000467990688862,-4.09959843443,0.301663566469,-13.5899687271,0.428933425478,0.516125316747,-2.03154758035
lightgbm,2,10,1,4341,-0.000494221851544,-4.32938341952,0.302598120187,-14.3073705046,0.42340474545,0.517507486754,-2.14541705755
lightgbm,2,10,2,4341,-0.000518846267519,-4.54509330347,0.291683282993,-15.5822893134,0.428242340475,0.519465560931,-2.2523116473
lightgbm,2,10,3,4341,-0.000490461188339,-4.29644000985,0.293015787418,-14.662827719,0.426860170468,0.519580741765,-2.12909201858
lightgbm,2,10,4,4341,-0.000478551391381,-4.1921101885,0.295812091882,-14.1715308588,0.418567150426,0.512900253398,-2.07739158998
lightgbm,2,10,5,4341,-0.000482848311588,-4.22975120951,0.301250371829,-14.0406505852,0.426860170468,0.51796821009,-2.0960445206
lightgbm,2,10,6,4341,-0.000549268611309,-4.81159303507,0.304453178592,-15.8040492706,0.411195577056,0.538815941027,-2.38437504169
lightgbm,2,10,7,4341,-0.0005155610295,-4.51631461842,0.296936796672,-15.2096832357,0.41925823543,0.528564846809,-2.23805042906
lightgbm,2,10,8,4341,-0.000499933441127,-4.37941694427,0.300359621927,-14.5805781622,0.432388850495,0.525800506796,-2.17021106793
lightgbm,2,10,9,4341,-0.000536959364915,-4.70376403665,0.298304102894,-15.7683517961,0.418797512094,0.521653996775,-2.33094060309
lightgbm,2,10,10,4341,-0.000527108473832,-4.61747023077,0.296078729407,-15.5954135578,0.428933425478,0.525224602626,-2.2881778849
lightgbm,2,10,11,4341,-0.000465681825683,-4.07937279298,0.300956476399,-13.5546934952,0.43400138217,0.519926284266,-2.02152480529
lightgbm,3,0,0,4341,5.83288987508e-05,0.510961153057,0.252846113096,2.02083847286,0.525685325962,0.396759579206,0.253205749477
lightgbm,3,0,1,4341,4.90480099971e-05,0.429660567574,0.25625100362,1.67671759917,0.519926284266,0.39952391922,0.212917411397
lightgbm,3,0,2,4341,3.50259352107e-05,0.306827192445,0.247667519515,1.23886730503,0.516470859249,0.395454196422,0.152047584749
lightgbm,3,0,3,4341,4.23904153895e-05,0.371340038812,0.249567753368,1.48793277096,0.520156645934,0.395454196422,0.184016793206
lightgbm,3,0,4,4341,3.15213251463e-05,0.276126808282,0.247660114148,1.11494258667,0.520156645934,0.393688090302,0.13683407246
lightgbm,3,0,5,4341,2.62103828442e-05,0.229602953715,0.254603268021,0.901806781585,0.514167242571,0.394072026415,0.113779271927
lightgbm,3,0,6,4341,8.05384854479e-06,0.0705517132524,0.253679815663,0.278113231311,0.508638562543,0.41042770483,0.0349617565329
lightgbm,3,0,7,4341,2.2656757174e-05,0.198473192844,0.248977714538,0.797152440782,0.50794747754,0.408124088152,0.0983529828924
lightgbm,3,0,8,4341,2.85571930156e-05,0.250161010817,0.249340298737,1.00329153404,0.516701220917,0.399907855333,0.123966774881
lightgbm,3,0,9,4341,1.60107499662e-05,0.140254169704,0.252994589278,0.55437616316,0.521308454273,0.398141749213,0.0695026656034
lightgbm,3,0,10,4341,3.24353226574e-05,0.284133426478,0.251546384934,1.129546849,0.517161944252,0.397527451432,0.140801735656
lightgbm,3,0,11,4341,7.17254612966e-05,0.628315040959,0.253764061875,2.47598117841,0.527067495969,0.396222068648,0.311360227489
lightgbm,3,0.25,0,4341,4.84099092706e-05,0.42407080521,0.252845114247,1.67719596431,0.524303155955,0.396759579206,0.210147416144
lightgbm,3,0.25,1,4341,3.90599120166e-05,0.342164829265,0.256254276546,1.33525509848,0.517853029256,0.39952391922,0.169559078064
lightgbm,3,0.25,2,4341,2.51395803001e-05,0.220222723429,0.247678221298,0.889148518086,0.515088689242,0.395454196422,0.109130918083
lightgbm,3,0.25,3,4341,3.25040604789e-05,0.284735569795,0.249557200982,1.14096314863,0.518774475927,0.395454196422,0.141100126539
lightgbm,3,0.25,4,4341,2.16791228888e-05,0.189909116506,0.24767841874,0.766756819071,0.516931582585,0.393688090302,0.0941090724602
lightgbm,3,0.25,5,4341,1.63585821839e-05,0.143301179931,0.254663032278,0.562708998825,0.51209398756,0.394072026415,0.0710126052602
lightgbm,3,0.25,6,4341,-2.20684407596e-06,-0.0193319541054,0.253701151572,-0.0761997097199,0.506104584197,0.41042770483,-0.00957991013373
lightgbm,3,0.25,7,4341,1.24536549702e-05,0.109094017539,0.248982754571,0.438158930834,0.506795669201,0.408124088152,0.0540613162257
lightgbm,3,0.25,8,4341,1.85594966323e-05,0.162581190499,0.249341139932,0.652043182859,0.514858327574,0.399907855333,0.0805667748808
lightgbm,3,0.25,9,4341,6.05720623591e-06,0.0530611266266,0.253004835751,0.209723764643,0.519926284266,0.398141749213,0.0262943322701
lightgbm,3,0.25,10,4341,2.24971363716e-05,0.197074914615,0.251545758547,0.783455526155,0.515779774246,0.397527451432,0.0976600689889
lightgbm,3,0.25,11,4341,6.18199095804e-05,0.541542407925,0.253776794701,2.13393194032,0.525454964294,0.396222068648,0.268360227489
lightgbm,3,0.5,0,4341,3.84909197905e-05,0.337180457364,0.252848724836,1.33352643001,0.52269062428,0.396759579206,0.16708908281
lightgbm,3,0.5,1,4341,2.90718140361e-05,0.254669090956,0.256262039496,0.993783907508,0.515088689242,0.39952391922,0.126200744731
lightgbm,3,0.5,2,4341,1.52532253896e-05,0.133618254413,0.247693599363,0.539449766794,0.512785072564,0.395454196422,0.0662142514161
lightgbm,3,0.5,3,4341,2.26177055684e-05,0.198131100779,0.249551269861,0.793949479358,0.516470859249,0.395454196422,0.0981834598723
lightgbm,3,0.5,4,4341,1.18369206312e-05,0.10369142473,0.247701192288,0.418614960114,0.514627965906,0.393688090302,0.0513840724602
lightgbm,3,0.5,5,4341,6.50678152349e-06,0.0569994061458,0.254727137871,0.223766523749,0.510711817554,0.394072026415,0.0282459385935
lightgbm,3,0.5,6,4341,-1.24675366967e-05,-0.109215621463,0.25372725317,-0.430444976243,0.50472241419,0.41042770483,-0.0541215768004
lightgbm,3,0.5,7,4341,2.25055276642e-06,0.0197148422339,0.248992649077,0.0791784107159,0.504031329187,0.408124088152,0.00976964955904
lightgbm,3,0.5,8,4341,8.56180024897e-06,0.075001370181,0.249346568181,0.300791668112,0.51209398756,0.399907855333,0.0371667748808
lightgbm,3,0.5,9,4341,-3.89633749441e-06,-0.034131916451,0.253019649954,-0.134898283423,0.519004837595,0.398141749213,-0.0169140010632
lightgbm,3,0.5,10,4341,1.25589500858e-05,0.110016402751,0.251549738754,0.437354470317,0.5132457959,0.397527451432,0.0545184023223
lightgbm,3,0.5,11,4341,5.19143578643e-05,0.454769774891,0.253794056006,1.79188505061,0.523151347616,0.396222068648,0.225360227489
lightgbm,3,1,0,4341,1.86529408302e-05,0.163399761672,0.252869773291,0.646181469401,0.518313752592,0.396759579206,0.0809724161437
lightgbm,3,1,1,4341,9.09561807508e-06,0.0796776143377,0.2562910336,0.310887248837,0.510942179221,0.39952391922,0.0394840780639
lightgbm,3,1,2,4341,-4.51948443152e-06,-0.0395906836201,0.247738380595,-0.159808437938,0.508638562543,0.395454196422,-0.0196190819172
lightgbm,3,1,3,4341,2.84499574729e-06,0.0249221627462,0.24955327247,0.0998671045246,0.5132457959,0.395454196422,0.012350126539
lightgbm,3,1,4,4341,-7.84748388385e-06,-0.0687439588225,0.247760141076,-0.277461735871,0.508868924211,0.393688090302,-0.0340659275398
lightgbm,3,1,5,4341,-1.31968197972e-05,-0.115604141424,0.254868359744,-0.453583730597,0.505183137526,0.394072026415,-0.0572873947398
lightgbm,3,1,6,4341,-3.29889219382e-05,-0.288982956179,0.253793747283,-1.13865278113,0.499884819166,0.41042770483,-0.143204910134
lightgbm,3,1,7,4341,-1.81556516412e-05,-0.159043508377,0.24902699891,-0.638659699842,0.50057590417,0.408124088152,-0.0788136837743
lightgbm,3,1,8,4341,-1.14335925177e-05,-0.100158270455,0.249371184388,-0.401643320179,0.50794747754,0.399907855333,-0.0496332251192
lightgbm,3,1,9,4341,-2.38034249551e-05,-0.208518002606,0.253062978094,-0.823976719855,0.515549412578,0.398141749213,-0.10333066773
lightgbm,3,1,10,4341,-7.31742248585e-06,-0.0641006209761,0.251571517819,-0.25480078799,0.508868924211,0.397527451432,-0.0317649310111
lightgbm,3,1,11,4341,3.21032544319e-05,0.281224508823,0.25384216012,1.10787155566,0.519926284266,0.396222068648,0.139360227489
lightgbm,3,2,0,4341,-2.10230170905e-05,-0.184161629712,0.252967157901,-0.728006082845,0.509790370882,0.396759579206,-0.0912609171896
lightgbm,3,2,1,4341,-3.08567738469e-05,-0.270305338899,0.256402868355,-1.05422119742,0.504952775858,0.39952391922,-0.133949255269
lightgbm,3,2,2,4341,-4.40649040737e-05,-0.386008559686,0.247884002437,-1.55721448698,0.501266989173,0.395454196422,-0.191285748584
lightgbm,3,2,3,4341,-3.67004238949e-05,-0.321495713319,0.24961273015,-1.28797803352,0.505183137526,0.395454196422,-0.159316540128
lightgbm,3,2,4,4341,-4.7216292914e-05,-0.413614725927,0.247931595744,-1.66826146013,0.501266989173,0.393688090302,-0.20496592754
lightgbm,3,2,5,4341,-5.26040224387e-05,-0.460811236563,0.255202740799,-1.80566727113,0.496659755817,0.394072026415,-0.228354061407
lightgbm,3,2,6,4341,-7.40316924212e-05,-0.64851762561,0.253983841168,-2.55338143807,0.490900714121,0.41042770483,-0.3213715768
lightgbm,3,2,7,4341,-5.89680604563e-05,-0.516560209598,0.249153907797,-2.07325750643,0.493895415803,0.408124088152,-0.255980350441
lightgbm,3,2,8,4341,-5.1424378051e-05,-0.450477551726,0.249475431325,-1.80569905956,0.499654457498,0.399907855333,-0.223233225119
lightgbm,3,2,9,4341,-6.36175998763e-05,-0.557290174917,0.253204395302,-2.20094984628,0.507486754204,0.398141749213,-0.276164001063
lightgbm,3,2,10,4341,-4.70701676291e-05,-0.412334668431,0.2516703285,-1.6383920619,0.502879520848,0.397527451432,-0.204331597678
lightgbm,3,2,11,4341,-7.51895243292e-06,-0.0658660233123,0.253992653262,-0.259322553099,0.510942179221,0.396222068648,-0.0326397725113
lightgbm,3,5,0,4341,-0.000140050890852,-1.22684580387,0.253700487882,-4.83580388082,0.483759502419,0.396759579206,-0.60796091719
lightgbm,3,5,1,4341,-0.000150713949613,-1.32025419861,0.257167963765,-5.13382063333,0.480304077402,0.39952391922,-0.654249255269
lightgbm,3,5,2,4341,-0.000162701163,-1.42526218788,0.248767782647,-5.72928766223,0.481225524073,0.395454196422,-0.706285748584
lightgbm,3,5,3,4341,-0.000155336682821,-1.36074934152,0.250233879896,-5.43791009467,0.478921907395,0.395454196422,-0.674316540128
lightgbm,3,5,4,4341,-0.000165322720005,-1.44822702724,0.248872742443,-5.81914681785,0.47523612071,0.393688090302,-0.71766592754
lightgbm,3,5,5,4341,-0.000170825630363,-1.49643252198,0.256618630759,-5.83134793276,0.474775397374,0.394072026415,-0.741554061407
lightgbm,3,5,6,4341,-0.00019716000387,-1.7271216339,0.255009051979,-6.77278559524,0.472241419028,0.41042770483,-0.8558715768
lightgbm,3,5,7,4341,-0.000181405286902,-1.58911031326,0.249998837863,-6.35647080141,0.46993780235,0.408124088152,-0.787480350441
lightgbm,3,5,8,4341,-0.000171396734651,-1.50143539554,0.25022710034,-6.00029090975,0.478921907395,0.399907855333,-0.744033225119
lightgbm,3,5,9,4341,-0.00018306012464,-1.60360669185,0.254065282953,-6.31178991953,0.485141672426,0.398141749213,-0.794664001063
lightgbm,3,5,10,4341,-0.000166328403059,-1.45703681079,0.252407639443,-5.77255432526,0.479612992398,0.397527451432,-0.722031597678
lightgbm,3,5,11,4341,-0.000126385573027,-1.10713761972,0.254876911255,-4.34381291843,0.484450587422,0.396222068648,-0.548639772511
lightgbm,3,10,0,4341,-0.000338430680455,-2.96465276079,0.256376877077,-11.5636511162,0.449896337249,0.396759579206,-1.46912758386
lightgbm,3,10,1,4341,-0.000350475909223,-3.07016896479,0.259858894495,-11.8147541986,0.44874452891,0.39952391922,-1.52141592194
lightgbm,3,10,2,4341,-0.000360428261211,-3.15735156821,0.251710806946,-12.5435677813,0.448514167243,0.395454196422,-1.56461908192
lightgbm,3,10,3,4341,-0.000353063781032,-3.09283872184,0.252730291216,-12.2377048946,0.443446210551,0.395454196422,-1.53264987346
lightgbm,3,10,4,4341,-0.000362166765155,-3.17258086276,0.251844364888,-12.5973867399,0.438147892191,0.393688090302,-1.57216592754
lightgbm,3,10,5,4341,-0.000367861643571,-3.22246799768,0.260328550559,-12.3784655612,0.441142593872,0.394072026415,-1.59688739474
lightgbm,3,10,6,4341,-0.000402373856285,-3.52479498106,0.258212097956,-13.6507739527,0.437917530523,0.41042770483,-1.74670491013
lightgbm,3,10,7,4341,-0.000385467330978,-3.37669381936,0.252934633646,-13.3500650768,0.432158488827,0.408124088152,-1.67331368377
lightgbm,3,10,8,4341,-0.000371350662317,-3.2530318019,0.252926123556,-12.8615888156,0.440681870537,0.399907855333,-1.61203322512
lightgbm,3,10,9,4341,-0.000382130999247,-3.3474675534,0.256937209887,-13.0283486571,0.450357060585,0.398141749213,-1.65883066773
lightgbm,3,10,10,4341,-0.000365092128775,-3.19820704807,0.255089534791,-12.5375862663,0.448514167243,0.397527451432,-1.58486493101
lightgbm,3,10,11,4341,-0.000324496607351,-2.8425902804,0.257774791674,-11.0274176227,0.450126698917,0.396222068648,-1.40863977251
lightgbm,4,0,0,4341,4.62908565932e-05,0.405507903756,0.216265499537,1.87504666544,0.515779774246,0.334830684174,0.200948608471
lightgbm,4,0,1,4341,2.51775660738e-05,0.220555478806,0.217649715318,1.01335064227,0.515549412578,0.336155263764,0.109295814326
lightgbm,4,0,2,4341,1.67512252526e-05,0.146740733213,0.213862744838,0.686144439621,0.518774475927,0.334427551255,0.0727170688214
lightgbm,4,0,3,4341,3.94859017352e-05,0.3458964992,0.21496291169,1.60909850207,0.514858327574,0.331778392076,0.171408299432
lightgbm,4,0,4,4341,9.45626758514e-06,0.0828369040458,0.210450559986,0.393616933362,0.509099285879,0.331605620825,0.0410496575871
lightgbm,4,0,5,4341,9.5497008746e-06,0.0836553796615,0.21501372363,0.389069954462,0.511633264225,0.328783690394,0.0414552514967
lightgbm,4,0,6,4341,-1.10091076615e-05,-0.0964397831151,0.21492284461,-0.448718158789,0.51739230592,0.343757198802,-0.0477905363587
lightgbm,4,0,7,4341,-3.76171445307e-06,-0.0329526186089,0.211467584603,-0.155828226207,0.514627965906,0.340820087537,-0.0163296024408
lightgbm,4,0,8,4341,1.49178621623e-07,0.00130680472542,0.211284532963,0.00618504680438,0.5132457959,0.335176226676,0.000647584396466
lightgbm,4,0,9,4341,-5.33555524248e-07,-0.00467394639241,0.213065619168,-0.021936652242,0.514397604239,0.333851647086,-0.00231616453076
lightgbm,4,0,10,4341,-5.68538292645e-06,-0.0498039544357,0.214051917641,-0.232672311393,0.512554710896,0.33529140751,-0.0246802472837
lightgbm,4,0,11,4341,4.12831372473e-05,0.361640282287,0.2168930765,1.66736664961,0.52269062428,0.334312370422,0.179210098791
lightgbm,4,0.25,0,4341,3.79200894888e-05,0.332179983922,0.216250884664,1.53608612717,0.514397604239,0.334830684174,0.164611108471
lightgbm,4,0.25,1,4341,1.67736844797e-05,0.146937476042,0.217646518935,0.675119807847,0.513936880903,0.336155263764,0.0728145643263
lightgbm,4,0.25,2,4341,8.39053647119e-06,0.0735010994877,0.213869353947,0.343672892498,0.517161944252,0.334427551255,0.0364233188214
lightgbm,4,0.25,3,4341,3.11914419333e-05,0.273237031336,0.214930274713,1.27128219466,0.513015434232,0.331778392076,0.135402049432
lightgbm,4,0.25,4,4341,1.16612706452e-06,0.0102152730852,0.21046379579,0.048536961176,0.507256392536,0.331605620825,0.00506215758709
lightgbm,4,0.25,5,4341,1.33010861476e-06,0.0116517514653,0.21504268736,0.0541834349649,0.510942179221,0.328783690394,0.00577400149666
lightgbm,4,0.25,6,4341,-1.96030376316e-05,-0.171722609653,0.214936348105,-0.79894634466,0.516240497581,0.343757198802,-0.0850967863587
lightgbm,4,0.25,7,4341,-1.22822166415e-05,-0.10759221778,0.21145969782,-0.508807204818,0.512785072564,0.340820087537,-0.0533171024408
lightgbm,4,0.25,8,4341,-8.23022704527e-06,-0.0720967889166,0.211281495196,-0.341235700029,0.512554710896,0.335176226676,-0.0357274156035
lightgbm,4,0.25,9,4341,-8.8798467014e-06,-0.0777874571042,0.213070322809,-0.365078796891,0.512554710896,0.333851647086,-0.0385474145308
lightgbm,4,0.25,10,4341,-1.40676681142e-05,-0.12323277268,0.214057242905,-0.57570008381,0.510711817554,0.33529140751,-0.0610677472837
lightgbm,4,0.25,11,4341,3.29253279868e-05,0.288425873164,0.216899404635,1.32976793389,0.520156645934,0.334312370422,0.142928848791
lightgbm,4,0.5,0,4341,2.95493223845e-05,0.258852064088,0.216240595095,1.19705582559,0.513015434232,0.334830684174,0.128273608471
lightgbm,4,0.5,1,4341,8.36980288559e-06,0.0733194732778,0.217647598828,0.336872419786,0.511172540889,0.336155263764,0.0363333143263
lightgbm,4,0.5,2,4341,2.98476898065e-08,0.000261465762705,0.213880291817,0.00122248646887,0.515779774246,0.334427551255,0.00012956882145
lightgbm,4,0.5,3,4341,2.28969821314e-05,0.200577563471,0.214901886344,0.933344824855,0.511402902557,0.331778392076,0.0993957994324
lightgbm,4,0.5,4,4341,-7.1240134561e-06,-0.0624063578754,0.210481229428,-0.296493697063,0.505413499194,0.331605620825,-0.0309253424129
lightgbm,4,0.5,5,4341,-6.88948364509e-06,-0.060351876731,0.215075766585,-0.280607516547,0.509790370882,0.328783690394,-0.0299072485033
lightgbm,4,0.5,6,4341,-2.81969676016e-05,-0.24700543619,0.214954351955,-1.14910646816,0.513706519235,0.343757198802,-0.122403036359
lightgbm,4,0.5,7,4341,-2.08027188299e-05,-0.18223181695,0.211456361298,-0.861793969362,0.511172540889,0.340820087537,-0.0903046024408
lightgbm,4,0.5,8,4341,-1.66096327122e-05,-0.145500382559,0.211282770228,-0.688652379945,0.511402902557,0.335176226676,-0.0721024156035
lightgbm,4,0.5,9,4341,-1.72261378785e-05,-0.150900967816,0.213079302288,-0.708191580299,0.510711817554,0.333851647086,-0.0747786645308
lightgbm,4,0.5,10,4341,-2.24499533019e-05,-0.196661590925,0.214066836069,-0.918692472577,0.509329647547,0.33529140751,-0.0974552472837
lightgbm,4,0.5,11,4341,2.45675187262e-05,0.215211464042,0.216909898342,0.992169862632,0.51739230592,0.334312370422,0.106647598791
lightgbm,4,1,0,4341,1.28077881758e-05,0.11219622442,0.216232994077,0.518867275082,0.507717115872,0.334830684174,0.055598608471
lightgbm,4,1,1,4341,-8.43796030262e-06,-0.0739165322509,0.217662586933,-0.339592271196,0.507717115872,0.336155263764,-0.0366291856737
lightgbm,4,1,2,4341,-1.6691529873e-05,-0.146217801687,0.213915150917,-0.68353176977,0.511402902557,0.334427551255,-0.0724579311785
lightgbm,4,1,3,4341,6.30806252761e-06,0.0552586277419,0.214857861913,0.257186901377,0.508408200875,0.331778392076,0.0273832994324
lightgbm,4,1,4,4341,-2.37042944973e-05,-0.207649619797,0.210528685781,-0.986324590526,0.501266989173,0.331605620825,-0.102900342413
lightgbm,4,1,5,4341,-2.33286681648e-05,-0.204359133124,0.215154263689,-0.949826090449,0.505643860862,0.328783690394,-0.101269748503
lightgbm,4,1,6,4341,-4.53848275417e-05,-0.397571089266,0.215003855918,-1.84913469374,0.510481455886,0.343757198802,-0.197015536359
lightgbm,4,1,7,4341,-3.78437232068e-05,-0.331511015292,0.211463339604,-1.56769970583,0.507717115872,0.340820087537,-0.164279602441
lightgbm,4,1,8,4341,-3.3368444046e-05,-0.292307569843,0.211298258108,-1.38338845033,0.506795669201,0.335176226676,-0.144852415604
lightgbm,4,1,9,4341,-3.39187202328e-05,-0.29712798924,0.21311008634,-1.39424648707,0.506334945865,0.333851647086,-0.147241164531
lightgbm,4,1,10,4341,-3.92145236774e-05,-0.343519227414,0.214098823552,-1.60448909394,0.505413499194,0.33529140751,-0.170230247284
lightgbm,4,1,11,4341,7.85190020517e-06,0.0687826457973,0.216943379817,0.317053444338,0.515088689242,0.334312370422,0.0340850987906
lightgbm,4,2,0,4341,-2.06752802416e-05,-0.181115454917,0.216269705461,-0.837451803665,0.501727712509,0.334830684174,-0.089751391529
lightgbm,4,2,1,4341,-4.2053486679e-05,-0.368388543308,0.217743858769,-1.69184355137,0.501727712509,0.336155263764,-0.182554185674
lightgbm,4,2,2,4341,-5.01342849985e-05,-0.439176336587,0.21403676745,-2.05187333849,0.503570605851,0.334427551255,-0.217632931179
lightgbm,4,2,3,4341,-2.68697766799e-05,-0.235379243716,0.214820853568,-1.09570016042,0.50057590417,0.331778392076,-0.116641700568
lightgbm,4,2,4,4341,-5.68648565798e-05,-0.498136143639,0.210673909829,-2.36448900599,0.493434692467,0.331605620825,-0.246850342413
lightgbm,4,2,5,4341,-5.62070372042e-05,-0.492373645909,0.215360544604,-2.28627600666,0.497581202488,0.328783690394,-0.243994748503
lightgbm,4,2,6,4341,-7.9760547422e-05,-0.698702395416,0.215156799496,-3.2474102471,0.500115180834,0.343757198802,-0.346240536359
lightgbm,4,2,7,4341,-7.19257319606e-05,-0.630069411974,0.211531889139,-2.97860249127,0.499654457498,0.340820087537,-0.312229602441
lightgbm,4,2,8,4341,-6.68860667136e-05,-0.585921944411,0.211380966329,-2.77187655345,0.500345542502,0.335176226676,-0.290352415604
lightgbm,4,2,9,4341,-6.73038849414e-05,-0.589582032087,0.213222923504,-2.76509684043,0.499654457498,0.333851647086,-0.292166164531
lightgbm,4,2,10,4341,-7.27436644284e-05,-0.637234500393,0.214213971019,-2.97475695615,0.498272287491,0.33529140751,-0.315780247284
lightgbm,4,2,11,4341,-2.5579336837e-05,-0.224074990692,0.217060286989,-1.03231684524,0.510942179221,0.334312370422,-0.111039901209
lightgbm,4,5,0,4341,-0.000121124485494,-1.06105049293,0.216794457562,-4.89426946084,0.483759502419,0.334830684174,-0.525801391529
lightgbm,4,5,1,4341,-0.000142900065808,-1.25180457648,0.218396990662,-5.73178491465,0.47938263073,0.336155263764,-0.620329185674
lightgbm,4,5,2,4341,-0.000150462550375,-1.31805194129,0.214815369803,-6.13574318493,0.485602395761,0.334427551255,-0.653157931179
lightgbm,4,5,3,4341,-0.000126403294303,-1.10729285809,0.215118105472,-5.14737174568,0.478691545727,0.331778392076,-0.548716700568
lightgbm,4,5,4,4341,-0.000156346542827,-1.36959571517,0.211510470114,-6.47530930469,0.47408431237,0.331605620825,-0.678700342413
lightgbm,4,5,5,4341,-0.000154842144322,-1.35641718426,0.216371652624,-6.26892279008,0.473623589035,0.328783690394,-0.672169748503
lightgbm,4,5,6,4341,-0.000182887707063,-1.60209631387,0.216045336931,-7.41555608941,0.475466482377,0.343757198802,-0.793915536359
lightgbm,4,5,7,4341,-0.000174171758222,-1.52574460202,0.21217322477,-7.19103272185,0.476387929049,0.340820087537,-0.756079602441
lightgbm,4,5,8,4341,-0.000167438934716,-1.46676506811,0.212041845592,-6.91733777368,0.475696844045,0.335176226676,-0.726852415604
lightgbm,4,5,9,4341,-0.000167459379067,-1.46694416063,0.213970245608,-6.85583248485,0.481686247408,0.333851647086,-0.726941164531
lightgbm,4,5,10,4341,-0.000173331086681,-1.51838031933,0.2149674412,-7.06330368383,0.478921907395,0.33529140751,-0.752430247284
lightgbm,4,5,11,4341,-0.000125873047963,-1.10264790016,0.217809253663,-5.0624474471,0.48790601244,0.334312370422,-0.546414901209
lightgbm,4,10,0,4341,-0.000288539827581,-2.52760888961,0.219037247403,-11.5396304491,0.451739230592,0.334830684174,-1.25255139153
lightgbm,4,10,1,4341,-0.00031097769769,-2.72416463177,0.22083403318,-12.3358007484,0.446901635568,0.336155263764,-1.34995418567
lightgbm,4,10,2,4341,-0.000317676326003,-2.78284461579,0.217473467882,-12.7962488614,0.456116102281,0.334427551255,-1.37903293118
lightgbm,4,10,3,4341,-0.00029229249034,-2.56048221538,0.216965013666,-11.8013599157,0.445749827229,0.331778392076,-1.26884170057
lightgbm,4,10,4,4341,-0.00032214935324,-2.82202833438,0.214221625734,-13.1734054614,0.439990785533,0.331605620825,-1.39845034241
lightgbm,4,10,5,4341,-0.000319233989519,-2.79648974819,0.219342794761,-12.7494032856,0.442524763879,0.328783690394,-1.3857947485
lightgbm,4,10,6,4341,-0.000354766306464,-3.10775284462,0.218936933187,-14.1947400074,0.443906933886,0.343757198802,-1.54004053636
lightgbm,4,10,7,4341,-0.000344581801991,-3.01853658544,0.214676971231,-14.0608308759,0.438147892191,0.340820087537,-1.49582960244
lightgbm,4,10,8,4341,-0.000335027048054,-2.93483694096,0.214502472244,-13.6820658067,0.441603317208,0.335176226676,-1.4543524156
lightgbm,4,10,9,4341,-0.00033438520261,-2.92921437487,0.216560519068,-13.5260775485,0.447823082239,0.333851647086,-1.45156616453
lightgbm,4,10,10,4341,-0.000340976790436,-2.98695668422,0.217565361269,-13.7290084543,0.448283805575,0.33529140751,-1.48018024728
lightgbm,4,10,11,4341,-0.000293029233174,-2.56693608261,0.220367882273,-11.6484129,0.454733932274,0.334312370422,-1.27203990121
lightgbm,5,0,0,4341,4.13773283889e-05,0.362465396687,0.18920851672,1.91569281854,0.517622667588,0.305551716194,0.179618982536
lightgbm,5,0,1,4341,3.21124766227e-05,0.281305295215,0.192256472751,1.46317724023,0.514397604239,0.304814558857,0.139400261019
lightgbm,5,0,2,4341,2.56497374186e-05,0.224691699787,0.187348025368,1.19932782502,0.514627965906,0.304906703525,0.111345510134
lightgbm,5,0,3,4341,4.06066043775e-05,0.355713854347,0.18798533979,1.89224252671,0.516240497581,0.304998848192,0.176273269603
lightgbm,5,0,4,4341,2.11854866419e-05,0.185584862983,0.183517501291,1.01126520183,0.509560009214,0.30057590417,0.0919661975123
lightgbm,5,0,5,4341,2.05464408976e-05,0.179986822263,0.186327601143,0.965969728362,0.512785072564,0.30200414651,0.0891920999364
lightgbm,5,0,6,4341,6.5037620105e-06,0.056972955212,0.187818476901,0.303340524064,0.522229900944,0.315226906243,0.0282328308876
lightgbm,5,0,7,4341,1.20200682841e-05,0.105295798169,0.184046115109,0.57211638565,0.505413499194,0.309974660217,0.0521791164215
lightgbm,5,0,8,4341,1.59365233134e-05,0.139603944225,0.183990133718,0.758757773605,0.514858327574,0.306427090532,0.0691804477035
lightgbm,5,0,9,4341,3.52967962803e-07,0.00309199935415,0.187222671466,0.0165150904532,0.511863625893,0.307624971205,0.00153223392653
lightgbm,5,0,10,4341,6.9989259141e-08,0.000613105910076,0.185999293046,0.00329628086234,0.511863625893,0.307164247869,0.000303823373931
lightgbm,5,0,11,4341,3.90088401024e-05,0.341717439297,0.188834494422,1.80961344136,0.521538815941,0.303985256853,0.169337374885
lightgbm,5,0.25,0,4341,3.3738535484e-05,0.29554957084,0.189193642348,1.56215381855,0.515549412578,0.305551716194,0.146458982536
lightgbm,5,0.25,1,4341,2.44921126513e-05,0.214550906825,0.192253253615,1.11598062863,0.513015434232,0.304814558857,0.106320261019
lightgbm,5,0.25,2,4341,1.80270698305e-05,0.157917131715,0.187353562072,0.842882996023,0.5132457959,0.304906703525,0.0782555101341
lightgbm,5,0.25,3,4341,3.29816331727e-05,0.288919106593,0.187963119164,1.53710529958,0.513936880903,0.304998848192,0.143173269603
lightgbm,5,0.25,4,4341,1.36710890376e-05,0.11975873997,0.183527186131,0.652539509235,0.507717115872,0.30057590417,0.0593461975123
lightgbm,5,0.25,5,4341,1.29963372348e-05,0.113847914177,0.186352024968,0.610929310787,0.510711817554,0.30200414651,0.0564170999364
lightgbm,5,0.25,6,4341,-1.37691064557e-06,-0.0120617372552,0.187830860378,-0.0642159506214,0.519695922598,0.315226906243,-0.00597716911242
lightgbm,5,0.25,7,4341,4.27070177873e-06,0.0374113475816,0.184038227307,0.203280308277,0.503570605851,0.309974660217,0.0185391164215
lightgbm,5,0.25,8,4341,8.2758460501e-06,0.0724964113988,0.183986635633,0.394030855282,0.513936880903,0.306427090532,0.0359254477035
lightgbm,5,0.25,9,4341,-7.33765631732e-06,-0.0642778693397,0.187225238152,-0.343318400735,0.511172540889,0.307624971205,-0.0318527660735
lightgbm,5,0.25,10,4341,-7.60911693759e-06,-0.0666558643733,0.186001293033,-0.358362370962,0.510942179221,0.307164247869,-0.0330311766261
lightgbm,5,0.25,11,4341,3.14092086811e-05,0.275144668046,0.188839180018,1.45703168177,0.520156645934,0.303985256853,0.136347374885
lightgbm,5,0.5,0,4341,2.60997425792e-05,0.228633744993,0.189182991837,1.20853224052,0.514397604239,0.305551716194,0.113298982536
lightgbm,5,0.5,1,4341,1.68717486799e-05,0.147796518436,0.192254195853,0.768755749544,0.510942179221,0.304814558857,0.0732402610193
lightgbm,5,0.5,2,4341,1.04044022424e-05,0.0911425636431,0.187363360563,0.486448168783,0.511633264225,0.304906703525,0.0451655101341
lightgbm,5,0.5,3,4341,2.5356661968e-05,0.222124358839,0.187945159678,1.18185729933,0.5132457959,0.304998848192,0.110073269603
lightgbm,5,0.5,4,4341,6.15669143339e-06,0.0539326169565,0.183540995333,0.293845071825,0.504952775858,0.30057590417,0.0267261975123
lightgbm,5,0.5,5,4341,5.44623357209e-06,0.0477090060915,0.18638049614,0.255976387442,0.509329647547,0.30200414651,0.0236420999364
lightgbm,5,0.5,6,4341,-9.25758330164e-06,-0.0810964297224,0.187847695864,-0.431713731433,0.517853029256,0.315226906243,-0.0401871691124
lightgbm,5,0.5,7,4341,-3.47866472669e-06,-0.0304731030058,0.184034844316,-0.165583333521,0.501497350841,0.309974660217,-0.0151008835785
lightgbm,5,0.5,8,4341,6.15168786792e-07,0.0053888785723,0.18398743269,0.0292893840275,0.5132457959,0.306427090532,0.00267044770346
lightgbm,5,0.5,9,4341,-1.50282805974e-05,-0.131647738034,0.187232108094,-0.703125865396,0.508638562543,0.307624971205,-0.0652377660735
lightgbm,5,0.5,10,4341,-1.52882231343e-05,-0.133924834657,0.186007507625,-0.719996931127,0.510251094218,0.307164247869,-0.0663661766261
lightgbm,5,0.5,11,4341,2.38095772598e-05,0.208571896796,0.188847930115,1.10444364769,0.518774475927,0.303985256853,0.103357374885
lightgbm,5,1,0,4341,1.08221567694e-05,0.0948020933003,0.189174364963,0.501136046201,0.51209398756,0.305551716194,0.0469789825362
lightgbm,5,1,1,4341,1.63102073699e-06,0.0142877416561,0.19226856393,0.0743113765662,0.506104584197,0.304814558857,0.00708026101929
lightgbm,5,1,2,4341,-4.84093293387e-06,-0.0424065725007,0.187395739942,-0.226294218395,0.507256392536,0.304906703525,-0.0210144898659
lightgbm,5,1,3,4341,1.01067195584e-05,0.0885348633314,0.187922028719,0.471125519103,0.509560009214,0.304998848192,0.0438732696029
lightgbm,5,1,4,4341,-8.87210377509e-06,-0.0777196290698,0.183580982818,-0.423353377222,0.501958074176,0.30057590417,-0.0385138024877
lightgbm,5,1,5,4341,-9.65397375341e-06,-0.0845688100799,0.186449572849,-0.453574705415,0.505643860862,0.30200414651,-0.0419079000636
lightgbm,5,1,6,4341,-2.50189286138e-05,-0.219165814657,0.18789471776,-1.16642882392,0.51209398756,0.315226906243,-0.108607169112
lightgbm,5,1,7,4341,-1.89773977375e-05,-0.166242004181,0.184041593429,-0.903284964463,0.497120479152,0.309974660217,-0.0823808835785
lightgbm,5,1,8,4341,-1.47061857398e-05,-0.128826187081,0.184001911709,-0.700135046882,0.51002073255,0.306427090532,-0.0638395522965
lightgbm,5,1,9,4341,-3.04095291577e-05,-0.266387475421,0.187258755555,-1.42256352517,0.50472241419,0.307624971205,-0.132007766073
lightgbm,5,1,10,4341,-3.06464355278e-05,-0.268462775223,0.186032578648,-1.44309548991,0.506104584197,0.307164247869,-0.133036176626
lightgbm,5,1,11,4341,8.61031441711e-06,0.0754263542939,0.188877621289,0.39933981474,0.515549412578,0.303985256853,0.0373773748847
lightgbm,5,2,0,4341,-1.973301485e-05,-0.172861210086,0.189207809963,-0.913605046849,0.50472241419,0.305551716194,-0.0856610174638
lightgbm,5,2,1,4341,-2.88504351487e-05,-0.252729811903,0.192347215771,-1.3139249814,0.497120479152,0.304814558857,-0.125239738981
lightgbm,5,2,2,4341,-3.53316032863e-05,-0.309504844788,0.187511591283,-1.65059046574,0.502188435844,0.304906703525,-0.153374489866
lightgbm,5,2,3,4341,-2.03931652608e-05,-0.178644127685,0.187926934802,-0.950604168968,0.502188435844,0.304998848192,-0.0885267303971
lightgbm,5,2,4,4341,-3.8929694192e-05,-0.341024121122,0.183710390596,-1.8563137339,0.49527758581,0.30057590417,-0.168993802488
lightgbm,5,2,5,4341,-3.98543884044e-05,-0.349124442423,0.186636195327,-1.87061487087,0.498502649159,0.30200414651,-0.173007900064
lightgbm,5,2,6,4341,-5.65416192381e-05,-0.495304584525,0.188042111876,-2.63400883761,0.503340244183,0.315226906243,-0.245447169112
lightgbm,5,2,7,4341,-4.99748637592e-05,-0.43777980653,0.184109138159,-2.3778276891,0.490209629118,0.309974660217,-0.216940883579
lightgbm,5,2,8,4341,-4.5348894793e-05,-0.397256318387,0.184082388862,-2.15803543643,0.504031329187,0.306427090532,-0.196859552297
lightgbm,5,2,9,4341,-6.11720262782e-05,-0.535866950197,0.187363648862,-2.86003690391,0.499654457498,0.307624971205,-0.265547766073
lightgbm,5,2,10,4341,-6.13628603147e-05,-0.537538656357,0.186133258202,-2.88792374641,0.49942409583,0.307164247869,-0.266376176626
lightgbm,5,2,11,4341,-2.17882112682e-05,-0.19086473071,0.188985735238,-1.00994252539,0.508638562543,0.303985256853,-0.0945826251153
lightgbm,5,5,0,4341,-0.000111398529708,-0.975851120245,0.189713006721,-5.14382823357,0.483068417415,0.305551716194,-0.483581017464
lightgbm,5,5,1,4341,-0.000120294802806,-1.05378247258,0.192981377073,-5.46053970888,0.475466482377,0.304814558857,-0.522199738981
lightgbm,5,5,2,4341,-0.000126803614344,-1.11079966165,0.188266338165,-5.9001501409,0.478691545727,0.304906703525,-0.550454489866
lightgbm,5,5,3,4341,-0.000111892819718,-0.980181100732,0.18835053206,-5.20402618465,0.482377332412,0.304998848192,-0.485726730397
lightgbm,5,5,4,4341,-0.000129102465443,-1.13093759728,0.184492430797,-6.12999456071,0.471319972357,0.30057590417,-0.560433802488
lightgbm,5,5,5,4341,-0.000130455632357,-1.14279133945,0.187581703573,-6.0922324389,0.476157567381,0.30200414651,-0.566307900064
lightgbm,5,5,6,4341,-0.000151109691111,-1.32372089413,0.188909146284,-7.00718265987,0.479152269062,0.315226906243,-0.655967169112
lightgbm,5,5,7,4341,-0.000142967261824,-1.25239321358,0.184742958664,-6.77911203024,0.468325270675,0.309974660217,-0.620620883579
lightgbm,5,5,8,4341,-0.000137277021953,-1.20254671231,0.184734734243,-6.50958639278,0.481225524073,0.306427090532,-0.595919552297
lightgbm,5,5,9,4341,-0.00015345951764,-1.34430537452,0.188089655307,-7.1471520979,0.475466482377,0.307624971205,-0.666167766073
lightgbm,5,5,10,4341,-0.000153512134675,-1.34476629976,0.186838206454,-7.19749094833,0.476618290716,0.307164247869,-0.666396176626
lightgbm,5,5,11,4341,-0.000112983788324,-0.98973798572,0.189698554503,-5.21742502631,0.489748905782,0.303985256853,-0.490462625115
lightgbm,5,10,0,4341,-0.000264174387806,-2.31416763718,0.191889611075,-12.0598901848,0.450126698917,0.305551716194,-1.14678101746
lightgbm,5,10,1,4341,-0.000272702082235,-2.38887024038,0.19534868036,-12.2287503349,0.446210550564,0.304814558857,-1.18379973898
lightgbm,5,10,2,4341,-0.000279256966106,-2.44629102309,0.190861114472,-12.8171263689,0.44874452891,0.304906703525,-1.21225448987
lightgbm,5,10,3,4341,-0.000264392243814,-2.31607605581,0.190405971492,-12.1638835046,0.447592720571,0.304998848192,-1.1477267304
lightgbm,5,10,4,4341,-0.000279390417528,-2.44746005754,0.187087948468,-13.0818691294,0.437917530523,0.30057590417,-1.21283380249
lightgbm,5,10,5,4341,-0.000281457705612,-2.46556950116,0.190419967845,-12.9480617451,0.439760423865,0.30200414651,-1.22180790006
lightgbm,5,10,6,4341,-0.000308723144232,-2.70441474347,0.191746461077,-14.1041181583,0.444137295554,0.315226906243,-1.34016716911
lightgbm,5,10,7,4341,-0.000297954591932,-2.61008222533,0.187217051766,-13.9414770221,0.435383552177,0.309974660217,-1.29342088358
lightgbm,5,10,8,4341,-0.000290490567219,-2.54469736884,0.187172858623,-13.5954399989,0.445289103893,0.306427090532,-1.2610195523
lightgbm,5,10,9,4341,-0.000307272003242,-2.6917027484,0.190650654862,-14.118507751,0.445058742225,0.307624971205,-1.33386776607
lightgbm,5,10,10,4341,-0.00030709425861,-2.69014570542,0.189336864873,-14.2082510304,0.442985487215,0.307164247869,-1.33309617663
lightgbm,5,10,11,4341,-0.000264976416751,-2.32119341074,0.192163175111,-12.0792831894,0.453351762267,0.303985256853,-1.15026262512
lightgbm,6,0,0,4341,4.43190515402e-05,0.388234891492,0.166056582686,2.33796748803,0.515088689242,0.273362512478,0.192389002736
lightgbm,6,0,1,4341,4.01495798871e-05,0.351710319811,0.167318966505,2.10203497642,0.516701220917,0.269676725793,0.17428932629
lightgbm,6,0,2,4341,2.27958567584e-05,0.199691705204,0.165916192244,1.20356972097,0.52269062428,0.266797204945,0.0989568141882
lightgbm,6,0,3,4341,3.43951976475e-05,0.301301931392,0.165392170989,1.82174240527,0.511402902557,0.268985640789,0.149309552988
lightgbm,6,0,4,4341,2.32954454778e-05,0.204068102385,0.161890371763,1.26053266888,0.511402902557,0.265031098825,0.101125528819
lightgbm,6,0,5,4341,1.89867999972e-05,0.166324367975,0.166377426257,0.999681096874,0.51531905091,0.265299854104,0.0824216987878
lightgbm,6,0,6,4341,5.03280174771e-06,0.0440873433099,0.165718538073,0.266037486346,0.519004837595,0.28019657529,0.0218473923868
lightgbm,6,0,7,4341,1.8368029224e-05,0.160903936002,0.161913002712,0.993767846354,0.515088689242,0.273439299701,0.0797356148614
lightgbm,6,0,8,4341,2.01047470763e-05,0.176117584388,0.162550060215,1.08346674345,0.514397604239,0.26783383245,0.0872747070583
lightgbm,6,0,9,4341,-3.34061891215e-06,-0.0292638216704,0.164503408795,-0.177891886161,0.507717115872,0.26959993857,-0.0145016266976
lightgbm,6,0,10,4341,4.49411073246e-06,0.0393684100163,0.163193190749,0.241238067812,0.516701220917,0.268025800507,0.0195089346896
lightgbm,6,0,11,4341,4.11589076282e-05,0.360552030823,0.165428755396,2.17950035325,0.530753282654,0.263610535207,0.178670818014
lightgbm,6,0.25,0,4341,3.74849887283e-05,0.32836850126,0.166041768082,1.97762590131,0.513936880903,0.273362512478,0.162722336069
lightgbm,6,0.25,1,4341,3.34076617423e-05,0.292651116862,0.167314621926,1.74910664408,0.513936880903,0.269676725793,0.145022659623
lightgbm,6,0.25,2,4341,1.61259266348e-05,0.141263117321,0.165927950791,0.851352148011,0.520156645934,0.266797204945,0.0700026475215
lightgbm,6,0.25,3,4341,2.76705566277e-05,0.242394076059,0.165377941958,1.46569774173,0.510251094218,0.268985640789,0.120117886321
lightgbm,6,0.25,4,4341,1.66696680071e-05,0.146026291742,0.16189608703,0.901975423999,0.509790370882,0.265031098825,0.0723630288189
lightgbm,6,0.25,5,4341,1.23543036446e-05,0.108223699926,0.166401246128,0.650377941542,0.513476157567,0.265299854104,0.0536300321211
lightgbm,6,0.25,6,4341,-1.97211263454e-06,-0.0172757066786,0.165727609883,-0.104241572607,0.517622667588,0.28019657529,-0.00856094094654
lightgbm,6,0.25,7,4341,1.15320467315e-05,0.101020729368,0.161905728589,0.623947838338,0.513476157567,0.273439299701,0.0500606148614
lightgbm,6,0.25,8,4341,1.34089012651e-05,0.117461975082,0.162542671346,0.722653159992,0.512785072564,0.26783383245,0.0582080403916
lightgbm,6,0.25,9,4341,-1.00806173764e-05,-0.0883062082173,0.164502090122,-0.536809034776,0.505874222529,0.26959993857,-0.043759960031
lightgbm,6,0.25,10,4341,-2.20653428021e-06,-0.0193292402946,0.16319532683,-0.118442363946,0.514397604239,0.268025800507,-0.0095785653104
lightgbm,6,0.25,11,4341,3.4568644248e-05,0.302821323613,0.165430129661,1.8305088936,0.529140750979,0.263610535207,0.150062484681
lightgbm,6,0.5,0,4341,3.06509259163e-05,0.268502111027,0.166031226552,1.61717838628,0.5132457959,0.273362512478,0.133055669403
lightgbm,6,0.5,1,4341,2.66657435974e-05,0.233591913914,0.16731448885,1.39612483963,0.512785072564,0.269676725793,0.115755992956
lightgbm,6,0.5,2,4341,9.45599651114e-06,0.0828345294376,0.165943838004,0.499172071912,0.518313752592,0.266797204945,0.0410484808549
lightgbm,6,0.5,3,4341,2.0945915608e-05,0.183486220726,0.165367888168,1.10956378991,0.509099285879,0.268985640789,0.0909262196543
lightgbm,6,0.5,4,4341,1.00438905365e-05,0.0879844810997,0.161905920908,0.543429669564,0.509099285879,0.265031098825,0.0436005288189
lightgbm,6,0.5,5,4341,5.72180729197e-06,0.0501230318776,0.166429028766,0.301167604289,0.512554710896,0.265299854104,0.0248383654544
lightgbm,6,0.5,6,4341,-8.97702701679e-06,-0.0786387566671,0.165741162834,-0.474467267651,0.514858327574,0.28019657529,-0.0389692742799
lightgbm,6,0.5,7,4341,4.69606423898e-06,0.0411375227334,0.161902992813,0.254087475585,0.510942179221,0.273439299701,0.0203856148614
lightgbm,6,0.5,8,4341,6.71305545379e-06,0.0588063657752,0.162539509429,0.361797362265,0.51209398756,0.26783383245,0.0291413737249
lightgbm,6,0.5,9,4341,-1.68206158407e-05,-0.147348594764,0.164505031226,-0.895708743167,0.504031329187,0.26959993857,-0.0730182933643
lightgbm,6,0.5,10,4341,-8.90717929288e-06,-0.0780268906056,0.163201646163,-0.478101124837,0.512324349228,0.268025800507,-0.0386660653104
lightgbm,6,0.5,11,4341,2.79783808679e-05,0.245090616402,0.165435522216,1.48148724723,0.527528219304,0.263610535207,0.121454151347
lightgbm,6,1,0,4341,1.69828002924e-05,0.148769330562,0.166022965636,0.896076816795,0.508638562543,0.273362512478,0.0737223360694
lightgbm,6,1,1,4341,1.31819073078e-05,0.115473508016,0.167326856931,0.69010743484,0.51002073255,0.269676725793,0.0572226596231
lightgbm,6,1,2,4341,-3.88386373611e-06,-0.0340226463283,0.165987993382,-0.204970526091,0.513706519235,0.266797204945,-0.0168598524785
lightgbm,6,1,3,4341,7.49663356853e-06,0.0656705100603,0.165360309046,0.397135869177,0.506334945865,0.268985640789,0.032542886321
lightgbm,6,1,4,4341,-3.20766440476e-06,-0.0280991401857,0.161937941186,-0.173517953729,0.506334945865,0.265031098825,-0.0139244711811
lightgbm,6,1,5,4341,-7.54318541325e-06,-0.0660783042201,0.166496474128,-0.396875096401,0.508408200875,0.265299854104,-0.0327449678789
lightgbm,6,1,6,4341,-2.29868557813e-05,-0.201364856644,0.165781707398,-1.21463857385,0.511863625893,0.28019657529,-0.0997859409465
lightgbm,6,1,7,4341,-8.97590074605e-06,-0.0786288905354,0.161911136838,-0.4856299083,0.507256392536,0.273439299701,-0.0389643851386
lightgbm,6,1,8,4341,-6.67863616872e-06,-0.058504852838,0.162545867109,-0.359928270577,0.509329647547,0.26783383245,-0.0289919596084
lightgbm,6,1,9,4341,-3.03006127692e-05,-0.265433367858,0.164523691517,-1.61334434822,0.501497350841,0.26959993857,-0.131534960031
lightgbm,6,1,10,4341,-2.23084693182e-05,-0.195422191228,0.163226832321,-1.19724305403,0.508408200875,0.268025800507,-0.0968410653104
lightgbm,6,1,11,4341,1.47978541075e-05,0.129629201982,0.165458360335,0.783455134688,0.524533517623,0.263610535207,0.0642374846807
lightgbm,6,2,0,4341,-1.03534509554e-05,-0.090696230369,0.16605773438,-0.546172876003,0.502418797512,0.273362512478,-0.0449443305973
lightgbm,6,2,1,4341,-1.37857652715e-05,-0.120763303778,0.167402110274,-0.721396543811,0.501266989173,0.269676725793,-0.0598440070435
lightgbm,6,2,2,4341,-3.05635842306e-05,-0.26773699786,0.16612577541,-1.61165235918,0.507026030868,0.266797204945,-0.132676519145
lightgbm,6,2,3,4341,-1.94019305104e-05,-0.169960911271,0.165395266023,-1.02760444938,0.497581202488,0.268985640789,-0.0842237803457
lightgbm,6,2,4,4341,-2.97107742873e-05,-0.260266382757,0.16205135106,-1.60607351345,0.496890117484,0.265031098825,-0.128974471181
lightgbm,6,2,5,4341,-3.40731708237e-05,-0.298480976415,0.166678811964,-1.79075536296,0.501958074176,0.265299854104,-0.147911634546
lightgbm,6,2,6,4341,-5.10065133103e-05,-0.446817056598,0.165916497583,-2.69302367822,0.503340244183,0.28019657529,-0.22141927428
lightgbm,6,2,7,4341,-3.63198307161e-05,-0.318161717073,0.161981869608,-1.96418103979,0.50057590417,0.273439299701,-0.157664385139
lightgbm,6,2,8,4341,-3.34620194137e-05,-0.293127290064,0.162609294661,-1.80264781712,0.501497350841,0.26783383245,-0.145258626275
lightgbm,6,2,9,4341,-5.72606066262e-05,-0.501602914045,0.164612097213,-3.04718135872,0.49205252246,0.26959993857,-0.248568293364
lightgbm,6,2,10,4341,-4.91110493689e-05,-0.430212792472,0.163327360771,-2.6340521909,0.499884819166,0.268025800507,-0.21319106531
lightgbm,6,2,11,4341,-1.15631994132e-05,-0.10129362686,0.165552219187,-0.611853029559,0.516010135913,0.263610535207,-0.0501958486527
lightgbm,6,5,0,4341,-9.23622046987e-05,-0.809092913161,0.166571506019,-4.85733083946,0.482838055748,0.273362512478,-0.400944330597
lightgbm,6,5,1,4341,-9.46887830093e-05,-0.829473739162,0.168030737663,-4.93644050308,0.478691545727,0.269676725793,-0.411044007044
lightgbm,6,5,2,4341,-0.000110602745714,-0.968880052456,0.16693298189,-5.80400614358,0.482146970744,0.266797204945,-0.480126519145
lightgbm,6,5,3,4341,-0.000100097622747,-0.876855175266,0.165900224408,-5.28543694497,0.479152269062,0.268985640789,-0.434523780346
lightgbm,6,5,4,4341,-0.000109220103935,-0.956768110469,0.16278484785,-5.87750102731,0.473393227367,0.265031098825,-0.474124471181
lightgbm,6,5,5,4341,-0.000113663127055,-0.995688993001,0.167603141154,-5.94075377195,0.478000460723,0.265299854104,-0.493411634546
lightgbm,6,5,6,4341,-0.000135065485897,-1.18317365646,0.16674839505,-7.09556248565,0.480304077402,0.28019657529,-0.58631927428
lightgbm,6,5,7,4341,-0.000118351620626,-1.03676019669,0.162628226386,-6.37503230358,0.477539737388,0.273439299701,-0.513764385139
lightgbm,6,5,8,4341,-0.000113812169149,-0.996994601744,0.163204092605,-6.10888235601,0.479843354066,0.26783383245,-0.494058626275
lightgbm,6,5,9,4341,-0.000138140588197,-1.21011155261,0.165284537873,-7.32138388852,0.470168164018,0.26959993857,-0.599668293364
lightgbm,6,5,10,4341,-0.000129518789521,-1.1345845962,0.16402862847,-6.91699130076,0.481455885741,0.268025800507,-0.56224106531
lightgbm,6,5,11,4341,-9.06463599753e-05,-0.794062113383,0.166217858172,-4.77723706778,0.494816862474,0.263610535207,-0.393495848653
lightgbm,6,10,0,4341,-0.000229043460938,-2.00642071781,0.168775246042,-11.8881220136,0.451739230592,0.273362512478,-0.994277663931
lightgbm,6,10,1,4341,-0.000229527145906,-2.01065779813,0.170401717829,-11.7995160128,0.448974890578,0.269676725793,-0.996377340377
lightgbm,6,10,2,4341,-0.000244001348187,-2.13745181012,0.169567872229,-12.6052876764,0.454964293941,0.266797204945,-1.05920985248
lightgbm,6,10,3,4341,-0.000234590443142,-2.05501228192,0.168058663829,-12.2279460939,0.4466712739,0.268985640789,-1.01835711368
lightgbm,6,10,4,4341,-0.000241735653347,-2.11760432332,0.165296105172,-12.8109753168,0.439990785533,0.265031098825,-1.04937447118
lightgbm,6,10,5,4341,-0.000246313054107,-2.15770235398,0.170376762372,-12.6642995438,0.44137295554,0.265299854104,-1.06924496788
lightgbm,6,10,6,4341,-0.000275163773542,-2.41043465623,0.16953361329,-14.2180338722,0.445980188897,0.28019657529,-1.19448594095
lightgbm,6,10,7,4341,-0.000255071270477,-2.23442432937,0.165129982748,-13.5313060184,0.443215848883,0.273439299701,-1.10726438514
lightgbm,6,10,8,4341,-0.000247729085374,-2.17010678788,0.165524329178,-13.1105004241,0.448053443907,0.26783383245,-1.07539195961
lightgbm,6,10,9,4341,-0.000272940557482,-2.39095928355,0.167741417768,-14.2538397216,0.442064040544,0.26959993857,-1.18483496003
lightgbm,6,10,10,4341,-0.000263531689774,-2.30853760242,0.166508053858,-13.8644200622,0.450817783921,0.268025800507,-1.14399106531
lightgbm,6,10,11,4341,-0.000222451627579,-1.94867625759,0.168587927014,-11.5588126155,0.463257313983,0.263610535207,-0.965662515319
lightgbm,8,0,0,4341,3.9538066482e-05,0.346353462383,0.126193599524,2.74461988317,0.511633264225,0.245104814559,0.171634746599
lightgbm,8,0,1,4341,3.58983672915e-05,0.314469697473,0.12636622034,2.48855822882,0.516931582585,0.240987099747,0.155834812412
lightgbm,8,0,2,4341,1.82120304647e-05,0.159537386871,0.126291386784,1.2632483571,0.518313752592,0.238769868694,0.0790584242473
lightgbm,8,0,3,4341,4.0875298093e-05,0.358067611295,0.125525420245,2.85255058774,0.512324349228,0.242282884128,0.177439669022
lightgbm,8,0,4,4341,1.48184564359e-05,0.129809678378,0.123069450689,1.05476767509,0.516470859249,0.238049988482,0.0643269193881
lightgbm,8,0,5,4341,1.51249182785e-05,0.132494284119,0.125665311723,1.05434254134,0.514397604239,0.237646855563,0.0656572702469
lightgbm,8,0,6,4341,1.14509614874e-05,0.10031042263,0.127104486403,0.789196553707,0.510251094218,0.248272287491,0.0497086238169
lightgbm,8,0,7,4341,2.56306563417e-05,0.224524549554,0.124942785356,1.79701892281,0.515549412578,0.242599631421,0.11126267918
lightgbm,8,0,8,4341,1.40820998714e-05,0.123359194873,0.122542128696,1.00666763493,0.509790370882,0.238481916609,0.0611303955416
lightgbm,8,0,9,4341,7.06816535911e-06,0.0619171285458,0.124635484995,0.496785715147,0.512324349228,0.241764570375,0.0306829058239
lightgbm,8,0,10,4341,8.20932562414e-06,0.0719136924675,0.123523851167,0.582184669504,0.514858327574,0.239374568072,0.0356366825344
lightgbm,8,0,11,4341,3.29392759296e-05,0.288548057143,0.125679568577,2.29590267066,0.519695922598,0.236149504722,0.14298939681
lightgbm,8,0.25,0,4341,3.34104461181e-05,0.292675507994,0.126172565162,2.31964458849,0.508868924211,0.245104814559,0.145034746599
lightgbm,8,0.25,1,4341,2.98736897978e-05,0.261693522629,0.126350587019,2.07116982044,0.515088689242,0.240987099747,0.129681687412
lightgbm,8,0.25,2,4341,1.22427837474e-05,0.107246785627,0.126285069954,0.849243585689,0.515549412578,0.238769868694,0.0531459242473
lightgbm,8,0.25,3,4341,3.48182259898e-05,0.305007659671,0.125493878478,2.43045846834,0.508638562543,0.242282884128,0.151145919022
lightgbm,8,0.25,4,4341,8.86720672382e-06,0.0776767309007,0.123065546098,0.631181783719,0.514397604239,0.238049988482,0.0384925443881
lightgbm,8,0.25,5,4341,9.1837468894e-06,0.0804496227511,0.125674982283,0.64014031504,0.512554710896,0.237646855563,0.0398666452469
lightgbm,8,0.25,6,4341,5.24415430014e-06,0.0459387916692,0.127103308159,0.361428764796,0.508638562543,0.248272287491,0.0227648738169
lightgbm,8,0.25,7,4341,1.95656655562e-05,0.171395230272,0.124922802296,1.37200916984,0.513015434232,0.242599631421,0.0849345541795
lightgbm,8,0.25,8,4341,8.12005195615e-06,0.0711316551358,0.122534130917,0.580504832439,0.507026030868,0.238481916609,0.0352491455416
lightgbm,8,0.25,9,4341,1.02405109973e-06,0.00897068763361,0.124627011774,0.0719802834549,0.509329647547,0.241764570375,0.00444540582391
lightgbm,8,0.25,10,4341,2.22496142235e-06,0.0194906620598,0.123518882727,0.157794999675,0.513015434232,0.239374568072,0.00965855753441
lightgbm,8,0.25,11,4341,2.70355383116e-05,0.236831315609,0.125675785016,1.88446259222,0.518083390924,0.236149504722,0.11736127181
lightgbm,8,0.5,0,4341,2.72828257541e-05,0.238997553606,0.126156179,1.89445777053,0.507486754204,0.245104814559,0.118434746599
lightgbm,8,0.5,1,4341,2.38490123042e-05,0.208917347784,0.126339567243,1.65361772518,0.512785072564,0.240987099747,0.103528562412
lightgbm,8,0.5,2,4341,6.27353703001e-06,0.0549561843829,0.126283238999,0.435181935612,0.512785072564,0.238769868694,0.0272334242473
lightgbm,8,0.5,3,4341,2.87611538866e-05,0.251947708047,0.125466999144,2.00807949313,0.507026030868,0.242282884128,0.124852169022
lightgbm,8,0.5,4,4341,2.91595701178e-06,0.0255437834232,0.123066250033,0.207561239708,0.512785072564,0.238049988482,0.0126581693881
lightgbm,8,0.5,5,4341,3.24257550032e-06,0.0284049613828,0.125688997908,0.225994015829,0.510711817554,0.237646855563,0.0140760202469
lightgbm,8,0.5,6,4341,-9.62652887147e-07,-0.00843283929141,0.127106854417,-0.0663444888953,0.506334945865,0.248272287491,-0.00417887618311
lightgbm,8,0.5,7,4341,1.35006747707e-05,0.118265910991,0.124907607425,0.946827126297,0.511633264225,0.242599631421,0.0586064291795
lightgbm,8,0.5,8,4341,2.15800404092e-06,0.0189041153985,0.122530755907,0.154280574363,0.505183137526,0.238481916609,0.00936789554163
lightgbm,8,0.5,9,4341,-5.02006315966e-06,-0.0439757532786,0.124623271549,-0.352869514114,0.507256392536,0.241764570375,-0.0217920941761
lightgbm,8,0.5,10,4341,-3.75940277945e-06,-0.032932368348,0.123518433141,-0.266619058471,0.511863625893,0.239374568072,-0.0163195674656
lightgbm,8,0.5,11,4341,2.11318006935e-05,0.185114574075,0.125676444374,1.47294566613,0.516470859249,0.236149504722,0.0917331468105
lightgbm,8,1,0,4341,1.50275850262e-05,0.131641644829,0.126137358005,1.04363724523,0.503109882516,0.245104814559,0.0652347465985
lightgbm,8,1,1,4341,1.17996573168e-05,0.103364998095,0.12633137265,0.818205295546,0.509560009214,0.240987099747,0.0512223124124
lightgbm,8,1,2,4341,-5.66495640468e-06,-0.049625018105,0.126293035015,-0.392935509858,0.508868924211,0.238769868694,-0.0245915757527
lightgbm,8,1,3,4341,1.66470096802e-05,0.145827804799,0.125427239251,1.16264860544,0.503109882516,0.242282884128,0.0722646690219
lightgbm,8,1,4,4341,-8.98654241232e-06,-0.0787221115319,0.123081482645,-0.639593461505,0.507486754204,0.238049988482,-0.0390105806119
lightgbm,8,1,5,4341,-8.63976727785e-06,-0.0756843613539,0.125730058092,-0.601959169531,0.506565307533,0.237646855563,-0.0375052297531
lightgbm,8,1,6,4341,-1.33762672617e-05,-0.117176101213,0.127128118336,-0.921716633162,0.501266989173,0.248272287491,-0.0580663761831
lightgbm,8,1,7,4341,1.37069319961e-06,0.0120072724286,0.12489158869,0.0961415620902,0.508177839208,0.242599631421,0.0059501791795
lightgbm,8,1,8,4341,-9.76609178953e-06,-0.0855509640763,0.122537875202,-0.698159356323,0.50057590417,0.238481916609,-0.0423946044584
lightgbm,8,1,9,4341,-1.71082916784e-05,-0.149868635103,0.124629991251,-1.20250859042,0.502879520848,0.241764570375,-0.0742670941761
lightgbm,8,1,10,4341,-1.5728131183e-05,-0.137778429163,0.123531090234,-1.11533403374,0.507026030868,0.239374568072,-0.0682758174656
lightgbm,8,1,11,4341,9.32432545737e-06,0.0816810910066,0.125691091098,0.649855851304,0.510711817554,0.236149504722,0.0404768968105
lightgbm,8,2,0,4341,-9.48289642973e-06,-0.0830701727245,0.126155539676,-0.658474236942,0.495738309145,0.245104814559,-0.0411652534015
lightgbm,8,2,1,4341,-1.22990526578e-05,-0.107739701283,0.12637036525,-0.852570941528,0.49942409583,0.240987099747,-0.0533901875876
lightgbm,8,2,2,4341,-2.95419432741e-05,-0.258787423081,0.126366434113,-2.04791268265,0.50057590417,0.238769868694,-0.128241575753
lightgbm,8,2,3,4341,-7.58127873258e-06,-0.0664120016974,0.125403765751,-0.52958538605,0.496199032481,0.242282884128,-0.0329103309781
lightgbm,8,2,4,4341,-3.27915412605e-05,-0.287253901442,0.123167212037,-2.3322270326,0.498041925824,0.238049988482,-0.142348080612
lightgbm,8,2,5,4341,-3.24044528342e-05,-0.283863006827,0.125864225243,-2.25531127912,0.49735084082,0.237646855563,-0.140667729753
lightgbm,8,2,6,4341,-3.82034960109e-05,-0.334662625055,0.127227287567,-2.630431187,0.494356139138,0.248272287491,-0.165841376183
lightgbm,8,2,7,4341,-2.28892699425e-05,-0.200510004697,0.124917049473,-1.60514521871,0.499884819166,0.242599631421,-0.0993623208205
lightgbm,8,2,8,4341,-3.36142834504e-05,-0.294461123026,0.12260756879,-2.40165534584,0.494586500806,0.238481916609,-0.145919604458
lightgbm,8,2,9,4341,-4.1284748716e-05,-0.361654398752,0.124700209236,-2.90019079333,0.495507947478,0.241764570375,-0.179217094176
lightgbm,8,2,10,4341,-3.96655879902e-05,-0.347470550794,0.123610599638,-2.81100934557,0.498272287491,0.239374568072,-0.172188317466
lightgbm,8,2,11,4341,-1.42906250149e-05,-0.12518587513,0.12577366496,-0.995326606486,0.503109882516,0.236149504722,-0.0620356031895
lightgbm,8,5,0,4341,-8.30143407974e-05,-0.727205625385,0.126655647363,-5.74159652987,0.473623589035,0.245104814559,-0.360365253401
lightgbm,8,5,1,4341,-8.45951825818e-05,-0.741053799417,0.126929059952,-5.83833047921,0.472471780696,0.240987099747,-0.367227687588
lightgbm,8,5,2,4341,-0.000101172903882,-0.886274638008,0.127015284752,-6.97770067389,0.478230822391,0.238769868694,-0.439191575753
lightgbm,8,5,3,4341,-8.0266143971e-05,-0.703131421186,0.125781342898,-5.59010903357,0.471089610689,0.242282884128,-0.348435330978
lightgbm,8,5,4,4341,-0.000104206537805,-0.912849271173,0.123864396885,-7.36974703084,0.471550334024,0.238049988482,-0.452360580612
lightgbm,8,5,5,4341,-0.000103698509503,-0.908398943248,0.126680475076,-7.17078888996,0.47201105736,0.237646855563,-0.450155229753
lightgbm,8,5,6,4341,-0.000112685182258,-0.987122196582,0.127975594259,-7.71336286653,0.466943100668,0.248272287491,-0.489166376183
lightgbm,8,5,7,4341,-9.56691593689e-05,-0.838061836072,0.125452207167,-6.68032755258,0.474545035706,0.242599631421,-0.41529982082
lightgbm,8,5,8,4341,-0.000105158858433,-0.921191599875,0.12325841226,-7.47366109121,0.473393227367,0.238481916609,-0.456494604458
lightgbm,8,5,9,4341,-0.000113814119829,-0.997011689699,0.125363175474,-7.95298687936,0.472471780696,0.241764570375,-0.494067094176
lightgbm,8,5,10,4341,-0.000111477958412,-0.976546915687,0.124280732436,-7.85758899668,0.473623589035,0.239374568072,-0.483925817466
lightgbm,8,5,11,4341,-8.51354764316e-05,-0.745786773541,0.126445703769,-5.89807918585,0.476848652384,0.236149504722,-0.36957310319
lightgbm,8,10,0,4341,-0.000205566748077,-1.80076471315,0.128949393298,-13.9648948095,0.437917530523,0.245104814559,-0.892365253401
lightgbm,8,10,1,4341,-0.000205088732455,-1.79657729631,0.129305980201,-13.8940000572,0.437687168855,0.240987099747,-0.890290187588
lightgbm,8,10,2,4341,-0.000220557838229,-1.93208666289,0.129496977725,-14.9199363323,0.435613913845,0.238769868694,-0.957441575753
lightgbm,8,10,3,4341,-0.000201407586035,-1.76433045367,0.127882891032,-13.7964542358,0.435153190509,0.242282884128,-0.874310330978
lightgbm,8,10,4,4341,-0.000223231532046,-1.95550822072,0.126461119642,-15.4633157311,0.428242340475,0.238049988482,-0.969048080612
lightgbm,8,10,5,4341,-0.000222521937285,-1.94929217061,0.129387339916,-15.0655556555,0.43192812716,0.237646855563,-0.965967729753
lightgbm,8,10,6,4341,-0.000236821326004,-2.07455481579,0.130691853403,-15.8736352862,0.431006680488,0.248272287491,-1.02804137618
lightgbm,8,10,7,4341,-0.00021696897508,-1.9006482217,0.127845955035,-14.8667059602,0.435844275513,0.242599631421,-0.94186232082
lightgbm,8,10,8,4341,-0.000224399816738,-1.96574239462,0.125785082095,-15.6277863947,0.435844275513,0.238481916609,-0.974119604458
lightgbm,8,10,9,4341,-0.000234696405016,-2.05594050794,0.127944398196,-16.0690154233,0.438378253859,0.241764570375,-1.01881709418
lightgbm,8,10,10,4341,-0.000231165242448,-2.02500752384,0.126806151781,-15.9693161207,0.434922828841,0.239374568072,-1.00348831747
lightgbm,8,10,11,4341,-0.000203210228793,-1.78012160422,0.128951067696,-13.8046286551,0.443906933886,0.236149504722,-0.88213560319
lightgbm,10,0,0,4341,2.51101255876e-05,0.219964700147,0.10537463973,2.08745387609,0.511633264225,0.202948629348,0.109003055176
lightgbm,10,0,1,4341,2.59926812649e-05,0.22769588788,0.104102840523,2.18722070153,0.521999539277,0.200598940336,0.112834229371
lightgbm,10,0,2,4341,1.20557493138e-05,0.105608363989,0.104787474862,1.00783384778,0.521078092605,0.201151808339,0.0523340077714
lightgbm,10,0,3,4341,2.9202412443e-05,0.255813133,0.102983436907,2.48402209796,0.5132457959,0.202441833679,0.126767672415
lightgbm,10,0,4,4341,9.74421956431e-06,0.0853593633834,0.102656375716,0.83150571787,0.51002073255,0.198617829993,0.0422996571287
lightgbm,10,0,5,4341,1.48586371903e-05,0.130161661787,0.105334929581,1.23569325298,0.517622667588,0.19857175766,0.064501344043
lightgbm,10,0,6,4341,8.359520674e-06,0.0732294011042,0.105051140387,0.6970833523,0.514167242571,0.207740152039,0.0362886792458
lightgbm,10,0,7,4341,2.01567384649e-05,0.176573028952,0.103471771939,1.7064850214,0.513936880903,0.201981110343,0.0875004016761
lightgbm,10,0,8,4341,1.42225321798e-05,0.124589381895,0.101380695663,1.22892608973,0.514858327574,0.198203178991,0.0617400121924
lightgbm,10,0,9,4341,1.05316134167e-06,0.00922569335305,0.104166235611,0.0885670226919,0.511402902557,0.200967519005,0.0045717733842
lightgbm,10,0,10,4341,1.80800014091e-06,0.0158380812343,0.102482059994,0.154544914839,0.515549412578,0.198940336328,0.00784852861167
lightgbm,10,0,11,4341,2.17368043338e-05,0.190414405964,0.102773369372,1.85276017637,0.522460262612,0.196682791983,0.0943594676129
lightgbm,10,0.25,0,4341,2.00364098538e-05,0.17551895032,0.105358527623,1.6659206832,0.508638562543,0.202948629348,0.0869780551756
lightgbm,10,0.25,1,4341,2.09777077565e-05,0.183764719947,0.104089660555,1.76544643308,0.519004837595,0.200598940336,0.0910642293708
lightgbm,10,0.25,2,4341,7.02695410536e-06,0.061556117963,0.104776081042,0.587501625856,0.517853029256,0.201151808339,0.0305040077714
lightgbm,10,0.25,3,4341,2.4141366601e-05,0.211478371425,0.102950759615,2.05417009272,0.511863625893,0.202441833679,0.104797672415
lightgbm,10,0.25,4,4341,4.77877381448e-06,0.0418620586149,0.10264382836,0.407838048167,0.50794747754,0.198617829993,0.0207446571287
lightgbm,10,0.25,5,4341,9.8943432488e-06,0.0866744468595,0.105329616605,0.822887708631,0.515779774246,0.19857175766,0.042951344043
lightgbm,10,0.25,6,4341,3.16601687303e-06,0.0277343078077,0.105048568226,0.264014143897,0.511402902557,0.207740152039,0.0137436792458
lightgbm,10,0.25,7,4341,1.51072107063e-05,0.132339165787,0.103455855445,1.27918487762,0.512324349228,0.201981110343,0.0655804016761
lightgbm,10,0.25,8,4341,9.26745270499e-06,0.0811828856957,0.101363656131,0.800907236323,0.513476157567,0.198203178991,0.0402300121924
lightgbm,10,0.25,9,4341,-3.97102663345e-06,-0.034786193309,0.104163435064,-0.33395781627,0.51002073255,0.200967519005,-0.0172382266158
lightgbm,10,0.25,10,4341,-3.1655082673e-06,-0.0277298524215,0.102480898744,-0.270585570203,0.514397604239,0.198940336328,-0.0137414713883
lightgbm,10,0.25,11,4341,1.68197345342e-05,0.147340874519,0.102772979353,1.43365382075,0.519695922598,0.196682791983,0.0730144676129
lightgbm,10,0.5,0,4341,1.49626941201e-05,0.131073200492,0.105346572303,1.24420944722,0.505874222529,0.202948629348,0.0649530551756
lightgbm,10,0.5,1,4341,1.59627342481e-05,0.139833552013,0.104080684833,1.34351106776,0.516010135913,0.200598940336,0.0692942293708
lightgbm,10,0.5,2,4341,1.99815889688e-06,0.0175038719367,0.104768828579,0.16707137203,0.515549412578,0.201151808339,0.00867400777138
lightgbm,10,0.5,3,4341,1.9080320759e-05,0.167143609849,0.102922354321,1.62397771555,0.509790370882,0.202441833679,0.0828276724149
lightgbm,10,0.5,4,4341,-1.86671935345e-07,-0.00163524615362,0.102635441772,-0.0159325679842,0.505413499194,0.198617829993,-0.000810342871332
lightgbm,10,0.5,5,4341,4.93004930731e-06,0.043187231932,0.105328251441,0.41002514844,0.5132457959,0.19857175766,0.021401344043
lightgbm,10,0.5,6,4341,-2.02748692794e-06,-0.0177607854887,0.105050322834,-0.169069308971,0.509560009214,0.207740152039,-0.00880132075418
lightgbm,10,0.5,7,4341,1.00576829477e-05,0.0881053026221,0.103444248111,0.851717753587,0.510481455886,0.201981110343,0.0436604016761
lightgbm,10,0.5,8,4341,4.31237323022e-06,0.0377763894967,0.101350782421,0.37272913533,0.511863625893,0.198203178991,0.0187200121924
lightgbm,10,0.5,9,4341,-8.99521460857e-06,-0.0787980799711,0.10416486115,-0.756474679664,0.508408200875,0.200967519005,-0.0390482266158
lightgbm,10,0.5,10,4341,-8.1390166755e-06,-0.0712977860774,0.102483802086,-0.69569809693,0.511633264225,0.198940336328,-0.0353314713883
lightgbm,10,0.5,11,4341,1.19026647346e-05,0.104267343075,0.102776713022,1.0145035778,0.518083390924,0.196682791983,0.0516694676129
lightgbm,10,1,0,4341,4.81526265274e-06,0.042181700838,0.105335137194,0.400452327321,0.501727712509,0.202948629348,0.0209030551756
lightgbm,10,1,1,4341,5.93278723124e-06,0.0519712161456,0.104075349969,0.499361435353,0.510481455886,0.200598940336,0.0257542293708
lightgbm,10,1,2,4341,-8.05943152007e-06,-0.0706006201158,0.104766750672,-0.673883838744,0.509790370882,0.201151808339,-0.0349859922286
lightgbm,10,1,3,4341,8.95822907508e-06,0.0784740866977,0.102878373346,0.762785064979,0.505874222529,0.202441833679,0.0388876724149
lightgbm,10,1,4,4341,-1.0117563435e-05,-0.0886298556906,0.10263115447,-0.863576524581,0.500115180834,0.198617829993,-0.0439203428713
lightgbm,10,1,5,4341,-4.99853857566e-06,-0.0437871979228,0.105337364717,-0.41568533673,0.510481455886,0.19857175766,-0.021698655957
lightgbm,10,1,6,4341,-1.24144945299e-05,-0.108750972082,0.105066810959,-1.03506493715,0.505413499194,0.207740152039,-0.0538913207542
lightgbm,10,1,7,4341,-4.13725694293e-08,-0.000362423708201,0.103433966183,-0.00350391386482,0.508177839208,0.201981110343,-0.000179598323893
lightgbm,10,1,8,4341,-5.59778571934e-06,-0.0490366029014,0.101337538298,-0.483893764592,0.507486754204,0.198203178991,-0.0242999878076
lightgbm,10,1,9,4341,-1.90435905588e-05,-0.166821853295,0.104180392016,-1.60127880177,0.503800967519,0.200967519005,-0.0826682266158
lightgbm,10,1,10,4341,-1.80860334919e-05,-0.158433653389,0.102501800683,-1.54566702568,0.508638562543,0.198940336328,-0.0785114713883
lightgbm,10,1,11,4341,2.06852513543e-06,0.0181202801864,0.102796549128,0.176273234268,0.514397604239,0.196682791983,0.0089794676129
lightgbm,10,2,0,4341,-1.54796002821e-05,-0.135601298471,0.105362177713,-1.2870016681,0.494586500806,0.202948629348,-0.0671969448244
lightgbm,10,2,1,4341,-1.41271068024e-05,-0.123753455589,0.104115144916,-1.1886210761,0.502188435844,0.200598940336,-0.0613257706292
lightgbm,10,2,2,4341,-2.8174612354e-05,-0.246809604221,0.10481229607,-2.35477719193,0.501727712509,0.201151808339,-0.122305992229
lightgbm,10,2,3,4341,-1.12859542928e-05,-0.098864959605,0.102841795461,-0.961330548165,0.499193734163,0.202441833679,-0.0489923275851
lightgbm,10,2,4,4341,-2.99793464343e-05,-0.262619074765,0.102672520033,-2.55783217048,0.490439990786,0.198617829993,-0.130140342871
lightgbm,10,2,5,4341,-2.48557143416e-05,-0.217736057633,0.105402942037,-2.06574933701,0.503800967519,0.19857175766,-0.107898655957
lightgbm,10,2,6,4341,-3.31885097337e-05,-0.290731345268,0.105151663136,-2.76487633764,0.49942409583,0.207740152039,-0.144071320754
lightgbm,10,2,7,4341,-2.02394836038e-05,-0.177297876369,0.103465139971,-1.71360012096,0.498733010827,0.201981110343,-0.0878595983239
lightgbm,10,2,8,4341,-2.54181036184e-05,-0.222662587698,0.101361075322,-2.19672677099,0.498041925824,0.198203178991,-0.110339987808
lightgbm,10,2,9,4341,-3.91403424593e-05,-0.342869399943,0.104262131282,-3.28853243,0.495968670813,0.200967519005,-0.169908226616
lightgbm,10,2,10,4341,-3.79800671247e-05,-0.332705388012,0.10258652544,-3.24316850176,0.501958074176,0.198940336328,-0.164871471388
lightgbm,10,2,11,4341,-1.75997540629e-05,-0.154173845591,0.102885652624,-1.49849703685,0.505874222529,0.196682791983,-0.0764005323871
lightgbm,10,5,0,4341,-7.63641890865e-05,-0.668950296398,0.105841420053,-6.32030726782,0.471780695692,0.202948629348,-0.331496944824
lightgbm,10,5,1,4341,-7.43067889033e-05,-0.650927470793,0.104636826071,-6.22082583381,0.479843354066,0.200598940336,-0.322565770629
lightgbm,10,5,2,4341,-8.85201548557e-05,-0.775436556536,0.105345064935,-7.36091963126,0.477770099056,0.201151808339,-0.384265992229
lightgbm,10,5,3,4341,-7.20185043965e-05,-0.630882098513,0.103143022376,-6.116575644,0.472241419028,0.202441833679,-0.312632327585
lightgbm,10,5,4,4341,-8.95646954322e-05,-0.784586731986,0.103194692369,-7.60297563736,0.465330568993,0.198617829993,-0.388800342871
lightgbm,10,5,5,4341,-8.44272416395e-05,-0.739582636762,0.10597679065,-6.97872272059,0.478691545727,0.19857175766,-0.366498655957
lightgbm,10,5,6,4341,-9.55105553454e-05,-0.836672464825,0.105818966664,-7.90663990777,0.475927205713,0.207740152039,-0.414611320754
lightgbm,10,5,7,4341,-8.08338167067e-05,-0.708104234351,0.103971231682,-6.81057849268,0.477539737388,0.201981110343,-0.350899598324
lightgbm,10,5,8,4341,-8.48790573157e-05,-0.743540542086,0.101830735044,-7.30173008932,0.476387929049,0.198203178991,-0.368459987808
lightgbm,10,5,9,4341,-9.94305981607e-05,-0.871012039888,0.104910613541,-8.30242060823,0.471780695692,0.200967519005,-0.431628226616
lightgbm,10,5,10,4341,-9.76621680231e-05,-0.855520591882,0.103228390442,-8.28764827404,0.480995162405,0.198940336328,-0.423951471388
lightgbm,10,5,11,4341,-7.66045916579e-05,-0.671056222924,0.103546174151,-6.48074376891,0.485832757429,0.196682791983,-0.332540532387
lightgbm,10,10,0,4341,-0.000177838503761,-1.55786529294,0.107942211779,-14.4324010715,0.438378253859,0.202948629348,-0.771996944824
lightgbm,10,10,1,4341,-0.000174606259071,-1.52955082947,0.106820063287,-14.3189470442,0.443906933886,0.200598940336,-0.757965770629
lightgbm,10,10,2,4341,-0.000189096059025,-1.65648147706,0.107526534343,-15.4053275052,0.442985487215,0.201151808339,-0.820865992229
lightgbm,10,10,3,4341,-0.000173239421236,-1.51757733003,0.104995104681,-14.4537912947,0.436535360516,0.202441833679,-0.752032327585
lightgbm,10,10,4,4341,-0.000188873610429,-1.65453282736,0.105364654072,-15.7029208887,0.430315595485,0.198617829993,-0.819900342871
lightgbm,10,10,5,4341,-0.000183713120469,-1.60932693531,0.10816368218,-14.8786256428,0.440451508869,0.19857175766,-0.797498655957
lightgbm,10,10,6,4341,-0.000199380631365,-1.74657433075,0.10827366246,-16.1311097368,0.433540658834,0.207740152039,-0.865511320754
lightgbm,10,10,7,4341,-0.000181824371878,-1.59278149765,0.106162271404,-15.0032725995,0.441833678876,0.201981110343,-0.789299598324
lightgbm,10,10,8,4341,-0.000183980646811,-1.61167046607,0.103917969678,-15.5090642269,0.442064040544,0.198203178991,-0.798659987808
lightgbm,10,10,9,4341,-0.000199914357663,-1.75124977313,0.107303688263,-16.3204993368,0.43929970053,0.200967519005,-0.867828226616
lightgbm,10,10,10,4341,-0.000197132336187,-1.726879265,0.105559779105,-16.3592542505,0.436765722184,0.198940336328,-0.855751471388
lightgbm,10,10,11,4341,-0.00017494598765,-1.53252685181,0.105925933919,-14.467909747,0.448514167243,0.196682791983,-0.759440532387
mlp,1,0,0,4341,-3.75914594271e-06,-0.0329301184581,0.362218189171,-0.0909123822122,0.501497350841,1.82446440912,-0.0163184525373
mlp,1,0,1,4341,7.38861237835e-06,0.0647242444344,0.344756400407,0.187739065491,0.509560009214,1.8396682792,0.0320739663344
mlp,1,0,2,4341,-4.53878756187e-05,-0.39759779042,0.341006345863,-1.16595422708,0.496659755817,1.83782538586,-0.197028768061
mlp,1,0,3,4341,2.16951508386e-05,0.190049521347,0.343854408273,0.552703460458,0.507026030868,1.83897719419,0.0941786497906
mlp,1,0,4,4341,4.29117641403e-05,0.375907053869,0.352901270925,1.06519042248,0.513936880903,1.83621285418,0.186279968133
mlp,1,0,5,4341,-8.89247374315e-06,-0.07789806999,0.34912703939,-0.223122420212,0.509099285879,1.83483068417,-0.038602228519
mlp,1,0,6,4341,-1.78185471497e-05,-0.156090473031,0.346741104409,-0.450164318698,0.509329647547,1.82515549413,-0.0773503131767
mlp,1,0,7,4341,2.6923035943e-05,0.23584579486,0.328586241214,0.717759191587,0.517853029256,1.82584657913,0.116872899028
mlp,1,0,8,4341,-7.47574980392e-05,-0.654875682824,0.34827853038,-1.88032171294,0.50264915918,1.83874683253,-0.324522298988
mlp,1,0,9,4341,-4.01971913087e-05,-0.352127395865,0.344587530393,-1.02188084248,0.508408200875,1.83183598249,-0.174496007471
mlp,1,0,10,4341,1.52431978363e-05,0.133530413046,0.330209186753,0.4043812783,0.510481455886,1.83114489749,0.0661707218072
mlp,1,0,11,4341,2.53177756131e-05,0.221783714371,0.325198434149,0.681995025442,0.510711817554,1.83690393918,0.109904463937
mlp,1,0.25,0,4341,-4.93707561708e-05,-0.432487824056,0.362207847469,-1.19403217539,0.49527758581,1.82446440912,-0.214318452537
mlp,1,0.25,1,4341,-3.86030946016e-05,-0.33816310871,0.344757349251,-0.980872806468,0.504261690855,1.8396682792,-0.167576033666
mlp,1,0.25,2,4341,-9.13335102651e-05,-0.800081549922,0.340992401415,-2.34633248894,0.487214927436,1.83782538586,-0.396478768061
mlp,1,0.25,3,4341,-2.42792790162e-05,-0.212686484182,0.34386585423,-0.61851585892,0.500345542502,1.83897719419,-0.105396350209
mlp,1,0.25,4,4341,-2.99355721423e-06,-0.0262235611967,0.352926645635,-0.0743031491699,0.501958074176,1.83621285418,-0.012995031867
mlp,1,0.25,5,4341,-5.47632408475e-05,-0.479725989824,0.349130421925,-1.37405954823,0.499193734163,1.83483068417,-0.237727228519
mlp,1,0.25,6,4341,-6.34474345028e-05,-0.555799526245,0.34672612457,-1.60299292975,0.503570605851,1.82515549413,-0.275425313177
mlp,1,0.25,7,4341,-1.87231285353e-05,-0.164014605969,0.32857356236,-0.499171646041,0.51002073255,1.82584657913,-0.0812771009716
mlp,1,0.25,8,4341,-0.000120726168852,-1.05756123915,0.348263381595,-3.03667079296,0.494816862474,1.83874683253,-0.524072298988
mlp,1,0.25,9,4341,-8.5993090871e-05,-0.75329947603,0.344584390783,-2.18611027133,0.503109882516,1.83183598249,-0.373296007471
mlp,1,0.25,10,4341,-3.0535424601e-05,-0.267490319504,0.330211369381,-0.810057872948,0.500806265837,1.83114489749,-0.132554278193
mlp,1,0.25,11,4341,-2.06048228665e-05,-0.18049824831,0.325192621073,-0.555050258258,0.502188435844,1.83690393918,-0.0894455360634
mlp,1,0.5,0,4341,-9.49823663988e-05,-0.832045529654,0.362199888654,-2.29719984936,0.488597097443,1.82446440912,-0.412318452537
mlp,1,0.5,1,4341,-8.45948015816e-05,-0.741050461854,0.34476061948,-2.14946377278,0.493434692467,1.8396682792,-0.367226033666
mlp,1,0.5,2,4341,-0.000137279144912,-1.20256530942,0.340980919761,-3.52678182189,0.482146970744,1.83782538586,-0.595928768061
mlp,1,0.5,3,4341,-7.02537088711e-05,-0.615422489711,0.343879707979,-1.78964467932,0.494125777471,1.83897719419,-0.304971350209
mlp,1,0.5,4,4341,-4.88988785688e-05,-0.428354176262,0.352954365144,-1.21362481546,0.494586500806,1.83621285418,-0.212270031867
mlp,1,0.5,5,4341,-0.000100634007952,-0.881553909658,0.349136198487,-2.52495706111,0.493895415803,1.83483068417,-0.436852228519
mlp,1,0.5,6,4341,-0.000109076321856,-0.955508579458,0.346713626622,-2.75590143015,0.495047224142,1.82515549413,-0.473500313177
mlp,1,0.5,7,4341,-6.43692930135e-05,-0.563875006798,0.328563518232,-1.71618264204,0.501266989173,1.82584657913,-0.279427100972
mlp,1,0.5,8,4341,-0.000166694839666,-1.46024679547,0.348250612554,-4.1930918219,0.487445289104,1.83874683253,-0.723622298988
mlp,1,0.5,9,4341,-0.000131788990433,-1.1544715562,0.344583686598,-3.3503372362,0.494125777471,1.83183598249,-0.572096007471
mlp,1,0.5,10,4341,-7.63140470382e-05,-0.668511052055,0.330216101013,-2.02446534256,0.492973969132,1.83114489749,-0.331279278193
mlp,1,0.5,11,4341,-6.65274213461e-05,-0.582780210992,0.325189323765,-1.79212590452,0.493665054135,1.83690393918,-0.288795536063
mlp,1,1,0,4341,-0.000186205586855,-1.63116094085,0.362191120264,-4.50359174919,0.475466482377,1.82446440912,-0.808318452537
mlp,1,1,1,4341,-0.000176578215541,-1.54682516814,0.344774123781,-4.48648857745,0.477079014052,1.8396682792,-0.766526033666
mlp,1,1,2,4341,-0.000229170414204,-2.00753282843,0.340965345776,-5.88779139375,0.466482377332,1.83782538586,-0.994828768061
mlp,1,1,3,4341,-0.000162202568581,-1.42089450077,0.343914637639,-4.13153249458,0.481916609076,1.83897719419,-0.704121350209
mlp,1,1,4,4341,-0.000140709521278,-1.23261540639,0.353016836301,-3.49166181225,0.478691545727,1.83621285418,-0.610820031867
mlp,1,1,5,4341,-0.000192375542161,-1.68520974933,0.349154933171,-4.82653856275,0.479152269062,1.83483068417,-0.835102228519
mlp,1,1,6,4341,-0.000200334096562,-1.75492668589,0.346696077419,-5.06185907539,0.478000460723,1.82515549413,-0.869650313177
mlp,1,1,7,4341,-0.00015566162197,-1.36359580846,0.328551335058,-4.15032800952,0.486523842433,1.82584657913,-0.675727100972
mlp,1,1,8,4341,-0.000258632181292,-2.26561790812,0.348232214703,-6.50605490377,0.469246717346,1.83874683253,-1.12272229899
mlp,1,1,9,4341,-0.000223380789558,-1.95681571653,0.344589584509,-5.6786850343,0.477539737388,1.83183598249,-0.969696007471
mlp,1,1,10,4341,-0.000167871291913,-1.47055251715,0.330233210789,-4.45307276528,0.477770099056,1.83114489749,-0.728729278193
mlp,1,1,11,4341,-0.000158372618305,-1.38734413635,0.325190276701,-4.26625343915,0.476387929049,1.83690393918,-0.687495536063
mlp,1,2,0,4341,-0.000368652027767,-3.22939176324,0.362202181882,-8.91599201987,0.443906933886,1.82446440912,-1.60031845254
mlp,1,2,1,4341,-0.000360545043461,-3.15837458072,0.344828982953,-9.15924918397,0.444367657222,1.8396682792,-1.56512603367
mlp,1,2,2,4341,-0.00041295295279,-3.61746786644,0.340963758707,-10.6095377414,0.433079935499,1.83782538586,-1.79262876806
mlp,1,2,3,4341,-0.000346100288,-3.03183852288,0.344013374284,-8.81314143439,0.449435613914,1.83897719419,-1.50242135021
mlp,1,2,4,4341,-0.000324330806696,-2.84113786666,0.353169888782,-8.04467752462,0.446210550564,1.83621285418,-1.40792003187
mlp,1,2,5,4341,-0.000375858610578,-3.29252142866,0.349221122347,-9.42818523271,0.449205252246,1.83483068417,-1.63160222852
mlp,1,2,6,4341,-0.000382849645975,-3.35376289874,0.346690769946,-9.6736434583,0.449665975582,1.82515549413,-1.66195031318
mlp,1,2,7,4341,-0.000338246279883,-2.96303741177,0.328558591807,-9.01829227925,0.452430315595,1.82584657913,-1.46832710097
mlp,1,2,8,4341,-0.000442506864545,-3.87636013341,0.34822398418,-11.1318011094,0.437226445519,1.83874683253,-1.92092229899
mlp,1,2,9,4341,-0.000406564387807,-3.56150403719,0.344630602621,-10.3342651816,0.446440912232,1.83183598249,-1.76489600747
mlp,1,2,10,4341,-0.000350985781662,-3.07463544736,0.330298009608,-9.30867083034,0.445980188897,1.83114489749,-1.52362927819
mlp,1,2,11,4341,-0.000342063012224,-2.99647198708,0.325222371244,-9.21360967764,0.445289103893,1.83690393918,-1.48489553606
mlp,1,5,0,4341,-0.000915991350504,-8.02408423041,0.362464054808,-22.1375999192,0.355217691776,1.82446440912,-3.97631845254
mlp,1,5,1,4341,-0.000912445527221,-7.99302281845,0.345216138299,-23.153676586,0.351071181755,1.8396682792,-3.96092603367
mlp,1,5,2,4341,-0.000964300568547,-8.44727298047,0.341195412812,-24.7578738262,0.34738539507,1.83782538586,-4.18602876806
mlp,1,5,3,4341,-0.000897793446259,-7.86467058923,0.344540232273,-22.8265666896,0.360976733472,1.83897719419,-3.89732135021
mlp,1,5,4,4341,-0.00087519466295,-7.66670524744,0.353853422853,-21.6663306112,0.356369500115,1.83621285418,-3.79922003187
mlp,1,5,5,4341,-0.00092630781583,-8.11445646667,0.349649181845,-23.2074230057,0.357521308454,1.83483068417,-4.02110222852
mlp,1,5,6,4341,-0.000930396294213,-8.1502715373,0.346913114647,-23.4936968168,0.357751670122,1.82515549413,-4.03885031318
mlp,1,5,7,4341,-0.000886000253622,-7.76136222173,0.328833230485,-23.6027308137,0.363510711818,1.82584657913,-3.84612710097
mlp,1,5,8,4341,-0.000994130914303,-8.70858680929,0.348427768088,-24.9939517079,0.34531214006,1.83874683253,-4.31552229899
mlp,1,5,9,4341,-0.000956115182555,-8.37556899918,0.344987235936,-24.2779098086,0.347615756738,1.83183598249,-4.15049600747
mlp,1,5,10,4341,-0.000900329250908,-7.88688423796,0.330736739702,-23.8464110309,0.353835521769,1.83114489749,-3.90832927819
mlp,1,5,11,4341,-0.000893134193979,-7.82385553926,0.325559973118,-24.0319946716,0.344621055056,1.83690393918,-3.87709553606
mlp,1,10,0,4341,-0.00182822355507,-16.0152383424,0.363660437421,-44.0389899323,0.23658143285,1.82446440912,-7.93631845254
mlp,1,10,1,4341,-0.00183227966682,-16.0507698813,0.346600122438,-46.3091869917,0.226906242801,1.8396682792,-7.95392603367
mlp,1,10,2,4341,-0.00188321326147,-16.4969481705,0.342367138133,-48.1849638387,0.221607924441,1.83782538586,-8.17502876806
mlp,1,10,3,4341,-0.00181728204336,-15.9193906998,0.346182877196,-45.9854942242,0.240267219535,1.83897719419,-7.88882135021
mlp,1,10,4,4341,-0.00179330109004,-15.7093175488,0.355735549496,-44.1601003077,0.232204561161,1.83621285418,-7.78472003187
mlp,1,10,5,4341,-0.00184372315792,-16.1510148634,0.351124039859,-45.9980321195,0.237042156185,1.83483068417,-8.00360222852
mlp,1,10,6,4341,-0.00184297404128,-16.1444526016,0.348075575381,-46.3820323615,0.239576134531,1.82515549413,-8.00035031318
mlp,1,10,7,4341,-0.00179892354319,-15.7585702383,0.33013078432,-47.7343252638,0.235659986178,1.82584657913,-7.80912710097
mlp,1,10,8,4341,-0.00191350433057,-16.7622979358,0.349526914042,-47.9571021926,0.227136604469,1.83874683253,-8.30652229899
mlp,1,10,9,4341,-0.0018720331738,-16.3990106025,0.346357028699,-47.3471280895,0.222529371113,1.83183598249,-8.12649600747
mlp,1,10,10,4341,-0.00181590169965,-15.907298889,0.332278277577,-47.8734240618,0.233817092836,1.83114489749,-7.88282927819
mlp,1,10,11,4341,-0.00181158616357,-15.8694947929,0.326923654429,-48.5418983236,0.219765031099,1.83690393918,-7.86409553606
mlp,2,0,0,4341,1.54740268453e-05,0.135552475164,0.252750999868,0.536308363706,0.512554710896,1.69868693849,0.0671727505353
mlp,2,0,1,4341,-2.31564762235e-07,-0.00202850731718,0.250532819401,-0.00809677279817,0.504492052522,1.71999539277,-0.00100522263286
mlp,2,0,2,4341,-1.94125269915e-05,-0.170053736445,0.235177830941,-0.723085742244,0.504952775858,1.71078092605,-0.08426977967
mlp,2,0,3,4341,-1.09747606069e-05,-0.0961389029163,0.247914401151,-0.387790715141,0.507717115872,1.71872840359,-0.0476414357945
mlp,2,0,4,4341,-4.43054167772e-05,-0.388115450969,0.239551881141,-1.62017283738,0.49527758581,1.70225754434,-0.19232981423
mlp,2,0,5,4341,-3.59194671642e-05,-0.314654532358,0.25087271196,-1.25423976925,0.509329647547,1.71504261691,-0.15592640696
mlp,2,0,6,4341,5.94317409239e-06,0.0520622050493,0.242838811791,0.214389967837,0.507486754204,1.70571296936,0.025799318735
mlp,2,0,7,4341,-7.80004405259e-06,-0.0683283859007,0.231857824959,-0.294699503511,0.510481455886,1.70294862935,-0.0338599912323
mlp,2,0,8,4341,-2.31630822103e-05,-0.202908600162,0.243471125443,-0.83339903158,0.503340244183,1.71204791523,-0.100550939875
mlp,2,0,9,4341,1.38964899132e-05,0.121733251639,0.245635995299,0.49558392894,0.519926284266,1.70859249021,0.060324662713
mlp,2,0,10,4341,-3.93774513667e-06,-0.0344946473972,0.242967123486,-0.141972489538,0.514858327574,1.70767104354,-0.0170937516383
mlp,2,0,11,4341,3.22430465173e-06,0.0282449087491,0.227221497277,0.124305618472,0.510251094218,1.70801658604,0.0139967064931
mlp,2,0.25,0,4341,-2.69931466171e-05,-0.236459964366,0.252728799442,-0.93562730044,0.503340244183,1.69868693849,-0.117177249465
mlp,2,0.25,1,4341,-4.32314495814e-05,-0.378707498333,0.25051831119,-1.51169587777,0.49527758581,1.71999539277,-0.187667722633
mlp,2,0.25,2,4341,-6.21820501428e-05,-0.544714759251,0.235167939567,-2.31627984773,0.497120479152,1.71078092605,-0.26993227967
mlp,2,0.25,3,4341,-5.39429706967e-05,-0.472540423303,0.247917108357,-1.9060420091,0.497811564156,1.71872840359,-0.234166435794
mlp,2,0.25,4,4341,-8.68618553858e-05,-0.76090985318,0.239578258399,-3.17603883701,0.486293480765,1.70225754434,-0.37706731423
mlp,2,0.25,5,4341,-7.87955325869e-05,-0.690248865461,0.250882052882,-2.75128833463,0.501036627505,1.71504261691,-0.34205140696
mlp,2,0.25,6,4341,-3.66996501417e-05,-0.321488935241,0.242824219189,-1.32395745496,0.496659755817,1.70571296936,-0.159313181265
mlp,2,0.25,7,4341,-5.03737597863e-05,-0.441274135728,0.231851197069,-1.90326442696,0.501266989173,1.70294862935,-0.218672491232
mlp,2,0.25,8,4341,-6.59642800909e-05,-0.577847093597,0.243474335291,-2.37333882812,0.492743607464,1.71204791523,-0.286350939875
mlp,2,0.25,9,4341,-2.88183223421e-05,-0.252448503717,0.245640148113,-1.02771678675,0.511633264225,1.70859249021,-0.125100337287
mlp,2,0.25,10,4341,-4.66295212251e-05,-0.408474605932,0.242970442857,-1.6811699445,0.503800967519,1.70767104354,-0.202418751638
mlp,2,0.25,11,4341,-3.94761099993e-05,-0.345810723594,0.227213530535,-1.52196360304,0.498733010827,1.70801658604,-0.171365793507
mlp,2,0.5,0,4341,-6.94603200794e-05,-0.608472403896,0.252709197317,-2.40779682875,0.493895415803,1.69868693849,-0.301527249465
mlp,2,0.5,1,4341,-8.62313344006e-05,-0.755386489349,0.25050633472,-3.01543867221,0.488366735775,1.71999539277,-0.374330222633
mlp,2,0.5,2,4341,-0.000104951573294,-0.919375782057,0.235160974855,-3.90955932472,0.485832757429,1.71078092605,-0.45559477967
mlp,2,0.5,3,4341,-9.69111807866e-05,-0.84894194369,0.247922403326,-3.42422440369,0.489288182446,1.71872840359,-0.420691435794
mlp,2,0.5,4,4341,-0.000129418293994,-1.13370425539,0.23960741223,-4.73150744728,0.477539737388,1.70225754434,-0.56180481423
mlp,2,0.5,5,4341,-0.00012167159801,-1.06584319856,0.250893960355,-4.24818196921,0.489748905782,1.71504261691,-0.52817640696
mlp,2,0.5,6,4341,-7.93424743757e-05,-0.695040075531,0.242812323717,-2.86245798768,0.4867542041,1.70571296936,-0.344425681265
mlp,2,0.5,7,4341,-9.294747552e-05,-0.814219885555,0.231847459367,-3.51187754129,0.490900714121,1.70294862935,-0.403484991232
mlp,2,0.5,8,4341,-0.000108765477972,-0.952785587031,0.243480288869,-3.91319392406,0.48260769408,1.71204791523,-0.472150939875
mlp,2,0.5,9,4341,-7.15331345973e-05,-0.626630259073,0.245646980934,-2.55093816619,0.500115180834,1.70859249021,-0.310525337287
mlp,2,0.5,10,4341,-8.93212973136e-05,-0.782454564467,0.242976488148,-3.22028921576,0.493434692467,1.70767104354,-0.387743751638
mlp,2,0.5,11,4341,-8.21765246503e-05,-0.719866355936,0.227208471035,-3.16830773367,0.489748905782,1.70801658604,-0.356728293507
mlp,2,1,0,4341,-0.000154394667004,-1.35249728296,0.252677790309,-5.35265597068,0.473853950703,1.69868693849,-0.670227249465
mlp,2,1,1,4341,-0.000172231104039,-1.50874447138,0.250489978377,-6.02317298743,0.470398525685,1.71999539277,-0.747655222633
mlp,2,1,2,4341,-0.000190490619597,-1.66869782767,0.235155826352,-7.09613643666,0.464178760654,1.71078092605,-0.82691977967
mlp,2,1,3,4341,-0.000182847600966,-1.60174498446,0.247940755807,-6.46019239254,0.467403824004,1.71872840359,-0.793741435794
mlp,2,1,4,4341,-0.000214531171212,-1.87929305981,0.239674045462,-7.84103700588,0.454964293941,1.70225754434,-0.93127981423
mlp,2,1,5,4341,-0.000207423728855,-1.81703186477,0.250925473413,-7.24132085935,0.470859249021,1.71504261691,-0.90042640696
mlp,2,1,6,4341,-0.000164628122844,-1.44214235611,0.242796625657,-5.93971333912,0.469707440682,1.70571296936,-0.714650681265
mlp,2,1,7,4341,-0.000178094906987,-1.56011138521,0.23184865498,-6.72900770266,0.471089610689,1.70294862935,-0.773109991232
mlp,2,1,8,4341,-0.000194367873733,-1.7026625739,0.243500426319,-6.99244185992,0.463948398986,1.71204791523,-0.843750939875
mlp,2,1,9,4341,-0.000156962759108,-1.37499376978,0.245668685613,-5.59694356794,0.481225524073,1.70859249021,-0.681375337287
mlp,2,1,10,4341,-0.000174704849491,-1.53041448154,0.242996755588,-6.29808607045,0.471550334024,1.70767104354,-0.758393751638
mlp,2,1,11,4341,-0.000167577353952,-1.46797762062,0.227207074426,-6.46096792687,0.470398525685,1.70801658604,-0.727453293507
mlp,2,2,0,4341,-0.000324263360853,-2.84054704108,0.252646177148,-11.2431823554,0.438378253859,1.69868693849,-1.40762724946
mlp,2,2,1,4341,-0.000344230643316,-3.01546043544,0.250487657412,-12.0383593611,0.430315595485,1.71999539277,-1.49430522263
mlp,2,2,2,4341,-0.000361568712202,-3.16734191889,0.235180653418,-13.4676975884,0.428472702142,1.71078092605,-1.56956977967
mlp,2,2,3,4341,-0.000354720441326,-3.10735106601,0.2480085012,-12.529211906,0.429854872149,1.71872840359,-1.53984143579
mlp,2,2,4,4341,-0.000384756925646,-3.37047066866,0.239840579796,-14.0529624784,0.417645703755,1.70225754434,-1.67022981423
mlp,2,2,5,4341,-0.000378927990546,-3.31940919718,0.251019276797,-13.2237222557,0.425017277125,1.71504261691,-1.64492640696
mlp,2,2,6,4341,-0.00033519941978,-2.93634691727,0.242797606513,-12.0938050397,0.433771020502,1.70571296936,-1.45510068126
mlp,2,2,7,4341,-0.000348389769922,-3.05189438452,0.231885727379,-13.1611997815,0.431467403824,1.70294862935,-1.51235999123
mlp,2,2,8,4341,-0.000365572665256,-3.20241654764,0.243573610918,-13.1476334221,0.426860170468,1.71204791523,-1.58695093987
mlp,2,2,9,4341,-0.000327822008129,-2.87172079121,0.245744239341,-11.6858112276,0.442064040544,1.70859249021,-1.42307533729
mlp,2,2,10,4341,-0.000345471953844,-3.02633431568,0.243069986426,-12.4504648236,0.431467403824,1.70767104354,-1.49969375164
mlp,2,2,11,4341,-0.000338379012556,-2.96420014999,0.227239169178,-13.0444067399,0.433540658834,1.70801658604,-1.46890329351
mlp,2,5,0,4341,-0.000833869442401,-7.30469631544,0.25280096944,-28.8950486686,0.328726099977,1.69868693849,-3.61982724946
mlp,2,5,1,4341,-0.000860229261146,-7.53560832764,0.250723727903,-30.0554255102,0.323197419949,1.71999539277,-3.73425522263
mlp,2,5,2,4341,-0.000874802990018,-7.66327419256,0.235535836789,-32.5354914014,0.321354526607,1.71078092605,-3.79751977967
mlp,2,5,3,4341,-0.000870338962404,-7.62416931066,0.248459639806,-30.6857456471,0.324579589956,1.71872840359,-3.77814143579
mlp,2,5,4,4341,-0.00089543418895,-7.8440034952,0.240605358831,-32.6011171709,0.312370421562,1.70225754434,-3.88707981423
mlp,2,5,5,4341,-0.000893440775618,-7.82654119442,0.251546378938,-31.1137104317,0.316516931583,1.71504261691,-3.87842640696
mlp,2,5,6,4341,-0.000846913310589,-7.41896060076,0.243059430791,-30.5232369573,0.326422483299,1.70571296936,-3.67645068126
mlp,2,5,7,4341,-0.000859274358727,-7.52724338245,0.232274039342,-32.4067356118,0.331029716655,1.70294862935,-3.73010999123
mlp,2,5,8,4341,-0.000879187039824,-7.70167846886,0.244055953915,-31.5570193855,0.319281271596,1.71204791523,-3.81655093987
mlp,2,5,9,4341,-0.000840399755192,-7.36190185548,0.246227574513,-29.8987709644,0.324809951624,1.70859249021,-3.64817533729
mlp,2,5,10,4341,-0.000857773266906,-7.5140938181,0.243550761001,-30.8522699219,0.32527067496,1.70767104354,-3.72359375164
mlp,2,5,11,4341,-0.000850783988368,-7.45286773811,0.227614219683,-32.7434188799,0.318129463257,1.70801658604,-3.69325329351
mlp,2,10,0,4341,-0.00168321291165,-14.744945106,0.253888313321,-58.0765018806,0.198111034324,1.69868693849,-7.30682724946
mlp,2,10,1,4341,-0.00172022695753,-15.069188148,0.251923840344,-59.8164434434,0.187744759272,1.71999539277,-7.46750522263
mlp,2,10,2,4341,-0.00173019345305,-15.1564946487,0.237057615377,-63.9359112112,0.187284035936,1.71078092605,-7.51076977967
mlp,2,10,3,4341,-0.0017297031642,-15.1521997184,0.250032177059,-60.6009990258,0.196498502649,1.71872840359,-7.50864143579
mlp,2,10,4,4341,-0.00174656296112,-15.2998915394,0.242754108342,-63.0262929181,0.183828610919,1.70225754434,-7.58182981423
mlp,2,10,5,4341,-0.00175096208407,-15.3384278565,0.253237550069,-60.569326517,0.184289334255,1.71504261691,-7.60092640696
mlp,2,10,6,4341,-0.00169976979527,-14.8899834066,0.2443545984,-60.9359656174,0.198341395992,1.70571296936,-7.37870068126
mlp,2,10,7,4341,-0.0017107486734,-14.986158379,0.233838632053,-64.0876071135,0.196268140981,1.70294862935,-7.42635999123
mlp,2,10,8,4341,-0.00173521099744,-15.2004483375,0.245729259529,-61.858520091,0.1932734393,1.71204791523,-7.53255093987
mlp,2,10,9,4341,-0.0016946960003,-14.8455369626,0.247882379511,-59.8894402736,0.191660907625,1.70859249021,-7.35667533729
mlp,2,10,10,4341,-0.00171160878868,-14.9936929888,0.245215816896,-61.1448852631,0.19857175766,1.70767104354,-7.43009375164
mlp,2,10,11,4341,-0.00170479228139,-14.933980385,0.229162266899,-65.1677110156,0.180373185902,1.70801658604,-7.40050329351
mlp,3,0,0,4341,1.52902914065e-05,0.133942952721,0.206786060608,0.647736855797,0.503340244183,1.59425631575,0.0663751549955
mlp,3,0,1,4341,3.15978000638e-06,0.0276796728559,0.200281144853,0.13820408744,0.509560009214,1.60500652691,0.0137166050077
mlp,3,0,2,4341,-1.4329916107e-05,-0.125530065097,0.189796144972,-0.661394176977,0.507026030868,1.60239576135,-0.0622061658205
mlp,3,0,3,4341,-1.82534861805e-05,-0.159900538941,0.200631759866,-0.796985178457,0.507717115872,1.60285648468,-0.0792383835096
mlp,3,0,4,4341,-3.06483917366e-05,-0.268479911612,0.198272749384,-1.35409385529,0.503800967519,1.58680795516,-0.133044668528
mlp,3,0,5,4341,-1.11057473573e-05,-0.0972863468496,0.204079360001,-0.476708408186,0.503109882516,1.59717423021,-0.0482100492779
mlp,3,0,6,4341,2.06768343605e-05,0.181129068998,0.201392984807,0.899381223093,0.509790370882,1.59440989019,0.0897581379589
mlp,3,0,7,4341,1.35814359439e-05,0.118973378869,0.194196309089,0.612644902609,0.514627965906,1.59026338017,0.0589570134326
mlp,3,0,8,4341,-1.20739994671e-05,-0.105768235332,0.200337397401,-0.527950530975,0.509790370882,1.59533133687,-0.0524132316867
mlp,3,0,9,4341,1.68880111165e-05,0.147938977381,0.196026300688,0.754689431274,0.51002073255,1.5903401674,0.0733108562569
mlp,3,0,10,4341,3.43737229919e-05,0.301113813409,0.196216742121,1.53459796628,0.51739230592,1.59018659295,0.149216331508
mlp,3,0,11,4341,-5.80068599974e-06,-0.0508140093577,0.183795818167,-0.276469888513,0.508868924211,1.5934116563,-0.0251807779249
mlp,3,0.25,0,4341,-2.45661164873e-05,-0.215199180428,0.206755380661,-1.04083956481,0.492743607464,1.59425631575,-0.106641511671
mlp,3,0.25,1,4341,-3.69653831665e-05,-0.323816756538,0.200264185291,-1.61694791341,0.498733010827,1.60500652691,-0.160466728326
mlp,3,0.25,2,4341,-5.43898101406e-05,-0.476454736832,0.189804769806,-2.51023584559,0.498041925824,1.60239576135,-0.236106165821
mlp,3,0.25,3,4341,-5.83248982975e-05,-0.510926109086,0.200645433289,-2.54641284734,0.496199032481,1.60285648468,-0.25318838351
mlp,3,0.25,4,4341,-7.03185906155e-05,-0.615990853792,0.198271705973,-3.10680160221,0.495507947478,1.58680795516,-0.305253001862
mlp,3,0.25,5,4341,-5.10351031125e-05,-0.447067503265,0.204089294749,-2.19054852345,0.492743607464,1.59717423021,-0.221543382611
mlp,3,0.25,6,4341,-1.91834128944e-05,-0.168046696955,0.201384677786,-0.834456219816,0.497811564156,1.59440989019,-0.0832751953744
mlp,3,0.25,7,4341,-2.61751485604e-05,-0.229294301389,0.194193418468,-1.18075217583,0.505183137526,1.59026338017,-0.113626319901
mlp,3,0.25,8,4341,-5.19572828888e-05,-0.455145798105,0.200338587942,-2.27188282987,0.501036627505,1.59533133687,-0.22554656502
mlp,3,0.25,9,4341,-2.28704930684e-05,-0.200345519279,0.196047699856,-1.02192231495,0.501266989173,1.5903401674,-0.0992808104098
mlp,3,0.25,10,4341,-5.38094183185e-06,-0.047137050447,0.196219604135,-0.240225999103,0.506104584197,1.59018659295,-0.0233586684921
mlp,3,0.25,11,4341,-4.56359774072e-05,-0.399771162087,0.183788722711,-2.17516698626,0.501266989173,1.5934116563,-0.198105777925
mlp,3,0.5,0,4341,-6.4422524381e-05,-0.564341313577,0.206727435553,-2.72988107297,0.482377332412,1.59425631575,-0.279658178338
mlp,3,0.5,1,4341,-7.70905463393e-05,-0.675313185932,0.200250016115,-3.37235022016,0.485832757429,1.60500652691,-0.334650061659
mlp,3,0.5,2,4341,-9.44497041743e-05,-0.827379408567,0.189816479211,-4.35883866356,0.488827459111,1.60239576135,-0.410006165821
mlp,3,0.5,3,4341,-9.83963104146e-05,-0.861951679232,0.200661926421,-4.29554173334,0.487675650772,1.60285648468,-0.42713838351
mlp,3,0.5,4,4341,-0.000109988789494,-0.963501795971,0.19827366063,-4.85945431638,0.484450587422,1.58680795516,-0.477461335195
mlp,3,0.5,5,4341,-9.09644588677e-05,-0.796848659681,0.204101940584,-3.90416993293,0.481916609076,1.59717423021,-0.394876715945
mlp,3,0.5,6,4341,-5.90436601492e-05,-0.517222462907,0.201379249995,-2.5683999862,0.486293480765,1.59440989019,-0.256308528708
mlp,3,0.5,7,4341,-6.59317330648e-05,-0.577561981647,0.19419343736,-2.97415808433,0.492973969132,1.59026338017,-0.286209653234
mlp,3,0.5,8,4341,-9.18405663104e-05,-0.804523360879,0.200342617792,-4.01573748883,0.490439990786,1.59533133687,-0.398679898353
mlp,3,0.5,9,4341,-6.26289972533e-05,-0.548630015939,0.196072055188,-2.79810407155,0.491591799125,1.5903401674,-0.271872477076
mlp,3,0.5,10,4341,-4.51356066556e-05,-0.395387914303,0.196225374493,-2.0149683257,0.494816862474,1.59018659295,-0.195933668492
mlp,3,0.5,11,4341,-8.54712688148e-05,-0.748728314817,0.183784749683,-4.07394147832,0.490670352453,1.5934116563,-0.371030777925
mlp,3,1,0,4341,-0.000144135340168,-1.26262557988,0.206679754183,-6.10909174373,0.458189357291,1.59425631575,-0.625691511671
mlp,3,1,1,4341,-0.000157340872685,-1.37830604472,0.20023005117,-6.88361230827,0.461875143976,1.60500652691,-0.683016728326
mlp,3,1,2,4341,-0.000174569492242,-1.52922875204,0.189849149302,-8.05496762907,0.467864547339,1.60239576135,-0.757806165821
mlp,3,1,3,4341,-0.000178539134649,-1.56400281952,0.200703368912,-7.79260870407,0.467864547339,1.60285648468,-0.77503838351
mlp,3,1,4,4341,-0.000189329187252,-1.65852368033,0.198286563652,-8.36427668008,0.464869845658,1.58680795516,-0.821878001862
mlp,3,1,5,4341,-0.000170823170378,-1.49641097251,0.20413536339,-7.33048379104,0.460262612301,1.59717423021,-0.741543382611
mlp,3,1,6,4341,-0.000138764154659,-1.21557399481,0.201377032904,-6.03630899356,0.465100207326,1.59440989019,-0.602375195374
mlp,3,1,7,4341,-0.000145444902073,-1.27409734216,0.194202203543,-6.56067397239,0.472471780696,1.59026338017,-0.631376319901
mlp,3,1,8,4341,-0.000171607133154,-1.50327848643,0.200359194616,-7.50291739446,0.469477079014,1.59533133687,-0.74494656502
mlp,3,1,9,4341,-0.000142146005623,-1.24519900926,0.196129629801,-6.34885718452,0.470168164018,1.5903401674,-0.61705581041
mlp,3,1,10,4341,-0.000124644936303,-1.09188964202,0.196245639086,-5.56389251299,0.47408431237,1.59018659295,-0.541083668492
mlp,3,1,11,4341,-0.00016514185163,-1.44664262028,0.18378617156,-7.87133551994,0.467403824004,1.5934116563,-0.716880777925
mlp,3,2,0,4341,-0.000303560971743,-2.65919411247,0.206617251068,-12.8701456375,0.417876065423,1.59425631575,-1.31775817834
mlp,3,2,1,4341,-0.000317841525376,-2.7842917623,0.200223624154,-13.9059103243,0.420640405437,1.60500652691,-1.37975006166
mlp,3,2,2,4341,-0.000334809068376,-2.93292743897,0.189951469177,-15.4404040763,0.424326192122,1.60239576135,-1.45340616582
mlp,3,2,3,4341,-0.000338824783117,-2.9681051001,0.200820051884,-14.779923978,0.425938723796,1.60285648468,-1.47083838351
mlp,3,2,4,4341,-0.000348009982768,-3.04856744905,0.198348333492,-15.3697658829,0.412347385395,1.58680795516,-1.5107113352
mlp,3,2,5,4341,-0.000330540593399,-2.89553559817,0.204234712655,-14.1774900091,0.419949320433,1.59717423021,-1.43487671594
mlp,3,2,6,4341,-0.000298205143678,-2.61227705862,0.201407151431,-12.9701306039,0.425708362129,1.59440989019,-1.29450852871
mlp,3,2,7,4341,-0.000304471240091,-2.6671680632,0.194254641251,-13.7302668601,0.430085233817,1.59026338017,-1.32170965323
mlp,3,2,8,4341,-0.00033114026684,-2.90078873752,0.200426404359,-14.4730867512,0.426399447132,1.59533133687,-1.43747989835
mlp,3,2,9,4341,-0.000301180022363,-2.6383369959,0.196280195622,-13.4416872142,0.424326192122,1.5903401674,-1.30742247708
mlp,3,2,10,4341,-0.000283663595598,-2.48489309744,0.196321048453,-12.6572933316,0.434462105506,1.59018659295,-1.23138366849
mlp,3,2,11,4341,-0.00032448301726,-2.8424712312,0.18382648269,-15.462795075,0.422483298779,1.5934116563,-1.40858077792
mlp,3,5,0,4341,-0.000781837866468,-6.84889971026,0.206692819718,-33.1356440907,0.305229209859,1.59425631575,-3.39395817834
mlp,3,5,1,4341,-0.000799343483451,-7.00224891503,0.200472236787,-34.9287713214,0.305459571527,1.60500652691,-3.46995006166
mlp,3,5,2,4341,-0.00081552779678,-7.14402349979,0.19055333621,-37.4909389775,0.304307763188,1.60239576135,-3.54020616582
mlp,3,5,3,4341,-0.000819681728521,-7.18041194184,0.201439609806,-35.6454817837,0.315825846579,1.60285648468,-3.55823838351
mlp,3,5,4,4341,-0.000824052369315,-7.2186987552,0.198820755973,-36.3075712084,0.306841741534,1.58680795516,-3.5772113352
mlp,3,5,5,4341,-0.000809692862461,-7.09290947516,0.204792067239,-34.6346885932,0.299239806496,1.59717423021,-3.51487671594
mlp,3,5,6,4341,-0.000776528110737,-6.80238625005,0.201773565503,-33.7129704434,0.317668739922,1.59440989019,-3.37090852871
mlp,3,5,7,4341,-0.000781550254143,-6.84638022629,0.194690670927,-35.1654252035,0.313982953237,1.59026338017,-3.39270965323
mlp,3,5,8,4341,-0.0008097396679,-7.0933194908,0.200899898999,-35.3077304973,0.306841741534,1.59533133687,-3.51507989835
mlp,3,5,9,4341,-0.000778282072582,-6.81775095581,0.197014060456,-34.6054029851,0.310988251555,1.5903401674,-3.37852247708
mlp,3,5,10,4341,-0.000760719573484,-6.66390346372,0.196825651499,-33.8568850807,0.319281271596,1.59018659295,-3.30228366849
mlp,3,5,11,4341,-0.00080250651415,-7.02995706395,0.184246631405,-38.1551456889,0.291868233126,1.5934116563,-3.48368077792
mlp,3,10,0,4341,-0.00157896602434,-13.8317423732,0.207693070763,-66.5970334128,0.173231974199,1.59425631575,-6.85429151167
mlp,3,10,1,4341,-0.00160184674691,-14.0321775029,0.201774490976,-69.5438627302,0.164938954158,1.60500652691,-6.95361672833
mlp,3,10,2,4341,-0.00161672567745,-14.1625169345,0.192527995148,-73.5608186414,0.167012209168,1.60239576135,-7.01820616582
mlp,3,10,3,4341,-0.00162110997086,-14.2009233447,0.203360573217,-69.8312515552,0.178299930891,1.60285648468,-7.03723838351
mlp,3,10,4,4341,-0.00161745634689,-14.1689175988,0.200556351926,-70.6480620671,0.169085464179,1.58680795516,-7.02137800186
mlp,3,10,5,4341,-0.00160827997757,-14.0885326035,0.206576723982,-68.2000001351,0.163096060815,1.59717423021,-6.98154338261
mlp,3,10,6,4341,-0.00157373305583,-13.7859015691,0.203297600851,-67.8114326552,0.177839207556,1.59440989019,-6.83157519537
mlp,3,10,7,4341,-0.00157668194423,-13.8117338315,0.196338274338,-70.3466192623,0.173462335867,1.59026338017,-6.8443763199
mlp,3,10,8,4341,-0.00160740533633,-14.0808707463,0.202587096617,-69.5052694937,0.172540889196,1.59533133687,-6.97774656502
mlp,3,10,9,4341,-0.00157345215628,-13.783440889,0.199165330964,-69.2060250761,0.168855102511,1.5903401674,-6.83035581041
mlp,3,10,10,4341,-0.00155581286996,-13.6289207408,0.198585548669,-68.6299724837,0.171158719189,1.59018659295,-6.75378366849
mlp,3,10,11,4341,-0.0015992123423,-14.0091001185,0.185935095124,-75.3440339449,0.153651232435,1.5934116563,-6.94218077792
mlp,4,0,0,4341,1.22092249475e-05,0.10695281054,0.176595084077,0.60563866259,0.500806265837,1.48951854411,0.0530002454972
mlp,4,0,1,4341,1.39818324663e-05,0.122480852404,0.173587358439,0.705586244909,0.511172540889,1.49798433541,0.060695134736
mlp,4,0,2,4341,-9.32126155772e-06,-0.0816542512456,0.167070961848,-0.488739936265,0.499654457498,1.49585348998,-0.0404635964221
mlp,4,0,3,4341,-2.06597846136e-05,-0.180979713215,0.173224470671,-1.04476990182,0.502418797512,1.48900023036,-0.0896841250076
mlp,4,0,4,4341,-5.70198894939e-06,-0.0499494231966,0.172735552587,-0.28916700962,0.510251094218,1.48139829532,-0.0247523340293
mlp,4,0,5,4341,4.43694545721e-06,0.0388676422051,0.180351300388,0.215510739992,0.507486754204,1.48329877908,0.0192607802297
mlp,4,0,6,4341,1.08735940097e-05,0.0952526835246,0.176392792907,0.540003261782,0.509560009214,1.48468094909,0.0472022715959
mlp,4,0,7,4341,2.78768746972e-05,0.244201422347,0.169842728074,1.43780911386,0.514858327574,1.48462335867,0.121013513061
mlp,4,0,8,4341,5.92222865803e-06,0.0518787230443,0.1719561536,0.301697391796,0.505413499194,1.48825155494,0.0257083946045
mlp,4,0,9,4341,3.18586889537e-05,0.279082115235,0.169815206926,1.64344595686,0.512554710896,1.47500575904,0.138298568748
mlp,4,0,10,4341,1.62229139325e-05,0.142112726049,0.168607577357,0.842860850481,0.510711817554,1.48398986409,0.0704236693812
mlp,4,0,11,4341,6.3005425106e-06,0.0551927523928,0.161564893868,0.341613521795,0.51531905091,1.48076480074,0.0273506550385
mlp,4,0.25,0,4341,-2.50287386553e-05,-0.219251750621,0.176580589637,-1.24165261353,0.489518544114,1.48951854411,-0.108649754503
mlp,4,0.25,1,4341,-2.34677759189e-05,-0.20557771705,0.173582752861,-1.18432110138,0.498272287491,1.49798433541,-0.101873615264
mlp,4,0.25,2,4341,-4.67175988072e-05,-0.409246165551,0.167079745979,-2.44940619913,0.48997926745,1.49585348998,-0.202801096422
mlp,4,0.25,3,4341,-5.78847903726e-05,-0.507070763664,0.173232574783,-2.92710977886,0.490439990786,1.48900023036,-0.251277875008
mlp,4,0.25,4,4341,-4.27369463325e-05,-0.374375649872,0.172728001987,-2.167428822,0.499654457498,1.48139829532,-0.185521084029
mlp,4,0.25,5,4341,-3.26455240199e-05,-0.285974790414,0.180355724881,-1.58561526451,0.495507947478,1.48329877908,-0.14171421977
mlp,4,0.25,6,4341,-2.62434297176e-05,-0.229892444326,0.176389313778,-1.30332410395,0.498963372495,1.48468094909,-0.113922728404
mlp,4,0.25,7,4341,-9.23870926963e-06,-0.0809310932019,0.169837626452,-0.476520397113,0.50472241419,1.48462335867,-0.0401052369394
mlp,4,0.25,8,4341,-3.12840602155e-05,-0.274048367488,0.171957992943,-1.59369368529,0.496659755817,1.48825155494,-0.135804105396
mlp,4,0.25,9,4341,-5.01645502231e-06,-0.0439441459954,0.169827553784,-0.258757457292,0.498963372495,1.47500575904,-0.0217764312518
mlp,4,0.25,10,4341,-2.08768326696e-05,-0.182881054186,0.168612110115,-1.08462585553,0.50264915918,1.48398986409,-0.0906263306188
mlp,4,0.25,11,4341,-3.07185775078e-05,-0.269094738969,0.16155861778,-1.66561674435,0.501266989173,1.48076480074,-0.133349344962
mlp,4,0.5,0,4341,-6.22667022582e-05,-0.545456311782,0.176568988665,-3.08919655657,0.481455885741,1.48951854411,-0.270299754503
mlp,4,0.5,1,4341,-6.09173843041e-05,-0.533636286504,0.173581103615,-3.07427637796,0.48997926745,1.49798433541,-0.264442365264
mlp,4,0.5,2,4341,-8.41139360567e-05,-0.736838079857,0.167091608518,-4.40978506575,0.479612992398,1.49585348998,-0.365138596422
mlp,4,0.5,3,4341,-9.51097961317e-05,-0.833161814114,0.173243589701,-4.80919274157,0.481225524073,1.48900023036,-0.412871625008
mlp,4,0.5,4,4341,-7.97719037156e-05,-0.698801876548,0.172723478909,-4.0457839372,0.486984565768,1.48139829532,-0.346289834029
mlp,4,0.5,5,4341,-6.9727993497e-05,-0.610817223033,0.180362930688,-3.38660067622,0.485372034094,1.48329877908,-0.30268921977
mlp,4,0.5,6,4341,-6.33604534448e-05,-0.555037572177,0.176388688986,-3.14667326668,0.489057820779,1.48468094909,-0.275047728404
mlp,4,0.5,7,4341,-4.63542932365e-05,-0.406063608751,0.16983557041,-2.39092204166,0.495047224142,1.48462335867,-0.201223986939
mlp,4,0.5,8,4341,-6.8490349089e-05,-0.59997545802,0.17196285675,-3.48898284989,0.487675650772,1.48825155494,-0.297316605396
mlp,4,0.5,9,4341,-4.18915989984e-05,-0.366970407226,0.16984289801,-2.16064617082,0.486523842433,1.47500575904,-0.181851431252
mlp,4,0.5,10,4341,-5.79765792718e-05,-0.507874834421,0.168619705591,-3.01195422351,0.493434692467,1.48398986409,-0.251676330619
mlp,4,0.5,11,4341,-6.77376975263e-05,-0.59338223033,0.161555551933,-3.67292998123,0.488597097443,1.48076480074,-0.294049344962
mlp,4,1,0,4341,-0.000136742629464,-1.1978654341,0.176554469267,-6.78467919321,0.457958995623,1.48951854411,-0.593599754503
mlp,4,1,1,4341,-0.000135816601074,-1.18975342541,0.173586674304,-6.85394446425,0.466252015665,1.49798433541,-0.589579865264
mlp,4,1,2,4341,-0.000158906610556,-1.39202190847,0.167124566029,-8.32924770752,0.45934116563,1.49585348998,-0.689813596422
mlp,4,1,3,4341,-0.00016955980765,-1.48534391501,0.173274349588,-8.57220886151,0.457958995623,1.48900023036,-0.736059125008
mlp,4,1,4,4341,-0.000153841818482,-1.3476543299,0.172723516112,-7.80237897096,0.467634185672,1.48139829532,-0.667827334029
mlp,4,1,5,4341,-0.000143892932451,-1.26050208827,0.180385684781,-6.98781663191,0.464869845658,1.48329877908,-0.62463921977
mlp,4,1,6,4341,-0.000137594500899,-1.20532782788,0.176396002397,-6.83307904658,0.471319972357,1.48468094909,-0.597297728404
mlp,4,1,7,4341,-0.00012058546117,-1.05632863985,0.169840595341,-6.21952977574,0.475696844045,1.48462335867,-0.523461486939
mlp,4,1,8,4341,-0.000142902926836,-1.25182963908,0.171981656576,-7.27885557102,0.466943100668,1.48825155494,-0.620341605396
mlp,4,1,9,4341,-0.00011564188695,-1.01302292969,0.169882575154,-5.96307731248,0.466943100668,1.47500575904,-0.502001431252
mlp,4,1,10,4341,-0.000132176072476,-1.15786239489,0.168644082877,-6.8657160995,0.473623589035,1.48398986409,-0.573776330619
mlp,4,1,11,4341,-0.000141775937563,-1.24195721305,0.161559051503,-7.6873267174,0.463948398986,1.48076480074,-0.615449344962
mlp,4,2,0,4341,-0.000285694483875,-2.50268367875,0.176560167657,-14.1746788755,0.416493895416,1.48951854411,-1.2401997545
mlp,4,2,1,4341,-0.000285615034615,-2.50198770323,0.173633285251,-14.4096087315,0.417645703755,1.49798433541,-1.23985486526
mlp,4,2,2,4341,-0.000308491959554,-2.70238956569,0.16722738174,-16.1599705597,0.415342087077,1.49585348998,-1.33916359642
mlp,4,2,3,4341,-0.000318459830686,-2.78970811681,0.173370764804,-16.0909950416,0.416493895416,1.48900023036,-1.38243412501
mlp,4,2,4,4341,-0.000301981648014,-2.6453592366,0.172759920579,-15.3123434402,0.422483298779,1.48139829532,-1.31090233403
mlp,4,2,5,4341,-0.000292222810359,-2.55987181875,0.180464545457,-14.1849015953,0.417645703755,1.48329877908,-1.26853921977
mlp,4,2,6,4341,-0.000286062595808,-2.50590833928,0.17644487332,-14.2022167725,0.430085233817,1.48468094909,-1.2417977284
mlp,4,2,7,4341,-0.000269047797037,-2.35685870205,0.169887186042,-13.8730810543,0.431006680488,1.48462335867,-1.16793648694
mlp,4,2,8,4341,-0.00029172808233,-2.55553800121,0.172055527842,-14.8529839946,0.4266298088,1.48825155494,-1.2663916054
mlp,4,2,9,4341,-0.000263142462855,-2.30512797461,0.169997851514,-13.5597476914,0.419718958765,1.47500575904,-1.14230143125
mlp,4,2,10,4341,-0.000280575058885,-2.45783751583,0.168729560701,-14.5667274046,0.428242340475,1.48398986409,-1.21797633062
mlp,4,2,11,4341,-0.000289852417637,-2.5391071785,0.161604568755,-15.7118526912,0.414651002073,1.48076480074,-1.25824934496
mlp,4,5,0,4341,-0.00073255004711,-6.41713841268,0.176854915343,-36.2847614398,0.299700529832,1.48951854411,-3.1799997545
mlp,4,5,1,4341,-0.000735010335237,-6.43869053668,0.174056315858,-36.9919959809,0.293020041465,1.49798433541,-3.19067986526
mlp,4,5,2,4341,-0.000757248006547,-6.63349253735,0.167829977169,-39.5250756107,0.286800276434,1.49585348998,-3.28721359642
mlp,4,5,3,4341,-0.000765159899794,-6.7028007222,0.173938267623,-38.5355150065,0.297396913154,1.48900023036,-3.32155912501
mlp,4,5,4,4341,-0.000746401136611,-6.53847395671,0.173159270841,-37.7598838627,0.298318359825,1.48139829532,-3.24012733403
mlp,4,5,5,4341,-0.000737212444084,-6.45798101018,0.180967239772,-35.6859120928,0.293020041465,1.48329877908,-3.20023921977
mlp,4,5,6,4341,-0.000731466880535,-6.40764987349,0.176864899351,-36.2290646534,0.310527528219,1.48468094909,-3.1752977284
mlp,4,5,7,4341,-0.000714434804639,-6.25844888864,0.170318689834,-36.7455203814,0.307763188205,1.48462335867,-3.10136148694
mlp,4,5,8,4341,-0.000738203548813,-6.4666630876,0.172566526861,-37.4734498353,0.300852338171,1.48825155494,-3.2045416054
mlp,4,5,9,4341,-0.000705644190567,-6.18144310937,0.170629956633,-36.2271856088,0.302464869846,1.47500575904,-3.06320143125
mlp,4,5,10,4341,-0.000725772018111,-6.35776287865,0.169278873629,-37.5579228663,0.302464869846,1.48398986409,-3.15057633062
mlp,4,5,11,4341,-0.000734081857858,-6.43055707484,0.162048601264,-39.6828915813,0.288412808109,1.48076480074,-3.18664934496
mlp,4,10,0,4341,-0.00147730931917,-12.9412296359,0.178264916962,-72.5954935857,0.159640635798,1.48951854411,-6.4129997545
mlp,4,10,1,4341,-0.00148400250294,-12.9998619258,0.175696258625,-73.990544975,0.156415572449,1.49798433541,-6.44205486526
mlp,4,10,2,4341,-0.00150517475154,-13.1853308235,0.169801811156,-77.6512967306,0.155494125777,1.49585348998,-6.53396359642
mlp,4,10,3,4341,-0.00150966001498,-13.2246217312,0.175800445348,-75.2251890204,0.165860400829,1.48900023036,-6.55343412501
mlp,4,10,4,4341,-0.00148710028427,-13.0269984902,0.174782940457,-74.5324369539,0.155724487445,1.48139829532,-6.45550233403
mlp,4,10,5,4341,-0.00147886183363,-12.9548296626,0.182682843909,-70.9143200605,0.158258465791,1.48329877908,-6.41973921977
mlp,4,10,6,4341,-0.00147380735508,-12.9105524305,0.178467791315,-72.3410781035,0.167472932504,1.48468094909,-6.3977977284
mlp,4,10,7,4341,-0.00145674648398,-12.7610991996,0.172000509238,-74.1922175474,0.162404975812,1.48462335867,-6.32373648694
mlp,4,10,8,4341,-0.00148232932628,-12.9852048982,0.174371927877,-74.4684368425,0.167012209168,1.48825155494,-6.4347916054
mlp,4,10,9,4341,-0.00144314707009,-12.641968334,0.172624862695,-73.2337632982,0.163096060815,1.47500575904,-6.26470143125
mlp,4,10,10,4341,-0.00146776695015,-12.8576384833,0.171158755026,-75.1211264733,0.162174614144,1.48398986409,-6.37157633062
mlp,4,10,11,4341,-0.00147446425823,-12.9163069021,0.16380237061,-78.8529912843,0.147892190739,1.48076480074,-6.40064934496
mlp,5,0,0,4341,2.54102947623e-05,0.222594182118,0.159953697196,1.39161636161,0.509099285879,1.39193734163,0.110306089563
mlp,5,0,1,4341,-2.72592305841e-08,-0.000238790859917,0.157058289993,-0.00152039640777,0.509560009214,1.39686708132,-0.000118332319966
mlp,5,0,2,4341,-1.66789050345e-05,-0.146107208102,0.14987787466,-0.974841739875,0.496199032481,1.39179912463,-0.0724031267546
mlp,5,0,3,4341,-1.49899177642e-05,-0.131311679615,0.155246387935,-0.845827599352,0.506334945865,1.3857175766,-0.0650712330146
mlp,5,0,4,4341,-5.09290967659e-06,-0.044613888767,0.155071630625,-0.287698585404,0.507717115872,1.38230822391,-0.0221083209061
mlp,5,0,5,4341,2.41469697433e-05,0.211527454951,0.160381804063,1.31889933641,0.514858327574,1.37793135222,0.104821995656
mlp,5,0,6,4341,4.91729079108e-06,0.0430754673298,0.158303785696,0.272106362716,0.513015434232,1.38258465791,0.0213459593241
mlp,5,0,7,4341,1.5611857262e-05,0.136759869615,0.153792722002,0.889247994539,0.514167242571,1.38594793826,0.0677710723745
mlp,5,0,8,4341,1.25413753346e-05,0.109862447931,0.153315784786,0.716576235672,0.513936880903,1.38714581894,0.0544421103277
mlp,5,0,9,4341,3.92212311118e-05,0.343577984539,0.152861218785,2.24764650753,0.514397604239,1.37512093988,0.170259364256
mlp,5,0,10,4341,-4.70163011084e-07,-0.0041186279771,0.148117748364,-0.0278064446873,0.509790370882,1.37525915688,-0.00204097763112
mlp,5,0,11,4341,1.32344256317e-05,0.115933568534,0.146157659949,0.793208981137,0.514627965906,1.37152729786,0.0574506416672
mlp,5,0.25,0,4341,-9.38813877838e-06,-0.0822400956986,0.159934863657,-0.514209934082,0.497581202488,1.39193734163,-0.040753910437
mlp,5,0.25,1,4341,-3.49489362635e-05,-0.306152681668,0.157059613336,-1.94927693483,0.498733010827,1.39686708132,-0.15171333232
mlp,5,0.25,2,4341,-5.14738831501e-05,-0.450911216395,0.149876283645,-3.00855615998,0.486293480765,1.39179912463,-0.223448126755
mlp,5,0.25,3,4341,-4.96328571791e-05,-0.434783828889,0.155260790686,-2.800345322,0.492973969132,1.3857175766,-0.215456233015
mlp,5,0.25,4,4341,-3.96506152744e-05,-0.347339389804,0.155070713187,-2.23987742537,0.497120479152,1.38230822391,-0.172123320906
mlp,5,0.25,5,4341,-1.03013140623e-05,-0.0902395111858,0.160383496865,-0.562648358152,0.503109882516,1.37793135222,-0.0447180043445
mlp,5,0.25,6,4341,-2.96473256567e-05,-0.259710572753,0.158307848955,-1.64054135324,0.50057590417,1.38258465791,-0.128699040676
mlp,5,0.25,7,4341,-1.90368411945e-05,-0.166762728864,0.153796474892,-1.08430787494,0.502418797512,1.38594793826,-0.0826389276255
mlp,5,0.25,8,4341,-2.21372701388e-05,-0.193922486416,0.153329331872,-1.26474487332,0.502188435844,1.38714581894,-0.0960978896723
mlp,5,0.25,9,4341,4.84320761488e-06,0.0424264987064,0.152879292362,0.277516320562,0.502879520848,1.37512093988,0.0210243642562
mlp,5,0.25,10,4341,-3.4851641933e-05,-0.305300383333,0.148109128131,-2.06132050864,0.49942409583,1.37525915688,-0.151290977631
mlp,5,0.25,11,4341,-2.10537568147e-05,-0.184430909697,0.14615605016,-1.26187666878,0.501497350841,1.37152729786,-0.0913943583328
mlp,5,0.5,0,4341,-4.4186572319e-05,-0.387074373515,0.15991896117,-2.42044077001,0.486523842433,1.39193734163,-0.191813910437
mlp,5,0.5,1,4341,-6.98706132965e-05,-0.612066572477,0.157063825907,-3.89692896466,0.486523842433,1.39686708132,-0.30330833232
mlp,5,0.5,2,4341,-8.62688612658e-05,-0.755715224688,0.149877861038,-5.04220716424,0.474314674038,1.39179912463,-0.374493126755
mlp,5,0.5,3,4341,-8.4275796594e-05,-0.738255978164,0.155278319602,-4.7544047363,0.480995162405,1.3857175766,-0.365841233015
mlp,5,0.5,4,4341,-7.42083208722e-05,-0.65006489084,0.155072844139,-4.19199695761,0.486523842433,1.38230822391,-0.322138320906
mlp,5,0.5,5,4341,-4.47495978679e-05,-0.392006477323,0.160388040152,-2.44411289615,0.491361437457,1.37793135222,-0.194258004344
mlp,5,0.5,6,4341,-6.42119421046e-05,-0.562496612836,0.158314912437,-3.55302355399,0.489748905782,1.38258465791,-0.278744040676
mlp,5,0.5,7,4341,-5.36855396511e-05,-0.470285327344,0.153803232199,-3.05770769977,0.490439990786,1.38594793826,-0.233048927626
mlp,5,0.5,8,4341,-5.68159156122e-05,-0.497707420762,0.153345999657,-3.24564984985,0.489748905782,1.38714581894,-0.246637889672
mlp,5,0.5,9,4341,-2.9534815882e-05,-0.258724987126,0.152900396367,-1.69211456134,0.48997926745,1.37512093988,-0.128210635744
mlp,5,0.5,10,4341,-6.92331208549e-05,-0.606482138689,0.148103709644,-4.0949827668,0.483529140751,1.37525915688,-0.300540977631
mlp,5,0.5,11,4341,-5.53419392612e-05,-0.484795387928,0.146157714739,-3.31693327851,0.491131075789,1.37152729786,-0.240239358333
mlp,5,1,0,4341,-0.0001137834394,-0.996742929147,0.159895952687,-6.23369705358,0.463948398986,1.39193734163,-0.493933910437
mlp,5,1,1,4341,-0.000139713967362,-1.22389435409,0.157080917647,-7.79148971388,0.458189357291,1.39686708132,-0.60649833232
mlp,5,1,2,4341,-0.000155858817497,-1.36532324127,0.14989052045,-9.10880312629,0.453582123935,1.39179912463,-0.676583126755
mlp,5,1,3,4341,-0.000153561675424,-1.34520027671,0.155322751505,-8.66067761278,0.457958995623,1.3857175766,-0.666611233015
mlp,5,1,4,4341,-0.000143323732068,-1.25551589291,0.15508625053,-8.09559769882,0.465560930661,1.38230822391,-0.622168320906
mlp,5,1,5,4341,-0.000113646165479,-0.995540409596,0.160405677059,-6.20639136876,0.467634185672,1.37793135222,-0.493338004344
mlp,5,1,6,4341,-0.000133341175,-1.168068693,0.158338038294,-7.37705674258,0.464869845658,1.38258465791,-0.578834040676
mlp,5,1,7,4341,-0.000122982936564,-1.0773305243,0.153825758304,-7.00357687935,0.470168164018,1.38594793826,-0.533868927626
mlp,5,1,8,4341,-0.000126173206559,-1.10527728946,0.153388693064,-7.20572857998,0.471089610689,1.38714581894,-0.547717889672
mlp,5,1,9,4341,-9.82908628758e-05,-0.861027958792,0.152951690465,-5.62941119626,0.465100207326,1.37512093988,-0.426680635744
mlp,5,1,10,4341,-0.000137996078699,-1.2088456494,0.148102479106,-8.16222426997,0.458419718959,1.37525915688,-0.599040977631
mlp,5,1,11,4341,-0.000123918304154,-1.08552434439,0.146170866336,-7.42640699616,0.471780695692,1.37152729786,-0.537929358333
mlp,5,2,0,4341,-0.000252977173563,-2.21608004041,0.159885136021,-13.8604506683,0.412117023727,1.39193734163,-1.09817391044
mlp,5,2,1,4341,-0.000279400675494,-2.44754991733,0.157149750978,-15.5746343987,0.413499193734,1.39686708132,-1.21287833232
mlp,5,2,2,4341,-0.00029503872996,-2.58453927445,0.149953842319,-17.2355655212,0.412808108731,1.39179912463,-1.28076312675
mlp,5,2,3,4341,-0.000292133433083,-2.55908887381,0.155449070121,-16.4625550466,0.408891960378,1.3857175766,-1.26815123301
mlp,5,2,4,4341,-0.000281554554459,-2.46641789706,0.155149626424,-15.8970276236,0.421792213776,1.38230822391,-1.22222832091
mlp,5,2,5,4341,-0.000251439300701,-2.20260827414,0.160475135861,-13.7255423548,0.415572448745,1.37793135222,-1.09149800434
mlp,5,2,6,4341,-0.000271599640792,-2.37921285333,0.15842026361,-15.0183619136,0.420870767104,1.38258465791,-1.17901404068
mlp,5,2,7,4341,-0.000261577730391,-2.29142091822,0.153906834318,-14.8883636543,0.423635107118,1.38594793826,-1.13550892763
mlp,5,2,8,4341,-0.000264887788453,-2.32041702684,0.153511470796,-15.1155937391,0.426399447132,1.38714581894,-1.14987788967
mlp,5,2,9,4341,-0.000235802956863,-2.06563390212,0.15309057662,-13.4928873333,0.418567150426,1.37512093988,-1.02362063574
mlp,5,2,10,4341,-0.000275521994386,-2.41357267082,0.148138440534,-16.2926831289,0.412808108731,1.37525915688,-1.19604097763
mlp,5,2,11,4341,-0.00026107103394,-2.28698225731,0.146236442299,-15.6389352842,0.425017277125,1.37152729786,-1.13330935833
mlp,5,5,0,4341,-0.000670558376051,-5.87409137421,0.160134141881,-36.6823171198,0.295784381479,1.39193734163,-2.91089391044
mlp,5,5,1,4341,-0.000698460799889,-6.11851660703,0.15763267658,-38.8150270603,0.288412808109,1.39686708132,-3.03201833232
mlp,5,5,2,4341,-0.000712578467347,-6.24218737396,0.150446968485,-41.4909481848,0.288412808109,1.39179912463,-3.09330312675
mlp,5,5,3,4341,-0.000707848706062,-6.2007546651,0.156126303969,-39.7162714255,0.290486063119,1.3857175766,-3.07277123301
mlp,5,5,4,4341,-0.000696247021632,-6.0991239095,0.155631465293,-39.1895295596,0.292328956462,1.38230822391,-3.02240832091
mlp,5,5,5,4341,-0.000664818706368,-5.82381186779,0.160956243286,-36.1825782516,0.288412808109,1.37793135222,-2.88597800434
mlp,5,5,6,4341,-0.000686375038165,-6.01264533433,0.158953814221,-37.8263671355,0.306841741534,1.38258465791,-2.97955404068
mlp,5,5,7,4341,-0.00067736211187,-5.93369209998,0.154437319905,-38.4213615182,0.303386316517,1.38594793826,-2.94042892763
mlp,5,5,8,4341,-0.000681031534133,-5.96583623901,0.154177587379,-38.6945751353,0.307763188205,1.38714581894,-2.95635788967
mlp,5,5,9,4341,-0.000648339238826,-5.67945173212,0.153796181701,-36.9284313129,0.292328956462,1.37512093988,-2.81444063574
mlp,5,5,10,4341,-0.000688099741449,-6.0277537351,0.148553071871,-40.5764327805,0.298087998157,1.37525915688,-2.98704097763
mlp,5,5,11,4341,-0.000672529223297,-5.89135599608,0.14674640525,-40.1465097972,0.288182446441,1.37152729786,-2.91944935833
mlp,5,10,0,4341,-0.00136652704686,-11.9707769305,0.161480545048,-74.131387945,0.154803040774,1.39193734163,-5.93209391044
mlp,5,10,1,4341,-0.00139689434055,-12.2367944232,0.159348196588,-76.7928014578,0.149504722414,1.39686708132,-6.06391833232
mlp,5,10,2,4341,-0.00140847802966,-12.3382675398,0.152266545149,-81.0307183874,0.145358212393,1.39179912463,-6.11420312675
mlp,5,10,3,4341,-0.00140070749436,-12.2701976506,0.158233710292,-77.5447761918,0.158488827459,1.3857175766,-6.08047123301
mlp,5,10,4,4341,-0.00138740113359,-12.1536339302,0.157395267648,-77.2172766811,0.143745680719,1.38230822391,-6.02270832091
mlp,5,10,5,4341,-0.00135378438248,-11.8591511905,0.16265683939,-72.9090226699,0.154342317438,1.37793135222,-5.87677800434
mlp,5,10,6,4341,-0.00137766736712,-12.068366136,0.160787235834,-75.0579862472,0.161944252476,1.38258465791,-5.98045404068
mlp,5,10,7,4341,-0.001370336081,-12.0041440696,0.156266596255,-76.8183627035,0.160562082469,1.38594793826,-5.94862892763
mlp,5,10,8,4341,-0.0013746044436,-12.0415349259,0.156264862681,-77.058493633,0.165399677494,1.38714581894,-5.96715788967
mlp,5,10,9,4341,-0.00133589970876,-11.7024814488,0.1559195929,-75.0545921208,0.155494125777,1.37512093988,-5.79914063574
mlp,5,10,10,4341,-0.00137572931989,-12.0513888422,0.150255018846,-80.2062316107,0.148352914075,1.37525915688,-5.97204097763
mlp,5,10,11,4341,-0.00135829287223,-11.8986455607,0.148626412635,-80.0574093782,0.152499424096,1.37152729786,-5.89634935833
mlp,6,0,0,4341,2.53590306498e-05,0.222145108492,0.143793176981,1.54489324985,0.509099285879,1.29478614759,0.110083552051
mlp,6,0,1,4341,-4.47143917713e-06,-0.0391698071916,0.141006540692,-0.277787165044,0.506795669201,1.29582277509,-0.0194105174679
mlp,6,0,2,4341,-5.93615827351e-06,-0.052000746476,0.136858251344,-0.379960623237,0.503109882516,1.29010212701,-0.0257688630653
mlp,6,0,3,4341,-1.06661453329e-05,-0.0934354331166,0.140142054945,-0.666719445162,0.514167242571,1.28902710589,-0.0463017368903
mlp,6,0,4,4341,-1.60039587455e-05,-0.140194678611,0.142107199324,-0.986541704274,0.504952775858,1.28130999002,-0.0694731849143
mlp,6,0,5,4341,2.81873820763e-05,0.246921466988,0.145696450352,1.69476652583,0.507256392536,1.28019657529,0.122361425593
mlp,6,0,6,4341,1.68182452979e-06,0.014732782881,0.143630007425,0.102574546539,0.51531905091,1.28776011672,0.00730080028384
mlp,6,0,7,4341,2.66285237877e-05,0.233265868381,0.139126656174,1.67664396454,0.51531905091,1.28177071335,0.115594421763
mlp,6,0,8,4341,1.81203082785e-05,0.15873390052,0.139871546089,1.13485483616,0.520387007602,1.28967979728,0.0786602582371
mlp,6,0,9,4341,3.26847219382e-05,0.286318164179,0.138323788466,2.06991268352,0.518313752592,1.2782001075,0.141884377934
mlp,6,0,10,4341,-1.76251716812e-06,-0.0154396503927,0.135471786277,-0.11396949001,0.50472241419,1.27439913998,-0.00765108702679
mlp,6,0,11,4341,1.97238894054e-05,0.172781271192,0.132613516976,1.3028933636,0.511402902557,1.27236427858,0.0856214039091
mlp,6,0.25,0,4341,-7.01062303984e-06,-0.061413057829,0.143786087315,-0.427114048208,0.497120479152,1.29478614759,-0.0304331146159
mlp,6,0.25,1,4341,-3.68670085544e-05,-0.322954994936,0.14099931727,-2.29047204759,0.492743607464,1.29582277509,-0.160039684135
mlp,6,0.25,2,4341,-3.81887114487e-05,-0.33453311229,0.136850971265,-2.44450667173,0.492973969132,1.29010212701,-0.165777196399
mlp,6,0.25,3,4341,-4.28918229802e-05,-0.375732369306,0.140154805398,-2.68083829335,0.501266989173,1.28902710589,-0.186193403557
mlp,6,0.25,4,4341,-4.8036708496e-05,-0.420801566425,0.142101213457,-2.96128059843,0.489288182446,1.28130999002,-0.208527351581
mlp,6,0.25,5,4341,-3.81753230596e-06,-0.0334415830002,0.145697572747,-0.22952738587,0.496429394149,1.28019657529,-0.0165719077402
mlp,6,0.25,6,4341,-3.05121783881e-05,-0.26728668268,0.143635621032,-1.86086627231,0.501266989173,1.28776011672,-0.132453366383
mlp,6,0.25,7,4341,-5.41574404609e-06,-0.0474419178437,0.139132774736,-0.340983049708,0.504261690855,1.28177071335,-0.0235097449041
mlp,6,0.25,8,4341,-1.41216866535e-05,-0.123705975085,0.139889349576,-0.884313033549,0.511402902557,1.28967979728,-0.0613022417629
mlp,6,0.25,9,4341,7.29719250664e-07,0.00639234063581,0.138341480043,0.0462069701279,0.505643860862,1.2782001075,0.00316771126713
mlp,6,0.25,10,4341,-3.36224956677e-05,-0.294533062049,0.1354721955,-2.17412186288,0.494816862474,1.27439913998,-0.145955253693
mlp,6,0.25,11,4341,-1.20852175592e-05,-0.105866505818,0.132610501252,-0.798326714842,0.499884819166,1.27236427858,-0.0524619294243
mlp,6,0.5,0,4341,-3.93802767295e-05,-0.34497122415,0.143781932618,-2.39926684716,0.485832757429,1.29478614759,-0.170949781283
mlp,6,0.5,1,4341,-6.92625779316e-05,-0.606740182681,0.140995188547,-4.30326870679,0.480534439069,1.29582277509,-0.300668850801
mlp,6,0.5,2,4341,-7.04412646238e-05,-0.617065478105,0.136846851733,-4.50916824383,0.478461184059,1.29010212701,-0.305785529732
mlp,6,0.5,3,4341,-7.51175006274e-05,-0.658029305496,0.140170675993,-4.69448621,0.490439990786,1.28902710589,-0.326085070224
mlp,6,0.5,4,4341,-8.00694582464e-05,-0.701408454239,0.142098317352,-4.93607853567,0.47523612071,1.28130999002,-0.347581518248
mlp,6,0.5,5,4341,-3.58224466882e-05,-0.313804632989,0.145701598742,-2.15374872821,0.484450587422,1.28019657529,-0.155505241074
mlp,6,0.5,6,4341,-6.2706181306e-05,-0.549306148241,0.143644381531,-3.82406984797,0.492282884128,1.28776011672,-0.272207533049
mlp,6,0.5,7,4341,-3.74600118799e-05,-0.328149704068,0.139141978043,-2.35838032982,0.492973969132,1.28177071335,-0.162613911571
mlp,6,0.5,8,4341,-4.63636815855e-05,-0.406145850689,0.139910280908,-2.90290211736,0.498272287491,1.28967979728,-0.201264741763
mlp,6,0.5,9,4341,-3.12252834369e-05,-0.273533482907,0.138362314677,-1.9769363034,0.491361437457,1.2782001075,-0.1355489554
mlp,6,0.5,10,4341,-6.54824741673e-05,-0.573626473705,0.135475801859,-4.23416186383,0.483298779083,1.27439913998,-0.28425942036
mlp,6,0.5,11,4341,-4.38943245238e-05,-0.384514282828,0.132610871343,-2.89956833051,0.489518544114,1.27236427858,-0.190545262758
mlp,6,1,0,4341,-0.000104119584109,-0.912087556792,0.143782428969,-6.34352586288,0.462566228979,1.29478614759,-0.451983114616
mlp,6,1,1,4341,-0.000134053716686,-1.17431055817,0.14099621608,-8.3286671857,0.455194655609,1.29582277509,-0.581927184135
mlp,6,1,2,4341,-0.000134946370974,-1.18213020973,0.136848095235,-8.63826571864,0.450357060585,1.29010212701,-0.585802196399
mlp,6,1,3,4341,-0.000139568855922,-1.22262317788,0.140211773167,-8.7198325095,0.465330568993,1.28902710589,-0.605868403557
mlp,6,1,4,4341,-0.000144134957747,-1.26262222987,0.142101794984,-8.88533624795,0.453582123935,1.28130999002,-0.625689851581
mlp,6,1,5,4341,-9.98322754527e-05,-0.874530732966,0.1457183604,-6.00151367726,0.462335867312,1.28019657529,-0.43337190774
mlp,6,1,6,4341,-0.000127094187142,-1.11334507936,0.143671340695,-7.74924959966,0.468094909007,1.28776011672,-0.551715866383
mlp,6,1,7,4341,-0.000101548547548,-0.889565276517,0.139169636239,-6.39194942629,0.466021653997,1.28177071335,-0.440822244904
mlp,6,1,8,4341,-0.00011084767145,-0.971025601899,0.139961521286,-6.93780399769,0.473393227367,1.28967979728,-0.481189741763
mlp,6,1,9,4341,-9.5135288812e-05,-0.833385129993,0.138413407223,-6.02098558741,0.468094909007,1.2782001075,-0.412982288733
mlp,6,1,10,4341,-0.000129202431166,-1.13181329702,0.135492604741,-8.35332156456,0.455885740613,1.27439913998,-0.560867753693
mlp,6,1,11,4341,-0.000107512538453,-0.941809836848,0.1326217686,-7.10147245654,0.467403824004,1.27236427858,-0.466711929424
mlp,6,2,0,4341,-0.000233598198867,-2.04632022208,0.143818640452,-14.2284770295,0.418336788758,1.29478614759,-1.01404978128
mlp,6,2,1,4341,-0.000263635994195,-2.30945130915,0.141035405838,-16.3749754569,0.411195577056,1.29582277509,-1.1444438508
mlp,6,2,2,4341,-0.000263956583675,-2.31225967299,0.136888506697,-16.8915545124,0.407970513707,1.29010212701,-1.14583552973
mlp,6,2,3,4341,-0.000268471566511,-2.35181092264,0.140331348717,-16.7589846754,0.413038470399,1.28902710589,-1.16543507022
mlp,6,2,4,4341,-0.000272265956749,-2.38504978112,0.142145822201,-16.7788946885,0.411656300392,1.28130999002,-1.18190651825
mlp,6,2,5,4341,-0.000227851932982,-1.99598293292,0.145786704717,-13.6911176969,0.414881363741,1.28019657529,-0.989105241074
mlp,6,2,6,4341,-0.000255870198814,-2.24142294161,0.143762982574,-15.5910993323,0.422483298779,1.28776011672,-1.11073253305
mlp,6,2,7,4341,-0.000229725618883,-2.01239642141,0.139261928938,-14.4504419604,0.422022575443,1.28177071335,-0.997238911571
mlp,6,2,8,4341,-0.000239815651178,-2.10078510432,0.140101460479,-14.9947409337,0.427090532135,1.28967979728,-1.04103974176
mlp,6,2,9,4341,-0.000222955299562,-1.95308842416,0.138553232293,-14.0963035784,0.418106427091,1.2782001075,-0.9678489554
mlp,6,2,10,4341,-0.000256642345165,-2.24818694364,0.135564549761,-16.5838852975,0.408891960378,1.27439913998,-1.11408442036
mlp,6,2,11,4341,-0.000234748966311,-2.05640094489,0.132684174285,-15.4984643494,0.416493895416,1.27236427858,-1.01904526276
mlp,6,5,0,4341,-0.000622034043143,-5.44901821793,0.14420844874,-37.7857071867,0.293250403133,1.29478614759,-2.70024978128
mlp,6,5,1,4341,-0.000652382826722,-5.71487356209,0.141449389803,-40.4022496672,0.286800276434,1.29582277509,-2.8319938508
mlp,6,5,2,4341,-0.000650987221777,-5.70264806276,0.137312420707,-41.5304604886,0.288643169777,1.29010212701,-2.82593552973
mlp,6,5,3,4341,-0.000655179698278,-5.73937415691,0.140987686317,-40.7083363578,0.289794978116,1.28902710589,-2.84413507022
mlp,6,5,4,4341,-0.000656658953754,-5.75233243489,0.142573778193,-40.3463561658,0.284727021424,1.28130999002,-2.85055651825
mlp,6,5,5,4341,-0.000611910905569,-5.36033953278,0.146269471282,-36.6470151688,0.290946786455,1.28019657529,-2.65630524107
mlp,6,5,6,4341,-0.000642198233828,-5.62565652834,0.144338538603,-38.9754294507,0.302925593181,1.28776011672,-2.78778253305
mlp,6,5,7,4341,-0.000614256832889,-5.38088985611,0.139833445573,-38.4807070587,0.302464869846,1.28177071335,-2.66648891157
mlp,6,5,8,4341,-0.000626719590362,-5.49006361157,0.14081930658,-38.986583196,0.301082699839,1.28967979728,-2.72058974176
mlp,6,5,9,4341,-0.000606415331813,-5.31219830668,0.13927216174,-38.1425709222,0.292789679797,1.2782001075,-2.6324489554
mlp,6,5,10,4341,-0.00063896208716,-5.59730788352,0.136086045171,-41.1306528638,0.286569914766,1.27439913998,-2.77373442036
mlp,6,5,11,4341,-0.000616458249887,-5.40017426901,0.133195224272,-40.5433024983,0.289794978116,1.27236427858,-2.67604526276
mlp,6,10,0,4341,-0.00126942711694,-11.1201815444,0.145785146049,-76.2778777242,0.154111955771,1.29478614759,-5.51058311462
mlp,6,10,1,4341,-0.00130029421427,-11.390577317,0.143115768672,-79.5899531033,0.149274360746,1.29582277509,-5.64457718413
mlp,6,10,2,4341,-0.00129603828528,-11.353295379,0.13901535164,-81.6693641753,0.144206404054,1.29010212701,-5.6261021964
mlp,6,10,3,4341,-0.00129969325122,-11.3853128807,0.143056869856,-79.5859219637,0.154111955771,1.28902710589,-5.64196840356
mlp,6,10,4,4341,-0.00129731394876,-11.3644701912,0.144261475126,-78.7768888489,0.145358212393,1.28130999002,-5.63163985158
mlp,6,10,5,4341,-0.00125200919321,-10.9676005326,0.147988195028,-74.1113203692,0.152269062428,1.28019657529,-5.43497190774
mlp,6,10,6,4341,-0.00128607829219,-11.2660458396,0.146284983337,-77.0143700506,0.158258465791,1.28776011672,-5.58286586638
mlp,6,10,7,4341,-0.00125514218957,-10.9950455806,0.141753161308,-77.5647292739,0.161022805805,1.28177071335,-5.4485722449
mlp,6,10,8,4341,-0.001271559489,-11.1388611237,0.142991078793,-77.8989935434,0.164938954158,1.28967979728,-5.51983974176
mlp,6,10,9,4341,-0.00124551538556,-10.9107147775,0.141450169757,-77.1346884648,0.153420870767,1.2782001075,-5.40678228873
mlp,6,10,10,4341,-0.00127616165715,-11.1791761166,0.13795913256,-81.0325196251,0.148583275743,1.27439913998,-5.53981775369
mlp,6,10,11,4341,-0.00125264038918,-10.9731298092,0.135110288625,-81.2160933179,0.15203870076,1.27236427858,-5.43771192942
mlp,8,0,0,4341,6.92514216836e-06,0.0606642453948,0.122616224247,0.494748927129,0.506565307533,1.10458419719,0.0300620421529
mlp,8,0,1,4341,-5.46059580064e-06,-0.0478348192136,0.11975684753,-0.399432852484,0.500345542502,1.10527528219,-0.0237044463706
mlp,8,0,2,4341,-1.30675118958e-05,-0.114471404207,0.11810990362,-0.96919395155,0.502418797512,1.09519695923,-0.0567260691396
mlp,8,0,3,4341,-2.17794085336e-06,-0.0190787618754,0.118236285483,-0.161361309665,0.502418797512,1.0978173232,-0.00945444124443
mlp,8,0,4,4341,-1.25302035621e-05,-0.109764583204,0.120947585007,-0.907538444833,0.50472241419,1.08834369961,-0.054393613663
mlp,8,0,5,4341,2.00014372906e-05,0.175212590666,0.12138145338,1.44348733506,0.510481455886,1.08891960378,0.0868262392786
mlp,8,0,6,4341,9.98957824163e-06,0.0875087053967,0.120751319154,0.72470185841,0.517853029256,1.10069684405,0.0433647591469
mlp,8,0,7,4341,1.88010358193e-05,0.164697073777,0.119598463109,1.37708353013,0.508177839208,1.09033056899,0.0816152964914
mlp,8,0,8,4341,8.13189485023e-06,0.071235398888,0.117385629555,0.606849400203,0.514397604239,1.09079129233,0.0353005555448
mlp,8,0,9,4341,1.96444809119e-05,0.172085652788,0.118169101462,1.45626606836,0.507026030868,1.08880442294,0.0852766916384
mlp,8,0,10,4341,8.18041781162e-06,0.0716604600298,0.11559556009,0.619923983012,0.512554710896,1.08483068417,0.0355111937202
mlp,8,0,11,4341,6.83595662252e-06,0.0598829800132,0.111559263855,0.536781778078,0.503800967519,1.08687514398,0.0296748876983
mlp,8,0.25,0,4341,-2.06894627614e-05,-0.18123969379,0.122611718408,-1.47815964202,0.495968670813,1.10458419719,-0.0898129578471
mlp,8,0.25,1,4341,-3.30924778555e-05,-0.289890106014,0.119746548197,-2.4208639863,0.488366735775,1.10527528219,-0.143654446371
mlp,8,0.25,2,4341,-4.04474358764e-05,-0.354319538278,0.118117955875,-2.99970936385,0.490209629118,1.09519695923,-0.17558231914
mlp,8,0.25,3,4341,-2.96233739333e-05,-0.259500755656,0.118244979295,-2.19460274087,0.491822160792,1.0978173232,-0.128595066244
mlp,8,0.25,4,4341,-3.97387960523e-05,-0.348111853418,0.120946578526,-2.87822820339,0.494586500806,1.08834369961,-0.172506113663
mlp,8,0.25,5,4341,-7.22155280382e-06,-0.0632608025614,0.121381764462,-0.521172211013,0.499884819166,1.08891960378,-0.0313487607214
mlp,8,0.25,6,4341,-1.75278428595e-05,-0.153543903449,0.120740837941,-1.27168161219,0.504031329187,1.10069684405,-0.0760883658531
mlp,8,0.25,7,4341,-8.45722840557e-06,-0.0740853208328,0.119596202531,-0.619462150679,0.49735084082,1.09033056899,-0.0367128285086
mlp,8,0.25,8,4341,-1.9137887458e-05,-0.167647894132,0.11739186593,-1.42810485892,0.502418797512,1.09079129233,-0.0830775694552
mlp,8,0.25,9,4341,-7.57562966174e-06,-0.0663625158368,0.118182466719,-0.561525898714,0.494816862474,1.08880442294,-0.0328858083616
mlp,8,0.25,10,4341,-1.89403492927e-05,-0.165917459804,0.115588180083,-1.43541891295,0.502188435844,1.08483068417,-0.0822200562798
mlp,8,0.25,11,4341,-2.03359219769e-05,-0.178142676518,0.111566981776,-1.59673295524,0.493665054135,1.08687514398,-0.0882782373017
mlp,8,0.5,0,4341,-4.83040676911e-05,-0.423143632974,0.122610233704,-3.4511281823,0.482146970744,1.10458419719,-0.209687957847
mlp,8,0.5,1,4341,-6.07243599103e-05,-0.531945392814,0.119739403896,-4.44252581446,0.476618290716,1.10527528219,-0.263604446371
mlp,8,0.5,2,4341,-6.78273598571e-05,-0.594167672348,0.118129241112,-5.02981028875,0.476848652384,1.09519695923,-0.29443856914
mlp,8,0.5,3,4341,-5.70688070132e-05,-0.499922749436,0.118256926259,-4.22742891474,0.480995162405,1.0978173232,-0.247735691244
mlp,8,0.5,4,4341,-6.69473885425e-05,-0.586459123632,0.12094882495,-4.84882034922,0.479843354066,1.08834369961,-0.290618613663
mlp,8,0.5,5,4341,-3.44445428983e-05,-0.301734195789,0.121385133853,-2.4857590564,0.491822160792,1.08891960378,-0.149523760721
mlp,8,0.5,6,4341,-4.50452639606e-05,-0.394596512295,0.120733577666,-3.26832452018,0.492743607464,1.10069684405,-0.195541490853
mlp,8,0.5,7,4341,-3.57154926304e-05,-0.312867715442,0.119597142648,-2.61601329694,0.485141672426,1.09033056899,-0.155040953509
mlp,8,0.5,8,4341,-4.64076697662e-05,-0.406531187152,0.117401309994,-3.46274830472,0.490209629118,1.09079129233,-0.201455694455
mlp,8,0.5,9,4341,-3.47957402353e-05,-0.304810684462,0.118198998514,-2.57879244573,0.482146970744,1.08880442294,-0.151048308362
mlp,8,0.5,10,4341,-4.60611163971e-05,-0.403495379639,0.115584129661,-3.49092371784,0.489057820779,1.08483068417,-0.19995130628
mlp,8,0.5,11,4341,-4.75078005763e-05,-0.416168333048,0.111578109822,-3.72983852936,0.481916609076,1.08687514398,-0.206231362302
mlp,8,1,0,4341,-0.000103533277551,-0.906951511343,0.122616327914,-7.39666182127,0.459571527298,1.10458419719,-0.449437957847
mlp,8,1,1,4341,-0.00011598812402,-1.01605596641,0.1197345824,-8.48590228528,0.457958995623,1.10527528219,-0.503504446371
mlp,8,1,2,4341,-0.000122587207818,-1.07386394049,0.118161506563,-9.08810298483,0.456346463948,1.09519695923,-0.53215106914
mlp,8,1,3,4341,-0.000111959673173,-0.980766736996,0.118290575429,-8.29116549176,0.458189357291,1.0978173232,-0.486016941244
mlp,8,1,4,4341,-0.000121364573523,-1.06315366406,0.120963075524,-8.78907600071,0.458650080627,1.08834369961,-0.526843613663
mlp,8,1,5,4341,-8.88905230872e-05,-0.778680982244,0.121401046314,-6.41412084893,0.46993780235,1.08891960378,-0.385873760721
mlp,8,1,6,4341,-0.000100080106163,-0.876701729987,0.120728722,-7.26174944504,0.46993780235,1.10069684405,-0.434447740853
mlp,8,1,7,4341,-9.02320210801e-05,-0.790432504661,0.119608624408,-6.60849088914,0.461184058973,1.09033056899,-0.391697203509
mlp,8,1,8,4341,-0.000100947234383,-0.884297773192,0.117429817832,-7.53043638759,0.469016355678,1.09079129233,-0.438211944455
mlp,8,1,9,4341,-8.92359613825e-05,-0.781707021711,0.11824155615,-6.6111022822,0.457958995623,1.08880442294,-0.387373308362
mlp,8,1,10,4341,-0.000100302650606,-0.878651219307,0.115586018683,-7.6017084879,0.466712739,1.08483068417,-0.43541380628
mlp,8,1,11,4341,-0.000101851557775,-0.89221964611,0.111610591902,-7.99404098576,0.455425017277,1.08687514398,-0.442137612302
mlp,8,2,0,4341,-0.00021399169727,-1.87456726808,0.122664759814,-15.2820359403,0.414651002073,1.10458419719,-0.928937957847
mlp,8,2,1,4341,-0.000226515652239,-1.98427711362,0.119762807933,-16.5683917058,0.413038470399,1.10527528219,-0.983304446371
mlp,8,2,2,4341,-0.000232106903741,-2.03325647677,0.118264774778,-17.1924098328,0.409813407049,1.09519695923,-1.00757606914
mlp,8,2,3,4341,-0.000221741405493,-1.94245471212,0.118396850297,-16.4063039452,0.416954618751,1.0978173232,-0.962579441244
mlp,8,2,4,4341,-0.000230198943484,-2.01654274492,0.121030585987,-16.6614308976,0.413499193734,1.08834369961,-0.999293613663
mlp,8,2,5,4341,-0.000197782483465,-1.73257455515,0.121469544273,-14.2634482209,0.421561852108,1.08891960378,-0.858573760721
mlp,8,2,6,4341,-0.000210149790567,-1.84091216537,0.12075767023,-15.2446810365,0.425708362129,1.10069684405,-0.912260240853
mlp,8,2,7,4341,-0.000199265077979,-1.7455620831,0.119669975742,-14.5864664238,0.419027873762,1.09033056899,-0.865009703509
mlp,8,2,8,4341,-0.000210026363616,-1.83983094527,0.117525274172,-15.6547683742,0.423174383783,1.09079129233,-0.911724444455
mlp,8,2,9,4341,-0.000198116403677,-1.73549969621,0.118364594481,-14.6623211427,0.414190278738,1.08880442294,-0.860023308362
mlp,8,2,10,4341,-0.000208785719023,-1.82896289864,0.11562974787,-15.8174079969,0.414651002073,1.08483068417,-0.90633880628
mlp,8,2,11,4341,-0.000210539072173,-1.84432227223,0.111716411828,-16.5089644579,0.41073485372,1.08687514398,-0.913950112302
mlp,8,5,0,4341,-0.000545366956426,-4.7774145383,0.123099169893,-38.8094781017,0.29463257314,1.10458419719,-2.36743795785
mlp,8,5,1,4341,-0.000558098236897,-4.88894055522,0.120149754407,-40.6903915812,0.285648468095,1.10527528219,-2.42270444637
mlp,8,5,2,4341,-0.000560665991509,-4.91143408562,0.118882887893,-41.313213135,0.29140750979,1.09519695923,-2.43385106914
mlp,8,5,3,4341,-0.000551086602452,-4.82751863748,0.119025851395,-40.55857262,0.293480764801,1.0978173232,-2.39226694124
mlp,8,5,4,4341,-0.000556702053366,-4.87670998749,0.121544036272,-40.1229886473,0.287721723105,1.08834369961,-2.41664361366
mlp,8,5,5,4341,-0.000524458364598,-4.59425527388,0.121967350198,-37.6679108502,0.294402211472,1.08891960378,-2.27667376072
mlp,8,5,6,4341,-0.000540358843781,-4.73354347152,0.121153088783,-39.0707617862,0.305229209859,1.10069684405,-2.34569774085
mlp,8,5,7,4341,-0.000526364248677,-4.61095081841,0.120160058751,-38.3734068237,0.293480764801,1.09033056899,-2.28494720351
mlp,8,5,8,4341,-0.000537263751314,-4.70643046151,0.118117674824,-39.8452684453,0.295784381479,1.09079129233,-2.33226194446
mlp,8,5,9,4341,-0.00052475773056,-4.59687771971,0.119035320382,-38.6177624,0.292098594794,1.08880442294,-2.27797330836
mlp,8,5,10,4341,-0.000534234924275,-4.67989793665,0.116079590262,-40.3162858007,0.292789679797,1.08483068417,-2.31911380628
mlp,8,5,11,4341,-0.000536601615366,-4.7006301506,0.112358886866,-41.8358554603,0.297396913154,1.08687514398,-2.3293876123
mlp,8,10,0,4341,-0.00109765905502,-9.61549332199,0.124773486674,-77.0635940238,0.159179912463,1.10458419719,-4.76493795785
mlp,8,10,1,4341,-0.00111073587799,-9.73004629122,0.121788877454,-79.8927331844,0.153190509099,1.10527528219,-4.82170444637
mlp,8,10,2,4341,-0.00110826447112,-9.70839676703,0.120921082672,-80.287047986,0.156876295784,1.09519695923,-4.81097606914
mlp,8,10,3,4341,-0.00109999526405,-9.63595851308,0.121088024813,-79.578129447,0.157567380788,1.0978173232,-4.77507944124
mlp,8,10,4,4341,-0.00110087390317,-9.64365539177,0.123419333,-78.1373157456,0.152960147431,1.08834369961,-4.77889361366
mlp,8,10,5,4341,-0.00106891816649,-9.36372313843,0.123756190794,-75.6626644562,0.151577977425,1.08891960378,-4.64017376072
mlp,8,10,6,4341,-0.0010907072658,-9.55459564844,0.12282688996,-77.789119724,0.159179912463,1.10069684405,-4.73476024085
mlp,8,10,7,4341,-0.00107152953317,-9.3865987106,0.1219808273,-76.9514268623,0.160331720802,1.09033056899,-4.65150970351
mlp,8,10,8,4341,-0.00108265939748,-9.48409632191,0.120106122906,-78.9643033379,0.160792444137,1.09079129233,-4.69982444446
mlp,8,10,9,4341,-0.00106915994203,-9.3658410922,0.121138113726,-77.3153948346,0.157797742456,1.08880442294,-4.64122330836
mlp,8,10,10,4341,-0.00107665026636,-9.43145633334,0.117875043649,-80.0123252674,0.158949550795,1.08483068417,-4.67373880628
mlp,8,10,11,4341,-0.00108003918735,-9.46114328122,0.114490213198,-82.6371356728,0.154572679106,1.08687514398,-4.6884501123
mlp,10,0,0,4341,-5.48410098627e-07,-0.00480407246398,0.106327291163,-0.0451819322342,0.501266989173,0.922091683944,-0.00238064823814
mlp,10,0,1,4341,-6.68356569496e-06,-0.0585480354879,0.106408476645,-0.550219656686,0.499193734163,0.917115871919,-0.0290133586818
mlp,10,0,2,4341,-1.16141925646e-05,-0.101740326866,0.103021084065,-0.987568008912,0.502418797512,0.91402902557,-0.0504172099229
mlp,10,0,3,4341,4.67479039621e-06,0.0409511638708,0.103790378886,0.394556454177,0.509099285879,0.912462566229,0.02029326511
mlp,10,0,4,4341,-1.23124711343e-05,-0.107857247137,0.103845768137,-1.03862920051,0.498272287491,0.906519235199,-0.0534484371941
mlp,10,0,5,4341,8.54293145684e-06,0.0748360795619,0.105770623723,0.707531797847,0.513706519235,0.907809260539,0.0370848654542
mlp,10,0,6,4341,6.31141151828e-06,0.0552879649001,0.104590368362,0.528614305178,0.512785072564,0.916378714582,0.0273978374008
mlp,10,0,7,4341,4.10591529151e-07,0.00359678179536,0.10470713028,0.034350877402,0.498963372495,0.905966367196,0.00178237782804
mlp,10,0,8,4341,6.5586151041e-06,0.0574534683119,0.103088213481,0.557323348342,0.517622667588,0.906933886201,0.0284709481669
mlp,10,0,9,4341,9.31317369339e-06,0.0815834015541,0.104379989724,0.781600015195,0.501266989173,0.905459571527,0.040428487003
mlp,10,0,10,4341,2.31693879158e-06,0.0202963838143,0.102116756542,0.19875664388,0.509099285879,0.899193734163,0.0100578312943
mlp,10,0,11,4341,-6.52026424245e-07,-0.00571175147639,0.0982415181385,-0.0581398942587,0.501497350841,0.904031329187,-0.00283044670765
mlp,10,0.25,0,4341,-2.36007021972e-05,-0.206742151248,0.106317193994,-1.94457870341,0.48997926745,0.922091683944,-0.102450648238
mlp,10,0.25,1,4341,-2.96114624929e-05,-0.259396411438,0.106408358379,-2.43774469779,0.489057820779,0.917115871919,-0.128543358682
mlp,10,0.25,2,4341,-3.44649182039e-05,-0.301912683466,0.103027380047,-2.93041212277,0.490439990786,0.91402902557,-0.149612209923
mlp,10,0.25,3,4341,-1.81367737595e-05,-0.158878138133,0.103795320145,-1.53068691258,0.497120479152,0.912462566229,-0.07873173489
mlp,10,0.25,4,4341,-3.49754520143e-05,-0.306384959645,0.103843959657,-2.95043602592,0.48790601244,0.906519235199,-0.151828437194
mlp,10,0.25,5,4341,-1.41523000566e-05,-0.123974148496,0.105770541272,-1.17210469952,0.504031329187,0.907809260539,-0.0614351345458
mlp,10,0.25,6,4341,-1.65980563463e-05,-0.145398973593,0.104583116271,-1.39027195572,0.501497350841,0.916378714582,-0.0720521625992
mlp,10,0.25,7,4341,-2.22385676508e-05,-0.194809852621,0.104704693668,-1.86056465853,0.486984565768,0.905966367196,-0.096537622172
mlp,10,0.25,8,4341,-1.61147320509e-05,-0.141165052766,0.103094322135,-1.36928057572,0.507256392536,0.906933886201,-0.0699540518331
mlp,10,0.25,9,4341,-1.33233155948e-05,-0.11671224461,0.104388294091,-1.11805874046,0.488827459111,0.905459571527,-0.057836512997
mlp,10,0.25,10,4341,-2.01629045625e-05,-0.176627043967,0.102112213112,-1.72973475538,0.500115180834,0.899193734163,-0.0875271687057
mlp,10,0.25,11,4341,-2.32528096539e-05,-0.203694612568,0.0982463766709,-2.07330406953,0.490900714121,0.904031329187,-0.100940446708
mlp,10,0.5,0,4341,-4.66529942958e-05,-0.408680230031,0.106310355988,-3.84421843229,0.476387929049,0.922091683944,-0.202520648238
mlp,10,0.5,1,4341,-5.25393592909e-05,-0.460244787388,0.10641151002,-4.32514102375,0.481686247408,0.917115871919,-0.228073358682
mlp,10,0.5,2,4341,-5.73156438431e-05,-0.502085040066,0.103037143948,-4.87285478644,0.480764800737,0.91402902557,-0.248807209923
mlp,10,0.5,3,4341,-4.09483379152e-05,-0.358707440137,0.10380360202,-3.45563576944,0.488136374107,0.912462566229,-0.17775673489
mlp,10,0.5,4,4341,-5.76384328943e-05,-0.504912672154,0.103845615162,-4.86214724973,0.479152269062,0.906519235199,-0.250208437194
mlp,10,0.5,5,4341,-3.68475315701e-05,-0.322784376554,0.105773778585,-3.05164834681,0.493665054135,0.907809260539,-0.159955134546
mlp,10,0.5,6,4341,-3.95075242108e-05,-0.346085912087,0.104579289639,-3.30931595807,0.489057820779,0.916378714582,-0.171502162599
mlp,10,0.5,7,4341,-4.48877268307e-05,-0.393216487037,0.104705506897,-3.7554518257,0.47730937572,0.905966367196,-0.194857622172
mlp,10,0.5,8,4341,-3.8788079206e-05,-0.339783573844,0.103103744834,-3.29555026727,0.497581202488,0.906933886201,-0.168379051833
mlp,10,0.5,9,4341,-3.5959804883e-05,-0.315007890775,0.104399883615,-3.01732032516,0.480534439069,0.905459571527,-0.156101512997
mlp,10,0.5,10,4341,-4.26427479166e-05,-0.373550471749,0.102111056211,-3.65827644536,0.487445289104,0.899193734163,-0.185112168706
mlp,10,0.5,11,4341,-4.58535928836e-05,-0.40167747366,0.0982546438491,-4.08812711465,0.477079014052,0.904031329187,-0.199050446708
mlp,10,1,0,4341,-9.2757578493e-05,-0.812556387599,0.106306459678,-7.6435278727,0.456346463948,0.922091683944,-0.402660648238
mlp,10,1,1,4341,-9.83951528869e-05,-0.861941539289,0.106427621564,-8.09885184524,0.460262612301,0.917115871919,-0.427133358682
mlp,10,1,2,4341,-0.000103017095122,-0.902429753265,0.103067071213,-8.75575237214,0.457958995623,0.91402902557,-0.447197209923
mlp,10,1,3,4341,-8.65714662267e-05,-0.758366044146,0.103830184095,-7.30390734406,0.463026952315,0.912462566229,-0.37580673489
mlp,10,1,4,4341,-0.000102964394654,-0.901968097171,0.103859317118,-8.68451788628,0.457958995623,0.906519235199,-0.446968437194
mlp,10,1,5,4341,-8.22379945971e-05,-0.72040483267,0.105790210965,-6.8097494664,0.467403824004,0.907809260539,-0.356995134546
mlp,10,1,6,4341,-8.53264599399e-05,-0.747459789074,0.10458191392,-7.14712287296,0.470398525685,0.916378714582,-0.370402162599
mlp,10,1,7,4341,-9.01860451905e-05,-0.790029755869,0.104716882272,-7.54443542176,0.459801888966,0.905966367196,-0.391497622172
mlp,10,1,8,4341,-8.4134773516e-05,-0.737020616,0.103132528417,-7.14634487596,0.476157567381,0.906933886201,-0.365229051833
mlp,10,1,9,4341,-8.12327834593e-05,-0.711599183104,0.104432913445,-6.81393594824,0.459571527298,0.905459571527,-0.352631512997
mlp,10,1,10,4341,-8.76024346247e-05,-0.767397327312,0.102118902126,-7.5147432193,0.464178760654,0.899193734163,-0.380282168706
mlp,10,1,11,4341,-9.10551593429e-05,-0.797643195844,0.0982814003471,-8.1159119938,0.458189357291,0.904031329187,-0.395270446708
mlp,10,2,0,4341,-0.000184966746887,-1.62030870273,0.106337784594,-15.2373750208,0.415572448745,0.922091683944,-0.802940648238
mlp,10,2,1,4341,-0.000190106740079,-1.66533504309,0.106499050594,-15.6370881599,0.416263533748,0.917115871919,-0.825253358682
mlp,10,2,2,4341,-0.000194419997679,-1.70311917966,0.103168474031,-16.5081358009,0.41395991707,0.91402902557,-0.843977209923
mlp,10,2,3,4341,-0.00017781772285,-1.55768325216,0.103923378911,-14.9887664209,0.420870767104,0.912462566229,-0.77190673489
mlp,10,2,4,4341,-0.000193616318174,-1.69607894721,0.103928258369,-16.3197091323,0.414190278738,0.906519235199,-0.840488437194
mlp,10,2,5,4341,-0.000173018920651,-1.5156457449,0.105862878554,-14.3170652981,0.421792213776,0.907809260539,-0.751075134546
mlp,10,2,6,4341,-0.000176964331398,-1.55020754305,0.104628261983,-14.8163365583,0.425708362129,0.916378714582,-0.768202162599
mlp,10,2,7,4341,-0.00018078268191,-1.58365629353,0.104778607523,-15.1143094088,0.418106427091,0.905966367196,-0.784777622172
mlp,10,2,8,4341,-0.000174828162136,-1.53149470031,0.103229802831,-14.8357805432,0.433079935499,0.906933886201,-0.758929051833
mlp,10,2,9,4341,-0.000171778740612,-1.50478176776,0.104538326169,-14.3945462197,0.416263533748,0.905459571527,-0.745691512997
mlp,10,2,10,4341,-0.000177521808041,-1.55509103844,0.102175214822,-15.2198460376,0.423635107118,0.899193734163,-0.770622168706
mlp,10,2,11,4341,-0.000181458292262,-1.58957464021,0.0983757555512,-16.1581949872,0.418106427091,0.904031329187,-0.787710446708
mlp,10,5,0,4341,-0.000461594252071,-4.04356564814,0.10674385631,-37.8810152444,0.303616678185,0.922091683944,-2.00378064824
mlp,10,5,1,4341,-0.000465241501654,-4.07551555449,0.107025612399,-38.0798153183,0.30200414651,0.917115871919,-2.01961335868
mlp,10,5,2,4341,-0.00046862870535,-4.10518745886,0.10380310873,-39.547827701,0.302925593181,0.91402902557,-2.03431720992
mlp,10,5,3,4341,-0.000451556492718,-3.95563487621,0.104521463823,-37.8451920931,0.307532826538,0.912462566229,-1.96020673489
mlp,10,5,4,4341,-0.000465572088734,-4.07841149731,0.104465898509,-39.0406013399,0.298318359825,0.906519235199,-2.02104843719
mlp,10,5,5,4341,-0.000445361698813,-3.9013684816,0.106397878614,-36.6677280828,0.299009444828,0.907809260539,-1.93331513455
mlp,10,5,6,4341,-0.000451877945773,-3.95845080497,0.105094967497,-37.6654648577,0.308684634877,0.916378714582,-1.9616021626
mlp,10,5,7,4341,-0.000452572592069,-3.96453590653,0.105274323758,-37.6590963969,0.301313061507,0.905966367196,-1.96461762217
mlp,10,5,8,4341,-0.000446908327997,-3.91491695325,0.103837489427,-37.7023459912,0.316516931583,0.906933886201,-1.94002905183
mlp,10,5,9,4341,-0.00044341661207,-3.88432952174,0.10516752707,-36.9346853536,0.304998848192,0.905459571527,-1.924871513
mlp,10,5,10,4341,-0.00044727992829,-3.91817217182,0.102667835607,-38.1635801383,0.310757889887,0.899193734163,-1.94164216871
mlp,10,5,11,4341,-0.000452667691018,-3.96536897331,0.098983651715,-40.0608474694,0.295093296475,0.904031329187,-1.96503044671
mlp,10,10,0,4341,-0.000922640094042,-8.08232722381,0.108444789493,-74.5294196393,0.170467634186,0.922091683944,-4.00518064824
mlp,10,10,1,4341,-0.000923799437614,-8.0924830735,0.108924560645,-74.2943834296,0.171619442525,0.917115871919,-4.01021335868
mlp,10,10,2,4341,-0.000925643218135,-8.10863459086,0.105937309148,-76.5418213474,0.167012209168,0.91402902557,-4.01821720992
mlp,10,10,3,4341,-0.000907787775833,-7.9522209163,0.106557305835,-74.6285846288,0.17208016586,0.912462566229,-3.94070673489
mlp,10,10,4,4341,-0.000918831706334,-8.04896574748,0.106442838733,-75.6177291336,0.162174614144,0.906519235199,-3.98864843719
mlp,10,10,5,4341,-0.000899266329082,-7.87757304276,0.108325910864,-72.7210413456,0.170237272518,0.907809260539,-3.90371513455
mlp,10,10,6,4341,-0.000910067303064,-7.97218957484,0.106945697751,-74.5442756697,0.16793365584,0.916378714582,-3.9506021626
mlp,10,10,7,4341,-0.000905555775667,-7.93266859485,0.107116781441,-74.0562635296,0.172771250864,0.905966367196,-3.93101762217
mlp,10,10,8,4341,-0.000900375271097,-7.88728737481,0.105880340735,-74.4924630962,0.180142824234,0.906933886201,-3.90852905183
mlp,10,10,9,4341,-0.000896146397834,-7.85024244503,0.107236477162,-73.2049639524,0.172310527528,0.905459571527,-3.890171513
mlp,10,10,10,4341,-0.000896876795371,-7.85664072745,0.104547552174,-75.1489687141,0.179221377563,0.899193734163,-3.89334216871
mlp,10,10,11,4341,-0.000904683355611,-7.92502619515,0.10105482264,-78.4230379918,0.162404975812,0.904031329187,-3.92723044671
momentum_12,1,0,0,4341,-0.000156408820028,-1.37014126345,0.506795536379,-2.70353853792,0.46141442064,1.78230822391,-0.678970687743
momentum_12,1,0,1,4341,-0.000202750284762,-1.77609249452,0.505775556665,-3.5116218471,0.460032250633,1.78852798894,-0.880138986153
momentum_12,1,0,2,4341,-0.000103876762266,-0.909960437447,0.504877611888,-1.80233865796,0.461184058973,1.78921907395,-0.450929024995
momentum_12,1,0,3,4341,-0.000128058944318,-1.12179635223,0.521123340987,-2.15265036892,0.464409122322,1.77747062889,-0.555903877286
momentum_12,1,0,4,4341,-0.000137615179076,-1.2055089687,0.499195996075,-2.41490111736,0.470859249021,1.77931352223,-0.597387492367
momentum_12,1,0,5,4341,-0.000180193071873,-1.57849130961,0.508533884252,-3.1040041942,0.460262612301,1.77194194886,-0.782218125002
momentum_12,1,0,6,4341,-0.000111642738875,-0.977990392545,0.513473995703,-1.9046541806,0.464869845658,1.77493665054,-0.484641129456
momentum_12,1,0,7,4341,-0.000105601294877,-0.925067343123,0.521226039615,-1.77479111329,0.465560930661,1.77263303386,-0.458415221061
momentum_12,1,0,8,4341,-6.6815655782e-05,-0.585305144651,0.515636639907,-1.13511162581,0.466482377332,1.77447592721,-0.29004676175
momentum_12,1,0,9,4341,-6.0389698874e-05,-0.529013762136,0.518001076685,-1.02125996633,0.460492973969,1.77677954388,-0.262151682812
momentum_12,1,0,10,4341,-0.000146775543472,-1.28575376081,0.508074026345,-2.53064257203,0.452199953928,1.78046533057,-0.637152634211
momentum_12,1,0,11,4341,-0.000114396633141,-1.00211450632,0.506938447289,-1.9767972062,0.46141442064,1.78253858558,-0.496595784465
momentum_12,1,0.25,0,4341,-0.000200966525626,-1.76046676448,0.506769303334,-3.47390173971,0.455885740613,1.78230822391,-0.872395687743
momentum_12,1,0.25,1,4341,-0.000247463484486,-2.1677801241,0.505788463136,-4.2859422112,0.452430315595,1.78852798894,-1.07423898615
momentum_12,1,0.25,2,4341,-0.000148607239114,-1.30179941464,0.504906595644,-2.57829750269,0.456116102281,1.78921907395,-0.645104024995
momentum_12,1,0.25,3,4341,-0.000172495710041,-1.51106241995,0.521133195419,-2.89957046152,0.457037548952,1.77747062889,-0.748803877286
momentum_12,1,0.25,4,4341,-0.000182098017131,-1.59517863007,0.499211577467,-3.19539590441,0.465560930661,1.77931352223,-0.790487492367
momentum_12,1,0.25,5,4341,-0.000224491620595,-1.96654659641,0.508552138906,-3.86695177537,0.454273208938,1.77194194886,-0.974518125002
momentum_12,1,0.25,6,4341,-0.000156016155139,-1.36670151901,0.513480826823,-2.66164080063,0.45934116563,1.77493665054,-0.677266129456
momentum_12,1,0.25,7,4341,-0.000149917120724,-1.31327397754,0.5212140626,-2.5196441765,0.460953697305,1.77263303386,-0.650790221061
momentum_12,1,0.25,8,4341,-0.000111177553962,-0.973915372709,0.515640110694,-1.88875022038,0.460953697305,1.77447592721,-0.48262176175
momentum_12,1,0.25,9,4341,-0.000104809187471,-0.918128482247,0.517990092787,-1.77248270774,0.456346463948,1.77677954388,-0.454976682812
momentum_12,1,0.25,10,4341,-0.000191287176736,-1.67567566821,0.508061186107,-3.29817690079,0.445749827229,1.78046533057,-0.830377634211
momentum_12,1,0.25,11,4341,-0.000158960097781,-1.39249045656,0.506957595737,-2.74675923246,0.458189357291,1.78253858558,-0.690045784465
momentum_12,1,0.5,0,4341,-0.000245524231224,-2.15079226552,0.506745232974,-4.24432658774,0.45196959226,1.78230822391,-1.06582068774
momentum_12,1,0.5,1,4341,-0.000292176684209,-2.55946775367,0.50580346898,-5.06020205601,0.445749827229,1.78852798894,-1.26833898615
momentum_12,1,0.5,2,4341,-0.000193337715963,-1.69363839184,0.504937686702,-3.3541532677,0.449665975582,1.78921907395,-0.839279024995
momentum_12,1,0.5,3,4341,-0.000216932475763,-1.90032848768,0.52114518721,-3.64644735156,0.452891038931,1.77747062889,-0.941703877286
momentum_12,1,0.5,4,4341,-0.000226580855187,-1.98484829144,0.499229343122,-3.97582457599,0.457498272287,1.77931352223,-0.983587492367
momentum_12,1,0.5,5,4341,-0.000268790169316,-2.35460188321,0.508572630883,-4.62982421827,0.448514167243,1.77194194886,-1.166818125
momentum_12,1,0.5,6,4341,-0.000200389571402,-1.75541264548,0.513489915896,-3.41859224717,0.453351762267,1.77493665054,-0.869891129456
momentum_12,1,0.5,7,4341,-0.00019423294657,-1.70148061196,0.521204318344,-3.26451748781,0.456576825616,1.77263303386,-0.843165221061
momentum_12,1,0.5,8,4341,-0.000155539452142,-1.36252560077,0.515645754462,-2.64236753425,0.454273208938,1.77447592721,-0.67519676175
momentum_12,1,0.5,9,4341,-0.000149228676068,-1.30724320236,0.517981258435,-2.52372683581,0.450357060585,1.77677954388,-0.647801682812
momentum_12,1,0.5,10,4341,-0.00023579881,-2.0655975756,0.508050465547,-4.06573306331,0.441833678876,1.78046533057,-1.02360263421
momentum_12,1,0.5,11,4341,-0.00020352356242,-1.7828664068,0.506978900125,-3.51664814129,0.45404284727,1.78253858558,-0.883495784465
momentum_12,1,1,0,4341,-0.000334639642419,-2.93144326759,0.506703581516,-5.78532178286,0.439760423865,1.78230822391,-1.45267068774
momentum_12,1,1,1,4341,-0.000381603083656,-3.34284301283,0.505839778016,-6.60850166023,0.434922828841,1.78852798894,-1.65653898615
momentum_12,1,1,2,4341,-0.00028279866966,-2.47731634622,0.505006189144,-4.90551680252,0.440221147201,1.78921907395,-1.227629025
momentum_12,1,1,3,4341,-0.000305806007207,-2.67886062313,0.521175582251,-5.14003478744,0.44459801889,1.77747062889,-1.32750387729
momentum_12,1,1,4,4341,-0.000315546531299,-2.76418761418,0.499271426259,-5.53644264181,0.443906933886,1.77931352223,-1.36978749237
momentum_12,1,1,5,4341,-0.000357387266759,-3.13071245681,0.508620325699,-6.15530347221,0.44137295554,1.77194194886,-1.551418125
momentum_12,1,1,6,4341,-0.000289136403929,-2.53283489842,0.513514867392,-4.93234969278,0.443215848883,1.77493665054,-1.25514112946
momentum_12,1,1,7,4341,-0.000282864598263,-2.47789388079,0.521191528583,-4.75428656241,0.446210550564,1.77263303386,-1.22791522106
momentum_12,1,1,8,4341,-0.000244263248503,-2.13974605688,0.515663560626,-4.14950021732,0.443446210551,1.77447592721,-1.06034676175
momentum_12,1,1,9,4341,-0.000238067653262,-2.08547264258,0.517970038788,-4.02624184105,0.440681870537,1.77677954388,-1.03345168281
momentum_12,1,1,10,4341,-0.000324822076529,-2.84544139039,0.508035383968,-5.60087245926,0.431237042156,1.78046533057,-1.41005263421
momentum_12,1,1,11,4341,-0.000292650491699,-2.56361830728,0.507027975609,-5.05616737262,0.443215848883,1.78253858558,-1.27039578447
momentum_12,1,2,0,4341,-0.000512870464811,-4.49274527174,0.506646242531,-8.86761786547,0.421101128772,1.78230822391,-2.22637068774
momentum_12,1,2,1,4341,-0.000560455882551,-4.90959353114,0.505937578601,-9.70395111729,0.412347385395,1.78852798894,-2.43293898615
momentum_12,1,2,2,4341,-0.000461720577055,-4.044672255,0.505168462775,-8.0065810775,0.418567150426,1.78921907395,-2.004329025
momentum_12,1,2,3,4341,-0.000483553070096,-4.23592489404,0.521262012386,-8.12628734377,0.424786915457,1.77747062889,-2.09910387729
momentum_12,1,2,4,4341,-0.000493477883522,-4.32286625965,0.499381791511,-8.6564354831,0.423174383783,1.77931352223,-2.14218749237
momentum_12,1,2,5,4341,-0.000534581461645,-4.68293360401,0.508742549345,-9.20491830307,0.418336788758,1.77194194886,-2.320618125
momentum_12,1,2,6,4341,-0.000466630068983,-4.08767940429,0.513591858552,-7.95900350878,0.420870767104,1.77493665054,-2.02564112946
momentum_12,1,2,7,4341,-0.00046012790165,-4.03072041845,0.521192745765,-7.73364643159,0.424556553789,1.77263303386,-1.99741522106
momentum_12,1,2,8,4341,-0.000421710841223,-3.69418696912,0.515725243738,-7.16309122729,0.421101128772,1.77447592721,-1.83064676175
momentum_12,1,2,9,4341,-0.000415745607651,-3.64193152302,0.517973397107,-7.03111693257,0.416724257084,1.77677954388,-1.80475168281
momentum_12,1,2,10,4341,-0.000502868609586,-4.40512901997,0.50803066106,-8.67099046891,0.410043768717,1.78046533057,-2.18295263421
momentum_12,1,2,11,4341,-0.000470904350257,-4.12512210825,0.507151984069,-8.13389720998,0.418567150426,1.78253858558,-2.04419578447
momentum_12,1,5,0,4341,-0.00104756293198,-9.17665128418,0.506682002898,-18.1112635375,0.362358903478,1.78230822391,-4.54747068774
momentum_12,1,5,1,4341,-0.00109701427923,-9.60984508609,0.506432227823,-18.9755796692,0.348076480074,1.78852798894,-4.76213898615
momentum_12,1,5,2,4341,-0.000998486299239,-8.74673998133,0.505857103961,-17.2909304087,0.363049988482,1.78921907395,-4.334429025
momentum_12,1,5,3,4341,-0.00101679425876,-8.90711770676,0.521726232495,-17.0723976522,0.362819626814,1.77747062889,-4.41390387729
momentum_12,1,5,4,4341,-0.00102727194019,-8.99890219607,0.499922229694,-18.0006042171,0.356830223451,1.77931352223,-4.45938749237
momentum_12,1,5,5,4341,-0.0010661640463,-9.33959704562,0.509323618163,-18.3372549643,0.363510711818,1.77194194886,-4.628218125
momentum_12,1,5,6,4341,-0.000999111064146,-8.75221292192,0.514039348485,-17.026348173,0.358212393458,1.77493665054,-4.33714112946
momentum_12,1,5,7,4341,-0.000991917811809,-8.68920003144,0.521410727366,-16.6647895323,0.367657221838,1.77263303386,-4.30591522106
momentum_12,1,5,8,4341,-0.000954053619385,-8.35750970581,0.516118707678,-16.1929989777,0.36857866851,1.77447592721,-4.14154676175
momentum_12,1,5,9,4341,-0.000948779470816,-8.31130816435,0.518189808432,-16.0391193133,0.357751670122,1.77677954388,-4.11865168281
momentum_12,1,5,10,4341,-0.00103700820876,-9.0841919087,0.508219984656,-17.8745271398,0.35475696844,1.78046533057,-4.50165263421
momentum_12,1,5,11,4341,-0.00100566592593,-8.80963351115,0.507730602515,-17.3509996591,0.35798203179,1.78253858558,-4.36559578447
momentum_12,1,10,0,4341,-0.00193871704394,-16.9831613049,0.50743362276,-33.4687347136,0.279198341396,1.78230822391,-8.41597068774
momentum_12,1,10,1,4341,-0.0019912782737,-17.4435976777,0.507925109526,-34.3428536028,0.267449896337,1.78852798894,-8.64413898615
momentum_12,1,10,2,4341,-0.00189309583621,-16.5835195252,0.507674434822,-32.6656581221,0.281501958074,1.78921907395,-8.217929025
momentum_12,1,10,3,4341,-0.00190552957321,-16.6924390613,0.523180811994,-31.9056790284,0.284266298088,1.77747062889,-8.27190387729
momentum_12,1,10,4,4341,-0.00191692870131,-16.7922954234,0.501518075289,-33.4829316247,0.274821469707,1.77931352223,-8.32138749237
momentum_12,1,10,5,4341,-0.00195213502073,-17.1007027816,0.511003838097,-33.4649204305,0.284266298088,1.77194194886,-8.474218125
momentum_12,1,10,6,4341,-0.00188657938942,-16.5264354513,0.51550455237,-32.0587575324,0.281501958074,1.77493665054,-8.18964112946
momentum_12,1,10,7,4341,-0.00187823432874,-16.4533327198,0.522487129773,-31.4904076717,0.283575213085,1.77263303386,-8.15341522106
momentum_12,1,10,8,4341,-0.00184129158299,-16.129714267,0.517467191844,-31.1705061136,0.282423404745,1.77447592721,-7.99304676175
momentum_12,1,10,9,4341,-0.00183716924276,-16.0936025666,0.519237011907,-30.9947137771,0.281501958074,1.77677954388,-7.97515168281
momentum_12,1,10,10,4341,-0.00192724087404,-16.8826300566,0.509212668533,-33.1543794958,0.278276894725,1.78046533057,-8.36615263421
momentum_12,1,10,11,4341,-0.00189693521872,-16.617152516,0.509380844471,-32.6222564047,0.269983874683,1.78253858558,-8.23459578447
momentum_12,2,0,0,4341,-0.000141738899527,-1.24163275985,0.328341859791,-3.78152441679,0.464869845658,1.70490670352,-0.615288562846
momentum_12,2,0,1,4341,-0.000169933121618,-1.48861414537,0.326530653207,-4.55888024831,0.454273208938,1.70363971435,-0.737679680944
momentum_12,2,0,2,4341,-0.000111266533241,-0.974694831195,0.328612937104,-2.96608782291,0.464869845658,1.69834139599,-0.483008020801
momentum_12,2,0,3,4341,-0.000123975091731,-1.08602180356,0.338196052171,-3.21121963604,0.467403824004,1.69845657683,-0.538175873204
momentum_12,2,0,4,4341,-9.93413610399e-05,-0.870230322709,0.323035310732,-2.6939170233,0.463487675651,1.69523151348,-0.431240848274
momentum_12,2,0,5,4341,-0.000132406484888,-1.15988080762,0.331487071644,-3.49902275787,0.46141442064,1.69672886432,-0.574776550901
momentum_12,2,0,6,4341,-0.000124145243682,-1.08751233466,0.33216996198,-3.27396351005,0.458419718959,1.69465560931,-0.538914502826
momentum_12,2,0,7,4341,-0.00015528195732,-1.36026994612,0.333360882765,-4.08047259425,0.466482377332,1.69626814098,-0.674078976724
momentum_12,2,0,8,4341,-7.81175555311e-05,-0.684309786452,0.337035223714,-2.0303806199,0.463487675651,1.6857866851,-0.33910830856
momentum_12,2,0,9,4341,-6.47945297002e-05,-0.567600080174,0.335371835993,-1.69245004875,0.462335867312,1.69776549182,-0.281273053429
momentum_12,2,0,10,4341,-0.000114993886309,-1.00734644406,0.32292175676,-3.11947530006,0.454964293941,1.70029947017,-0.499188460466
momentum_12,2,0,11,4341,-7.0306118695e-05,-0.615881599768,0.329283680698,-1.87036781921,0.467403824004,1.69085464179,-0.305198861255
momentum_12,2,0.25,0,4341,-0.000184361567115,-1.61500732793,0.328338946721,-4.91871995101,0.458650080627,1.70490670352,-0.800313562846
momentum_12,2,0.25,1,4341,-0.000212524114477,-1.86171124282,0.326533750225,-5.70143588997,0.447362358903,1.70363971435,-0.922567180944
momentum_12,2,0.25,2,4341,-0.000153725068141,-1.34663159692,0.328622047582,-4.09781269037,0.456116102281,1.69834139599,-0.667320520801
momentum_12,2,0.25,3,4341,-0.000166436506152,-1.45798379389,0.338202018217,-4.31098490061,0.460262612301,1.69845657683,-0.722500873204
momentum_12,2,0.25,4,4341,-0.000141722148877,-1.24148602416,0.323040620197,-3.84312667368,0.456807187284,1.69523151348,-0.615215848274
momentum_12,2,0.25,5,4341,-0.000174824706496,-1.53146442891,0.331488857557,-4.61995748574,0.455655378945,1.69672886432,-0.758914050901
momentum_12,2,0.25,6,4341,-0.000166511633915,-1.4586419131,0.332165913163,-4.3913052342,0.453121400599,1.69465560931,-0.722827002826
momentum_12,2,0.25,7,4341,-0.000197688660844,-1.73175266899,0.333376418837,-5.19458657285,0.460723335637,1.69626814098,-0.858166476724
momentum_12,2,0.25,8,4341,-0.000120262222658,-1.05349707049,0.337048188451,-3.1256571214,0.458189357291,1.6857866851,-0.52205830856
momentum_12,2,0.25,9,4341,-0.000107238666996,-0.939410722883,0.335383948233,-2.80100084644,0.455885740613,1.69776549182,-0.465523053429
momentum_12,2,0.25,10,4341,-0.000157501373063,-1.37971202803,0.322944548626,-4.27228771595,0.447823082239,1.70029947017,-0.683713460466
momentum_12,2,0.25,11,4341,-0.00011257748474,-0.98617876632,0.329302693394,-2.9947485584,0.459571527298,1.69085464179,-0.488698861255
momentum_12,2,0.5,0,4341,-0.000226984234703,-1.988381896,0.328338173646,-6.0558961936,0.453351762267,1.70490670352,-0.985338562846
momentum_12,2,0.5,1,4341,-0.000255115107336,-2.23480834026,0.326538927544,-6.84392625734,0.440221147201,1.70363971435,-1.10745468094
momentum_12,2,0.5,2,4341,-0.000196183603041,-1.71856836264,0.32863332179,-5.22944037834,0.449665975582,1.69834139599,-0.851633020801
momentum_12,2,0.5,3,4341,-0.000208897920572,-1.82994578421,0.338210040433,-5.41067847031,0.451739230592,1.69845657683,-0.906825873204
momentum_12,2,0.5,4,4341,-0.000184102936714,-1.61274172561,0.323048099978,-4.9922650086,0.450817783921,1.69523151348,-0.799190848274
momentum_12,2,0.5,5,4341,-0.000217242928104,-1.90304805019,0.331492797398,-5.74084283319,0.449435613914,1.69672886432,-0.943051550901
momentum_12,2,0.5,6,4341,-0.000208878024148,-1.82977149153,0.332164078531,-5.50863747708,0.445980188897,1.69465560931,-0.906739502826
momentum_12,2,0.5,7,4341,-0.000240095364369,-2.10323539187,0.333394072326,-6.30855664948,0.454273208938,1.69626814098,-1.04225397672
momentum_12,2,0.5,8,4341,-0.000162406889786,-1.42268435452,0.33706338301,-4.22082144259,0.451048145589,1.6857866851,-0.70500830856
momentum_12,2,0.5,9,4341,-0.000149682804291,-1.31122136559,0.33539822641,-3.90944633079,0.451048145589,1.69776549182,-0.649773053429
momentum_12,2,0.5,10,4341,-0.000200008859817,-1.752077612,0.322969520746,-5.42490080163,0.440912232205,1.70029947017,-0.868238460466
momentum_12,2,0.5,11,4341,-0.000154848850784,-1.35647593287,0.329323921511,-4.11897176083,0.454273208938,1.69085464179,-0.672198861255
momentum_12,2,1,0,4341,-0.000312229569879,-2.73513103214,0.328343047506,-8.33010186424,0.439760423865,1.70490670352,-1.35538856285
momentum_12,2,1,1,4341,-0.000340297093053,-2.98100253515,0.326555522651,-9.12862385835,0.427090532135,1.70363971435,-1.47722968094
momentum_12,2,1,2,4341,-0.000281100672841,-2.46244189408,0.328662360465,-7.49231488083,0.435613913845,1.69834139599,-1.2202580208
momentum_12,2,1,3,4341,-0.000293820749414,-2.57386976486,0.33823225275,-7.60977033956,0.436304998848,1.69845657683,-1.2754758732
momentum_12,2,1,4,4341,-0.000268864512387,-2.35525312851,0.32306956984,-7.2902351332,0.437687168855,1.69523151348,-1.16714084827
momentum_12,2,1,5,4341,-0.00030207937132,-2.64621529276,0.331507138515,-7.98237801038,0.433771020502,1.69672886432,-1.3113265509
momentum_12,2,1,6,4341,-0.000293610804613,-2.57203064841,0.332167051926,-7.74318414033,0.434231743838,1.69465560931,-1.27456450283
momentum_12,2,1,7,4341,-0.000324908771418,-2.84620083762,0.333435730171,-8.53598034069,0.438608615526,1.69626814098,-1.41042897672
momentum_12,2,1,8,4341,-0.000246696224041,-2.1610589226,0.337100460342,-6.41072670268,0.435613913845,1.6857866851,-1.07090830856
momentum_12,2,1,9,4341,-0.000234571078882,-2.05484265101,0.335433279429,-6.12593554971,0.436996083852,1.69776549182,-1.01827305343
momentum_12,2,1,10,4341,-0.000285023833325,-2.49680877993,0.323026003678,-7.72943587049,0.427781617139,1.70029947017,-1.23728846047
momentum_12,2,1,11,4341,-0.000239391582874,-2.09707026597,0.329373022247,-6.36685497697,0.441833678876,1.69085464179,-1.03919886125
momentum_12,2,2,0,4341,-0.000482720240232,-4.22862930443,0.328378473046,-12.8773036345,0.411195577056,1.70490670352,-2.09548856285
momentum_12,2,2,1,4341,-0.000510661064488,-4.47339092492,0.326613669466,-13.6962758853,0.400829302004,1.70363971435,-2.21677968094
momentum_12,2,2,2,4341,-0.00045093481244,-3.95018895697,0.328746389926,-12.0159158489,0.408431237042,1.69834139599,-1.9575080208
momentum_12,2,2,3,4341,-0.000463666407096,-4.06171772616,0.338301342475,-12.0062122617,0.40866159871,1.69845657683,-2.0127758732
momentum_12,2,2,4,4341,-0.000438387663735,-3.84027593432,0.323138543794,-11.8843016659,0.411425938724,1.69523151348,-1.90304084827
momentum_12,2,2,5,4341,-0.000471752257752,-4.13254977791,0.331561661699,-12.4638951221,0.40336328035,1.69672886432,-2.0478765509
momentum_12,2,2,6,4341,-0.000463076365544,-4.05654896216,0.332199567588,-12.2111807418,0.407279428703,1.69465560931,-2.01021450283
momentum_12,2,2,7,4341,-0.000494535585516,-4.33213172912,0.333544437374,-12.9881696221,0.404515088689,1.69626814098,-2.14677897672
momentum_12,2,2,8,4341,-0.00041527489255,-3.63780805874,0.337201356632,-10.7882367232,0.409122322046,1.6857866851,-1.80270830856
momentum_12,2,2,9,4341,-0.000404347628065,-3.54208522185,0.335529361743,-10.5567071789,0.40866159871,1.69776549182,-1.75527305343
momentum_12,2,2,10,4341,-0.000455053780342,-3.9862711158,0.323165107386,-12.3350913347,0.402902557015,1.70029947017,-1.97538846047
momentum_12,2,2,11,4341,-0.000408477047053,-3.57825893218,0.329497786928,-10.859735859,0.412577747063,1.69085464179,-1.77319886125
momentum_12,2,5,0,4341,-0.000994192251289,-8.70912412129,0.328690012414,-26.4964671647,0.333794056669,1.70490670352,-4.31578856285
momentum_12,2,5,1,4341,-0.00102175297879,-8.95055609423,0.326987545816,-27.3727736996,0.328726099977,1.70363971435,-4.43542968094
momentum_12,2,5,2,4341,-0.000960437231237,-8.41343014564,0.329205795343,-25.5567498041,0.325961759963,1.69834139599,-4.1692580208
momentum_12,2,5,3,4341,-0.000973203380144,-8.52526161006,0.33870569735,-25.1701157576,0.336788758351,1.69845657683,-4.2246758732
momentum_12,2,5,4,4341,-0.000946957117778,-8.29534435173,0.323553476849,-25.6382482195,0.335636950012,1.69523151348,-4.11074084827
momentum_12,2,5,5,4341,-0.000980770917047,-8.59155323333,0.331931745685,-25.883493655,0.326883206634,1.69672886432,-4.2575265509
momentum_12,2,5,6,4341,-0.000971473048336,-8.51010390342,0.33250950833,-25.593565568,0.328956461645,1.69465560931,-4.21716450283
momentum_12,2,5,7,4341,-0.00100341602781,-8.78992440362,0.334073335753,-26.3113617967,0.326422483299,1.69626814098,-4.35582897672
momentum_12,2,5,8,4341,-0.000921010898079,-8.06805546717,0.337717627387,-23.8899447731,0.331720801659,1.6857866851,-3.99810830856
momentum_12,2,5,9,4341,-0.000913677275611,-8.00381293436,0.33602509125,-23.8190931058,0.338170928358,1.69776549182,-3.96627305343
momentum_12,2,5,10,4341,-0.000965143621393,-8.4546581234,0.323791053717,-26.111463014,0.325040313292,1.70029947017,-4.18968846047
momentum_12,2,5,11,4341,-0.000915733439589,-8.0218249308,0.330084161063,-24.3023624792,0.332872609998,1.69085464179,-3.97519886125
momentum_12,2,10,0,4341,-0.00184664560305,-16.1766154827,0.329890876843,-49.0362620437,0.226215157798,1.70490670352,-8.01628856285
momentum_12,2,10,1,4341,-0.00187357283597,-16.4124980431,0.328272582192,-49.9965544899,0.229670582815,1.70363971435,-8.13317968094
momentum_12,2,10,2,4341,-0.00180960792923,-15.8521654601,0.330658997535,-47.941128408,0.231513476158,1.69834139599,-7.8555080208
momentum_12,2,10,3,4341,-0.00182243166856,-15.9645014166,0.340033659669,-46.9497679498,0.233126007832,1.69845657683,-7.9111758732
momentum_12,2,10,4,4341,-0.00179457287452,-15.7204583808,0.324935080555,-48.380305241,0.237272517853,1.69523151348,-7.79024084827
momentum_12,2,10,5,4341,-0.00182913534921,-16.023225659,0.333234000367,-48.084005958,0.227136604469,1.69672886432,-7.9402765509
momentum_12,2,10,6,4341,-0.00181880085299,-15.9326954722,0.333731407043,-47.7410730184,0.236811794517,1.69465560931,-7.89541450283
momentum_12,2,10,7,4341,-0.0018515500983,-16.2195788611,0.335626947617,-48.3262115163,0.229440221147,1.69626814098,-8.03757897672
momentum_12,2,10,8,4341,-0.00176390424063,-15.4518011479,0.339286096085,-45.5420995031,0.237272517853,1.6857866851,-7.65710830856
momentum_12,2,10,9,4341,-0.00176256002152,-15.4400257885,0.337539230774,-45.7429074338,0.236811794517,1.69776549182,-7.65127305343
momentum_12,2,10,10,4341,-0.00181529335648,-15.9019698027,0.325525067926,-48.8502157577,0.227827689472,1.70029947017,-7.88018846047
momentum_12,2,10,11,4341,-0.00176116076048,-15.4277682618,0.3317639587,-46.5022431076,0.23128311449,1.69085464179,-7.64519886125
momentum_12,3,0,0,4341,-0.000131169358574,-1.14904358111,0.258393761614,-4.44687044274,0.458880442294,1.63103739538,-0.569406185571
momentum_12,3,0,1,4341,-0.000136523851816,-1.19594894191,0.254372409989,-4.70156705266,0.459110803962,1.6341856715,-0.592650040735
momentum_12,3,0,2,4341,-0.000117533643163,-1.0295947141,0.256784799004,-4.00956255237,0.457958995623,1.63134454427,-0.510213544969
momentum_12,3,0,3,4341,-0.000102354232447,-0.89662307624,0.265894846005,-3.37209648744,0.465791292329,1.62236043922,-0.444319723054
momentum_12,3,0,4,4341,-9.42273546735e-05,-0.82543162694,0.254722239176,-3.2405165313,0.467864547339,1.62619980035,-0.409040946638
momentum_12,3,0,5,4341,-0.000105517007501,-0.924328985708,0.263035380115,-3.51408614805,0.462335867312,1.62689088536,-0.458049329562
momentum_12,3,0,6,4341,-0.000118998688064,-1.04242850744,0.261123933752,-3.99208334701,0.451739230592,1.62950165093,-0.516573304885
momentum_12,3,0,7,4341,-0.000139157421218,-1.21901900987,0.26098633972,-4.6708153813,0.462566228979,1.62612301313,-0.604082365509
momentum_12,3,0,8,4341,-9.05282477154e-05,-0.793027449987,0.262542141881,-3.02057202819,0.467403824004,1.61713890809,-0.392983123333
momentum_12,3,0,9,4341,-8.90974125223e-05,-0.780493333696,0.257399179808,-3.03222929568,0.456346463948,1.63096060815,-0.386771867759
momentum_12,3,0,10,4341,-9.51649227695e-05,-0.83364472346,0.254447034644,-3.27629962215,0.462566228979,1.6351839054,-0.413110929742
momentum_12,3,0,11,4341,-7.05821649456e-05,-0.618299764923,0.257957957083,-2.39690130871,0.465560930661,1.62358903478,-0.306397178029
momentum_12,3,0.25,0,4341,-0.000171945293459,-1.5062407707,0.258408278886,-5.82891839684,0.44874452891,1.63103739538,-0.746414518904
momentum_12,3,0.25,1,4341,-0.000177378493604,-1.55383560397,0.254379501328,-6.10833654386,0.449896337249,1.6341856715,-0.770000040735
momentum_12,3,0.25,2,4341,-0.000158317256769,-1.3868591693,0.25679064699,-5.40073863887,0.447592720571,1.63134454427,-0.687255211635
momentum_12,3,0.25,3,4341,-0.000142913243428,-1.25192001243,0.265898231173,-4.70826754621,0.45726791062,1.62236043922,-0.620386389721
momentum_12,3,0.25,4,4341,-0.000134882349682,-1.18156938322,0.254730934666,-4.63849977533,0.463026952315,1.62619980035,-0.585524279971
momentum_12,3,0.25,5,4341,-0.000146189279635,-1.2806180896,0.263051107366,-4.86832426758,0.455425017277,1.62689088536,-0.634607662895
momentum_12,3,0.25,6,4341,-0.000159736229337,-1.39928936899,0.261129820082,-5.35859661125,0.442755125547,1.62950165093,-0.693414971552
momentum_12,3,0.25,7,4341,-0.000179810496547,-1.57513994975,0.26099376213,-6.03516320426,0.455655378945,1.62612301313,-0.780557365509
momentum_12,3,0.25,8,4341,-0.000130956720418,-1.14718087086,0.262554345014,-4.36930826948,0.457958995623,1.61713890809,-0.568483123333
momentum_12,3,0.25,9,4341,-0.000129871427726,-1.13767370688,0.257417791887,-4.41956128418,0.447131997236,1.63096060815,-0.563771867759
momentum_12,3,0.25,10,4341,-0.000136044520404,-1.19174999874,0.254464600018,-4.68336263142,0.454733932274,1.6351839054,-0.590569263076
momentum_12,3,0.25,11,4341,-0.000111171890815,-0.973865763541,0.257979391801,-3.77497503479,0.458419718959,1.62358903478,-0.482597178029
momentum_12,3,0.5,0,4341,-0.000212721228343,-1.86343796029,0.258425093166,-7.21074698071,0.440681870537,1.63103739538,-0.923422852238
momentum_12,3,0.5,1,4341,-0.000218233135392,-1.91172226603,0.254388854776,-7.51496077811,0.439069338862,1.6341856715,-0.947350040735
momentum_12,3,0.5,2,4341,-0.000199100870376,-1.74412362449,0.256798790215,-6.79179065848,0.437687168855,1.63134454427,-0.864296878302
momentum_12,3,0.5,3,4341,-0.000183472254409,-1.60721694862,0.265903769316,-6.04435564322,0.449435613914,1.62236043922,-0.796453056388
momentum_12,3,0.5,4,4341,-0.000175537344691,-1.53770713949,0.25474181268,-6.03633586226,0.452660677263,1.62619980035,-0.762007613304
momentum_12,3,0.5,5,4341,-0.000186861551769,-1.63690719349,0.263069108936,-6.2223466682,0.447131997236,1.62689088536,-0.811165996228
momentum_12,3,0.5,6,4341,-0.00020047377061,-1.75615023054,0.261137961784,-6.72499018737,0.436304998848,1.62950165093,-0.870256638218
momentum_12,3,0.5,7,4341,-0.000220463571875,-1.93126088963,0.261003401116,-7.39937058814,0.448514167243,1.62612301313,-0.957032365509
momentum_12,3,0.5,8,4341,-0.00017138519312,-1.50133429173,0.262568841575,-5.7178691985,0.449435613914,1.61713890809,-0.743983123333
momentum_12,3,0.5,9,4341,-0.00017064544293,-1.49485408007,0.257438616025,-5.80664277624,0.43929970053,1.63096060815,-0.740771867759
momentum_12,3,0.5,10,4341,-0.000176924118039,-1.54985527402,0.254484455101,-6.09017660198,0.446440912232,1.6351839054,-0.768027596409
momentum_12,3,0.5,11,4341,-0.000151761616685,-1.32943176216,0.258003142671,-5.15277352205,0.450817783921,1.62358903478,-0.658797178029
momentum_12,3,1,0,4341,-0.000294273098112,-2.57783233946,0.258465610892,-9.97359892702,0.423174383783,1.63103739538,-1.2774395189
momentum_12,3,1,1,4341,-0.000299942418967,-2.62749559015,0.254414346943,-10.3276235076,0.423635107118,1.6341856715,-1.30205004073
momentum_12,3,1,2,4341,-0.000280668097589,-2.45865253488,0.256821961451,-9.57337340231,0.420640405437,1.63134454427,-1.21838021164
momentum_12,3,1,3,4341,-0.00026459027637,-2.317810821,0.265921303932,-8.71615318792,0.433540658834,1.62236043922,-1.14858638972
momentum_12,3,1,4,4341,-0.000256847334709,-2.24998265205,0.254770115105,-8.83142299135,0.436996083852,1.62619980035,-1.11497427997
momentum_12,3,1,5,4341,-0.000268206096037,-2.34948540128,0.263111933108,-8.92960411763,0.431006680488,1.62689088536,-1.1642826629
momentum_12,3,1,6,4341,-0.000281948853156,-2.46987195365,0.261161010397,-9.45727675771,0.420410043769,1.62950165093,-1.22393997155
momentum_12,3,1,7,4341,-0.000301769722532,-2.64350276938,0.261029327778,-10.1272251355,0.431697765492,1.62612301313,-1.30998236551
momentum_12,3,1,8,4341,-0.000252242138524,-2.20964113347,0.262604713402,-8.41432396565,0.431697765492,1.61713890809,-1.09498312333
momentum_12,3,1,9,4341,-0.000252193473338,-2.20921482644,0.257486898277,-8.57991160413,0.42133149044,1.63096060815,-1.09477186776
momentum_12,3,1,10,4341,-0.000258683313309,-2.26606582459,0.254531032193,-8.90290588565,0.430545957153,1.6351839054,-1.12294426308
momentum_12,3,1,11,4341,-0.000232941068424,-2.04056375939,0.258057590242,-7.9073967849,0.434462105506,1.62358903478,-1.01119717803
momentum_12,3,2,0,4341,-0.00045737683765,-4.00662109781,0.258574186613,-15.4950544379,0.394609536973,1.63103739538,-1.98547285224
momentum_12,3,2,1,4341,-0.000463360986117,-4.05904223839,0.254492461576,-15.9495578504,0.386777240267,1.6341856715,-2.01145004073
momentum_12,3,2,2,4341,-0.000443802552016,-3.88771035566,0.256895833073,-15.1334115044,0.388389771942,1.63134454427,-1.9265468783
momentum_12,3,2,3,4341,-0.000426826320292,-3.73899856576,0.265982199427,-14.0573262941,0.403824003686,1.62236043922,-1.85285305639
momentum_12,3,2,4,4341,-0.000419467314744,-3.67453367716,0.254852894193,-14.4182536706,0.402672195347,1.62619980035,-1.8209076133
momentum_12,3,2,5,4341,-0.000430895184572,-3.77464181685,0.263224848806,-14.3399904453,0.396682791983,1.62689088536,-1.87051599623
momentum_12,3,2,6,4341,-0.000444899018249,-3.89731539986,0.261234158886,-14.9188583012,0.389541580281,1.62950165093,-1.93130663822
momentum_12,3,2,7,4341,-0.000464382023845,-4.06798652888,0.26110776543,-15.5797225034,0.394148813637,1.62612301313,-2.01588236551
momentum_12,3,2,8,4341,-0.000413956029333,-3.62625481695,0.262703957464,-13.8035789486,0.399216770329,1.61713890809,-1.79698312333
momentum_12,3,2,9,4341,-0.000415289534153,-3.63793631918,0.257609980077,-14.121876482,0.392075558627,1.63096060815,-1.80277186776
momentum_12,3,2,10,4341,-0.000422201703849,-3.69848692572,0.254651635192,-14.5237116696,0.395530983644,1.6351839054,-1.83277759641
momentum_12,3,2,11,4341,-0.000395299971903,-3.46282775387,0.258194246898,-13.4117153867,0.394148813637,1.62358903478,-1.71599717803
momentum_12,3,5,0,4341,-0.000946688056263,-8.29298737286,0.259119732692,-32.0044609753,0.304538124856,1.63103739538,-4.10957285224
momentum_12,3,5,1,4341,-0.000953616687568,-8.3536821831,0.254943461998,-32.7668029517,0.297857636489,1.6341856715,-4.13965004073
momentum_12,3,5,2,4341,-0.000933205915296,-8.174883818,0.257337308306,-31.7671925296,0.304307763188,1.63134454427,-4.0510468783
momentum_12,3,5,3,4341,-0.000913534452059,-8.00256180004,0.266371208358,-30.0428933343,0.312370421562,1.62236043922,-3.96565305639
momentum_12,3,5,4,4341,-0.00090732725485,-7.94818675249,0.255310239337,-31.1314844761,0.311909698226,1.62619980035,-3.9387076133
momentum_12,3,5,5,4341,-0.000918962450179,-8.05011106357,0.263781229971,-30.5181345331,0.302464869846,1.62689088536,-3.98921599623
momentum_12,3,5,6,4341,-0.000933749513526,-8.17964573849,0.261669658315,-31.2594352405,0.303847039853,1.62950165093,-4.05340663822
momentum_12,3,5,7,4341,-0.000952218927784,-8.34143780739,0.261555384961,-31.8916691722,0.307532826538,1.62612301313,-4.13358236551
momentum_12,3,5,8,4341,-0.000899097701758,-7.8760958674,0.26322123345,-29.9219624654,0.313982953237,1.61713890809,-3.90298312333
momentum_12,3,5,9,4341,-0.0009045777166,-7.92410079741,0.258190827067,-30.6908687944,0.312140059894,1.63096060815,-3.92677186776
momentum_12,3,5,10,4341,-0.000912756875469,-7.9957502291,0.255232479237,-31.327322655,0.300621976503,1.6351839054,-3.96227759641
momentum_12,3,5,11,4341,-0.000882376682338,-7.72961973728,0.258825691973,-29.8641903683,0.310527528219,1.62358903478,-3.83039717803
momentum_12,3,10,0,4341,-0.00176220675395,-15.4369311646,0.260756180399,-59.2006338679,0.198111034324,1.63103739538,-7.6497395189
momentum_12,3,10,1,4341,-0.00177070952332,-15.5114154243,0.256412591762,-60.4939691835,0.193964524303,1.6341856715,-7.68665004073
momentum_12,3,10,2,4341,-0.00174887818743,-15.3201729219,0.258801283919,-59.1966650625,0.198111034324,1.63134454427,-7.59188021164
momentum_12,3,10,3,4341,-0.00172471467167,-15.1085005238,0.267703504868,-56.4374401122,0.206404054365,1.62236043922,-7.48698638972
momentum_12,3,10,4,4341,-0.00172042715503,-15.070941878,0.256764600732,-58.6955594154,0.198341395992,1.62619980035,-7.46837427997
momentum_12,3,10,5,4341,-0.00173240789286,-15.1758931414,0.265428524678,-57.1750649627,0.199953927666,1.62689088536,-7.5203826629
momentum_12,3,10,6,4341,-0.00174850033899,-15.3168629695,0.263111207439,-58.214407203,0.20594333103,1.62950165093,-7.59023997155
momentum_12,3,10,7,4341,-0.00176528043435,-15.4638566049,0.26300463588,-58.7968974507,0.203870076019,1.62612301313,-7.66308236551
momentum_12,3,10,8,4341,-0.0017076671558,-14.9591642848,0.264809974198,-56.490184443,0.205252246026,1.61713890809,-7.41298312333
momentum_12,3,10,9,4341,-0.00172005802068,-15.0677082611,0.259858652735,-57.9842468301,0.206864777701,1.63096060815,-7.46677186776
momentum_12,3,10,10,4341,-0.00173034882817,-15.1578557347,0.256924784028,-58.9972500787,0.197880672656,1.6351839054,-7.51144426308
momentum_12,3,10,11,4341,-0.00169417119973,-14.8409397096,0.260610043547,-56.9469215677,0.209629117715,1.62358903478,-7.35439717803
momentum_12,4,0,0,4341,-9.90355475304e-05,-0.867551396366,0.217679995207,-3.98544384172,0.464409122322,1.56139138447,-0.429913311829
momentum_12,4,0,1,4341,-0.000128418857414,-1.12494919095,0.216916868905,-5.1860844047,0.450587422253,1.56444367657,-0.557466260033
momentum_12,4,0,2,4341,-8.82221741751e-05,-0.772826245774,0.216003934727,-3.57783411099,0.460723335637,1.55712969362,-0.382972458094
momentum_12,4,0,3,4341,-8.10041475099e-05,-0.709596332187,0.223905119646,-3.16918314913,0.470859249021,1.55684174153,-0.35163900434
momentum_12,4,0,4,4341,-9.05698645121e-05,-0.793392013126,0.214812733234,-3.69341240243,0.46463948399,1.55632342778,-0.393163781847
momentum_12,4,0,5,4341,-7.95495878764e-05,-0.696854389798,0.221028836071,-3.15277591008,0.461875143976,1.55021884358,-0.345324760972
momentum_12,4,0,6,4341,-8.65439427831e-05,-0.75812493878,0.221717696777,-3.41932533938,0.458419718959,1.55327113568,-0.375687255622
momentum_12,4,0,7,4341,-0.000125146765911,-1.09628566938,0.221406702609,-4.95145655691,0.45934116563,1.55810873071,-0.543262110818
momentum_12,4,0,8,4341,-8.58069608268e-05,-0.751668976843,0.221525094292,-3.39315497978,0.467403824004,1.55217691776,-0.372488016949
momentum_12,4,0,9,4341,-9.16524767694e-05,-0.8028756965,0.220050023827,-3.64860536045,0.452660677263,1.56225524073,-0.397863401656
momentum_12,4,0,10,4341,-0.000104080169934,-0.911742288623,0.215998054665,-4.22106712968,0.463487675651,1.56357982032,-0.451812017684
momentum_12,4,0,11,4341,-6.74723282593e-05,-0.591057595551,0.218943615185,-2.6995881796,0.463026952315,1.55954849113,-0.292897376974
momentum_12,4,0.25,0,4341,-0.000138070332142,-1.20949610957,0.217696714533,-5.55587672583,0.456346463948,1.56139138447,-0.599363311829
momentum_12,4,0.25,1,4341,-0.000167529949328,-1.46756235611,0.216932308075,-6.76507049197,0.440451508869,1.56444367657,-0.727247510033
momentum_12,4,0.25,2,4341,-0.000127150416516,-1.11383764868,0.21600647289,-5.1565012556,0.449665975582,1.55712969362,-0.551959958094
momentum_12,4,0.25,3,4341,-0.000119925191048,-1.05054467358,0.223919690475,-4.69161363771,0.460032250633,1.55684174153,-0.52059525434
momentum_12,4,0.25,4,4341,-0.000129477950207,-1.13422684381,0.214825546095,-5.27975775891,0.456116102281,1.55632342778,-0.562063781847
momentum_12,4,0.25,5,4341,-0.000118305058966,-1.03635231654,0.221053721743,-4.68823735865,0.452199953928,1.55021884358,-0.513562260972
momentum_12,4,0.25,6,4341,-0.000125375721175,-1.09829131749,0.22172791611,-4.95332900233,0.449665975582,1.55327113568,-0.544256005622
momentum_12,4,0.25,7,4341,-0.000164099484178,-1.4375114814,0.221414819865,-6.49239053772,0.451048145589,1.55810873071,-0.712355860818
momentum_12,4,0.25,8,4341,-0.000124611383771,-1.09159572183,0.221535744,-4.92740224273,0.457958995623,1.55217691776,-0.540938016949
momentum_12,4,0.25,9,4341,-0.000130708857788,-1.14500959422,0.220077232406,-5.20276260158,0.444828380557,1.56225524073,-0.567407151656
momentum_12,4,0.25,10,4341,-0.000143169665442,-1.25416626927,0.216005697956,-5.80617215721,0.452199953928,1.56357982032,-0.621499517684
momentum_12,4,0.25,11,4341,-0.000106461040538,-0.932598715109,0.218963070699,-4.25915983062,0.453812485602,1.55954849113,-0.462147376974
momentum_12,4,0.5,0,4341,-0.000177105116754,-1.55144082277,0.21771588223,-7.12598826909,0.448053443907,1.56139138447,-0.768813311829
momentum_12,4,0.5,1,4341,-0.000206641041242,-1.81017552128,0.216950144963,-8.34373962549,0.431697765492,1.56444367657,-0.897028760033
momentum_12,4,0.5,2,4341,-0.000166078658856,-1.45484905158,0.216011457042,-6.73505503596,0.442524763879,1.55712969362,-0.720947458094
momentum_12,4,0.5,3,4341,-0.000158846234587,-1.39149301498,0.223936549137,-6.21378252163,0.451278507256,1.55684174153,-0.68955150434
momentum_12,4,0.5,4,4341,-0.000168386035901,-1.47506167449,0.214840849231,-6.86583431306,0.446440912232,1.55632342778,-0.730963781847
momentum_12,4,0.5,5,4341,-0.000157060530056,-1.37585024329,0.221081092091,-6.22328318661,0.441833678876,1.55021884358,-0.681799760972
momentum_12,4,0.5,6,4341,-0.000164207499567,-1.43845769621,0.221740547158,-6.48712071222,0.439760423865,1.55327113568,-0.712824755622
momentum_12,4,0.5,7,4341,-0.000203052202446,-1.77873729343,0.221425359771,-8.03312364613,0.442064040544,1.55810873071,-0.881449610818
momentum_12,4,0.5,8,4341,-0.000163415806715,-1.43152246682,0.221548866196,-6.4614298931,0.450587422253,1.55217691776,-0.709388016949
momentum_12,4,0.5,9,4341,-0.000169765238806,-1.48714349194,0.220106875561,-6.75646086996,0.437226445519,1.56225524073,-0.736950901656
momentum_12,4,0.5,10,4341,-0.00018225916095,-1.59659024992,0.216015838018,-7.39107958274,0.443215848883,1.56357982032,-0.791187017684
momentum_12,4,0.5,11,4341,-0.000145449752816,-1.27413983467,0.218985023844,-5.81838799888,0.446210550564,1.55954849113,-0.631397376974
momentum_12,4,1,0,4341,-0.000255174685978,-2.23533024916,0.217761560068,-10.26503598,0.427320893803,1.56139138447,-1.10771331183
momentum_12,4,1,1,4341,-0.000284863225071,-2.49540185162,0.216993009447,-11.4999181678,0.415111725409,1.56444367657,-1.23659126003
momentum_12,4,1,2,4341,-0.000243935143537,-2.13687185738,0.216028762553,-9.89160809947,0.422483298779,1.55712969362,-1.05892245809
momentum_12,4,1,3,4341,-0.000236688321663,-2.07338969777,0.223977127824,-9.25714923622,0.428242340475,1.55684174153,-1.02746400434
momentum_12,4,1,4,4341,-0.00024620220729,-2.15673133586,0.214878924107,-10.03696079,0.427551255471,1.55632342778,-1.06876378185
momentum_12,4,1,5,4341,-0.000234571472235,-2.05484609678,0.221143283045,-9.29192181868,0.424095830454,1.55021884358,-1.01827476097
momentum_12,4,1,6,4341,-0.000241871056351,-2.11879045364,0.221773042675,-9.55386835156,0.419949320433,1.55327113568,-1.04996225562
momentum_12,4,1,7,4341,-0.000280957638981,-2.46118891748,0.221453706067,-11.1137851842,0.425708362129,1.55810873071,-1.21963711082
momentum_12,4,1,8,4341,-0.000241024652603,-2.1113759568,0.221582526211,-9.52862119998,0.432388850495,1.55217691776,-1.04628801695
momentum_12,4,1,9,4341,-0.000247878000842,-2.17141128738,0.220173461586,-9.8622752794,0.419949320433,1.56225524073,-1.07603840166
momentum_12,4,1,10,4341,-0.000260438151966,-2.28143821122,0.216043606958,-10.5600820285,0.424326192122,1.56357982032,-1.13056201768
momentum_12,4,1,11,4341,-0.000223427177372,-1.95722207378,0.219036419938,-8.93560109472,0.424556553789,1.55954849113,-0.969897376974
momentum_12,4,2,0,4341,-0.000411313824425,-3.60310910196,0.21788226224,-16.5369547063,0.387237963603,1.56139138447,-1.78551331183
momentum_12,4,2,1,4341,-0.000441307592728,-3.8658545123,0.217107479704,-17.8061783849,0.3800967519,1.56444367657,-1.91571626003
momentum_12,4,2,2,4341,-0.000399648112899,-3.50091746899,0.216092712427,-16.2009973852,0.388159410274,1.55712969362,-1.73487245809
momentum_12,4,2,3,4341,-0.000392372495817,-3.43718306335,0.22408571179,-15.3386980183,0.396913153651,1.55684174153,-1.70328900434
momentum_12,4,2,4,4341,-0.000401834550068,-3.5200706586,0.214984927951,-16.3735694969,0.392997005298,1.55632342778,-1.74436378185
momentum_12,4,2,5,4341,-0.000389593356593,-3.41283780376,0.221297434913,-15.4219492201,0.389771941949,1.55021884358,-1.69122476097
momentum_12,4,2,6,4341,-0.00039719816992,-3.4794559685,0.221866950903,-15.6826239976,0.383091453582,1.55327113568,-1.72423725562
momentum_12,4,2,7,4341,-0.000436768512052,-3.82609216558,0.221539449918,-17.270477863,0.389541580281,1.55810873071,-1.89601211082
momentum_12,4,2,8,4341,-0.000396242344379,-3.47108293676,0.221679491234,-15.6581148641,0.396913153651,1.55217691776,-1.72008801695
momentum_12,4,2,9,4341,-0.000404103524915,-3.53994687826,0.220335799915,-16.0661448554,0.386777240267,1.56225524073,-1.75421340166
momentum_12,4,2,10,4341,-0.000416796133998,-3.65113413382,0.216129084824,-16.8933030776,0.384703985257,1.56357982032,-1.80931201768
momentum_12,4,2,11,4341,-0.000379382026486,-3.32338655201,0.219169144964,-15.1635694548,0.389311218613,1.55954849113,-1.64689737697
momentum_12,4,5,0,4341,-0.000879731239767,-7.70644566036,0.218478438797,-35.2732548932,0.290255701451,1.56139138447,-3.81891331183
momentum_12,4,5,1,4341,-0.0009106406957,-7.97721249433,0.217680162849,-36.6464834918,0.292098594794,1.56444367657,-3.95309126003
momentum_12,4,5,2,4341,-0.000866787020985,-7.59305430383,0.216518841662,-35.0687923763,0.289564616448,1.55712969362,-3.76272245809
momentum_12,4,5,3,4341,-0.000859425018277,-7.52856316011,0.224630298667,-33.5153503547,0.297396913154,1.55684174153,-3.73076400434
momentum_12,4,5,4,4341,-0.000868731578403,-7.61008862681,0.215541119595,-35.3068994033,0.295093296475,1.55632342778,-3.77116378185
momentum_12,4,5,5,4341,-0.000854659009669,-7.4868129247,0.221997186247,-33.724809991,0.296245104815,1.55021884358,-3.71007476097
momentum_12,4,5,6,4341,-0.000863179510625,-7.56145251307,0.222379460739,-34.0024770631,0.292098594794,1.55327113568,-3.74706225562
momentum_12,4,5,7,4341,-0.000904201131264,-7.92080190987,0.222028573599,-35.6746961955,0.290255701451,1.55810873071,-3.92513711082
momentum_12,4,5,8,4341,-0.000861895419707,-7.55020387664,0.222206961884,-33.9782507831,0.295554019811,1.55217691776,-3.74148801695
momentum_12,4,5,9,4341,-0.000872780097133,-7.64555365089,0.221055258604,-34.5866173878,0.293711126469,1.56225524073,-3.78873840166
momentum_12,4,5,10,4341,-0.000885870080093,-7.76022190162,0.21662448885,-35.8233824016,0.289794978116,1.56357982032,-3.84556201768
momentum_12,4,5,11,4341,-0.000847246573825,-7.42187998671,0.219806009775,-33.7655917338,0.296014743147,1.55954849113,-3.67789737697
momentum_12,4,10,0,4341,-0.001660426932,-14.5453399244,0.220244720175,-66.041719015,0.180142824234,1.56139138447,-7.20791331183
momentum_12,4,10,1,4341,-0.00169286253399,-14.8294757977,0.219391693374,-67.5936065292,0.173923059203,1.56444367657,-7.34871626003
momentum_12,4,10,2,4341,-0.00164535186779,-14.4132823619,0.218004150899,-66.1147152585,0.184058972587,1.55712969362,-7.14247245809
momentum_12,4,10,3,4341,-0.00163784588904,-14.347529988,0.226261068091,-63.4113951157,0.180833909238,1.55684174153,-7.10988900434
momentum_12,4,10,4,4341,-0.00164689329229,-14.4267852405,0.217254636265,-66.4049591231,0.180833909238,1.55632342778,-7.14916378185
momentum_12,4,10,5,4341,-0.00162976843146,-14.2767714596,0.223945752545,-63.7510258504,0.187744759272,1.55021884358,-7.07482476097
momentum_12,4,10,6,4341,-0.00163981507847,-14.3647800874,0.223996458403,-64.1294964653,0.184058972587,1.55327113568,-7.11843725562
momentum_12,4,10,7,4341,-0.00168325549662,-14.7453181504,0.223610478799,-65.9419819212,0.176917760885,1.55810873071,-7.30701211082
momentum_12,4,10,8,4341,-0.00163798387859,-14.3487387764,0.223867840869,-64.0946851533,0.187744759272,1.55217691776,-7.11048801695
momentum_12,4,10,9,4341,-0.0016539077175,-14.4882316053,0.223020459026,-64.9636883923,0.179221377563,1.56225524073,-7.17961340166
momentum_12,4,10,10,4341,-0.00166765999025,-14.6087015146,0.218239997459,-66.9386990685,0.178069569224,1.56357982032,-7.23931201768
momentum_12,4,10,11,4341,-0.00162702081939,-14.2527023779,0.22165494046,-64.3013070146,0.184519695923,1.55954849113,-7.06289737697
momentum_12,5,0,0,4341,-8.05940661226e-05,-0.706004019234,0.192539687293,-3.66679737129,0.46141442064,1.48279198341,-0.349858841038
momentum_12,5,0,1,4341,-0.000109405062586,-0.958388348256,0.192122772413,-4.9884161894,0.463257313983,1.48974890578,-0.474927376687
momentum_12,5,0,2,4341,-7.96975167105e-05,-0.698150246384,0.190473032303,-3.66534956651,0.455655378945,1.48772172311,-0.34596692004
momentum_12,5,0,3,4341,-7.21435908521e-05,-0.631977855865,0.197892088767,-3.19354785632,0.469477079014,1.48343699608,-0.313175327889
momentum_12,5,0,4,4341,-7.10575055671e-05,-0.622463748768,0.189995484506,-3.27620285497,0.461875143976,1.48214697074,-0.308460631667
momentum_12,5,0,5,4341,-7.01942768096e-05,-0.614901864852,0.192279262691,-3.19796246484,0.465791292329,1.47472932504,-0.304713355631
momentum_12,5,0,6,4341,-8.68890335232e-05,-0.761147933663,0.194685139989,-3.90963549507,0.467173462336,1.48306841742,-0.377185294524
momentum_12,5,0,7,4341,-0.000103282435393,-0.904754134039,0.195030553161,-4.63903793213,0.462566228979,1.48366735775,-0.448349052039
momentum_12,5,0,8,4341,-8.43657241365e-05,-0.739043743435,0.194580312377,-3.79814244519,0.460262612301,1.47970513707,-0.366231608476
momentum_12,5,0,9,4341,-8.75553157553e-05,-0.766984566016,0.193274811907,-3.96836276,0.461644782308,1.48468094909,-0.380077625694
momentum_12,5,0,10,4341,-0.000100254064291,-0.878225603193,0.189410777602,-4.63661896282,0.462105505644,1.49122322046,-0.435202893089
momentum_12,5,0,11,4341,-6.9482458919e-05,-0.60866634013,0.191233837091,-3.18283808655,0.467634185672,1.47915226906,-0.301623354167
momentum_12,5,0.25,0,4341,-0.000117663865708,-1.0307354636,0.192566529696,-5.35262002814,0.452199953928,1.48279198341,-0.510778841038
momentum_12,5,0.25,1,4341,-0.000146648785231,-1.28464335862,0.192131968611,-6.68625511885,0.451508868924,1.48974890578,-0.636602376687
momentum_12,5,0.25,2,4341,-0.000116890559788,-1.02396130374,0.190487675855,-5.37547271313,0.447131997236,1.48772172311,-0.50742192004
momentum_12,5,0.25,3,4341,-0.000109229515754,-0.956850558007,0.197917348459,-4.83459669128,0.46141442064,1.48343699608,-0.474165327889
momentum_12,5,0.25,4,4341,-0.000108111179836,-0.947053935361,0.190011314066,-4.98419759907,0.452199953928,1.48214697074,-0.469310631667
momentum_12,5,0.25,5,4341,-0.000107062509936,-0.937867587036,0.192300806481,-4.87708608298,0.454733932274,1.47472932504,-0.464758355631
momentum_12,5,0.25,6,4341,-0.000123965743959,-1.08593991708,0.194696273767,-5.57761017232,0.455194655609,1.48306841742,-0.538135294524
momentum_12,5,0.25,7,4341,-0.000140374119336,-1.22967728539,0.195037874779,-6.30481277946,0.451278507256,1.48366735775,-0.609364052039
momentum_12,5,0.25,8,4341,-0.000121358352563,-1.06309916845,0.194599304518,-5.46301627894,0.449205252246,1.47970513707,-0.526816608476
momentum_12,5,0.25,9,4341,-0.000124672339483,-1.09212969387,0.193300409208,-5.64990885608,0.45196959226,1.48468094909,-0.541202625694
momentum_12,5,0.25,10,4341,-0.000137534644803,-1.20480348847,0.189415986768,-6.36062197826,0.450587422253,1.49122322046,-0.597037893089
momentum_12,5,0.25,11,4341,-0.000106461265646,-0.932600687055,0.191251559152,-4.87630370799,0.460032250633,1.47915226906,-0.462148354167
momentum_12,5,0.5,0,4341,-0.000154733665293,-1.35546690797,0.192596062588,-7.03787444952,0.443446210551,1.48279198341,-0.671698841038
momentum_12,5,0.5,1,4341,-0.000183892507875,-1.61089836899,0.192143780044,-8.3838174133,0.436304998848,1.48974890578,-0.798277376687
momentum_12,5,0.5,2,4341,-0.000154083602866,-1.3497723611,0.190504932364,-7.08523576978,0.43607463718,1.48772172311,-0.66887692004
momentum_12,5,0.5,3,4341,-0.000146315440656,-1.28172326015,0.197945079606,-6.47514584702,0.449665975582,1.48343699608,-0.635155327889
momentum_12,5,0.5,4,4341,-0.000145164854104,-1.27164412195,0.190029831907,-6.69181311794,0.444367657222,1.48214697074,-0.630160631667
momentum_12,5,0.5,5,4341,-0.000143930743062,-1.26083330922,0.192325047677,-6.55574156589,0.446901635568,1.47472932504,-0.624803355631
momentum_12,5,0.5,6,4341,-0.000161042454394,-1.41073190049,0.194710007363,-7.24529735065,0.444828380557,1.48306841742,-0.699085294524
momentum_12,5,0.5,7,4341,-0.00017746580328,-1.55460043673,0.195047778144,-7.97035706598,0.438608615526,1.48366735775,-0.770379052039
momentum_12,5,0.5,8,4341,-0.00015835098099,-1.38715459347,0.194620969674,-7.12746728061,0.440912232205,1.47970513707,-0.687401608476
momentum_12,5,0.5,9,4341,-0.00016178936321,-1.41727482172,0.193328660169,-7.33090903582,0.442985487215,1.48468094909,-0.702327625694
momentum_12,5,0.5,10,4341,-0.000174815225314,-1.53138137375,0.189423879671,-8.08441563129,0.440912232205,1.49122322046,-0.758872893089
momentum_12,5,0.5,11,4341,-0.000143440072372,-1.25653503398,0.191271978462,-6.56936287314,0.448514167243,1.47915226906,-0.622673354167
momentum_12,5,1,0,4341,-0.000228873264464,-2.0049297967,0.192663194778,-10.4063975427,0.427090532135,1.48279198341,-0.993538841038
momentum_12,5,1,1,4341,-0.000258379953164,-2.26340838972,0.192175246575,-11.7778352314,0.414881363741,1.48974890578,-1.12162737669
momentum_12,5,1,2,4341,-0.000228469689021,-2.00139447582,0.190547281308,-10.5034008467,0.416724257084,1.48772172311,-0.99178692004
momentum_12,5,1,3,4341,-0.000220487290461,-1.93146866443,0.198007952019,-9.75450048716,0.427551255471,1.48343699608,-0.957135327889
momentum_12,5,1,4,4341,-0.000219272202642,-1.92082449514,0.190074929176,-10.1056173135,0.425708362129,1.48214697074,-0.951860631667
momentum_12,5,1,5,4341,-0.000217667209314,-1.90676475359,0.192381618095,-9.91136664964,0.429854872149,1.47472932504,-0.944893355631
momentum_12,5,1,6,4341,-0.000235195875265,-2.06031586732,0.1947452717,-10.5795424419,0.42340474545,1.48306841742,-1.02098529452
momentum_12,5,1,7,4341,-0.000251649171168,-2.20444673943,0.195075328439,-11.3004896984,0.419949320433,1.48366735775,-1.09240905204
momentum_12,5,1,8,4341,-0.000232336237843,-2.0352654435,0.194672315347,-10.4548273332,0.417645703755,1.47970513707,-1.00857160848
momentum_12,5,1,9,4341,-0.000236023410664,-2.06756507742,0.193393118311,-10.6909961196,0.425938723796,1.48468094909,-1.02457762569
momentum_12,5,1,10,4341,-0.000249376386337,-2.18453714431,0.18944771523,-11.5310820279,0.419949320433,1.49122322046,-1.08254289309
momentum_12,5,1,11,4341,-0.000217397685825,-1.90440372783,0.191320905257,-9.9539761495,0.426399447132,1.47915226906,-0.943723354167
momentum_12,5,2,0,4341,-0.000377152462805,-3.30385557418,0.192829683098,-17.1335425184,0.384934346925,1.48279198341,-1.63721884104
momentum_12,5,2,1,4341,-0.000407354843743,-3.56842843119,0.19226953409,-18.559510471,0.376641326883,1.48974890578,-1.76832737669
momentum_12,5,2,2,4341,-0.000377241861332,-3.30463870526,0.190663296278,-17.3323275626,0.378253858558,1.48772172311,-1.63760692004
momentum_12,5,2,3,4341,-0.000368830990069,-3.230959473,0.19816330247,-16.3045298132,0.390463026952,1.48343699608,-1.60109532789
momentum_12,5,2,4,4341,-0.000367486899716,-3.21918524151,0.190197340907,-16.9255007781,0.389541580281,1.48214697074,-1.59526063167
momentum_12,5,2,5,4341,-0.000365140141818,-3.19862764232,0.192527075379,-16.6139107241,0.386546878599,1.47472932504,-1.58507335563
momentum_12,5,2,6,4341,-0.000383502717006,-3.35948380098,0.194846967019,-17.2416530386,0.379405666897,1.48306841742,-1.66478529452
momentum_12,5,2,7,4341,-0.000400015906943,-3.50413934482,0.195161385833,-17.9550853765,0.379636028565,1.48366735775,-1.73646905204
momentum_12,5,2,8,4341,-0.000380306751549,-3.33148714357,0.194807036256,-17.1014723472,0.382630730246,1.47970513707,-1.65091160848
momentum_12,5,2,9,4341,-0.000384491505573,-3.36814558882,0.193553820088,-17.4015970715,0.385164708592,1.48468094909,-1.66907762569
momentum_12,5,2,10,4341,-0.000398498708383,-3.49084868543,0.189527568797,-18.4186855115,0.375259156876,1.49122322046,-1.72988289309
momentum_12,5,2,11,4341,-0.000365312912731,-3.20014111553,0.191451080221,-16.7151896549,0.384934346925,1.47915226906,-1.58582335417
momentum_12,5,5,0,4341,-0.00082199005783,-7.20063290659,0.193585781003,-37.1960836653,0.284496659756,1.48279198341,-3.56825884104
momentum_12,5,5,1,4341,-0.000854279515477,-7.48348855558,0.192802527281,-38.8142658766,0.276894724718,1.48974890578,-3.70842737669
momentum_12,5,5,2,4341,-0.000823558378263,-7.21437139358,0.191261040146,-37.7200259294,0.278276894725,1.48772172311,-3.57506692004
momentum_12,5,5,3,4341,-0.000813862088894,-7.12943189871,0.198865233999,-35.8505695307,0.284266298088,1.48343699608,-3.53297532789
momentum_12,5,5,4,4341,-0.000812130990939,-7.11426748063,0.190821406448,-37.2823343724,0.283575213085,1.48214697074,-3.52546063167
momentum_12,5,5,5,4341,-0.00080755893933,-7.07421630853,0.19322094088,-36.6120580737,0.287491361437,1.47472932504,-3.50561335563
momentum_12,5,5,6,4341,-0.000828423242231,-7.25698760194,0.195400653064,-37.1390140624,0.280580511403,1.48306841742,-3.59618529452
momentum_12,5,5,7,4341,-0.000845116114268,-7.40321716099,0.195666575372,-37.8358804865,0.280580511403,1.48366735775,-3.66864905204
momentum_12,5,5,8,4341,-0.000824218292669,-7.22015224378,0.19546648331,-36.9380577248,0.280810873071,1.47970513707,-3.57793160848
momentum_12,5,5,9,4341,-0.0008298957903,-7.26988712303,0.194289106899,-37.4178832723,0.278046533057,1.48468094909,-3.60257762569
momentum_12,5,5,10,4341,-0.00084586567452,-7.40978330879,0.19002393871,-38.9939465474,0.274360746372,1.49122322046,-3.67190289309
momentum_12,5,5,11,4341,-0.00080905859345,-7.08735327862,0.192099224473,-36.8942316039,0.283114489749,1.47915226906,-3.51212335417
momentum_12,5,10,0,4341,-0.00156338604954,-13.6952617939,0.19568978921,-69.9845497777,0.168394379175,1.48279198341,-6.78665884104
momentum_12,5,10,1,4341,-0.00159915396837,-14.0085887629,0.194516156222,-72.017610439,0.165399677494,1.48974890578,-6.94192737669
momentum_12,5,10,2,4341,-0.00156741923982,-13.7305925408,0.193080265145,-71.1133917827,0.16793365584,1.48772172311,-6.80416692004
momentum_12,5,10,3,4341,-0.00155558058694,-13.6268859416,0.200811756887,-67.8590046361,0.168394379175,1.48343699608,-6.75277532789
momentum_12,5,10,4,4341,-0.00155320447631,-13.6060712125,0.192707588444,-70.604750557,0.166551485833,1.48214697074,-6.74246063167
momentum_12,5,10,5,4341,-0.00154492360185,-13.5335307522,0.195224845916,-69.32278875,0.17208016586,1.47472932504,-6.70651335563
momentum_12,5,10,6,4341,-0.00156995745094,-13.7528272702,0.197143580807,-69.7604619634,0.164247869155,1.48306841742,-6.81518529452
momentum_12,5,10,7,4341,-0.00158694979314,-13.9016801879,0.197324079014,-70.4510075882,0.164938954158,1.48366735775,-6.88894905204
momentum_12,5,10,8,4341,-0.0015640708612,-13.7012607441,0.19740633118,-69.4063896646,0.171849804193,1.47970513707,-6.78963160848
momentum_12,5,10,9,4341,-0.00157223626485,-13.77278968,0.196347409965,-70.1450030969,0.169776549182,1.48468094909,-6.82507762569
momentum_12,5,10,10,4341,-0.00159147728475,-13.9413410144,0.191698883001,-72.7252073468,0.163326422483,1.49122322046,-6.90860289309
momentum_12,5,10,11,4341,-0.00154863472798,-13.5660402171,0.19402788041,-69.9179941998,0.172310527528,1.47915226906,-6.72262335417
momentum_12,6,0,0,4341,-7.93413804565e-05,-0.695030492799,0.172859585655,-4.02078074043,0.462566228979,1.40205789757,-0.344420932561
momentum_12,6,0,1,4341,-0.000102252385123,-0.895730893675,0.171607091082,-5.21966130904,0.458650080627,1.41342240651,-0.443877603818
momentum_12,6,0,2,4341,-7.71899398667e-05,-0.676183873233,0.170309116141,-3.97033281926,0.455885740613,1.40908392843,-0.335081528961
momentum_12,6,0,3,4341,-6.61508326387e-05,-0.579481293915,0.178815334981,-3.2406688944,0.461875143976,1.40597404592,-0.287160764485
momentum_12,6,0,4,4341,-6.6030719051e-05,-0.578429098887,0.170628997167,-3.38998123702,0.470398525685,1.4025186209,-0.2866393514
momentum_12,6,0,5,4341,-6.55631677569e-05,-0.574333349551,0.172704978651,-3.32551704089,0.465560930661,1.39921677033,-0.284609711233
momentum_12,6,0,6,4341,-6.94157093331e-05,-0.608081613758,0.175117554771,-3.47241951016,0.468325270675,1.40390079091,-0.301333594215
momentum_12,6,0,7,4341,-9.5258123131e-05,-0.834461158627,0.173987219964,-4.79610605192,0.454964293941,1.40401597174,-0.413515512512
momentum_12,6,0,8,4341,-7.70706232169e-05,-0.67513865938,0.174596831045,-3.8668437184,0.46141442064,1.39829532366,-0.334563575385
momentum_12,6,0,9,4341,-9.24533535204e-05,-0.809891376838,0.172585350857,-4.69270058447,0.458880442294,1.40750979037,-0.401340007632
momentum_12,6,0,10,4341,-9.4063530631e-05,-0.823996528327,0.169781096993,-4.85328780956,0.460262612301,1.4147277893,-0.408329786469
momentum_12,6,0,11,4341,-5.13026013592e-05,-0.449410787907,0.170676114393,-2.63312057171,0.463718037319,1.40144359978,-0.2227045925
momentum_12,6,0.25,0,4341,-0.000114392827896,-1.00208117237,0.172883579291,-5.79627733575,0.45196959226,1.40205789757,-0.496579265895
momentum_12,6,0.25,1,4341,-0.000137587945286,-1.2052704007,0.171621989776,-7.02282034065,0.450817783921,1.41342240651,-0.597269270485
momentum_12,6,0.25,2,4341,-0.000112417038078,-0.98477325356,0.170332322217,-5.78148199203,0.4466712739,1.40908392843,-0.488002362295
momentum_12,6,0.25,3,4341,-0.000101300183787,-0.887389609971,0.178843386431,-4.96182513471,0.451048145589,1.40597404592,-0.439744097818
momentum_12,6,0.25,4,4341,-0.000101093684574,-0.885580676864,0.170655543073,-5.18928750229,0.460953697305,1.4025186209,-0.438847684734
momentum_12,6,0.25,5,4341,-0.000100543587015,-0.880761822253,0.172734896695,-5.09892233188,0.456346463948,1.39921677033,-0.436459711233
momentum_12,6,0.25,6,4341,-0.000104513229106,-0.915535886967,0.175142579415,-5.22737469109,0.459110803962,1.40390079091,-0.453691927548
momentum_12,6,0.25,7,4341,-0.000130358522425,-1.14194065644,0.17400049116,-6.56285881047,0.445289103893,1.40401597174,-0.565886345845
momentum_12,6,0.25,8,4341,-0.000112028006308,-0.981365335262,0.17460665801,-5.62043479008,0.450126698917,1.39829532366,-0.486313575385
momentum_12,6,0.25,9,4341,-0.00012764109828,-1.11813602093,0.172605007399,-6.47800453636,0.446440912232,1.40750979037,-0.554090007632
momentum_12,6,0.25,10,4341,-0.000129431725363,-1.13382191418,0.169793584412,-6.67764873513,0.448283805575,1.4147277893,-0.561863119802
momentum_12,6,0.25,11,4341,-8.63386913538e-05,-0.756326936259,0.17069126657,-4.43096446267,0.453121400599,1.40144359978,-0.374796259167
momentum_12,6,0.5,0,4341,-0.000149444275335,-1.30913185193,0.172910494407,-7.5711532514,0.442985487215,1.40205789757,-0.648737599228
momentum_12,6,0.5,1,4341,-0.000172923505448,-1.51480990773,0.171639722516,-8.82552060514,0.438378253859,1.41342240651,-0.750660937151
momentum_12,6,0.5,2,4341,-0.000147644136288,-1.29336263389,0.170358393864,-7.59201002399,0.43607463718,1.40908392843,-0.640923195628
momentum_12,6,0.5,3,4341,-0.000136449534935,-1.19529792603,0.178874148617,-6.68234026698,0.443676572218,1.40597404592,-0.592327431151
momentum_12,6,0.5,4,4341,-0.000136156650096,-1.19273225484,0.170684974312,-6.98791595248,0.451278507256,1.4025186209,-0.591056018067
momentum_12,6,0.5,5,4341,-0.000135524006273,-1.18719029495,0.172767750124,-6.87159666143,0.446210550564,1.39921677033,-0.588309711233
momentum_12,6,0.5,6,4341,-0.000139610748879,-1.22299016018,0.17517042152,-6.9817161457,0.44874452891,1.40390079091,-0.606050260882
momentum_12,6,0.5,7,4341,-0.000165458921718,-1.44942015425,0.174016615677,-8.32920551071,0.435844275513,1.40401597174,-0.718257179178
momentum_12,6,0.5,8,4341,-0.0001469853894,-1.28759201114,0.174619439329,-7.3737037302,0.438838977194,1.39829532366,-0.638063575385
momentum_12,6,0.5,9,4341,-0.000162828843039,-1.42638066502,0.172627577553,-8.26276244641,0.43607463718,1.40750979037,-0.706840007632
momentum_12,6,0.5,10,4341,-0.000164799920096,-1.44364730004,0.169808995648,-8.50159495104,0.43929970053,1.4147277893,-0.715396453136
momentum_12,6,0.5,11,4341,-0.000121374781348,-1.06324308461,0.170709387959,-6.22838086017,0.444367657222,1.40144359978,-0.526887925834
momentum_12,6,1,0,4341,-0.000219547170213,-1.92323321107,0.172973083479,-11.1186848982,0.422483298779,1.40205789757,-0.953054265895
momentum_12,6,1,1,4341,-0.000243594625774,-2.13388892178,0.171683686482,-12.4291886172,0.418336788758,1.41342240651,-1.05744427048
momentum_12,6,1,2,4341,-0.00021809833271,-1.91054139454,0.170419128464,-11.2108388991,0.415802810412,1.40908392843,-0.946764862295
momentum_12,6,1,3,4341,-0.000206748237231,-1.81111455814,0.178943799483,-10.1211361521,0.42133149044,1.40597404592,-0.897494097818
momentum_12,6,1,4,4341,-0.000206282581141,-1.8070354108,0.170752486673,-10.582776544,0.42870306381,1.4025186209,-0.895472684734
momentum_12,6,1,5,4341,-0.00020548484479,-1.80004724036,0.172842256293,-10.4143933259,0.420640405437,1.39921677033,-0.892009711233
momentum_12,6,1,6,4341,-0.000209805788424,-1.83789870659,0.175234552605,-10.4882209546,0.423865468786,1.40390079091,-0.910766927548
momentum_12,6,1,7,4341,-0.000235659720305,-2.06437914987,0.174057421357,-11.8603339851,0.417415342087,1.40401597174,-1.02299884584
momentum_12,6,1,8,4341,-0.000216900155583,-1.90004536291,0.17465386228,-10.8789198137,0.416263533748,1.39829532366,-0.941563575385
momentum_12,6,1,9,4341,-0.000233204332557,-2.0428699532,0.17268145398,-11.8302800105,0.416724257084,1.40750979037,-1.01234000763
momentum_12,6,1,10,4341,-0.000235536309561,-2.06329807175,0.169848586231,-12.1478672124,0.418106427091,1.4147277893,-1.0224631198
momentum_12,6,1,11,4341,-0.000191446961338,-1.67707538132,0.170754534435,-9.8215569318,0.424095830454,1.40144359978,-0.831071259167
momentum_12,6,2,0,4341,-0.00035975295997,-3.15143592933,0.173133249546,-18.2023726673,0.373416263534,1.40205789757,-1.56168759923
momentum_12,6,2,1,4341,-0.000384936866425,-3.37204694988,0.171805574966,-19.6271101829,0.373876986869,1.41342240651,-1.67101093715
momentum_12,6,2,2,4341,-0.000359006725554,-3.14489891585,0.170574917032,-18.4370537625,0.375028795208,1.40908392843,-1.55844819563
momentum_12,6,2,3,4341,-0.000347345641822,-3.04274782236,0.179115560368,-16.9876241691,0.381478921907,1.40597404592,-1.50782743115
momentum_12,6,2,4,4341,-0.000346534443231,-3.03564172271,0.170922060032,-17.7603857697,0.380787836904,1.4025186209,-1.50430601807
momentum_12,6,2,5,4341,-0.000345406521823,-3.02576113117,0.173026409692,-17.4872791763,0.381018198572,1.39921677033,-1.49940971123
momentum_12,6,2,6,4341,-0.000350195867515,-3.06771579943,0.175396556188,-17.4901712217,0.381478921907,1.40390079091,-1.52020026088
momentum_12,6,2,7,4341,-0.000376061317479,-3.29429714112,0.1741732283,-18.9139121624,0.374107348537,1.40401597174,-1.63248217918
momentum_12,6,2,8,4341,-0.000356729687949,-3.12495206643,0.174758121867,-17.881584175,0.374337710205,1.39829532366,-1.54856357538
momentum_12,6,2,9,4341,-0.000373955311595,-3.27584852957,0.172824110088,-18.9548120797,0.376641326883,1.40750979037,-1.62334000763
momentum_12,6,2,10,4341,-0.00037700908849,-3.30259961517,0.169962808089,-19.4313076626,0.375719880212,1.4147277893,-1.63659645314
momentum_12,6,2,11,4341,-0.000331591321316,-2.90473997473,0.170880406004,-16.9986720108,0.387468325271,1.40144359978,-1.43943792583
momentum_12,6,5,0,4341,-0.000780370329239,-6.83604408414,0.173892279805,-39.3119469811,0.273669661368,1.40205789757,-3.38758759923
momentum_12,6,5,1,4341,-0.000808963588379,-7.0865210342,0.172441860024,-41.0951321983,0.269523151348,1.41342240651,-3.51171093715
momentum_12,6,5,2,4341,-0.000781731904084,-6.84797147977,0.171315507915,-39.9728638879,0.26929278968,1.40908392843,-3.39349819563
momentum_12,6,5,3,4341,-0.000769137855598,-6.73764761504,0.179889224807,-37.4544257571,0.278046533057,1.40597404592,-3.33882743115
momentum_12,6,5,4,4341,-0.000767290029502,-6.72146065844,0.171705732358,-39.1452315897,0.274360746372,1.4025186209,-3.33080601807
momentum_12,6,5,5,4341,-0.000765171552922,-6.70290280359,0.173858445326,-38.553794675,0.275051831375,1.39921677033,-3.32160971123
momentum_12,6,5,6,4341,-0.000771366104787,-6.75716707794,0.176151187224,-38.3600427817,0.272748214697,1.40390079091,-3.34850026088
momentum_12,6,5,7,4341,-0.000797266109002,-6.98405111486,0.174793197492,-39.9560807575,0.268832066344,1.40401597174,-3.46093217918
momentum_12,6,5,8,4341,-0.000776218285046,-6.799672177,0.175353237522,-38.7769982072,0.27666436305,1.39829532366,-3.36956357538
momentum_12,6,5,9,4341,-0.000796208248706,-6.97478425866,0.173530060888,-40.1935216469,0.269062428012,1.40750979037,-3.45634000763
momentum_12,6,5,10,4341,-0.000801427425279,-7.02050424544,0.170584738594,-41.1555236612,0.272057129694,1.4147277893,-3.47899645314
momentum_12,6,5,11,4341,-0.000752024401252,-6.58773375496,0.171541488431,-38.4031514195,0.283344851417,1.40144359978,-3.26453792583
momentum_12,6,10,0,4341,-0.00148139927802,-12.9770576755,0.176071560628,-73.7033148861,0.152269062428,1.40205789757,-6.43075426589
momentum_12,6,10,1,4341,-0.00151567479163,-13.2773111747,0.174392427392,-76.134677252,0.155724487445,1.41342240651,-6.57954427048
momentum_12,6,10,2,4341,-0.0014862738683,-13.0197590863,0.173446758894,-75.0648739091,0.162865699148,1.40908392843,-6.45191486229
momentum_12,6,10,3,4341,-0.00147212487856,-12.8958139362,0.182027122866,-70.8455626453,0.15526376411,1.40597404592,-6.39049409782
momentum_12,6,10,4,4341,-0.00146854933995,-12.864492218,0.173913797946,-73.9705093553,0.152729785764,1.4025186209,-6.37497268473
momentum_12,6,10,5,4341,-0.00146477993809,-12.8314722576,0.176161666952,-72.8391850489,0.160101359134,1.39921677033,-6.35860971123
momentum_12,6,10,6,4341,-0.00147331650024,-12.9062525421,0.178290913924,-72.3887283882,0.153651232435,1.40390079091,-6.39566692755
momentum_12,6,10,7,4341,-0.00149927409487,-13.1336410711,0.176723311374,-74.3175360908,0.153420870767,1.40401597174,-6.50834884584
momentum_12,6,10,8,4341,-0.00147536594688,-12.9242056946,0.177274493863,-72.9050491868,0.161944252476,1.39829532366,-6.40456357538
momentum_12,6,10,9,4341,-0.00149996314389,-13.1396771405,0.175619880023,-74.818848178,0.160562082469,1.40750979037,-6.51134000763
momentum_12,6,10,10,4341,-0.00150879131993,-13.2170119626,0.172539846674,-76.6026643548,0.156876295784,1.4147277893,-6.5496631198
momentum_12,6,10,11,4341,-0.00145274620114,-12.726056722,0.173575074478,-73.3173052659,0.161253167473,1.40144359978,-6.30637125917
momentum_12,8,0,0,4341,-7.80650764202e-05,-0.683850069441,0.141980224301,-4.81651633394,0.46463948399,1.23482492513,-0.33888049674
momentum_12,8,0,1,4341,-9.00416579266e-05,-0.788764923437,0.141455172684,-5.57607691874,0.461875143976,1.2364086616,-0.390870837059
momentum_12,8,0,2,4341,-6.72913630588e-05,-0.589472340395,0.140869889112,-4.18451625193,0.46993780235,1.23159986178,-0.292111807038
momentum_12,8,0,3,4341,-5.92878989224e-05,-0.51936199456,0.14946864311,-3.47472208053,0.467403824004,1.23062082469,-0.257368769222
momentum_12,8,0,4,4341,-4.68029840003e-05,-0.409994139842,0.140943104562,-2.90893365175,0.468094909007,1.23070721032,-0.203171753545
momentum_12,8,0,5,4341,-4.68178669094e-05,-0.410124514127,0.142110212876,-2.8859608738,0.470859249021,1.22543768717,-0.203236360254
momentum_12,8,0,6,4341,-5.47662527173e-05,-0.479752373804,0.14358405684,-3.34126493123,0.47408431237,1.22808684635,-0.237740303046
momentum_12,8,0,7,4341,-6.79624445143e-05,-0.595351013945,0.144597865389,-4.11728770922,0.463487675651,1.23252130845,-0.295024971636
momentum_12,8,0,8,4341,-7.14681779578e-05,-0.62606123891,0.144474845813,-4.33335806928,0.455425017277,1.22848997927,-0.310243360515
momentum_12,8,0,9,4341,-7.46434525698e-05,-0.653876644511,0.140666816468,-4.64840721451,0.455425017277,1.23614950472,-0.324027227605
momentum_12,8,0,10,4341,-6.7231236383e-05,-0.588945630715,0.13842964395,-4.25447623725,0.462566228979,1.23519926284,-0.291850797139
momentum_12,8,0,11,4341,-4.54794794844e-05,-0.398400240283,0.140012381363,-2.84546435397,0.465560930661,1.22633033863,-0.197426420442
momentum_12,8,0.25,0,4341,-0.000108935699549,-0.954276728045,0.141995061967,-6.72049235254,0.451739230592,1.23482492513,-0.47288987174
momentum_12,8,0.25,1,4341,-0.000120951874467,-1.05953842033,0.141482571955,-7.48882640233,0.448053443907,1.2364086616,-0.525052087059
momentum_12,8,0.25,2,4341,-9.80813596034e-05,-0.859192710126,0.140883678993,-6.09859648945,0.45934116563,1.23159986178,-0.425771182038
momentum_12,8,0.25,3,4341,-9.00534195398e-05,-0.788867955168,0.149488136853,-5.27712748166,0.45726791062,1.23062082469,-0.390921894222
momentum_12,8,0.25,4,4341,-7.75706642583e-05,-0.679519018902,0.140963801662,-4.82052137421,0.459571527298,1.23070721032,-0.336734253545
momentum_12,8,0.25,5,4341,-7.74538090887e-05,-0.678495367617,0.14213320292,-4.77365846738,0.459801888966,1.22543768717,-0.336226985254
momentum_12,8,0.25,6,4341,-8.54684238761e-05,-0.748703393154,0.143601315814,-5.21376415607,0.461644782308,1.22808684635,-0.371018428046
momentum_12,8,0.25,7,4341,-9.87754772256e-05,-0.865273180496,0.144604847045,-5.98370800274,0.452660677263,1.23252130845,-0.428784346636
momentum_12,8,0.25,8,4341,-0.000102180427439,-0.89510054437,0.144486588884,-6.1950424,0.445980188897,1.22848997927,-0.443565235515
momentum_12,8,0.25,9,4341,-0.000105547190188,-0.924593386045,0.140683389356,-6.57215745424,0.445519465561,1.23614950472,-0.458180352605
momentum_12,8,0.25,10,4341,-9.81112179541e-05,-0.859454269278,0.138440063406,-6.20813258918,0.451278507256,1.23519926284,-0.425900797139
momentum_12,8,0.25,11,4341,-7.61377379502e-05,-0.666966584444,0.140023555783,-4.76324558904,0.454503570606,1.22633033863,-0.330513920442
momentum_12,8,0.5,0,4341,-0.000139806322677,-1.22470338665,0.14201318252,-8.62387114296,0.441833678876,1.23482492513,-0.60689924674
momentum_12,8,0.5,1,4341,-0.000151862091007,-1.33031191722,0.141513275843,-9.4006156616,0.436996083852,1.2364086616,-0.659233337059
momentum_12,8,0.5,2,4341,-0.000128871356148,-1.12891307986,0.14090075186,-8.01211537164,0.447131997236,1.23159986178,-0.559430557038
momentum_12,8,0.5,3,4341,-0.000120818940157,-1.05837391578,0.149510732442,-7.07891599816,0.445058742225,1.23062082469,-0.524475019222
momentum_12,8,0.5,4,4341,-0.000108338344516,-0.949043897963,0.140987707521,-6.73139463466,0.448053443907,1.23070721032,-0.470296753545
momentum_12,8,0.5,5,4341,-0.000108089751268,-0.946866221107,0.142159486162,-6.66059119003,0.448053443907,1.22543768717,-0.469217610254
momentum_12,8,0.5,6,4341,-0.000116170595035,-1.0176544125,0.143621873143,-7.08565060626,0.447362358903,1.22808684635,-0.504296553046
momentum_12,8,0.5,7,4341,-0.000129588509937,-1.13519534705,0.144615087387,-7.84977119301,0.440912232205,1.23252130845,-0.562543721636
momentum_12,8,0.5,8,4341,-0.000132892676921,-1.16413984983,0.144501636827,-8.05623988345,0.436535360516,1.22848997927,-0.576887110515
momentum_12,8,0.5,9,4341,-0.000136450927806,-1.19531012758,0.140703318832,-8.49525183561,0.435613913845,1.23614950472,-0.592333477605
momentum_12,8,0.5,10,4341,-0.000128991199525,-1.12996290784,0.138453789182,-8.16129998691,0.439069338862,1.23519926284,-0.559950797139
momentum_12,8,0.5,11,4341,-0.000106795996416,-0.935532928604,0.14003811037,-6.68055950009,0.440451508869,1.22633033863,-0.463601420442
momentum_12,8,1,0,4341,-0.000201547568933,-1.76555670386,0.142059267034,-12.4283106672,0.418797512094,1.23482492513,-0.87491799674
momentum_12,8,1,1,4341,-0.000213682524086,-1.871858911,0.141584588639,-13.2207815059,0.411656300392,1.2364086616,-0.927595837059
momentum_12,8,1,2,4341,-0.000190451349237,-1.66835381932,0.140944741555,-11.8369355317,0.422944022115,1.23159986178,-0.826749307038
momentum_12,8,1,3,4341,-0.000182349981392,-1.59738583699,0.14956522334,-10.6801955784,0.422483298779,1.23062082469,-0.791581269222
momentum_12,8,1,4,4341,-0.000169873705032,-1.48809365608,0.14104513877,-10.5504781594,0.428933425478,1.23070721032,-0.737421753545
momentum_12,8,1,5,4341,-0.000169361635626,-1.48360792809,0.142221924703,-10.4316400667,0.427781617139,1.22543768717,-0.735198860254
momentum_12,8,1,6,4341,-0.000177574937352,-1.55555645121,0.143672876975,-10.8270710795,0.426399447132,1.22808684635,-0.770852803046
momentum_12,8,1,7,4341,-0.00019121457536,-1.67503968015,0.144645341144,-11.5803223727,0.422944022115,1.23252130845,-0.830062471636
momentum_12,8,1,8,4341,-0.000194317175885,-1.70221846075,0.14454164297,-11.7766646744,0.414190278738,1.22848997927,-0.843530860515
momentum_12,8,1,9,4341,-0.000198258403042,-1.73674361065,0.140753241599,-12.3389244249,0.415802810412,1.23614950472,-0.860639727605
momentum_12,8,1,10,4341,-0.000190751162667,-1.67098018497,0.138491155526,-12.0656093786,0.417415342087,1.23519926284,-0.828050797139
momentum_12,8,1,11,4341,-0.000168112513348,-1.47266561692,0.140077355585,-10.5132311413,0.419718958765,1.22633033863,-0.729776420442
momentum_12,8,2,0,4341,-0.000325030061447,-2.84726333827,0.142190760263,-20.0242500497,0.373185901866,1.23482492513,-1.41095549674
momentum_12,8,2,1,4341,-0.000337323390246,-2.95495289856,0.141766759705,-20.8437641144,0.368809030177,1.2364086616,-1.46432083706
momentum_12,8,2,2,4341,-0.000313611335415,-2.74723529824,0.141072048995,-19.4739873547,0.376180603548,1.23159986178,-1.36138680704
momentum_12,8,2,3,4341,-0.000305412063861,-2.67540967943,0.149711352589,-17.8704529293,0.379175305229,1.23062082469,-1.32579376922
momentum_12,8,2,4,4341,-0.000292944426064,-2.56619317232,0.141198420025,-18.1743759729,0.384473623589,1.23070721032,-1.27167175355
momentum_12,8,2,5,4341,-0.000291905404343,-2.55709134205,0.142386224622,-17.9588394091,0.381478921907,1.22543768717,-1.26716136025
momentum_12,8,2,6,4341,-0.000300383621987,-2.63136052861,0.143814387481,-18.2969212935,0.382170006911,1.22808684635,-1.30396530305
momentum_12,8,2,7,4341,-0.000314466706205,-2.75472834636,0.144744907726,-19.0316080173,0.37272517853,1.23252130845,-1.36509997164
momentum_12,8,2,8,4341,-0.000317166173811,-2.77837568259,0.144661253163,-19.2060805629,0.373416263534,1.22848997927,-1.37681836051
momentum_12,8,2,9,4341,-0.000321873353514,-2.81961057678,0.140893287449,-20.0123840379,0.373646625202,1.23614950472,-1.39725222761
momentum_12,8,2,10,4341,-0.000314271088952,-2.75301473922,0.138605504993,-19.8622323071,0.373646625202,1.23519926284,-1.36425079714
momentum_12,8,2,11,4341,-0.000290745547211,-2.54693099357,0.140196345332,-18.1668857882,0.378944943561,1.22633033863,-1.26212642044
momentum_12,8,5,0,4341,-0.000695477538986,-6.09238324152,0.142898206234,-42.6344276956,0.264685556323,1.23482492513,-3.01906799674
momentum_12,8,5,1,4341,-0.000708245988726,-6.20423486124,0.142627489449,-43.4995728048,0.254549642939,1.2364086616,-3.07449583706
momentum_12,8,5,2,4341,-0.00068309129395,-5.983879735,0.14176699704,-42.2092578664,0.266758811334,1.23159986178,-2.96529930704
momentum_12,8,5,3,4341,-0.00067459831127,-5.90948120672,0.150445345847,-39.279920382,0.268140981341,1.23062082469,-2.92843126922
momentum_12,8,5,4,4341,-0.00066215658916,-5.80049172104,0.141963808617,-40.8589469215,0.273208938033,1.23070721032,-2.87442175355
momentum_12,8,5,5,4341,-0.000659536710494,-5.77754158393,0.14319255305,-40.3480590356,0.261690854642,1.22543768717,-2.86304886025
momentum_12,8,5,6,4341,-0.000668809675892,-5.85877276081,0.144553225704,-40.5302111543,0.272748214697,1.22808684635,-2.90330280305
momentum_12,8,5,7,4341,-0.000684223098741,-5.99379434497,0.145354801973,-41.2356128839,0.264224832988,1.23252130845,-2.97021247164
momentum_12,8,5,8,4341,-0.000685713167592,-6.0068473481,0.145335370149,-41.3309392058,0.270214236351,1.22848997927,-2.97668086051
momentum_12,8,5,9,4341,-0.000692718204931,-6.0682114752,0.141633254223,-42.844538936,0.260308684635,1.23614950472,-3.00708972761
momentum_12,8,5,10,4341,-0.000684830867804,-5.99911840197,0.139263978486,-43.0773159519,0.261230131306,1.23519926284,-2.97285079714
momentum_12,8,5,11,4341,-0.0006586446488,-5.76972712349,0.140875728345,-40.956147601,0.267449896337,1.22633033863,-2.85917642044
momentum_12,8,10,0,4341,-0.00131289000155,-11.5009164136,0.145101871137,-79.260979362,0.144897489058,1.23482492513,-5.69925549674
momentum_12,8,10,1,4341,-0.00132645031953,-11.619704799,0.145087385805,-80.0876294969,0.151117254089,1.2364086616,-5.75812083706
momentum_12,8,10,2,4341,-0.00129889122484,-11.3782871296,0.143950148665,-79.0432468125,0.147201105736,1.23159986178,-5.63848680704
momentum_12,8,10,3,4341,-0.00128990872362,-11.2996004189,0.152636943233,-74.0292630314,0.148122552407,1.23062082469,-5.59949376922
momentum_12,8,10,4,4341,-0.00127751019432,-11.1909893022,0.144238490647,-77.586705546,0.144436765722,1.23070721032,-5.54567175355
momentum_12,8,10,5,4341,-0.00127225555408,-11.1449586537,0.145560460722,-76.5658379922,0.153651232435,1.22543768717,-5.52286136025
momentum_12,8,10,6,4341,-0.00128285309907,-11.2377931478,0.146813131073,-76.5448775985,0.148352914075,1.22808684635,-5.56886530305
momentum_12,8,10,7,4341,-0.00130048375297,-11.392237676,0.147392446196,-77.291869224,0.145588574061,1.23252130845,-5.64539997164
momentum_12,8,10,8,4341,-0.00129995815723,-11.3876334573,0.1474920741,-77.2084434151,0.151347615757,1.22848997927,-5.64311836051
momentum_12,8,10,9,4341,-0.00131079295729,-11.4825463059,0.143912632165,-79.788314154,0.144897489058,1.23614950472,-5.69015222761
momentum_12,8,10,10,4341,-0.00130243049923,-11.4092911732,0.141394644864,-80.6911123415,0.149043999079,1.23519926284,-5.65385079714
momentum_12,8,10,11,4341,-0.00127180981812,-11.1410540067,0.143063803361,-77.8747226407,0.148813637411,1.22633033863,-5.52092642044
momentum_12,10,0,0,4341,-5.09862182856e-05,-0.446639272182,0.120004328429,-3.72185968647,0.467864547339,1.03100668049,-0.221331173578
momentum_12,10,0,1,4341,-7.92055665814e-05,-0.693840763253,0.118425827699,-5.85886353286,0.463487675651,1.04031329187,-0.34383136453
momentum_12,10,0,2,4341,-6.25822328672e-05,-0.548220359917,0.11885643324,-4.61245845069,0.464409122322,1.03602856485,-0.271669472877
momentum_12,10,0,3,4341,-4.6348520615e-05,-0.406013040588,0.125012580749,-3.24777744893,0.476387929049,1.03381709284,-0.20119892799
momentum_12,10,0,4,4341,-3.95157153069e-05,-0.346157666089,0.117537553082,-2.94508144004,0.480534439069,1.0323888505,-0.171537720147
momentum_12,10,0,5,4341,-3.63153018649e-05,-0.318122044336,0.119500465827,-2.66209878041,0.466021653997,1.03155954849,-0.157644725395
momentum_12,10,0,6,4341,-4.45905171096e-05,-0.39061292988,0.120180885523,-3.25020845187,0.472932504031,1.03519926284,-0.193567434773
momentum_12,10,0,7,4341,-4.78542952901e-05,-0.419203626741,0.120756023632,-3.47149246996,0.467173462336,1.03289564616,-0.207735495854
momentum_12,10,0,8,4341,-6.75230429446e-05,-0.591501856195,0.120196757102,-4.92111326842,0.457498272287,1.0339092375,-0.293117529422
momentum_12,10,0,9,4341,-5.51626922324e-05,-0.483225183956,0.119207217444,-4.05365710497,0.465330568993,1.03736466252,-0.239461246981
momentum_12,10,0,10,4341,-5.83931064816e-05,-0.511523612779,0.116235325244,-4.40075864806,0.46463948399,1.03787145819,-0.253484475237
momentum_12,10,0,11,4341,-4.13782303626e-05,-0.362473297977,0.118147757973,-3.06796594533,0.465560930661,1.03068417415,-0.179622898004
momentum_12,10,0.25,0,4341,-7.67613852978e-05,-0.672429735209,0.120026092454,-5.6023629651,0.456576825616,1.03100668049,-0.333221173578
momentum_12,10,0.25,1,4341,-0.000105213398878,-0.921669374172,0.11844743291,-7.78125242166,0.45196959226,1.04031329187,-0.45673136453
momentum_12,10,0.25,2,4341,-8.84829469884e-05,-0.775110615619,0.118871464298,-6.52057766932,0.451278507256,1.03602856485,-0.384104472877
momentum_12,10,0.25,3,4341,-7.21939479359e-05,-0.632418983919,0.125028836495,-5.05818498873,0.465330568993,1.03381709284,-0.31339392799
momentum_12,10,0.25,4,4341,-6.53254365693e-05,-0.572250824347,0.117546185872,-4.86830619046,0.469477079014,1.0323888505,-0.283577720147
momentum_12,10,0.25,5,4341,-6.21042905772e-05,-0.544033585456,0.119523243798,-4.55169696008,0.456116102281,1.03155954849,-0.269594725395
momentum_12,10,0.25,6,4341,-7.04704986806e-05,-0.617321568442,0.120198168651,-5.13586500833,0.461184058973,1.03519926284,-0.305912434773
momentum_12,10,0.25,7,4341,-7.36766864442e-05,-0.645407773251,0.120767292573,-5.34422656583,0.452660677263,1.03289564616,-0.319830495854
momentum_12,10,0.25,8,4341,-9.33707738822e-05,-0.817927979208,0.120206922889,-6.80433339069,0.446440912232,1.0339092375,-0.405322529422
momentum_12,10,0.25,9,4341,-8.10968087954e-05,-0.710408045048,0.119219361878,-5.95883113159,0.45404284727,1.03736466252,-0.352041246981
momentum_12,10,0.25,10,4341,-8.43398929363e-05,-0.738817462122,0.116250245176,-6.35540562519,0.452660677263,1.03787145819,-0.366119475237
momentum_12,10,0.25,11,4341,-6.71453347165e-05,-0.588193132116,0.118155824391,-4.97811373371,0.455425017277,1.03068417415,-0.291477898004
momentum_12,10,0.5,0,4341,-0.00010253655231,-0.898220198236,0.120051300385,-7.48196975258,0.448053443907,1.03100668049,-0.445111173578
momentum_12,10,0.5,1,4341,-0.000131221231175,-1.14949798509,0.118472591856,-9.70264908602,0.441603317208,1.04031329187,-0.56963136453
momentum_12,10,0.5,2,4341,-0.00011438366111,-1.00200087132,0.118890031209,-8.42796373362,0.438147892191,1.03602856485,-0.496539472877
momentum_12,10,0.5,3,4341,-9.80393752568e-05,-0.85882492725,0.125048497539,-6.8679347945,0.453351762267,1.03381709284,-0.42558892799
momentum_12,10,0.5,4,4341,-9.11351578317e-05,-0.798343982606,0.117558285984,-6.79104816752,0.458419718959,1.0323888505,-0.395617720147
momentum_12,10,0.5,5,4341,-8.78932792894e-05,-0.769945126576,0.119549562589,-6.44038430508,0.446901635568,1.03155954849,-0.381544725395
momentum_12,10,0.5,6,4341,-9.63504802517e-05,-0.844030207005,0.120218943077,-7.0207754735,0.44874452891,1.03519926284,-0.418257434773
momentum_12,10,0.5,7,4341,-9.94990775983e-05,-0.871611919761,0.120782035876,-7.21640361033,0.440451508869,1.03289564616,-0.431925495854
momentum_12,10,0.5,8,4341,-0.00011921850482,-1.04435410222,0.120220594847,-8.68698165694,0.433540658834,1.0339092375,-0.517527529422
momentum_12,10,0.5,9,4341,-0.000107030925358,-0.93759090614,0.119235051366,-7.86338325351,0.442755125547,1.03736466252,-0.464621246981
momentum_12,10,0.5,10,4341,-0.000110286679391,-0.966111311466,0.116268671001,-8.30930037428,0.442524763879,1.03787145819,-0.478754475237
momentum_12,10,0.5,11,4341,-9.29124390703e-05,-0.813912966256,0.11816747471,-6.88779182472,0.446440912232,1.03068417415,-0.403332898004
momentum_12,10,1,0,4341,-0.000154086886334,-1.34980112429,0.120112038995,-11.2378503902,0.427551255471,1.03100668049,-0.668891173578
momentum_12,10,1,1,4341,-0.000183236895768,-1.60515520693,0.11853356158,-13.541778257,0.419949320433,1.04031329187,-0.79543136453
momentum_12,10,1,2,4341,-0.000166185089352,-1.45578138272,0.118937765656,-12.2398581703,0.415802810412,1.03602856485,-0.721409472877
momentum_12,10,1,3,4341,-0.000149730229899,-1.31163681391,0.125098028819,-10.4848719544,0.428933425478,1.03381709284,-0.64997892799
momentum_12,10,1,4,4341,-0.000142754600356,-1.25053029912,0.117592883579,-10.634404575,0.437226445519,1.0323888505,-0.619697720147
momentum_12,10,1,5,4341,-0.000139471256714,-1.22176820881,0.119612812961,-10.2143589685,0.426399447132,1.03155954849,-0.605444725395
momentum_12,10,1,6,4341,-0.000148110443394,-1.29744748413,0.120270958279,-10.7877038871,0.422483298779,1.03519926284,-0.642947434773
momentum_12,10,1,7,4341,-0.000151143859907,-1.32402021278,0.120821940185,-10.9584419085,0.422252937111,1.03289564616,-0.656115495854
momentum_12,10,1,8,4341,-0.000170913966695,-1.49720634825,0.120258452182,-12.4499053587,0.411195577056,1.0339092375,-0.741937529422
momentum_12,10,1,9,4341,-0.000158899158484,-1.39195662832,0.119277059589,-11.6699441881,0.422252937111,1.03736466252,-0.689781246981
momentum_12,10,1,10,4341,-0.000162180252301,-1.42069901015,0.116316033349,-12.214128777,0.422022575443,1.03787145819,-0.704024475237
momentum_12,10,1,11,4341,-0.000144446647778,-1.26535263454,0.118201522488,-10.7050451458,0.425247638793,1.03068417415,-0.627042898004
momentum_12,10,2,0,4341,-0.000257187554383,-2.2529629764,0.120274728029,-18.7318068669,0.379175305229,1.03100668049,-1.11645117358
momentum_12,10,2,1,4341,-0.000287268224955,-2.51646965061,0.118698025068,-21.2006025303,0.37802349689,1.04031329187,-1.24703136453
momentum_12,10,2,2,4341,-0.000269787945837,-2.36334240553,0.119075570943,-19.8474161141,0.373876986869,1.03602856485,-1.17114947288
momentum_12,10,2,3,4341,-0.000253111939182,-2.21726058724,0.125237865789,-17.7043945396,0.38332181525,1.03381709284,-1.09875892799
momentum_12,10,2,4,4341,-0.000245993485406,-2.15490293216,0.117703619049,-18.3078731951,0.389771941949,1.0323888505,-1.06785772015
momentum_12,10,2,5,4341,-0.000242627211563,-2.12541437329,0.119781679838,-17.744068844,0.384012900253,1.03155954849,-1.0532447254
momentum_12,10,2,6,4341,-0.000251630369678,-2.20428203838,0.120416784425,-18.3054384727,0.378484220226,1.03519926284,-1.09232743477
momentum_12,10,2,7,4341,-0.000254433424523,-2.22883679882,0.120943365203,-18.4287645303,0.37802349689,1.03289564616,-1.10449549585
momentum_12,10,2,8,4341,-0.000274304890445,-2.4029108403,0.120376167813,-19.9616824821,0.368809030177,1.0339092375,-1.19075752942
momentum_12,10,2,9,4341,-0.000262635624736,-2.30068807269,0.119403534052,-19.2681740198,0.382170006911,1.03736466252,-1.14010124698
momentum_12,10,2,10,4341,-0.000265967398119,-2.32987440753,0.116452734349,-20.0070390837,0.376180603548,1.03787145819,-1.15456447524
momentum_12,10,2,11,4341,-0.000247515065193,-2.16823197109,0.118312556466,-18.3263047969,0.384934346925,1.03068417415,-1.074462898
momentum_12,10,5,0,4341,-0.00056648955853,-4.96244853272,0.121090075565,-40.9814636712,0.268371343009,1.03100668049,-2.45913117358
momentum_12,10,5,1,4341,-0.000599362212515,-5.25041298164,0.119529047657,-43.9258329633,0.263303386317,1.04031329187,-2.60183136453
momentum_12,10,5,2,4341,-0.000580596515291,-5.08602547395,0.119825476431,-42.4452764591,0.26606772633,1.03602856485,-2.52036947288
momentum_12,10,5,3,4341,-0.000563257067033,-4.93413190721,0.125981546793,-39.1655129882,0.277585809721,1.03381709284,-2.44509892799
momentum_12,10,5,4,4341,-0.000555710140555,-4.86802083126,0.118366311304,-41.126742716,0.275051831375,1.0323888505,-2.41233772015
momentum_12,10,5,5,4341,-0.00055209507611,-4.83635286673,0.120624627986,-40.0942406827,0.278276894725,1.03155954849,-2.3966447254
momentum_12,10,5,6,4341,-0.000562190148531,-4.92478570113,0.121186385796,-40.6381102034,0.269062428012,1.03519926284,-2.44046743477
momentum_12,10,5,7,4341,-0.000564302118372,-4.94328655694,0.121638648781,-40.6391110596,0.270214236351,1.03289564616,-2.44963549585
momentum_12,10,5,8,4341,-0.000584477661696,-5.12002431646,0.121063415051,-42.2920856337,0.267680258005,1.0339092375,-2.53721752942
momentum_12,10,5,9,4341,-0.000573845023493,-5.02688240579,0.120120562033,-41.8486420702,0.267449896337,1.03736466252,-2.49106124698
momentum_12,10,5,10,4341,-0.000577328835576,-5.05740059965,0.117196434124,-43.1531952098,0.273439299701,1.03787145819,-2.50618447524
momentum_12,10,5,11,4341,-0.000556720317439,-4.87686998077,0.118987258486,-40.9864891654,0.274360746372,1.03068417415,-2.416722898
momentum_12,10,10,0,4341,-0.00108199289877,-9.47825779326,0.123513984969,-76.7383369231,0.151577977425,1.03100668049,-4.69693117358
momentum_12,10,10,1,4341,-0.00111951885845,-9.80698520002,0.12201186125,-80.3773100383,0.14466712739,1.04031329187,-4.85983136453
momentum_12,10,10,2,4341,-0.00109861079771,-9.62383058798,0.122171665586,-78.773016164,0.148583275743,1.03602856485,-4.76906947288
momentum_12,10,10,3,4341,-0.00108016561345,-9.46225077383,0.128278694745,-73.7632292924,0.152499424096,1.03381709284,-4.68899892799
momentum_12,10,10,4,4341,-0.0010719045658,-9.38988399643,0.120549722258,-77.8922076347,0.145358212393,1.0323888505,-4.65313772015
momentum_12,10,10,5,4341,-0.00106787485036,-9.35458368912,0.123123081241,-75.9774982467,0.153881594103,1.03155954849,-4.6356447254
momentum_12,10,10,6,4341,-0.00107978977995,-9.45895847238,0.123550981776,-76.559152638,0.15526376411,1.03519926284,-4.68736743477
momentum_12,10,10,7,4341,-0.00108074994145,-9.46736948714,0.123877817885,-76.4250585682,0.152269062428,1.03289564616,-4.69153549585
momentum_12,10,10,8,4341,-0.00110143228045,-9.64854677672,0.123299348471,-78.253023202,0.155494125777,1.0339092375,-4.78131752942
momentum_12,10,10,9,4341,-0.00109252735475,-9.57053962763,0.122416530006,-78.1801250792,0.150195807418,1.03736466252,-4.74266124698
momentum_12,10,10,10,4341,-0.00109626456467,-9.60327758652,0.119522512976,-80.3470187117,0.149735084082,1.03787145819,-4.75888447524
momentum_12,10,10,11,4341,-0.00107206240452,-9.39126666356,0.121226606051,-77.4686924715,0.15733701912,1.03068417415,-4.653822898
reversal_12,1,0,0,4341,0.000156181881512,1.36815328204,0.506797650922,2.69960462436,0.537664132688,1.78230822391,0.677985547642
reversal_12,1,0,1,4341,0.000203691772874,1.78433993038,0.50571910846,3.52832214668,0.539046302695,1.78783690394,0.884225986046
reversal_12,1,0,2,4341,0.00010553884264,0.924520261531,0.504835003737,1.83133153345,0.53858557936,1.78967979728,0.458144115902
reversal_12,1,0,3,4341,0.000123026471688,1.07771189199,0.521121984492,2.06806069223,0.533978346003,1.77631882055,0.534057913597
reversal_12,1,0,4,4341,0.00014047100371,1.2305259925,0.499046292459,2.46575520367,0.529601474315,1.7795438839,0.609784627106
reversal_12,1,0,5,4341,0.000183206824956,1.60489178661,0.508612600466,3.15543064631,0.539737387699,1.7724026722,0.795300827133
reversal_12,1,0,6,4341,0.000111155183949,0.973719411396,0.513489628851,1.89627863288,0.534208707671,1.77493665054,0.482524653524
reversal_12,1,0,7,4341,0.000108097679285,0.946935670539,0.521537366272,1.81566217835,0.533747984335,1.77217231053,0.469252025777
reversal_12,1,0,8,4341,6.5627060745e-05,0.574893052126,0.515667181562,1.1148528987,0.532826537664,1.77355448053,0.284887070694
reversal_12,1,0,9,4341,6.01617529621e-05,0.527016955948,0.518030776237,1.01734680664,0.538815941027,1.77677954388,0.261162169608
reversal_12,1,0,10,4341,0.000147806113023,1.29478155008,0.508092430069,2.54831891494,0.547569684405,1.78069569224,0.641626336634
reversal_12,1,0,11,4341,0.000112803412737,0.988157895573,0.506930357861,1.94929713766,0.537894494356,1.78230822391,0.48967961469
reversal_12,1,0.25,0,4341,0.000111624175914,0.977827781006,0.50682606755,1.92931627557,0.532365814328,1.78230822391,0.484560547642
reversal_12,1,0.25,1,4341,0.000158995850276,1.39280364841,0.505708349535,2.75416383711,0.534208707671,1.78783690394,0.690200986046
reversal_12,1,0.25,2,4341,6.07968477084e-05,0.532580385926,0.504808165756,1.05501539407,0.533978346003,1.78967979728,0.263919115902
reversal_12,1,0.25,3,4341,7.86185011741e-05,0.688698070285,0.521114552081,1.32158671742,0.53006219765,1.77631882055,0.341282913597
reversal_12,1,0.25,4,4341,9.59824066127e-05,0.840805881927,0.49903121227,1.6848763389,0.526146049297,1.7795438839,0.416659627106
reversal_12,1,0.25,5,4341,0.000138896758151,1.2167356014,0.508598136035,2.39233201067,0.533517622668,1.7724026722,0.602950827133
reversal_12,1,0.25,6,4341,6.67817676858e-05,0.585008284928,0.513484798805,1.13929036709,0.530522920986,1.77493665054,0.289899653524
reversal_12,1,0.25,7,4341,6.37933715221e-05,0.558829934534,0.521551975353,1.07147506086,0.529371112647,1.77217231053,0.276927025777
reversal_12,1,0.25,8,4341,2.12881987316e-05,0.186484620889,0.515666384469,0.361638118182,0.527758580972,1.77355448053,0.0924120706941
reversal_12,1,0.25,9,4341,1.5742264365e-05,0.137902235837,0.518043930308,0.266197956909,0.533517622668,1.77677954388,0.0683371696084
reversal_12,1,0.25,10,4341,0.000103288720717,0.904809193484,0.508107392962,1.78074400415,0.540428472702,1.78069569224,0.448376336634
reversal_12,1,0.25,11,4341,6.82457071389e-05,0.597832394536,0.506914333068,1.17935587048,0.530753282654,1.78230822391,0.29625461469
reversal_12,1,0.5,0,4341,6.70664703161e-05,0.587502279969,0.506856646153,1.15910935454,0.527297857636,1.78230822391,0.291135547642
reversal_12,1,0.5,1,4341,0.000114299927677,1.00126736645,0.505699694829,1.97996434779,0.529140750979,1.78783690394,0.496175986046
reversal_12,1,0.5,2,4341,1.60548527764e-05,0.140640510321,0.504783433065,0.278615543041,0.526837134301,1.78967979728,0.0696941159024
reversal_12,1,0.5,3,4341,3.42105306604e-05,0.299684248585,0.52110926396,0.575089082677,0.527297857636,1.77631882055,0.148507913597
reversal_12,1,0.5,4,4341,5.14938095152e-05,0.451085771353,0.499018315886,0.903946322196,0.521999539277,1.7795438839,0.223534627106
reversal_12,1,0.5,5,4341,9.45866913461e-05,0.828579416192,0.508585911373,1.62918279422,0.528449665976,1.7724026722,0.410600827133
reversal_12,1,0.5,6,4341,2.24083514223e-05,0.196297158459,0.513482226791,0.38228617899,0.52476387929,1.77493665054,0.0972746535241
reversal_12,1,0.5,7,4341,1.94890637589e-05,0.170724198528,0.521568818135,0.327328230891,0.52476387929,1.77217231053,0.0846020257774
reversal_12,1,0.5,8,4341,-2.30506632817e-05,-0.201923810348,0.515667770542,-0.391577333087,0.521078092605,1.77355448053,-0.100062929306
reversal_12,1,0.5,9,4341,-2.86772242321e-05,-0.251212484273,0.518059233502,-0.484910736124,0.528219304308,1.77677954388,-0.124487830392
reversal_12,1,0.5,10,4341,5.87713284114e-05,0.514836836884,0.508124473715,1.0132100765,0.535821239346,1.78069569224,0.255126336634
reversal_12,1,0.5,11,4341,2.36880015411e-05,0.2075068935,0.506900466172,0.409364179652,0.524533517623,1.78230822391,0.10282961469
reversal_12,1,1,0,4341,-2.20489408795e-05,-0.193148722104,0.50692428769,-0.38102084827,0.515779774246,1.78230822391,-0.0957144523579
reversal_12,1,1,1,4341,2.49080824801e-05,0.218194802526,0.505688698478,0.431480480349,0.518313752592,1.78783690394,0.108125986046
reversal_12,1,1,2,4341,-7.34291370877e-05,-0.643239240888,0.504740284767,-1.27439647736,0.514627965906,1.78967979728,-0.318755884098
reversal_12,1,1,3,4341,-5.4605410367e-05,-0.478343394815,0.521105120821,-0.91794030744,0.51531905091,1.77631882055,-0.237042086403
reversal_12,1,1,4,4341,-3.74833846797e-05,-0.328354449794,0.498999075181,-0.658026169036,0.513015434232,1.7795438839,-0.162715372894
reversal_12,1,1,5,4341,5.96655773633e-06,0.0522670457703,0.508568181976,0.102772937086,0.520156645934,1.7724026722,0.0259008271334
reversal_12,1,1,6,4341,-6.63384811048e-05,-0.581125094478,0.513483856966,-1.13173001759,0.513936880903,1.77493665054,-0.287975346476
reversal_12,1,1,7,4341,-6.91195517675e-05,-0.605487273483,0.521609203905,-1.16080634496,0.51531905091,1.77217231053,-0.300047974223
reversal_12,1,1,8,4341,-0.000111728387308,-0.978740672822,0.515677092085,-1.89797198255,0.511172540889,1.77355448053,-0.485012929306
reversal_12,1,1,9,4341,-0.000117516201426,-1.02944192449,0.51809628647,-1.98697028212,0.519235199263,1.77677954388,-0.510137830392
reversal_12,1,1,10,4341,-3.02634562004e-05,-0.265107876315,0.508164987916,-0.521696462014,0.525224602626,1.78069569224,-0.131373663366
reversal_12,1,1,11,4341,-6.54274096545e-05,-0.573144108573,0.50687920675,-1.13073115042,0.513936880903,1.78230822391,-0.28402038531
reversal_12,1,2,0,4341,-0.000200279763271,-1.75445072625,0.507085495398,-3.45987164329,0.497120479152,1.78230822391,-0.869414452358
reversal_12,1,2,1,4341,-0.000153875607914,-1.34795032532,0.505691959389,-2.66555617565,0.494125777471,1.78783690394,-0.667974013954
reversal_12,1,2,2,4341,-0.000252397116816,-2.21099874331,0.50467926351,-4.38099780033,0.489057820779,1.78967979728,-1.0956558841
reversal_12,1,2,3,4341,-0.000232237292422,-2.03439868162,0.521122567117,-3.90387753282,0.495968670813,1.77631882055,-1.0081420864
reversal_12,1,2,4,4341,-0.000215437773069,-1.88723489209,0.498986804956,-3.78213386275,0.491822160792,1.7795438839,-0.935215372894
reversal_12,1,2,5,4341,-0.000171273709483,-1.50035769507,0.508559605543,-2.95021012035,0.498272287491,1.7724026722,-0.743499172867
reversal_12,1,2,6,4341,-0.000243832146159,-2.13596960035,0.513514213202,-4.15951408051,0.495738309145,1.77493665054,-1.05847534648
reversal_12,1,2,7,4341,-0.00024633678282,-2.15791021751,0.521716768412,-4.13617186213,0.496659755817,1.77217231053,-1.06934797422
reversal_12,1,2,8,4341,-0.000289083835362,-2.53237439777,0.515721930523,-4.91034848024,0.492282884128,1.77355448053,-1.25491292931
reversal_12,1,2,9,4341,-0.000295194155815,-2.58590080494,0.518196171709,-4.99019665932,0.496890117484,1.77677954388,-1.28143783039
reversal_12,1,2,10,4341,-0.000208333025424,-1.82499730271,0.508271419459,-3.59059595493,0.50057590417,1.78069569224,-0.904373663366
reversal_12,1,2,11,4341,-0.000243658232046,-2.13444611272,0.506862588613,-4.21109421108,0.48790601244,1.78230822391,-1.05772038531
reversal_12,1,5,0,4341,-0.000734972230444,-6.43835673869,0.507776179592,-12.6795170736,0.433079935499,1.78230822391,-3.19051445236
reversal_12,1,5,1,4341,-0.000690226679096,-6.04638570888,0.505903727353,-11.9516528184,0.431697765492,1.78783690394,-2.99627401395
reversal_12,1,5,2,4341,-0.000789301056,-6.91427725056,0.504698474493,-13.6998180102,0.4266298088,1.78967979728,-3.4263558841
reversal_12,1,5,3,4341,-0.000765132938586,-6.70256454202,0.521380697495,-12.8554136626,0.425708362129,1.77631882055,-3.3214420864
reversal_12,1,5,4,4341,-0.000749300938239,-6.56387621897,0.499159665667,-13.1498529838,0.428011978807,1.7795438839,-3.25271537289
reversal_12,1,5,5,4341,-0.000702994511142,-6.1582319176,0.508748908834,-12.1046587239,0.432619212163,1.7724026722,-3.05169917287
reversal_12,1,5,6,4341,-0.000776313141321,-6.80050311797,0.513821948493,-13.2351355132,0.437917530523,1.77493665054,-3.36997534648
reversal_12,1,5,7,4341,-0.000777988475978,-6.81517904957,0.522253565763,-13.0495596322,0.433310297167,1.77217231053,-3.37724797422
reversal_12,1,5,8,4341,-0.000821150179522,-7.19327557261,0.51606588682,-13.9386767394,0.429624510481,1.77355448053,-3.56461292931
reversal_12,1,5,9,4341,-0.00082822801898,-7.25527744626,0.518701844704,-13.9873754457,0.435613913845,1.77677954388,-3.59533783039
reversal_12,1,5,10,4341,-0.000742541733095,-6.50466558191,0.508793709854,-12.7844850593,0.438838977194,1.78069569224,-3.22337366337
reversal_12,1,5,11,4341,-0.000778350699219,-6.81835212516,0.507019930724,-13.4478976308,0.425017277125,1.78230822391,-3.37882038531
reversal_12,1,10,0,4341,-0.0016261263424,-14.2448667594,0.509614296526,-27.9522510584,0.334945865008,1.78230822391,-7.05901445236
reversal_12,1,10,1,4341,-0.00158414513107,-13.8771113481,0.506928711872,-27.3748774199,0.327113568302,1.78783690394,-6.87677401395
reversal_12,1,10,2,4341,-0.00168414095464,-14.7530747627,0.505404260318,-29.1906418703,0.325731398295,1.78967979728,-7.3108558841
reversal_12,1,10,3,4341,-0.00165329234886,-14.482840976,0.522495464479,-27.7185965441,0.337249481686,1.77631882055,-7.1769420864
reversal_12,1,10,4,4341,-0.00163907288019,-14.3582784304,0.500145507315,-28.708202354,0.326422483299,1.7795438839,-7.11521537289
reversal_12,1,10,5,4341,-0.00158919584724,-13.9213556218,0.509779937602,-27.308559233,0.338862013361,1.7724026722,-6.89869917287
reversal_12,1,10,6,4341,-0.00166378146659,-14.5747256473,0.515055312335,-28.2973989362,0.337710205022,1.77493665054,-7.22247534648
reversal_12,1,10,7,4341,-0.00166407463124,-14.5772937697,0.523859276015,-27.8267359902,0.337249481686,1.77217231053,-7.22374797422
reversal_12,1,10,8,4341,-0.00170792741979,-14.9614441974,0.517335467483,-28.9201980876,0.32941718498,1.77355448053,-7.41411292931
reversal_12,1,10,9,4341,-0.00171661779092,-15.0375718485,0.520228946837,-28.905680739,0.33471550334,1.77677954388,-7.45183783039
reversal_12,1,10,10,4341,-0.00163288957921,-14.3041127139,0.510338365185,-28.0286838884,0.333794056669,1.78069569224,-7.08837366337
reversal_12,1,10,11,4341,-0.00166950481117,-14.6248621459,0.507971758298,-28.7906992997,0.326652844967,1.78230822391,-7.24732038531
reversal_12,2,0,0,4341,0.000139402275653,1.22116393472,0.328352373111,3.71906535395,0.534208707671,1.70433079935,0.605145278611
reversal_12,2,0,1,4341,0.000171680286926,1.50391931347,0.326527228764,4.60580062241,0.545496429394,1.70398525685,0.745264125546
reversal_12,2,0,2,4341,0.000112552453378,0.985959491589,0.328694674495,2.99962113199,0.535590877678,1.69845657683,0.488590200113
reversal_12,2,0,3,4341,0.000126376099902,1.10705463514,0.338191970252,3.27345038474,0.533517622668,1.69811103432,0.548598649672
reversal_12,2,0,4,4341,0.000100013103882,0.87611479001,0.322928877476,2.71302708156,0.536512324349,1.69523151348,0.434156883954
reversal_12,2,0,5,4341,0.000132134508744,1.1574982966,0.331332053627,3.49346911634,0.53858557936,1.69672886432,0.573595902459
reversal_12,2,0,6,4341,0.000124338300194,1.0892035097,0.332165833325,3.27909556139,0.541810642709,1.69419488597,0.539752561144
reversal_12,2,0,7,4341,0.000155355558258,1.36091469034,0.333486042471,4.08087451054,0.533287261,1.69626814098,0.674398478397
reversal_12,2,0,8,4341,7.92402867777e-05,0.694144912173,0.336950126677,2.06008206323,0.536742686017,1.6857866851,0.343982084902
reversal_12,2,0,9,4341,6.4601540344e-05,0.565909493413,0.335349834636,1.68751982248,0.537433771021,1.69753513015,0.280435286633
reversal_12,2,0,10,4341,0.000116294009118,1.01873551987,0.322905723823,3.15490077974,0.545496429394,1.70052983184,0.50483229358
reversal_12,2,0,11,4341,7.0515076243e-05,0.617712067889,0.329287127786,1.87590712107,0.532596175996,1.69108500346,0.306105945971
reversal_12,2,0.25,0,4341,9.67940056694e-05,0.847915489664,0.32835782391,2.58229111025,0.528449665976,1.70433079935,0.420182778611
reversal_12,2,0.25,1,4341,0.000129080655505,1.13074654222,0.32652584199,3.46296187564,0.538815941027,1.70398525685,0.560339125546
reversal_12,2,0.25,2,4341,7.00910389571e-05,0.613997501264,0.328689052781,1.86801932121,0.528219304308,1.69845657683,0.304265200113
reversal_12,2,0.25,3,4341,8.39233240434e-05,0.73516831862,0.338188278174,2.1738432881,0.528680027643,1.69811103432,0.364311149672
reversal_12,2,0.25,4,4341,5.76323160456e-05,0.504859088559,0.322925429536,1.56339217164,0.529140750979,1.69523151348,0.250181883954
reversal_12,2,0.25,5,4341,8.97162871364e-05,0.785914675315,0.331332958133,2.37197856725,0.530983644322,1.69672886432,0.389458402459
reversal_12,2,0.25,6,4341,8.19834280451e-05,0.718174829675,0.332171316416,2.1620615453,0.53536051601,1.69419488597,0.355890061144
reversal_12,2,0.25,7,4341,0.000112948854733,0.989431967463,0.333471772399,2.96706362983,0.525454964294,1.69626814098,0.490310978397
reversal_12,2,0.25,8,4341,3.70956196503e-05,0.324957628137,0.336940515269,0.964436193958,0.528449665976,1.6857866851,0.161032084902
reversal_12,2,0.25,9,4341,2.21631620901e-05,0.194149299909,0.33534085264,0.578961073133,0.530292559318,1.69753513015,0.0962102866332
reversal_12,2,0.25,10,4341,7.37807633219e-05,0.6463194867,0.322884675155,2.00170381697,0.538355217692,1.70052983184,0.32028229358
reversal_12,2,0.25,11,4341,2.82379511566e-05,0.247364452132,0.329269956611,0.751251206392,0.524303155955,1.69108500346,0.122580945971
reversal_12,2,0.5,0,4341,5.41857356855e-05,0.474667044605,0.328365417435,1.44554517438,0.520387007602,1.70433079935,0.235220278611
reversal_12,2,0.5,1,4341,8.64810240835e-05,0.757573770971,0.326526534224,2.32009864917,0.533287261,1.70398525685,0.375414125546
reversal_12,2,0.5,2,4341,2.76296245364e-05,0.242035510939,0.32868559097,0.736373962196,0.521078092605,1.69845657683,0.119940200113
reversal_12,2,0.5,3,4341,4.14705481853e-05,0.363282002103,0.338186647489,1.07420563408,0.52061736927,1.69811103432,0.180023649672
reversal_12,2,0.5,4,4341,1.52515282087e-05,0.133603387108,0.322924154749,0.413729927424,0.519926284266,1.69523151348,0.0662068839538
reversal_12,2,0.5,5,4341,4.72980655284e-05,0.414331054029,0.331336013786,1.25048602262,0.524072794287,1.69672886432,0.205320902459
reversal_12,2,0.5,6,4341,3.96285558958e-05,0.347146149647,0.332179024101,1.04505740718,0.527528219304,1.69419488597,0.172027561144
reversal_12,2,0.5,7,4341,7.05421512087e-05,0.617949244588,0.333459621334,1.85314564359,0.517161944252,1.69626814098,0.306223478397
reversal_12,2,0.5,8,4341,-5.04904747708e-06,-0.0442296558992,0.336933138513,-0.131271314227,0.518544114259,1.6857866851,-0.021917915098
reversal_12,2,0.5,9,4341,-2.02752161637e-05,-0.177610893594,0.33533404056,-0.529653635215,0.523381709284,1.69753513015,-0.0880147133668
reversal_12,2,0.5,10,4341,3.1267517526e-05,0.273903453528,0.322865808065,0.848350759622,0.530753282654,1.70052983184,0.13573229358
reversal_12,2,0.5,11,4341,-1.40391739297e-05,-0.122983163625,0.329254994311,-0.373519508434,0.516931582585,1.69108500346,-0.060944054029
reversal_12,2,1,0,4341,-3.10308042822e-05,-0.271829845512,0.32838703202,-0.827772777263,0.507026030868,1.70433079935,-0.134704721389
reversal_12,2,1,1,4341,1.28176124083e-06,0.0112282284697,0.326534155622,0.0343860765447,0.519465560931,1.70398525685,0.00556412554644
reversal_12,2,1,2,4341,-5.72932043048e-05,-0.50188846971,0.328685147286,-1.52695816606,0.505874222529,1.69845657683,-0.248709799887
reversal_12,2,1,3,4341,-4.34350035309e-05,-0.380490630931,0.338189570381,-1.12508091394,0.503800967519,1.69811103432,-0.188551350328
reversal_12,2,1,4,4341,-6.95100474651e-05,-0.608908015795,0.322928124692,-1.88558372354,0.504261690855,1.69523151348,-0.301743116046
reversal_12,2,1,5,4341,-3.75383776874e-05,-0.328836188542,0.331348578254,-0.992417683741,0.509099285879,1.69672886432,-0.162954097541
reversal_12,2,1,6,4341,-4.50811884027e-05,-0.394911210408,0.332201112587,-1.18877148644,0.513706519235,1.69419488597,-0.195697438856
reversal_12,2,1,7,4341,-1.42712558404e-05,-0.125016201162,0.333441677107,-0.374926740552,0.505874222529,1.69626814098,-0.0619515216032
reversal_12,2,1,8,4341,-8.93383817319e-05,-0.782604223971,0.3369250895,-2.32278405011,0.504952775858,1.6857866851,-0.387817915098
reversal_12,2,1,9,4341,-0.000105151972671,-0.921131280602,0.335326926641,-2.74696484959,0.50794747754,1.69753513015,-0.456464713367
reversal_12,2,1,10,4341,-5.37589740658e-05,-0.470928612817,0.322834620103,-1.45873020888,0.515549412578,1.70052983184,-0.23336770642
reversal_12,2,1,11,4341,-9.85934241025e-05,-0.863678395138,0.329231697499,-2.62331483177,0.501727712509,1.69108500346,-0.427994054029
reversal_12,2,2,0,4341,-0.000201463884218,-1.76482362575,0.328455964535,-5.37309050924,0.478691545727,1.70433079935,-0.874554721389
reversal_12,2,2,1,4341,-0.000169116764444,-1.48146285653,0.326574343266,-4.53637245877,0.489057820779,1.70398525685,-0.734135874454
reversal_12,2,2,2,4341,-0.000227138861987,-1.98973643101,0.328710178903,-6.05316342089,0.472241419028,1.69845657683,-0.986009799887
reversal_12,2,2,3,4341,-0.000213246106963,-1.868035897,0.338220151676,-5.523136004,0.474775397374,1.69811103432,-0.925701350328
reversal_12,2,2,4,4341,-0.000239033198813,-2.0939308216,0.322962140603,-6.48351790612,0.47408431237,1.69523151348,-1.03764311605
reversal_12,2,2,5,4341,-0.000207211264119,-1.81517067368,0.331399515533,-5.47728825361,0.480304077402,1.69672886432,-0.899504097541
reversal_12,2,2,6,4341,-0.000214500677,-1.87902593052,0.332271974877,-5.65508400524,0.486063119097,1.69419488597,-0.931147438856
reversal_12,2,2,7,4341,-0.000183898069939,-1.61094709266,0.333431224209,-4.83142242147,0.477079014052,1.69626814098,-0.798301521603
reversal_12,2,2,8,4341,-0.000257917050241,-2.25935336011,0.336935810775,-6.7055898716,0.478461184059,1.6857866851,-1.1196179151
reversal_12,2,2,9,4341,-0.000274905485687,-2.40817205462,0.335338740804,-7.18131179489,0.477770099056,1.69753513015,-1.19336471337
reversal_12,2,2,10,4341,-0.000223811957249,-1.9605927455,0.322798436978,-6.07373679953,0.484220225754,1.70052983184,-0.97156770642
reversal_12,2,2,11,4341,-0.000267701924448,-2.34506885816,0.329211620657,-7.12328700148,0.473623589035,1.69108500346,-1.16209405403
reversal_12,2,5,0,4341,-0.000712763124024,-6.24380496645,0.328868134622,-18.9857402075,0.397834600323,1.70433079935,-3.09410472139
reversal_12,2,5,1,4341,-0.0006803123415,-5.95953611154,0.326894297475,-18.2307741602,0.400829302004,1.70398525685,-2.95323587445
reversal_12,2,5,2,4341,-0.000736675835035,-6.45328031491,0.328992493371,-19.615281336,0.383782538586,1.69845657683,-3.19790979989
reversal_12,2,5,3,4341,-0.00072267941726,-6.3306716952,0.338509644961,-18.7015991699,0.395300621977,1.69811103432,-3.13715135033
reversal_12,2,5,4,4341,-0.000747602652856,-6.54899923902,0.323272634654,-20.2584398955,0.382630730246,1.69523151348,-3.24534311605
reversal_12,2,5,5,4341,-0.000716229923414,-6.27417412911,0.331758591233,-18.9118663236,0.395300621977,1.69672886432,-3.10915409754
reversal_12,2,5,6,4341,-0.000722759142791,-6.33137009085,0.332697775464,-19.0303950245,0.39599170698,1.69419488597,-3.13749743886
reversal_12,2,5,7,4341,-0.000692778512233,-6.06873976716,0.333603320477,-18.1914849003,0.392997005298,1.69626814098,-3.0073515216
reversal_12,2,5,8,4341,-0.00076365305577,-6.68960076855,0.337182434325,-19.8397071957,0.391614835291,1.6857866851,-3.3150179151
reversal_12,2,5,9,4341,-0.000784166024733,-6.86929437666,0.335582425682,-20.4697679347,0.394379175305,1.69753513015,-3.40406471337
reversal_12,2,5,10,4341,-0.0007339709068,-6.42958514357,0.322899471923,-19.9120336285,0.396222068648,1.70052983184,-3.18616770642
reversal_12,2,5,11,4341,-0.000775027425485,-6.78924024725,0.329363518525,-20.6132126522,0.391154111956,1.69108500346,-3.36439405403
reversal_12,2,10,0,4341,-0.0015649285237,-13.7087738676,0.330236458049,-41.5119940076,0.267910619673,1.70433079935,-6.79335472139
reversal_12,2,10,1,4341,-0.00153230496993,-13.4229915366,0.328089641738,-40.9125733609,0.27459110804,1.70398525685,-6.65173587445
reversal_12,2,10,2,4341,-0.00158590412345,-13.8925201214,0.330151327297,-42.0792496433,0.265376641327,1.69845657683,-6.88440979989
reversal_12,2,10,3,4341,-0.00157173493442,-13.7683980255,0.339649037309,-40.5371324902,0.26606772633,1.69811103432,-6.82290135033
reversal_12,2,10,4,4341,-0.00159521840959,-13.974113268,0.324482281682,-43.0658746468,0.264685556323,1.69523151348,-6.92484311605
reversal_12,2,10,5,4341,-0.00156459435557,-13.7058465548,0.333041734346,-41.1535406568,0.275512554711,1.69672886432,-6.79190409754
reversal_12,2,10,6,4341,-0.00156985658578,-13.7519436914,0.334114757981,-41.1593423006,0.279659064732,1.69419488597,-6.81474743886
reversal_12,2,10,7,4341,-0.00154091258272,-13.4983942247,0.334566665636,-40.3459029578,0.278276894725,1.69626814098,-6.6891015216
reversal_12,2,10,8,4341,-0.00160654639832,-14.0733464493,0.338306096173,-41.5994467982,0.268371343009,1.6857866851,-6.9740179151
reversal_12,2,10,9,4341,-0.00163293358981,-14.3044982467,0.336680557212,-42.4868556866,0.284727021424,1.69753513015,-7.08856471337
reversal_12,2,10,10,4341,-0.00158423582272,-13.877905807,0.323765145508,-42.8641130757,0.277125086386,1.70052983184,-6.87716770642
reversal_12,2,10,11,4341,-0.00162056992721,-14.1961925624,0.330322119691,-42.9768148003,0.267219534669,1.69108500346,-7.03489405403
reversal_12,3,0,0,4341,0.000132065188147,1.15689104817,0.258393907002,4.47723811135,0.541810642709,1.63088382093,0.573294981748
reversal_12,3,0,1,4341,0.000138271765795,1.21126066836,0.254418128302,4.76090550797,0.541119557706,1.63464639484,0.600237735315
reversal_12,3,0,2,4341,0.000116684856071,1.02215933918,0.256662045433,3.98251068815,0.542271366045,1.63165169316,0.506528960203
reversal_12,3,0,3,4341,0.000102355900577,0.896637689054,0.265831523648,3.37295470736,0.534208707671,1.62243722645,0.444326964405
reversal_12,3,0,4,4341,9.25537152074e-05,0.810770545217,0.254625728234,3.1841658376,0.532135452661,1.62627658758,0.401775677715
reversal_12,3,0,5,4341,0.000105579843148,0.924879425974,0.263076172228,3.51563358301,0.537664132688,1.62666052369,0.458322099104
reversal_12,3,0,6,4341,0.000117661244502,1.03071250183,0.261111099874,3.94740975137,0.547569684405,1.62957843815,0.510767462382
reversal_12,3,0,7,4341,0.000139740873829,1.22413005475,0.261043291126,4.68937565667,0.537433771021,1.62612301313,0.606615133294
reversal_12,3,0,8,4341,9.07897215232e-05,0.795317960543,0.262565537388,3.02902646118,0.532596175996,1.61736926975,0.394118181132
reversal_12,3,0,9,4341,9.13844273437e-05,0.800527583531,0.257317162811,3.11105398018,0.544114259387,1.63142133149,0.396699799099
reversal_12,3,0,10,4341,9.4249391019e-05,0.825624665326,0.254121081929,3.24894203605,0.536742686017,1.63526069262,0.409136606414
reversal_12,3,0,11,4341,7.04571727021e-05,0.617204832871,0.25796721994,2.39257078095,0.534669431007,1.62358903478,0.3058545867
reversal_12,3,0.25,0,4341,9.12930926241e-05,0.799727491387,0.258382189682,3.09513396558,0.530983644322,1.63088382093,0.396303315081
reversal_12,3,0.25,1,4341,9.74056059238e-05,0.853273107892,0.254411922961,3.35390377133,0.532596175996,1.63464639484,0.422837735315
reversal_12,3,0.25,2,4341,7.58935637419e-05,0.664827618379,0.256657844111,2.59032651304,0.533978346003,1.63165169316,0.329453960203
reversal_12,3,0.25,3,4341,6.17949699158e-05,0.541323936463,0.265830463096,2.03635027437,0.527297857636,1.62243722645,0.268251964405
reversal_12,3,0.25,4,4341,5.1896800518e-05,0.454615972538,0.254618660885,1.78547782381,0.522920985948,1.62627658758,0.225284011049
reversal_12,3,0.25,5,4341,6.49133300555e-05,0.568640771286,0.263062644083,2.16161733365,0.529831835982,1.62666052369,0.281788765771
reversal_12,3,0.25,6,4341,7.69217835479e-05,0.67383482388,0.261108403198,2.58067076979,0.538355217692,1.62957843815,0.333917462382
reversal_12,3,0.25,7,4341,9.90877985012e-05,0.86800911487,0.261039000052,3.32520855005,0.529140750979,1.62612301313,0.430140133294
reversal_12,3,0.25,8,4341,5.03554897793e-05,0.441114090467,0.262554755735,1.68008417609,0.522920985948,1.61736926975,0.218593181132
reversal_12,3,0.25,9,4341,5.05988940565e-05,0.443246311935,0.257300594187,1.72267892865,0.536742686017,1.63142133149,0.219649799099
reversal_12,3,0.25,10,4341,5.33678737035e-05,0.467502573643,0.254106174788,1.83979226019,0.529371112647,1.63526069262,0.231669939747
reversal_12,3,0.25,11,4341,2.98674468325e-05,0.261638834253,0.257947525711,1.014310308,0.528219304308,1.62358903478,0.1296545867
reversal_12,3,0.5,0,4341,5.05209971008e-05,0.442563934603,0.258372765546,1.71288925776,0.525224602626,1.63088382093,0.219311648414
reversal_12,3,0.5,1,4341,5.65394460528e-05,0.495285547422,0.25440798245,1.94681606549,0.523381709284,1.63464639484,0.245437735315
reversal_12,3,0.5,2,4341,3.51022714129e-05,0.307495897577,0.256655939831,1.19808603604,0.524072794287,1.63165169316,0.152378960203
reversal_12,3,0.5,3,4341,2.12340392547e-05,0.186010183871,0.26583155259,0.699729516901,0.518083390924,1.62243722645,0.0921769644046
reversal_12,3,0.5,4,4341,1.12398858286e-05,0.0984613998585,0.254613773538,0.386708851177,0.515779774246,1.62627658758,0.0487923443819
reversal_12,3,0.5,5,4341,2.42468169633e-05,0.212402116599,0.263051388674,0.807454838652,0.524072794287,1.62666052369,0.105255432438
reversal_12,3,0.5,6,4341,3.61823225942e-05,0.316957145925,0.261107962914,1.21389306702,0.528910389311,1.62957843815,0.157067462382
reversal_12,3,0.5,7,4341,5.84347231729e-05,0.511888174995,0.261036920041,1.96097998289,0.520387007602,1.62612301313,0.253665133294
reversal_12,3,0.5,8,4341,9.9212580355e-06,0.086910220391,0.262546269908,0.331028204748,0.513936880903,1.61736926975,0.0430681811321
reversal_12,3,0.5,9,4341,9.81336076923e-06,0.0859650403384,0.25728623555,0.334122189454,0.529831835982,1.63142133149,0.0425997990992
reversal_12,3,0.5,10,4341,1.2486356388e-05,0.109380481959,0.254093557462,0.430473259737,0.521308454273,1.63526069262,0.0542032730802
reversal_12,3,0.5,11,4341,-1.07222790371e-05,-0.0939271643651,0.257930148565,-0.364157369302,0.519465560931,1.62358903478,-0.0465454133001
reversal_12,3,1,0,4341,-3.10231939458e-05,-0.271763178966,0.258360797769,-1.05187467028,0.510711817554,1.63088382093,-0.134671684919
reversal_12,3,1,1,4341,-2.51928736892e-05,-0.220689573518,0.254406896275,-0.867466946647,0.508868924211,1.63464639484,-0.109362264685
reversal_12,3,1,2,4341,-4.6480313245e-05,-0.407167544026,0.256659022541,-1.58641430172,0.504261690855,1.63165169316,-0.201771039797
reversal_12,3,1,3,4341,-5.98878220676e-05,-0.524617321312,0.26584018156,-1.97343124818,0.496429394149,1.62243722645,-0.259973035595
reversal_12,3,1,4,4341,-7.00739435502e-05,-0.6138477455,0.254610539297,-2.41092826399,0.495968670813,1.62627658758,-0.304190988951
reversal_12,3,1,5,4341,-5.70862092211e-05,-0.500075192777,0.263035697171,-1.90116854159,0.50472241419,1.62666052369,-0.247811234229
reversal_12,3,1,6,4341,-4.52965993132e-05,-0.396798209983,0.261113851507,-1.51963677029,0.512785072564,1.62957843815,-0.196632537618
reversal_12,3,1,7,4341,-2.28714274836e-05,-0.200353704757,0.261039393359,-0.767522871467,0.501266989173,1.62612301313,-0.0992848667065
reversal_12,3,1,8,4341,-7.09472054522e-05,-0.621497519761,0.262536186564,-2.36728326063,0.496429394149,1.61736926975,-0.307981818868
reversal_12,3,1,9,4341,-7.17577058053e-05,-0.628597502854,0.257264149659,-2.44339331263,0.512785072564,1.63142133149,-0.311500200901
reversal_12,3,1,10,4341,-6.92766782431e-05,-0.606863701409,0.254075193555,-2.38852007911,0.503800967519,1.63526069262,-0.300730060253
reversal_12,3,1,11,4341,-9.19017307763e-05,-0.805059161601,0.257902347337,-3.12156585589,0.501727712509,1.62358903478,-0.3989454133
reversal_12,3,2,0,4341,-0.000194111576039,-1.7004174061,0.258364387375,-6.58146977368,0.47730937572,1.63088382093,-0.842638351586
reversal_12,3,2,1,4341,-0.000188657513173,-1.6526398154,0.254431902455,-6.49541114715,0.471319972357,1.63464639484,-0.818962264685
reversal_12,3,2,2,4341,-0.000209645482561,-1.83649442723,0.256692750592,-7.15444601766,0.471550334024,1.63165169316,-0.910071039797
reversal_12,3,2,3,4341,-0.000222131544712,-1.94587233168,0.265883235401,-7.31852209014,0.462566228979,1.62243722645,-0.964273035595
reversal_12,3,2,4,4341,-0.000232701602308,-2.03846603622,0.254630232615,-8.00559311155,0.463718037319,1.62627658758,-1.01015765562
reversal_12,3,2,5,4341,-0.00021975226159,-1.92502981153,0.263031595886,-7.31862575308,0.473623589035,1.62666052369,-0.953944567562
reversal_12,3,2,6,4341,-0.000208254443128,-1.8243089218,0.261152701975,-6.98560232388,0.474545035706,1.62957843815,-0.904032537618
reversal_12,3,2,7,4341,-0.000185483728797,-1.62483746426,0.261070871302,-6.22374091814,0.466943100668,1.62612301313,-0.805184866706
reversal_12,3,2,8,4341,-0.000232684132428,-2.03831300007,0.262543575548,-7.76371311243,0.465560930661,1.61736926975,-1.01008181887
reversal_12,3,2,9,4341,-0.000234899838954,-2.05772258924,0.257246510179,-7.99903014353,0.475005759042,1.63142133149,-1.0197002009
reversal_12,3,2,10,4341,-0.000232802747505,-2.03935206815,0.254065954379,-8.02686087214,0.471780695692,1.63526069262,-1.01059672692
reversal_12,3,2,11,4341,-0.000254260634255,-2.22732315607,0.257874566312,-8.63723471425,0.463026952315,1.62358903478,-1.1037454133
reversal_12,3,5,0,4341,-0.000683376722319,-5.98638008751,0.258595255818,-23.1496129678,0.375489518544,1.63088382093,-2.96653835159
reversal_12,3,5,1,4341,-0.000679051431625,-5.94849054104,0.254724166183,-23.3526745034,0.371573370191,1.63464639484,-2.94776226468
reversal_12,3,5,2,4341,-0.000699140990508,-6.12447507685,0.257014216884,-23.8293241172,0.375259156876,1.63165169316,-3.0349710398
reversal_12,3,5,3,4341,-0.000708862712646,-6.20963736278,0.266218538951,-23.3253378493,0.364201796821,1.62243722645,-3.0771730356
reversal_12,3,5,4,4341,-0.000720584578581,-6.31232090837,0.254898453649,-24.7640612095,0.360285648468,1.62627658758,-3.12805765562
reversal_12,3,5,5,4341,-0.000707750418697,-6.19989366778,0.263237476281,-23.5524734372,0.375489518544,1.62666052369,-3.07234456756
reversal_12,3,5,6,4341,-0.000697127974572,-6.10684105725,0.261485610728,-23.3544057749,0.377562773554,1.62957843815,-3.02623253762
reversal_12,3,5,7,4341,-0.000673320632736,-5.89828874277,0.261377359772,-22.5661807431,0.374107348537,1.62612301313,-2.92288486671
reversal_12,3,5,8,4341,-0.000717894913354,-6.28875944098,0.262786073312,-23.9310986375,0.37272517853,1.61736926975,-3.11638181887
reversal_12,3,5,9,4341,-0.000724326238401,-6.3450978484,0.257405833583,-24.6501711327,0.374107348537,1.63142133149,-3.1443002009
reversal_12,3,5,10,4341,-0.000723380955291,-6.33681716835,0.254258092751,-24.9227747278,0.376871688551,1.63526069262,-3.14019672692
reversal_12,3,5,11,4341,-0.00074133734469,-6.49411513949,0.258013812541,-25.1696414061,0.366735775167,1.62358903478,-3.2181454133
reversal_12,3,10,0,4341,-0.00149881863278,-13.1296512232,0.259710812783,-50.5548886568,0.243031559548,1.63088382093,-6.50637168492
reversal_12,3,10,1,4341,-0.00149637462905,-13.1082417504,0.255932020165,-51.2176699968,0.238885049528,1.63464639484,-6.49576226468
reversal_12,3,10,2,4341,-0.00151496683709,-13.2711094929,0.25828058678,-51.3825280419,0.237733241189,1.63165169316,-6.5764710398
reversal_12,3,10,3,4341,-0.00152008132587,-13.3159124146,0.267461139609,-49.7863444165,0.236120709514,1.62243722645,-6.5986730356
reversal_12,3,10,4,4341,-0.00153372287237,-13.4354123619,0.256039580575,-52.4739664539,0.227597327805,1.62627658758,-6.65789098895
reversal_12,3,10,5,4341,-0.00152108068054,-13.3246667615,0.264305291009,-50.4139236513,0.240497581202,1.62666052369,-6.60301123423
reversal_12,3,10,6,4341,-0.00151191719365,-13.2443946163,0.262758017892,-50.4052919968,0.236811794517,1.62957843815,-6.56323253762
reversal_12,3,10,7,4341,-0.0014863821393,-13.0207075403,0.262591691451,-49.585375182,0.247178069569,1.62612301313,-6.45238486671
reversal_12,3,10,8,4341,-0.00152657954823,-13.3728368425,0.263921728153,-50.6697077807,0.242801197881,1.61736926975,-6.62688181887
reversal_12,3,10,9,4341,-0.00154003690415,-13.4907232803,0.258376664933,-52.2133966077,0.238193964524,1.63142133149,-6.6853002009
reversal_12,3,10,10,4341,-0.0015410113016,-13.499259002,0.255308575179,-52.8742874876,0.238885049528,1.63526069262,-6.68953006025
reversal_12,3,10,11,4341,-0.00155313186208,-13.6054351118,0.258985700629,-52.5335378701,0.23542962451,1.62358903478,-6.7421454133
reversal_12,4,0,0,4341,0.00010069024326,0.882046530958,0.217608086518,4.053372028,0.536051601014,1.56121861322,0.437096345992
reversal_12,4,0,1,4341,0.000127242392218,1.11464335583,0.216766623555,5.14213552596,0.548951854411,1.56455885741,0.552359224617
reversal_12,4,0,2,4341,8.84250275843e-05,0.774603241638,0.216074484642,3.5848899185,0.539507026031,1.55712969362,0.383853044743
reversal_12,4,0,3,4341,8.03829801251e-05,0.704154905896,0.223998038053,3.14357622065,0.529371112647,1.55649619903,0.348942516723
reversal_12,4,0,4,4341,8.93772857889e-05,0.782945023511,0.214730156302,3.64618103481,0.534899792674,1.55574752361,0.38798679761
reversal_12,4,0,5,4341,7.71212947834e-05,0.675582542303,0.221081786358,3.055803707,0.536973047685,1.54987330108,0.334783540655
reversal_12,4,0,6,4341,8.60640657198e-05,0.753921215706,0.221682547617,3.4009046892,0.541580281041,1.55315595485,0.37360410929
reversal_12,4,0,7,4341,0.000124502867611,1.09064512028,0.221457000043,4.9248618019,0.540428472702,1.55805114029,0.540466948301
reversal_12,4,0,8,4341,8.71179929957e-05,0.763153618642,0.221524916979,3.44500126239,0.533517622668,1.55229209859,0.378179207594
reversal_12,4,0,9,4341,9.34276001568e-05,0.818425777373,0.220022869696,3.71973049212,0.548260769408,1.56202487906,0.405569212281
reversal_12,4,0,10,4341,0.000104788397553,0.917946362562,0.215960553821,4.25052791504,0.536742686017,1.56357982032,0.454886433776
reversal_12,4,0,11,4341,6.65883223191e-05,0.583313703515,0.218997615605,2.66356189269,0.536512324349,1.55966367196,0.289059907187
reversal_12,4,0.25,0,4341,6.16597779294e-05,0.540139654662,0.21759312957,2.48233781889,0.526146049297,1.56121861322,0.267665095992
reversal_12,4,0.25,1,4341,8.81284207825e-05,0.772004966055,0.216753178654,3.56167771494,0.53858557936,1.56455885741,0.382565474617
reversal_12,4,0.25,2,4341,4.94967852438e-05,0.433591838736,0.216075899538,2.00666450846,0.530292559318,1.55712969362,0.214865544743
reversal_12,4,0.25,3,4341,4.14705751493e-05,0.363282238308,0.223985507346,1.62190064264,0.518544114259,1.55649619903,0.180023766723
reversal_12,4,0.25,4,4341,5.04835976986e-05,0.44223631584,0.214718725535,2.05960758541,0.524994240958,1.55574752361,0.21914929761
reversal_12,4,0.25,5,4341,3.83744622563e-05,0.336160289366,0.221058008207,1.5206881311,0.524994240958,1.54987330108,0.166583540655
reversal_12,4,0.25,6,4341,4.72351668486e-05,0.413780061594,0.22167483353,1.86660819816,0.53006219765,1.55315595485,0.20504785929
reversal_12,4,0.25,7,4341,8.55515891041e-05,0.749431920552,0.221451681418,3.38417805525,0.527297857636,1.55805114029,0.371379448301
reversal_12,4,0.25,8,4341,4.83106905308e-05,0.42320164905,0.221516348954,1.91047591317,0.525224602626,1.55229209859,0.209716707594
reversal_12,4,0.25,9,4341,5.43769781803e-05,0.476342328859,0.219997369648,2.16521829157,0.540198111034,1.56202487906,0.236050462281
reversal_12,4,0.25,10,4341,6.56989020448e-05,0.575522381912,0.215955843142,2.66500027756,0.526606772633,1.56357982032,0.285198933776
reversal_12,4,0.25,11,4341,2.759673052e-05,0.241747359355,0.218981013424,1.10396493091,0.527297857636,1.55966367196,0.119797407187
reversal_12,4,0.5,0,4341,2.26293125989e-05,0.198232778366,0.217580620769,0.911077363717,0.516931582585,1.56121861322,0.0982338459917
reversal_12,4,0.5,1,4341,4.90144493474e-05,0.429366576283,0.216742132207,1.98100190263,0.52591568763,1.56455885741,0.212771724617
reversal_12,4,0.5,2,4341,1.05685429033e-05,0.092580435833,0.216079768427,0.428454901201,0.521308454273,1.55712969362,0.0458780447433
reversal_12,4,0.5,3,4341,2.55817017352e-06,0.0224095707201,0.22397526317,0.100053775595,0.510251094218,1.55649619903,0.0111050167233
reversal_12,4,0.5,4,4341,1.15899096083e-05,0.101527608169,0.214709777346,0.472859733841,0.515779774246,1.55574752361,0.0503117976098
reversal_12,4,0.5,5,4341,-3.72370270718e-07,-0.00326196357149,0.221036712766,-0.0147575646175,0.516010135913,1.54987330108,-0.00161645934519
reversal_12,4,0.5,6,4341,8.40626797736e-06,0.0736389074817,0.221669534571,0.33220129967,0.520156645934,1.55315595485,0.0364916092897
reversal_12,4,0.5,7,4341,4.66003105968e-05,0.408218720828,0.221448784453,1.84340014255,0.515549412578,1.55805114029,0.202291948301
reversal_12,4,0.5,8,4341,9.50338806598e-06,0.083249679458,0.221510245189,0.375827670575,0.516010135913,1.55229209859,0.0412542075944
reversal_12,4,0.5,9,4341,1.53263562038e-05,0.134258880345,0.219974316802,0.610338889999,0.530522920986,1.56202487906,0.0665317122806
reversal_12,4,0.5,10,4341,2.66094065368e-05,0.233098401263,0.215953627929,1.07939099471,0.516701220917,1.56357982032,0.115511433776
reversal_12,4,0.5,11,4341,-1.13948612791e-05,-0.0998189848052,0.218966903447,-0.455863343884,0.516701220917,1.55966367196,-0.0494650928127
reversal_12,4,1,0,4341,-5.54316180623e-05,-0.485580974225,0.217562949212,-2.23191024016,0.500806265837,1.56121861322,-0.240628654008
reversal_12,4,1,1,4341,-2.92134935229e-05,-0.255910203261,0.216727236062,-1.18079392286,0.507717115872,1.56455885741,-0.126815775383
reversal_12,4,1,2,4341,-6.72879417776e-05,-0.589442369972,0.216094867576,-2.72770184958,0.505183137526,1.55712969362,-0.292096955257
reversal_12,4,1,3,4341,-7.52666397781e-05,-0.659335764456,0.223961635594,-2.94396744652,0.491591799125,1.55649619903,-0.326732483277
reversal_12,4,1,4,4341,-6.61974665723e-05,-0.579889807173,0.214699329864,-2.7009390646,0.495507947478,1.55574752361,-0.28736320239
reversal_12,4,1,5,4341,-7.78660353249e-05,-0.682106469446,0.2210015728,-3.08643264753,0.496659755817,1.54987330108,-0.338016459345
reversal_12,4,1,6,4341,-6.92515297651e-05,-0.606643400742,0.22166618265,-2.73674312198,0.500806265837,1.55315595485,-0.30062089071
reversal_12,4,1,7,4341,-3.13022464177e-05,-0.274207678619,0.221450255804,-1.23823599852,0.498272287491,1.55805114029,-0.135883051699
reversal_12,4,1,8,4341,-6.81112168638e-05,-0.596654259727,0.221505431168,-2.69363264178,0.495968670813,1.55229209859,-0.295670792406
reversal_12,4,1,9,4341,-6.27748877492e-05,-0.549908016683,0.219935555709,-2.50031430757,0.508408200875,1.56202487906,-0.272505787719
reversal_12,4,1,10,4341,-5.15695844791e-05,-0.451749560037,0.215956684125,-2.09185264104,0.496429394149,1.56357982032,-0.223863566224
reversal_12,4,1,11,4341,-8.93780448774e-05,-0.782951673126,0.218946161943,-3.57600090441,0.501497350841,1.55966367196,-0.387990092813
reversal_12,4,2,0,4341,-0.000211553479385,-1.85320847941,0.217556996896,-8.51826650418,0.46463948399,1.56121861322,-0.918353654008
reversal_12,4,2,1,4341,-0.000185669379264,-1.62646376235,0.216726236022,-7.50469251994,0.467403824004,1.56455885741,-0.805990775383
reversal_12,4,2,2,4341,-0.00022300091114,-1.95348798158,0.216154502397,-9.03746144504,0.465560930661,1.55712969362,-0.968046955257
reversal_12,4,2,3,4341,-0.000230916259681,-2.02282643481,0.223961827917,-9.03201431076,0.453812485602,1.55649619903,-1.00240748328
reversal_12,4,2,4,4341,-0.000221772218933,-1.94272463786,0.214708233741,-9.04820743951,0.461184058973,1.55574752361,-0.96271320239
reversal_12,4,2,5,4341,-0.000232853365433,-2.03979548119,0.22096111136,-9.23146823727,0.462105505644,1.54987330108,-1.01081645935
reversal_12,4,2,6,4341,-0.00022456712525,-1.96720801719,0.221688462673,-8.87375009718,0.459571527298,1.55315595485,-0.97484589071
reversal_12,4,2,7,4341,-0.000187107360447,-1.63906047751,0.221482257291,-7.40041436077,0.460723335637,1.55805114029,-0.812233051699
reversal_12,4,2,8,4341,-0.000223340426723,-1.9564621381,0.221525377689,-8.83177430282,0.462796590647,1.55229209859,-0.969520792406
reversal_12,4,2,9,4341,-0.000218977375655,-1.91824181074,0.219887428335,-8.72374480553,0.46993780235,1.56202487906,-0.950580787719
reversal_12,4,2,10,4341,-0.000207927566511,-1.82144548264,0.215992739699,-8.4329014261,0.461184058973,1.56357982032,-0.902613566224
reversal_12,4,2,11,4341,-0.000245344412074,-2.14921704977,0.218934600874,-9.81670800866,0.456346463948,1.55966367196,-1.06504009281
reversal_12,4,5,0,4341,-0.000679919063351,-5.95609099496,0.217774176254,-27.349849727,0.359364201797,1.56121861322,-2.95152865401
reversal_12,4,5,1,4341,-0.000655037036485,-5.73812443961,0.216953464046,-26.448641716,0.355678415112,1.56455885741,-2.84351577538
reversal_12,4,5,2,4341,-0.000690139819225,-6.04562481641,0.216568487215,-27.9155332992,0.356139138447,1.55712969362,-2.99589695526
reversal_12,4,5,3,4341,-0.000697865119391,-6.11329844587,0.224181883035,-27.269368796,0.348076480074,1.55649619903,-3.02943248328
reversal_12,4,5,4,4341,-0.000688496476017,-6.03122912991,0.214973167756,-28.0557298982,0.345542501728,1.55574752361,-2.98876320239
reversal_12,4,5,5,4341,-0.000697815355758,-6.11286251644,0.221078350795,-27.6502086001,0.354065883437,1.54987330108,-3.02921645935
reversal_12,4,5,6,4341,-0.000690513911705,-6.04890186653,0.221986955415,-27.2489068343,0.349228288413,1.55315595485,-2.99752089071
reversal_12,4,5,7,4341,-0.000654522702534,-5.7336188742,0.221810466883,-25.8491808559,0.356139138447,1.55805114029,-2.8412830517
reversal_12,4,5,8,4341,-0.000689028056302,-6.0358857732,0.221821599718,-27.2105411775,0.352914075098,1.55229209859,-2.99107079241
reversal_12,4,5,9,4341,-0.000687584839373,-6.02324319291,0.21997831838,-27.3810766319,0.350149735084,1.56202487906,-2.98480578772
reversal_12,4,5,10,4341,-0.000677001512606,-5.93053325043,0.216340147895,-27.4130035877,0.35798203179,1.56357982032,-2.93886356622
reversal_12,4,5,11,4341,-0.000713243513663,-6.24801317969,0.219139227421,-28.5116145257,0.346694310067,1.55966367196,-3.09619009281
reversal_12,4,10,0,4341,-0.00146052836996,-12.7942285209,0.218916002798,-58.4435507562,0.217000691085,1.56121861322,-6.34015365401
reversal_12,4,10,1,4341,-0.00143731646519,-12.5908922351,0.218095990742,-57.7309660404,0.212623819396,1.56455885741,-6.23939077538
reversal_12,4,10,2,4341,-0.00146870466603,-12.8658528745,0.218036332427,-59.0078393415,0.212163096061,1.55712969362,-6.37564695526
reversal_12,4,10,3,4341,-0.00147611321891,-12.9307517976,0.225277022369,-57.3993373209,0.21008984105,1.55649619903,-6.40780748328
reversal_12,4,10,4,4341,-0.00146637023782,-12.8454032833,0.216204567548,-59.4131910763,0.20801658604,1.55574752361,-6.36551320239
reversal_12,4,10,5,4341,-0.0014727520063,-12.9013075752,0.222066620495,-58.0965637539,0.216539967749,1.54987330108,-6.39321645935
reversal_12,4,10,6,4341,-0.00146709188913,-12.8517249488,0.223252319843,-57.5659189469,0.2133149044,1.55315595485,-6.36864589071
reversal_12,4,10,7,4341,-0.00143354827268,-12.5578828687,0.223126876126,-56.2813547463,0.221147201106,1.55805114029,-6.2230330517
reversal_12,4,10,8,4341,-0.0014651741056,-12.834925165,0.223098853822,-57.5302156203,0.220225754434,1.55229209859,-6.36032079241
reversal_12,4,10,9,4341,-0.0014685972789,-12.8649121632,0.220911821542,-58.2355080564,0.215848882746,1.56202487906,-6.37518078772
reversal_12,4,10,10,4341,-0.00145879142277,-12.7790128634,0.217711501054,-58.6970040698,0.219765031099,1.56357982032,-6.33261356622
reversal_12,4,10,11,4341,-0.00149307534965,-13.0793400629,0.22027444784,-59.3774729259,0.215157797742,1.55966367196,-6.48144009281
reversal_12,5,0,0,4341,8.10332073176e-05,0.709850896102,0.19248328837,3.687857279,0.538124856024,1.48269983875,0.351765152966
reversal_12,5,0,1,4341,0.000110207426484,0.965417055998,0.192080315863,5.02611135169,0.537203409353,1.49007141212,0.478410438366
reversal_12,5,0,2,4341,7.94192529582e-05,0.695712655914,0.190512754539,3.65179044101,0.544574982723,1.4873070721,0.344758977092
reversal_12,5,0,3,4341,7.19428324032e-05,0.630219211852,0.197906983874,3.18442128477,0.531444367657,1.48334485142,0.312303835462
reversal_12,5,0,4,4341,7.04970700697e-05,0.617554333811,0.189989181623,3.25047104543,0.537664132688,1.48187053674,0.306027781173
reversal_12,5,0,5,4341,7.05186076662e-05,0.617743003156,0.192402225893,3.21068532491,0.534439069339,1.47519004838,0.306121275879
reversal_12,5,0,6,4341,8.72051125349e-05,0.763916785806,0.194702887179,3.92350004088,0.532826537664,1.48362128542,0.378557393514
reversal_12,5,0,7,4341,0.000102831854944,0.90080704931,0.195132353247,4.61639002615,0.537433771021,1.48348306842,0.446393082312
reversal_12,5,0,8,4341,8.41934520549e-05,0.737534640001,0.194557154393,3.79083792781,0.539967749367,1.47965906473,0.36548377537
reversal_12,5,0,9,4341,8.68310751668e-05,0.760640218461,0.193328078846,3.93445288962,0.538124856024,1.48481916609,0.376933697299
reversal_12,5,0,10,4341,0.000100202483476,0.877773755252,0.189433143598,4.63368626303,0.538124856024,1.49090071412,0.43497898077
reversal_12,5,0,11,4341,6.95546518119e-05,0.609298749872,0.191288020986,3.185242582,0.532596175996,1.47887583506,0.301936743515
reversal_12,5,0.25,0,4341,4.3965711349e-05,0.385139631417,0.192460037365,2.00114079105,0.527297857636,1.48269983875,0.190855152966
reversal_12,5,0.25,1,4341,7.29556411808e-05,0.639091416744,0.19207352133,3.32732701685,0.528449665976,1.49007141212,0.316700438366
reversal_12,5,0.25,2,4341,4.22365761556e-05,0.369992407123,0.190500011244,1.94221724559,0.53536051601,1.4873070721,0.183348977092
reversal_12,5,0.25,3,4341,3.48592111178e-05,0.305366689392,0.19788395386,1.54316044043,0.519926284266,1.48334485142,0.151323835462
reversal_12,5,0.25,4,4341,3.34503066511e-05,0.293024686264,0.189975485811,1.54243419888,0.52591568763,1.48187053674,0.145207781173
reversal_12,5,0.25,5,4341,3.36388564568e-05,0.294676382562,0.192383237585,1.53171547719,0.524072794287,1.47519004838,0.146026275879
reversal_12,5,0.25,6,4341,5.01145803995e-05,0.439003724299,0.194694454149,2.2548342541,0.52269062428,1.48362128542,0.217547393514
reversal_12,5,0.25,7,4341,6.57447782336e-05,0.575924257327,0.195127910183,2.95152168025,0.528219304308,1.48348306842,0.285398082312
reversal_12,5,0.25,8,4341,4.72019754366e-05,0.413489304825,0.194540559056,2.12546579916,0.531905090993,1.47965906473,0.20490377537
reversal_12,5,0.25,9,4341,4.97105960146e-05,0.435464821088,0.193304962277,2.25273482873,0.524994240958,1.48481916609,0.215793697299
reversal_12,5,0.25,10,4341,6.29299656232e-05,0.551266498859,0.189430562525,2.91012438284,0.524303155955,1.49090071412,0.27317898077
reversal_12,5,0.25,11,4341,3.25827559353e-05,0.285424941994,0.19127311905,1.49223760982,0.522920985948,1.47887583506,0.141441743515
reversal_12,5,0.5,0,4341,6.89821538028e-06,0.0604283667313,0.192439479357,0.314012316668,0.517853029256,1.48269983875,0.0299451529658
reversal_12,5,0.5,1,4341,3.57038558779e-05,0.31276577749,0.192069342379,1.62840031426,0.519235199263,1.49007141212,0.154990438366
reversal_12,5,0.5,2,4341,5.05389935305e-06,0.0442721583327,0.190489882678,0.23241212452,0.526837134301,1.4873070721,0.0219389770916
reversal_12,5,0.5,3,4341,-2.22441016762e-06,-0.0194858330684,0.197863399331,-0.0984812407665,0.509329647547,1.48334485142,-0.00965616453766
reversal_12,5,0.5,4,4341,-3.59645676742e-06,-0.0315049612826,0.189964472876,-0.165846596501,0.515088689242,1.48187053674,-0.0156122188274
reversal_12,5,0.5,5,4341,-3.24089475255e-06,-0.0283902380323,0.192366950438,-0.147583760972,0.511402902557,1.47519004838,-0.0140687241208
reversal_12,5,0.5,6,4341,1.3024048264e-05,0.114090662793,0.194688617347,0.586016092505,0.511633264225,1.48362128542,0.0565373935141
reversal_12,5,0.5,7,4341,2.86577015232e-05,0.251041465343,0.195126046799,1.28656050518,0.519004837595,1.48348306842,0.124403082312
reversal_12,5,0.5,8,4341,1.02104988183e-05,0.0894439696484,0.194526637897,0.459803195158,0.519465560931,1.47965906473,0.0443237753703
reversal_12,5,0.5,9,4341,1.25901168623e-05,0.110289423714,0.193284498107,0.570606669411,0.519004837595,1.48481916609,0.0546536972992
reversal_12,5,0.5,10,4341,2.56574477702e-05,0.224759242467,0.189430665567,1.18649872128,0.512554710896,1.49090071412,0.11137898077
reversal_12,5,0.5,11,4341,-4.38913994118e-06,-0.0384488658847,0.191260914138,-0.201028349456,0.512324349228,1.47887583506,-0.0190532564847
reversal_12,5,1,0,4341,-6.72367765571e-05,-0.58899416264,0.192406445676,-3.06119766711,0.497581202488,1.48269983875,-0.291874847034
reversal_12,5,1,1,4341,-3.8799714728e-05,-0.339885501017,0.1920688318,-1.76960258378,0.497581202488,1.49007141212,-0.168429561634
reversal_12,5,1,2,4341,-6.93114542521e-05,-0.607168339248,0.190477471294,-3.18761234661,0.503109882516,1.4873070721,-0.300881022908
reversal_12,5,1,3,4341,-7.63916527385e-05,-0.669190877989,0.197829719723,-3.38266100223,0.486984565768,1.48334485142,-0.331616164538
reversal_12,5,1,4,4341,-7.76899836046e-05,-0.680564256376,0.189950497384,-3.58285061502,0.493434692467,1.48187053674,-0.337252218827
reversal_12,5,1,5,4341,-7.70003971713e-05,-0.674523479221,0.192342482259,-3.5068876688,0.492743607464,1.47519004838,-0.334258724121
reversal_12,5,1,6,4341,-6.11570160069e-05,-0.53573546022,0.194684733251,-2.75181033086,0.490209629118,1.48362128542,-0.265482606486
reversal_12,5,1,7,4341,-4.55164518977e-05,-0.398724118624,0.195130059266,-2.04337619803,0.499193734163,1.48348306842,-0.197586917688
reversal_12,5,1,8,4341,-6.37724544183e-05,-0.558646700704,0.194506820296,-2.87211882779,0.50057590417,1.47965906473,-0.27683622463
reversal_12,5,1,9,4341,-6.16508414422e-05,-0.540061371034,0.193251530231,-2.79460333582,0.501266989173,1.48481916609,-0.267626302701
reversal_12,5,1,10,4341,-4.88875879359e-05,-0.428255270318,0.189438923862,-2.26065088203,0.491822160792,1.49090071412,-0.21222101923
reversal_12,5,1,11,4341,-7.83329316942e-05,-0.686196481641,0.191244597343,-3.58805681925,0.494586500806,1.47887583506,-0.340043256485
reversal_12,5,2,0,4341,-0.000215506760432,-1.88783922138,0.192372724703,-9.81344535354,0.463026952315,1.48269983875,-0.935514847034
reversal_12,5,2,1,4341,-0.00018780685594,-1.64518805803,0.192099197978,-8.56426302323,0.458880442294,1.49007141212,-0.815269561634
reversal_12,5,2,2,4341,-0.000218042161462,-1.91004933441,0.190484036412,-10.0273459676,0.458650080627,1.4873070721,-0.946521022908
reversal_12,5,2,3,4341,-0.00022472613788,-1.96860096783,0.197792094061,-9.95287995295,0.442755125547,1.48334485142,-0.975536164538
reversal_12,5,2,4,4341,-0.000225877037279,-1.97868284656,0.189954753824,-10.4166008311,0.450357060585,1.48187053674,-0.980532218827
reversal_12,5,2,5,4341,-0.000224519402009,-1.9667899616,0.192325982406,-10.2263351888,0.451508868924,1.47519004838,-0.974638724121
reversal_12,5,2,6,4341,-0.000209519144549,-1.83538770625,0.194708123091,-9.4263540581,0.451508868924,1.48362128542,-0.909522606486
reversal_12,5,2,7,4341,-0.000193864758739,-1.69825528656,0.195169036761,-8.70145856507,0.457037548952,1.48348306842,-0.841566917688
reversal_12,5,2,8,4341,-0.000211738360891,-1.85482804141,0.194499293094,-9.53642561832,0.461644782308,1.47965906473,-0.91915622463
reversal_12,5,2,9,4341,-0.000210132758051,-1.84076296053,0.193217453046,-9.52689796655,0.457958995623,1.48481916609,-0.912186302701
reversal_12,5,2,10,4341,-0.000197977659348,-1.73428429589,0.189487641992,-9.152492889,0.452199953928,1.49090071412,-0.85942101923
reversal_12,5,2,11,4341,-0.0002262205152,-1.98169171315,0.191244343131,-10.3620932296,0.448283805575,1.47887583506,-0.982023256485
reversal_12,5,5,0,4341,-0.000660316712056,-5.78437439761,0.192530373817,-30.0439576516,0.339092375029,1.48269983875,-2.86643484703
reversal_12,5,5,1,4341,-0.000634828279575,-5.56109572908,0.192441063328,-28.8976564196,0.348076480074,1.49007141212,-2.75578956163
reversal_12,5,5,2,4341,-0.000664234283093,-5.8186923199,0.190754641025,-30.5035426066,0.338401290025,1.4873070721,-2.88344102291
reversal_12,5,5,3,4341,-0.000669729593305,-5.86683123735,0.197917154993,-29.6428636393,0.338170928358,1.48334485142,-2.90729616454
reversal_12,5,5,4,4341,-0.000670438198302,-5.87303861712,0.190224992996,-30.8741691857,0.330108269984,1.48187053674,-2.91037221883
reversal_12,5,5,5,4341,-0.000667076416522,-5.84358940873,0.192535911017,-30.3506466813,0.34531214006,1.47519004838,-2.89577872412
reversal_12,5,5,6,4341,-0.000654605530174,-5.73434444433,0.195027273015,-29.4027822657,0.334945865008,1.48362128542,-2.84164260649
reversal_12,5,5,7,4341,-0.000638909679265,-5.59684879036,0.195533220623,-28.6235186662,0.341856715043,1.48348306842,-2.77350691769
reversal_12,5,5,8,4341,-0.000655636080311,-5.74337206352,0.194733461359,-29.4935037021,0.339783460032,1.47965906473,-2.84611622463
reversal_12,5,5,9,4341,-0.000655578507879,-5.74286772902,0.193370134697,-29.6988350244,0.343699608385,1.48481916609,-2.8458663027
reversal_12,5,5,10,4341,-0.000645247873584,-5.6523713726,0.189890947464,-29.7664077624,0.343008523382,1.49090071412,-2.80102101923
reversal_12,5,5,11,4341,-0.000669883265719,-5.8681774077,0.191502452834,-30.6428315713,0.329647546648,1.47887583506,-2.90796325648
reversal_12,5,10,0,4341,-0.00140166663143,-12.2785996913,0.193651992723,-63.4054910496,0.196037779314,1.48269983875,-6.08463484703
reversal_12,5,10,1,4341,-0.00137986398563,-12.0876085141,0.193840683716,-62.3584702778,0.193043077632,1.49007141212,-5.98998956163
reversal_12,5,10,2,4341,-0.00140788781914,-12.3330972957,0.192036838186,-64.2225596516,0.192351992628,1.4873070721,-6.11164102291
reversal_12,5,10,3,4341,-0.00141140201901,-12.3638816866,0.198915797276,-62.1563589009,0.18797512094,1.48334485142,-6.12689616454
reversal_12,5,10,4,4341,-0.00141137346667,-12.3636315681,0.191528261154,-64.5525182214,0.183137525916,1.48187053674,-6.12677221883
reversal_12,5,10,5,4341,-0.00140467144071,-12.3049218206,0.193746004802,-63.5105835249,0.199723565999,1.47519004838,-6.09767872412
reversal_12,5,10,6,4341,-0.00139641617288,-12.2326056745,0.196383499712,-62.2893761055,0.201566459341,1.48362128542,-6.06184260649
reversal_12,5,10,7,4341,-0.00138065121347,-12.09450463,0.196958241369,-61.4064410098,0.198111034324,1.48348306842,-5.99340691769
reversal_12,5,10,8,4341,-0.00139546561268,-12.224278767,0.195974825016,-62.3767811302,0.196498502649,1.47965906473,-6.05771622463
reversal_12,5,10,9,4341,-0.00139798809092,-12.2463756765,0.194470642759,-62.9728760226,0.200875374338,1.48481916609,-6.0686663027
reversal_12,5,10,10,4341,-0.00139069823064,-12.1825165004,0.191413148175,-63.6451394097,0.203178991016,1.49090071412,-6.03702101923
reversal_12,5,10,11,4341,-0.00140932118325,-12.3456535653,0.1927903397,-64.0366814255,0.195807417646,1.47887583506,-6.11786325648
reversal_12,6,0,0,4341,7.91148219587e-05,0.693045840358,0.172786842948,4.01098734448,0.536973047685,1.40228825923,0.343437442123
reversal_12,6,0,1,4341,0.000101337050525,0.887712562596,0.171534871259,5.1751142848,0.540889196038,1.41353758735,0.439904136328
reversal_12,6,0,2,4341,7.69434583157e-05,0.674024694846,0.170302390823,3.95781111227,0.543192812716,1.40893035399,0.334011552549
reversal_12,6,0,3,4341,6.51836931206e-05,0.571009151737,0.178853455426,3.19260900147,0.537894494356,1.40559010981,0.282962411837
reversal_12,6,0,4,4341,6.50369177353e-05,0.569723399361,0.17055361254,3.34043583643,0.528910389311,1.40228825923,0.282325259889
reversal_12,6,0,5,4341,6.56260209634e-05,0.574883943639,0.172693593448,3.32892455452,0.535590877678,1.39902480227,0.284882557002
reversal_12,6,0,6,4341,6.88776735669e-05,0.603368420446,0.175145773361,3.44494993437,0.531674729325,1.40397757813,0.298997980954
reversal_12,6,0,7,4341,9.5375124523e-05,0.835486090821,0.174008110828,4.80142038694,0.544805344391,1.40393918452,0.414023415554
reversal_12,6,0,8,4341,7.76834334711e-05,0.680506877206,0.174571802236,3.89814889055,0.539507026031,1.39818014282,0.337223784698
reversal_12,6,0,9,4341,9.35976293674e-05,0.819915233258,0.172556986663,4.75156207299,0.542041004377,1.40816248176,0.406307309084
reversal_12,6,0,10,4341,9.4061054332e-05,0.823974835948,0.169721275683,4.85487062615,0.540198111034,1.41419027874,0.408319036855
reversal_12,6,0,11,4341,5.11537519156e-05,0.448106866781,0.170688456662,2.62529098654,0.536742686017,1.40144359978,0.222058437066
reversal_12,6,0.25,0,4341,4.40576154778e-05,0.385944711586,0.172766395729,2.23391076695,0.528219304308,1.40228825923,0.191254108789
reversal_12,6,0.25,1,4341,6.59986108411e-05,0.578147830968,0.171522255272,3.37068697034,0.532365814328,1.41353758735,0.286499969661
reversal_12,6,0.25,2,4341,4.1720199466e-05,0.365468947322,0.170282735043,2.14624781091,0.532826537664,1.40893035399,0.181107385882
reversal_12,6,0.25,3,4341,3.00439403755e-05,0.263184917689,0.178827903341,1.47172176585,0.524994240958,1.40559010981,0.13042074517
reversal_12,6,0.25,4,4341,2.99797112544e-05,0.262622270589,0.170528756679,1.54004682672,0.519004837595,1.40228825923,0.130141926556
reversal_12,6,0.25,5,4341,3.06504009066e-05,0.268497511941,0.172666454222,1.55500680865,0.52591568763,1.39902480227,0.133053390335
reversal_12,6,0.25,6,4341,3.37782341136e-05,0.295897330835,0.175123254963,1.68965184491,0.518083390924,1.40397757813,0.146631314287
reversal_12,6,0.25,7,4341,6.027664491e-05,0.528023409411,0.173998984724,3.03463500231,0.529371112647,1.40393918452,0.261660915554
reversal_12,6,0.25,8,4341,4.27289299005e-05,0.374305425928,0.174563646106,2.14423469191,0.53006219765,1.39818014282,0.185486284698
reversal_12,6,0.25,9,4341,5.83935673233e-05,0.511527649752,0.172540557712,2.96468063241,0.533747984335,1.40816248176,0.25348647575
reversal_12,6,0.25,10,4341,5.87062973635e-05,0.514267164905,0.169712117523,3.03023244546,0.528449665976,1.41419027874,0.254844036855
reversal_12,6,0.25,11,4341,1.6117661921e-05,0.141190718428,0.170676031797,0.827243971758,0.523612070951,1.40144359978,0.069966770399
reversal_12,6,0.5,0,4341,9.00040899698e-06,0.0788435828135,0.172748874253,0.456405769094,0.517853029256,1.40228825923,0.0390707754559
reversal_12,6,0.5,1,4341,3.06601711574e-05,0.268583099339,0.171512480317,1.56596825398,0.521538815941,1.41353758735,0.133095802994
reversal_12,6,0.5,2,4341,6.49694061626e-06,0.0569131997984,0.170265955028,0.334260597129,0.521999539277,1.40893035399,0.0282032192152
reversal_12,6,0.5,3,4341,-5.09581236966e-06,-0.0446393163582,0.17880505883,-0.249653542525,0.51531905091,1.40559010981,-0.0221209214967
reversal_12,6,0.5,4,4341,-5.0774952264e-06,-0.0444788581832,0.17050678782,-0.26086268325,0.510481455886,1.40228825923,-0.0220414067778
reversal_12,6,0.5,5,4341,-4.32521915027e-06,-0.0378889197564,0.172642256062,-0.219464924872,0.515779774246,1.39902480227,-0.0187757763313
reversal_12,6,0.5,6,4341,-1.32120533966e-06,-0.0115737587754,0.175103555443,-0.066096652042,0.505413499194,1.40397757813,-0.00573535237946
reversal_12,6,0.5,7,4341,2.5178165297e-05,0.220560728002,0.173992707166,1.26764352135,0.520387007602,1.40393918452,0.109298415554
reversal_12,6,0.5,8,4341,7.77442632985e-06,0.0681039746495,0.174558439781,0.390149996385,0.518544114259,1.39818014282,0.0337487846979
reversal_12,6,0.5,9,4341,2.31895052792e-05,0.203140066246,0.172527048767,1.17743894478,0.522920985948,1.40816248176,0.100665642417
reversal_12,6,0.5,10,4341,2.33515403951e-05,0.204559493861,0.169705885715,1.20537654306,0.521078092605,1.41419027874,0.101369036855
reversal_12,6,0.5,11,4341,-1.89184280736e-05,-0.165725429925,0.170666579794,-0.971047935251,0.511402902557,1.40144359978,-0.0821248962677
reversal_12,6,1,0,4341,-6.11140039647e-05,-0.535358674731,0.172722611945,-3.09952859503,0.493665054135,1.40228825923,-0.265295891211
reversal_12,6,1,1,4341,-4.00167082099e-05,-0.350546363918,0.17150145531,-2.04398477718,0.501266989173,1.41353758735,-0.173712530339
reversal_12,6,1,2,4341,-6.39495770832e-05,-0.560198295249,0.17024102555,-3.29061865928,0.500345542502,1.40893035399,-0.277605114118
reversal_12,6,1,3,4341,-7.53753178599e-05,-0.660287784453,0.178767496556,-3.69355613953,0.492513245796,1.40559010981,-0.32720425483
reversal_12,6,1,4,4341,-7.51919081881e-05,-0.658681115728,0.170471515427,-3.86387786885,0.486523842433,1.40228825923,-0.326408073444
reversal_12,6,1,5,4341,-7.42764592639e-05,-0.650661783152,0.172602687734,-3.76970829189,0.494816862474,1.39902480227,-0.322434109665
reversal_12,6,1,6,4341,-7.15200842462e-05,-0.626515937997,0.175072616707,-3.57860612232,0.481916609076,1.40397757813,-0.310468685713
reversal_12,6,1,7,4341,-4.5018793929e-05,-0.394364634818,0.173988698778,-2.26661063383,0.496890117484,1.40393918452,-0.195426584446
reversal_12,6,1,8,4341,-6.21345808114e-05,-0.544298927908,0.174556877446,-3.11817520954,0.49735084082,1.39818014282,-0.269726215302
reversal_12,6,1,9,4341,-4.72186188089e-05,-0.413635100766,0.172508793493,-2.39776241193,0.497811564156,1.40816248176,-0.20497602425
reversal_12,6,1,10,4341,-4.73579735418e-05,-0.414855848226,0.169702202299,-2.44461086896,0.498963372495,1.41419027874,-0.205580963145
reversal_12,6,1,11,4341,-8.89906080629e-05,-0.779557726631,0.170656596191,-4.56799059649,0.485602395761,1.40144359978,-0.386308229601
reversal_12,6,2,0,4341,-0.000201342829888,-1.76376318982,0.172705225473,-10.2125641248,0.450126698917,1.40228825923,-0.874029224544
reversal_12,6,2,1,4341,-0.000181370466944,-1.58880529043,0.171513509607,-9.2634410786,0.458189357291,1.41353758735,-0.787329197006
reversal_12,6,2,2,4341,-0.000204842612482,-1.79442128534,0.170225703428,-10.5414238226,0.454503570606,1.40893035399,-0.889221780785
reversal_12,6,2,3,4341,-0.000215934328841,-1.89158472064,0.178724900331,-10.5837782936,0.450126698917,1.40559010981,-0.937370921497
reversal_12,6,2,4,4341,-0.000215420734111,-1.88708563082,0.17043565396,-11.0721294927,0.444137295554,1.40228825923,-0.935141406778
reversal_12,6,2,5,4341,-0.000214178939491,-1.87620750994,0.172558888231,-10.8728534889,0.455425017277,1.39902480227,-0.929750776331
reversal_12,6,2,6,4341,-0.000211917842059,-1.85640029644,0.175044598525,-10.6052989471,0.438608615526,1.40397757813,-0.919935352379
reversal_12,6,2,7,4341,-0.000185412712381,-1.62421536046,0.174014868734,-9.33377344287,0.45726791062,1.40393918452,-0.804876584446
reversal_12,6,2,8,4341,-0.000201952595094,-1.76910473302,0.174589152013,-10.1329590792,0.45196959226,1.39818014282,-0.876676215302
reversal_12,6,2,9,4341,-0.000188034866985,-1.64718543479,0.172507343277,-9.54849459452,0.457728633955,1.40816248176,-0.816259357583
reversal_12,6,2,10,4341,-0.000188777001416,-1.6536865324,0.169729955746,-9.7430446213,0.454964293941,1.41419027874,-0.819480963145
reversal_12,6,2,11,4341,-0.000229134968041,-2.00722232004,0.170672314643,-11.7606790781,0.442985487215,1.40144359978,-0.994674896268
reversal_12,6,5,0,4341,-0.000622029307658,-5.44897673509,0.172934084192,-31.5089807804,0.326652844967,1.40228825923,-2.70022922454
reversal_12,6,5,1,4341,-0.000605431743148,-5.30358206998,0.171822217786,-30.8666838219,0.336097673347,1.41353758735,-2.62817919701
reversal_12,6,5,2,4341,-0.000627521718679,-5.49709025563,0.170455933585,-32.2493335374,0.328956461645,1.40893035399,-2.72407178078
reversal_12,6,5,3,4341,-0.000637611361782,-5.58547552921,0.17885743964,-31.2286452297,0.320202718268,1.40559010981,-2.7678709215
reversal_12,6,5,4,4341,-0.000636107211882,-5.57229917608,0.170605587044,-32.6618797932,0.321815249942,1.40228825923,-2.76134140678
reversal_12,6,5,5,4341,-0.000633886380173,-5.55284469032,0.172710292655,-32.1512088536,0.325961759963,1.39902480227,-2.75170077633
reversal_12,6,5,6,4341,-0.000633111115499,-5.54605337177,0.175231416928,-31.6498803069,0.319741994932,1.40397757813,-2.74833535238
reversal_12,6,5,7,4341,-0.000606594467737,-5.31376753737,0.17436648666,-30.4747066891,0.337019120018,1.40393918452,-2.63322658445
reversal_12,6,5,8,4341,-0.000621406637941,-5.44352214836,0.174968719674,-31.1114018466,0.328035014974,1.39818014282,-2.6975262153
reversal_12,6,5,9,4341,-0.000610483611514,-5.34783643686,0.172783272432,-30.9511236916,0.341626353375,1.40816248176,-2.65010935758
reversal_12,6,5,10,4341,-0.000613034085037,-5.37017858492,0.17009375449,-31.5718739999,0.333102971666,1.41419027874,-2.66118096314
reversal_12,6,5,11,4341,-0.000649568047977,-5.69021610028,0.171004613765,-33.275219744,0.3199723566,1.40144359978,-2.81977489627
reversal_12,6,10,0,4341,-0.00132317343728,-11.5909993105,0.174246285583,-66.520782763,0.187744759272,1.40228825923,-5.74389589121
reversal_12,6,10,1,4341,-0.00131220053682,-11.4948767025,0.173238215229,-66.3530081243,0.181985717577,1.41353758735,-5.69626253034
reversal_12,6,10,2,4341,-0.00133198689567,-11.6682052061,0.171754382632,-67.9354146737,0.176457037549,1.40893035399,-5.78215511412
reversal_12,6,10,3,4341,-0.00134040641669,-11.7419602102,0.179942297874,-65.2540305916,0.176917760885,1.40559010981,-5.81870425483
reversal_12,6,10,4,4341,-0.0013372513415,-11.7143217515,0.171808881004,-68.182283029,0.179221377563,1.40228825923,-5.80500807344
reversal_12,6,10,5,4341,-0.00133339878131,-11.6805733243,0.173900548166,-67.1681225128,0.180833909238,1.39902480227,-5.78828410966
reversal_12,6,10,6,4341,-0.00133509990456,-11.695475164,0.176440743545,-66.2855694724,0.18590186593,1.40397757813,-5.79566868571
reversal_12,6,10,7,4341,-0.00130856406,-11.4630211656,0.17585529545,-65.1843957058,0.183828610919,1.40393918452,-5.68047658445
reversal_12,6,10,8,4341,-0.00132049670935,-11.5675511739,0.176535468999,-65.5253657494,0.190278737618,1.39818014282,-5.7322762153
reversal_12,6,10,9,4341,-0.0013145648524,-11.515588107,0.17417072502,-66.116668606,0.182446440912,1.40816248176,-5.70652602425
reversal_12,6,10,10,4341,-0.00132012922441,-11.5643320058,0.171626974533,-67.380620309,0.191660907625,1.41419027874,-5.73068096314
reversal_12,6,10,11,4341,-0.00135028984787,-11.8285390673,0.172501075427,-68.5708134749,0.186132227597,1.40144359978,-5.8616082296
reversal_12,8,0,0,4341,7.76592890124e-05,0.680295371749,0.141833927593,4.79642200772,0.534899792674,1.23473853951,0.337118973603
reversal_12,8,0,1,4341,8.95883922094e-05,0.784794315754,0.141414318227,5.54961000834,0.537894494356,1.23649504722,0.388903210581
reversal_12,8,0,2,4341,6.74179382103e-05,0.590581138722,0.140908856389,4.1912279601,0.530753282654,1.23168624741,0.292661269771
reversal_12,8,0,3,4341,5.90845362891e-05,0.517580537893,0.14944926896,3.46325238989,0.532826537664,1.23053443907,0.256485972031
reversal_12,8,0,4,4341,4.69281256693e-05,0.411090380863,0.140881706748,2.91798268456,0.531444367657,1.23119672886,0.20371499353
reversal_12,8,0,5,4341,4.68215732988e-05,0.410156982098,0.142117955883,2.88603209601,0.529140750979,1.2252073255,0.20325244969
reversal_12,8,0,6,4341,5.43828832187e-05,0.476394056996,0.143572558531,3.31814144618,0.525224602626,1.22800046072,0.236076096052
reversal_12,8,0,7,4341,6.78063982317e-05,0.59398404851,0.144600041028,4.10777233732,0.536281962681,1.23237733241,0.294347574724
reversal_12,8,0,8,4341,7.13406124751e-05,0.624943765282,0.14436178845,4.32901096608,0.545035706059,1.22828841281,0.309689598755
reversal_12,8,0,9,4341,7.46291514688e-05,0.653751366867,0.140659055606,4.64777304277,0.545266067726,1.23609191431,0.323965146526
reversal_12,8,0,10,4341,6.70373023888e-05,0.587246768926,0.138401289155,4.24307296926,0.536512324349,1.23502649159,0.29100892967
reversal_12,8,0,11,4341,4.69784706408e-05,0.411531402813,0.140028757461,2.93890633806,0.535130154342,1.2269062428,0.203933541052
reversal_12,8,0.25,0,4341,4.67908255247e-05,0.409887631597,0.141821896836,2.89015759019,0.524303155955,1.23473853951,0.203118973603
reversal_12,8,0.25,1,4341,5.86760160288e-05,0.514001900412,0.141389929019,3.63535015525,0.529140750979,1.23649504722,0.254712585581
reversal_12,8,0.25,2,4341,3.66257820251e-05,0.32084185054,0.14089806828,2.2771202931,0.519695922598,1.23168624741,0.158992519771
reversal_12,8,0.25,3,4341,2.83211753124e-05,0.248093495737,0.149432729199,1.66023532506,0.522229900944,1.23053443907,0.122942222031
reversal_12,8,0.25,4,4341,1.61482074477e-05,0.141458297242,0.140864623692,1.00421449711,0.519004837595,1.23119672886,0.0700993685304
reversal_12,8,0.25,5,4341,1.61913901613e-05,0.141836577813,0.142097352985,0.998164813304,0.519004837595,1.2252073255,0.0702868246903
reversal_12,8,0.25,6,4341,2.36828717006e-05,0.207461956098,0.14355765837,1.44514725618,0.511633264225,1.22800046072,0.102807346052
reversal_12,8,0.25,7,4341,3.69969649214e-05,0.324093412711,0.144595766086,2.24137553598,0.526606772633,1.23237733241,0.160603824724
reversal_12,8,0.25,8,4341,4.06334021549e-05,0.355948602877,0.144353196077,2.46581726314,0.532365814328,1.22828841281,0.176389598755
reversal_12,8,0.25,9,4341,4.37268536112e-05,0.383047237634,0.140646076722,2.7234832749,0.531905090993,1.23609191431,0.189818271526
reversal_12,8,0.25,10,4341,3.6161640099e-05,0.316775967267,0.138394507709,2.28893452863,0.525454964294,1.23502649159,0.15697767967
reversal_12,8,0.25,11,4341,1.63058145708e-05,0.14283893564,0.140020647401,1.02012766182,0.523842432619,1.2269062428,0.0707835410516
reversal_12,8,0.5,0,4341,1.59223620371e-05,0.139479891445,0.141813150831,0.983546946298,0.51209398756,1.23473853951,0.0691189736029
reversal_12,8,0.5,1,4341,2.77636398482e-05,0.24320948507,0.141368852484,1.72038946909,0.516010135913,1.23649504722,0.120521960581
reversal_12,8,0.5,2,4341,5.83362583989e-06,0.0511025623575,0.140890559986,0.362711045812,0.510481455886,1.23168624741,0.025323769771
reversal_12,8,0.5,3,4341,-2.44218566434e-06,-0.0213935464197,0.149419295751,-0.143177936371,0.510942179221,1.23053443907,-0.0106015279689
reversal_12,8,0.5,4,4341,-1.46317107739e-05,-0.12817378638,0.140850754909,-0.909997155942,0.509099285879,1.23119672886,-0.0635162564696
reversal_12,8,0.5,5,4341,-1.44387929762e-05,-0.126483826472,0.142080041257,-0.890229376009,0.508408200875,1.2252073255,-0.0626788003097
reversal_12,8,0.5,6,4341,-7.01713981745e-06,-0.0614701448009,0.143546060475,-0.428225926907,0.50057590417,1.22800046072,-0.0304614039475
reversal_12,8,0.5,7,4341,6.18753161109e-06,0.0542027769131,0.144594745537,0.374859934999,0.515779774246,1.23237733241,0.0268600747237
reversal_12,8,0.5,8,4341,9.92619183474e-06,0.0869534404723,0.144347920265,0.602387899406,0.521078092605,1.22828841281,0.0430895987546
reversal_12,8,0.5,9,4341,1.28245557535e-05,0.112343108401,0.140636456154,0.798819249811,0.521538815941,1.23609191431,0.0556713965261
reversal_12,8,0.5,10,4341,5.28597780922e-06,0.0463051656088,0.138391030911,0.334596579734,0.512324349228,1.23502649159,0.0229464296698
reversal_12,8,0.5,11,4341,-1.43668414993e-05,-0.125853531534,0.140015915014,-0.898851616415,0.512554710896,1.2269062428,-0.0623664589484
reversal_12,8,1,0,4341,-4.58145649383e-05,-0.401335588859,0.141805515276,-2.8301832131,0.490900714121,1.23473853951,-0.198881026397
reversal_12,8,1,1,4341,-3.4061112513e-05,-0.298375345614,0.141336643124,-2.11109687495,0.495507947478,1.23649504722,-0.147859289419
reversal_12,8,1,2,4341,-5.57506865305e-05,-0.488376014007,0.140885384707,-3.46647748469,0.486063119097,1.23168624741,-0.242013730229
reversal_12,8,1,3,4341,-6.39689076178e-05,-0.560367630732,0.149401750948,-3.75074339609,0.486984565768,1.23053443907,-0.277689027969
reversal_12,8,1,4,4341,-7.61915472171e-05,-0.667437953622,0.140832663739,-4.73922693713,0.484450587422,1.23119672886,-0.33074750647
reversal_12,8,1,5,4341,-7.56991592513e-05,-0.663124635041,0.142055295896,-4.668074012,0.487214927436,1.2252073255,-0.32861005031
reversal_12,8,1,6,4341,-6.84171628536e-05,-0.599334346598,0.143532774458,-4.17559229145,0.478691545727,1.22800046072,-0.296998903948
reversal_12,8,1,7,4341,-5.54313350095e-05,-0.485578494683,0.144602467674,-3.35802356968,0.494356139138,1.23237733241,-0.240627425276
reversal_12,8,1,8,4341,-5.14882288057e-05,-0.451036884338,0.14434731955,-3.12466407929,0.497581202488,1.22828841281,-0.223510401245
reversal_12,8,1,9,4341,-4.89800399617e-05,-0.429065150065,0.140627292478,-3.0510802171,0.496429394149,1.23609191431,-0.212622353474
reversal_12,8,1,10,4341,-5.64653467704e-05,-0.494636437708,0.138393992025,-3.57411785346,0.490900714121,1.23502649159,-0.24511607033
reversal_12,8,1,11,4341,-7.57121536393e-05,-0.663238465881,0.140016584385,-4.73685648592,0.489057820779,1.2269062428,-0.328666458948
reversal_12,8,2,0,4341,-0.000169288418889,-1.48296654947,0.141829672626,-10.4559682189,0.448283805575,1.23473853951,-0.734881026397
reversal_12,8,2,1,4341,-0.000157710617235,-1.38154500698,0.14131202608,-9.7765564992,0.442985487215,1.23649504722,-0.684621789419
reversal_12,8,2,2,4341,-0.000178919311271,-1.56733316674,0.140914399638,-11.1225905285,0.439990785533,1.23168624741,-0.776688730229
reversal_12,8,2,3,4341,-0.000187022351525,-1.63831579936,0.149403960974,-10.9656784778,0.439760423865,1.23053443907,-0.811864027969
reversal_12,8,2,4,4341,-0.000199311220104,-1.74596628811,0.140835079711,-12.397240032,0.436535360516,1.23119672886,-0.86521000647
reversal_12,8,2,5,4341,-0.000198219891801,-1.73640625218,0.14204533684,-12.2243101449,0.443906933886,1.2252073255,-0.86047255031
reversal_12,8,2,6,4341,-0.000191217208926,-1.67506275019,0.143545849566,-11.6691827403,0.437687168855,1.22800046072,-0.830073903948
reversal_12,8,2,7,4341,-0.000178669068251,-1.56514103788,0.144656952981,-10.8196737566,0.448514167243,1.23237733241,-0.775602425276
reversal_12,8,2,8,4341,-0.000174317070086,-1.52701753396,0.144385917528,-10.575945079,0.450587422253,1.22828841281,-0.756710401245
reversal_12,8,2,9,4341,-0.000172589231392,-1.511881667,0.14064927911,-10.7493026382,0.452430315595,1.23609191431,-0.749209853474
reversal_12,8,2,10,4341,-0.00017996799593,-1.57651964434,0.138439565148,-11.3877824064,0.444367657222,1.23502649159,-0.78124107033
reversal_12,8,2,11,4341,-0.000198402777919,-1.73800833457,0.140058453898,-12.4091640754,0.436996083852,1.2269062428,-0.861266458948
reversal_12,8,5,0,4341,-0.000539709980741,-4.72785943129,0.142217003307,-33.2439815308,0.328035014974,1.23473853951,-2.3428810264
reversal_12,8,5,1,4341,-0.000528659131403,-4.63105399109,0.141556501805,-32.7152333665,0.330108269984,1.23649504722,-2.29490928942
reversal_12,8,5,2,4341,-0.000548425185494,-4.80420462493,0.141315748399,-33.9962437262,0.324118866621,1.23168624741,-2.38071373023
reversal_12,8,5,3,4341,-0.000556182683246,-4.87216030523,0.149708689492,-32.5442719575,0.318820548261,1.23053443907,-2.41438902797
reversal_12,8,5,4,4341,-0.000568670238763,-4.98155129156,0.141150773679,-35.2924122322,0.312140059894,1.23119672886,-2.46859750647
reversal_12,8,5,5,4341,-0.000565782089452,-4.9562511036,0.142331483179,-34.8218889658,0.323197419949,1.2252073255,-2.45606005031
reversal_12,8,5,6,4341,-0.000559617347143,-4.90224796097,0.143901794641,-34.0666214288,0.313982953237,1.22800046072,-2.42929890395
reversal_12,8,5,7,4341,-0.000548382267974,-4.80382866745,0.145131894451,-33.0997447916,0.32527067496,1.23237733241,-2.38052742528
reversal_12,8,5,8,4341,-0.000542803593929,-4.75495948282,0.144819396747,-32.8337197201,0.323888504953,1.22828841281,-2.35631040125
reversal_12,8,5,9,4341,-0.000543416805684,-4.76033121779,0.141037178929,-33.7523144886,0.320433079935,1.23609191431,-2.35897235347
reversal_12,8,5,10,4341,-0.000550475943407,-4.82216926425,0.138892683724,-34.7186700909,0.322736696614,1.23502649159,-2.38961607033
reversal_12,8,5,11,4341,-0.00056647465076,-4.96231794066,0.140507523067,-35.3170978488,0.308223911541,1.2269062428,-2.45906645895
reversal_12,8,10,0,4341,-0.00115707925049,-10.1360142343,0.143900164165,-70.4378225915,0.176687399217,1.23473853951,-5.0228810264
reversal_12,8,10,1,4341,-0.00114690665501,-10.0469022979,0.143016066903,-70.2501650022,0.184980419258,1.23649504722,-4.97872178942
reversal_12,8,10,2,4341,-0.0011642683092,-10.1989903886,0.143020069694,-71.311602703,0.17208016586,1.23168624741,-5.05408873023
reversal_12,8,10,3,4341,-0.00117144990278,-10.2619011484,0.151201285704,-67.8691394757,0.169315825847,1.23053443907,-5.08526402797
reversal_12,8,10,4,4341,-0.0011842686032,-10.374192964,0.142694926549,-72.7019047902,0.160792444137,1.23119672886,-5.14091000647
reversal_12,8,10,5,4341,-0.0011783857522,-10.3226591893,0.143852048211,-71.7588613974,0.170237272518,1.2252073255,-5.11537255031
reversal_12,8,10,6,4341,-0.0011736175775,-10.2808899789,0.145539577188,-70.6398230473,0.173923059203,1.22800046072,-5.09467390395
reversal_12,8,10,7,4341,-0.00116457093418,-10.2016413834,0.146948380768,-69.4232990532,0.176226675881,1.23237733241,-5.05540242528
reversal_12,8,10,8,4341,-0.00115694780033,-10.1348627309,0.146587976825,-69.1384310665,0.179912462566,1.22828841281,-5.02231040125
reversal_12,8,10,9,4341,-0.00116146276284,-10.1744138024,0.142744433254,-71.2771319378,0.170467634186,1.23609191431,-5.04190985347
reversal_12,8,10,10,4341,-0.0011679891892,-10.2315852974,0.140688797934,-72.7249464609,0.178530292559,1.23502649159,-5.07024107033
reversal_12,8,10,11,4341,-0.00117992777216,-10.3361672841,0.142320292413,-72.6260964539,0.174844505874,1.2269062428,-5.12206645895
reversal_12,10,0,0,4341,5.07079523995e-05,0.44420166302,0.120016792935,3.70116258032,0.531214005989,1.03169776549,0.220123221366
reversal_12,10,0,1,4341,7.95778174861e-05,0.697101681178,0.118522882113,5.88157888797,0.536742686017,1.04045150887,0.345447305707
reversal_12,10,0,2,4341,6.24593070041e-05,0.547143529356,0.118813411519,4.60506539086,0.534899792674,1.03589034785,0.271135851705
reversal_12,10,0,3,4341,4.6639550531e-05,0.408562462652,0.124978792693,3.26905432391,0.524072794287,1.0341856715,0.202462288855
reversal_12,10,0,4,4341,3.93495871347e-05,0.3447023833,0.117487777154,2.93394250577,0.519004837595,1.03261921216,0.170816557752
reversal_12,10,0,5,4341,3.54905386044e-05,0.310897118175,0.119671805268,2.59791450022,0.533517622668,1.03142133149,0.154064428082
reversal_12,10,0,6,4341,4.46490665234e-05,0.391125822745,0.120182487654,3.25443274124,0.527297857636,1.03524533518,0.193821597778
reversal_12,10,0,7,4341,4.74848644811e-05,0.415967412854,0.120767932798,3.44435317568,0.532596175996,1.03317208017,0.206131796712
reversal_12,10,0,8,4341,6.66124359127e-05,0.583524938596,0.120248210871,4.85267044199,0.541810642709,1.03395530984,0.289164584297
reversal_12,10,0,9,4341,5.54615623298e-05,0.485843286009,0.119153492643,4.07745736387,0.534669431007,1.03754895185,0.240758642074
reversal_12,10,0,10,4341,5.79396068702e-05,0.507550956183,0.116313944242,4.36362948134,0.53536051601,1.03800967519,0.251515833424
reversal_12,10,0,11,4341,4.08919553201e-05,0.358213528604,0.118186738233,3.03091136925,0.533978346003,1.03077631882,0.177511978044
reversal_12,10,0.25,0,4341,2.49155082622e-05,0.218259852377,0.119998207911,1.81885926613,0.519695922598,1.03169776549,0.108158221366
reversal_12,10,0.25,1,4341,5.35665297644e-05,0.469242800736,0.118504912203,3.95969071672,0.526376410965,1.04045150887,0.232532305707
reversal_12,10,0.25,2,4341,3.65620483079e-05,0.320283543178,0.118801855385,2.69594731613,0.523612070951,1.03589034785,0.158715851705
reversal_12,10,0.25,3,4341,2.07849087434e-05,0.182075800592,0.124965170336,1.45701238275,0.5132457959,1.0341856715,0.0902272888551
reversal_12,10,0.25,4,4341,1.35341068306e-05,0.118558775836,0.117481921504,1.00916612802,0.510251094218,1.03261921216,0.0587515577518
reversal_12,10,0.25,5,4341,9.70500531715e-06,0.0850158465782,0.119652221024,0.710524600805,0.522920985948,1.03142133149,0.0421294280817
reversal_12,10,0.25,6,4341,1.8767933144e-05,0.164407094342,0.120168164272,1.36814184803,0.516931582585,1.03524533518,0.0814715977782
reversal_12,10,0.25,7,4341,2.1655562477e-05,0.189702727298,0.120760804019,1.57089652424,0.522460262612,1.03317208017,0.0940067967125
reversal_12,10,0.25,8,4341,4.07635531668e-05,0.357088725741,0.120241842237,2.96975428103,0.53006219765,1.03395530984,0.176954584297
reversal_12,10,0.25,9,4341,2.95228385335e-05,0.258620065553,0.119145031841,2.17063239278,0.521769177609,1.03754895185,0.128158642074
reversal_12,10,0.25,10,4341,3.19893649905e-05,0.280226837316,0.11630283929,2.40945826454,0.524994240958,1.03800967519,0.138865833424
reversal_12,10,0.25,11,4341,1.51225473496e-05,0.132473514782,0.118181496394,1.12093279256,0.525685325962,1.03077631882,0.0656469780445
reversal_12,10,0.5,0,4341,-8.7693587508e-07,-0.0076819582657,0.119983071628,-0.0640253509223,0.510942179221,1.03169776549,-0.00380677863372
reversal_12,10,0.5,1,4341,2.75552420427e-05,0.241383920294,0.118490501725,2.03715839481,0.516470859249,1.04045150887,0.119617305707
reversal_12,10,0.5,2,4341,1.06647896118e-05,0.0934235569992,0.118793831134,0.786434414207,0.513476157567,1.03589034785,0.0462958517047
reversal_12,10,0.5,3,4341,-5.0697330442e-06,-0.0444108614672,0.124954949703,-0.355414984142,0.498041925824,1.0341856715,-0.0220077111449
reversal_12,10,0.5,4,4341,-1.22813734734e-05,-0.107584831627,0.117479529559,-0.915775131473,0.497811564156,1.03261921216,-0.0533134422482
reversal_12,10,0.5,5,4341,-1.60805279701e-05,-0.140865425018,0.119636171924,-1.17744844852,0.511863625893,1.03142133149,-0.0698055719183
reversal_12,10,0.5,6,4341,-7.11320023537e-06,-0.0623116340619,0.120157331668,-0.518583703522,0.502188435844,1.03524533518,-0.0308784022218
reversal_12,10,0.5,7,4341,-4.17373952719e-06,-0.0365619582582,0.120757145106,-0.3027726287,0.510251094218,1.03317208017,-0.0181182032875
reversal_12,10,0.5,8,4341,1.49146704209e-05,0.130652512887,0.120238983393,1.0866069323,0.519695922598,1.03395530984,0.0647445842972
reversal_12,10,0.5,9,4341,3.5841147371e-06,0.031396845097,0.119140105366,0.263528767248,0.511633264225,1.03754895185,0.0155586420738
reversal_12,10,0.5,10,4341,6.03912311071e-06,0.0529027184498,0.116295244563,0.45490010059,0.512554710896,1.03800967519,0.0262158334236
reversal_12,10,0.5,11,4341,-1.06468606209e-05,-0.0932664990395,0.118179846677,-0.789191234056,0.511863625893,1.03077631882,-0.0462180219555
reversal_12,10,1,0,4341,-5.24618241497e-05,-0.459565579551,0.119963150209,-3.83088955859,0.48997926745,1.03169776549,-0.227736778634
reversal_12,10,1,1,4341,-2.44673334008e-05,-0.214333840591,0.118472363939,-1.8091463145,0.497581202488,1.04045150887,-0.106212694293
reversal_12,10,1,2,4341,-4.11297277805e-05,-0.360296415357,0.118788380827,-3.03309475934,0.488366735775,1.03589034785,-0.178544148295
reversal_12,10,1,3,4341,-5.67790166194e-05,-0.497384185586,0.12494471667,-3.98083407479,0.476848652384,1.0341856715,-0.246477711145
reversal_12,10,1,4,4341,-6.39123340816e-05,-0.559872046555,0.117485137326,-4.7654712698,0.477079014052,1.03261921216,-0.277443442248
reversal_12,10,1,5,4341,-6.76515945446e-05,-0.592627968211,0.119614684537,-4.95447503378,0.485141672426,1.03142133149,-0.293675571918
reversal_12,10,1,6,4341,-5.88754669942e-05,-0.515749090869,0.120146142268,-4.29268123914,0.479843354066,1.03524533518,-0.255578402222
reversal_12,10,1,7,4341,-5.58323435355e-05,-0.489091329371,0.120760237845,-4.05010240209,0.486063119097,1.03317208017,-0.242368203288
reversal_12,10,1,8,4341,-3.67830950709e-05,-0.322219912821,0.120243795771,-2.6797217333,0.496659755817,1.03395530984,-0.159675415703
reversal_12,10,1,9,4341,-4.82933328556e-05,-0.423049595815,0.119140856838,-3.55083559949,0.489288182446,1.03754895185,-0.209641357926
reversal_12,10,1,10,4341,-4.58613606488e-05,-0.401745519283,0.116290588218,-3.45466925089,0.493895415803,1.03800967519,-0.199084166576
reversal_12,10,1,11,4341,-6.2185676562e-05,-0.544746526683,0.118187323882,-4.60917896092,0.489518544114,1.03077631882,-0.269948021956
reversal_12,10,2,0,4341,-0.000155631600699,-1.36333282212,0.119964729773,-11.3644470729,0.448283805575,1.03169776549,-0.675596778634
reversal_12,10,2,1,4341,-0.000128512484288,-1.12576936236,0.118478837203,-9.5018603232,0.453351762267,1.04045150887,-0.557872694293
reversal_12,10,2,2,4341,-0.000144718762565,-1.26773636007,0.118819873185,-10.6693966766,0.445058742225,1.03589034785,-0.628224148295
reversal_12,10,2,3,4341,-0.00016019758377,-1.40333083382,0.124965089405,-11.2297829779,0.441142593872,1.0341856715,-0.695417711145
reversal_12,10,2,4,4341,-0.000167174255298,-1.46444647641,0.117537906111,-12.4593548146,0.430776318821,1.03261921216,-0.725703442248
reversal_12,10,2,5,4341,-0.000170793727694,-1.4961530546,0.119614173112,-12.5081586544,0.43607463718,1.03142133149,-0.741415571918
reversal_12,10,2,6,4341,-0.000162400000512,-1.42262400448,0.120165673961,-11.8388551205,0.434462105506,1.03524533518,-0.704978402222
reversal_12,10,2,7,4341,-0.000159149551552,-1.3941500716,0.120808055563,-11.5402078537,0.440681870537,1.03317208017,-0.690868203288
reversal_12,10,2,8,4341,-0.000140178626055,-1.22796476424,0.120295528441,-10.2079003281,0.453121400599,1.03395530984,-0.608515415703
reversal_12,10,2,9,4341,-0.000152048228041,-1.33194247764,0.119184769927,-11.17544195,0.449205252246,1.03754895185,-0.660041357926
reversal_12,10,2,10,4341,-0.000149662328168,-1.31104199475,0.116323407186,-11.2706636306,0.448053443907,1.03800967519,-0.649684166576
reversal_12,10,2,11,4341,-0.000165263308444,-1.44770658197,0.118245368432,-12.2432413309,0.440912232205,1.03077631882,-0.717408021956
reversal_12,10,5,0,4341,-0.000465140930346,-4.07463454983,0.12030040022,-33.8704987049,0.327804653306,1.03169776549,-2.01917677863
reversal_12,10,5,1,4341,-0.000440647936948,-3.86007592767,0.11883970253,-32.4813664583,0.331029716655,1.04045150887,-1.91285269429
reversal_12,10,5,2,4341,-0.000455485866919,-3.99005619421,0.1192526389,-33.4588503116,0.324809951624,1.03589034785,-1.9772641483
reversal_12,10,5,3,4341,-0.000470453285221,-4.12117077854,0.125352279921,-32.8767117848,0.315825846579,1.0341856715,-2.04223771114
reversal_12,10,5,4,4341,-0.000476960018947,-4.17816976597,0.118027530801,-35.3999591251,0.312140059894,1.03261921216,-2.07048344225
reversal_12,10,5,5,4341,-0.000480220127141,-4.20672831375,0.119951901183,-35.0701262111,0.319050909929,1.03142133149,-2.08463557192
reversal_12,10,5,6,4341,-0.000472973601065,-4.14324874533,0.120558871469,-34.3670166686,0.316056208247,1.03524533518,-2.05317840222
reversal_12,10,5,7,4341,-0.000469101175602,-4.10932629827,0.121283547024,-33.8819765674,0.323427781617,1.03317208017,-2.03636820329
reversal_12,10,5,8,4341,-0.000450365219005,-3.94519931849,0.12078650013,-32.6625849267,0.325731398295,1.03395530984,-1.9550354157
reversal_12,10,5,9,4341,-0.000463312913597,-4.05862112311,0.119654779084,-33.9194234797,0.317668739922,1.03754895185,-2.01124135793
reversal_12,10,5,10,4341,-0.000461065230725,-4.03893142115,0.116758034938,-34.5923209763,0.325040313292,1.03800967519,-2.00148416658
reversal_12,10,5,11,4341,-0.00047449620409,-4.15658674783,0.11876299603,-34.9990054711,0.315595484911,1.03077631882,-2.05978802196
reversal_12,10,10,0,4341,-0.000980989813092,-8.59347076269,0.121949358319,-70.4675357144,0.175996314213,1.03169776549,-4.25847677863
reversal_12,10,10,1,4341,-0.000960873691383,-8.41725353651,0.12056424255,-69.8155054804,0.18475005759,1.04045150887,-4.17115269429
reversal_12,10,10,2,4341,-0.000973431040842,-8.52725591778,0.121084728796,-70.4238759302,0.178069569224,1.03589034785,-4.2256641483
reversal_12,10,10,3,4341,-0.000987546120973,-8.65090401973,0.127070386705,-68.0796229873,0.174153420871,1.0341856715,-4.28693771114
reversal_12,10,10,4,4341,-0.000993269625028,-8.70104191525,0.119929864882,-72.551085785,0.163787145819,1.03261921216,-4.31178344225
reversal_12,10,10,5,4341,-0.000995930792886,-8.72435374568,0.121631505022,-71.7277463937,0.173001612532,1.03142133149,-4.32333557192
reversal_12,10,10,6,4341,-0.000990596268653,-8.6776233134,0.122314210049,-70.9453407737,0.181985717577,1.03524533518,-4.30017840222
reversal_12,10,10,7,4341,-0.000985687215685,-8.6346200094,0.123165534067,-70.1058138935,0.173923059203,1.03317208017,-4.27886820329
reversal_12,10,10,8,4341,-0.000967342873924,-8.47392357557,0.122706004144,-69.058752542,0.178991015895,1.03395530984,-4.1992354157
reversal_12,10,10,9,4341,-0.000982087389525,-8.60308553224,0.121547907793,-70.7793798217,0.173923059203,1.03754895185,-4.26324135793
reversal_12,10,10,10,4341,-0.00098007006832,-8.58541379848,0.11858589936,-72.3982686372,0.181064270905,1.03800967519,-4.25448416658
reversal_12,10,10,11,4341,-0.0009898843635,-8.67138702426,0.120751079851,-71.8120867738,0.174383782539,1.03077631882,-4.29708802196
ridge,1,0,0,4341,4.56339353892e-06,0.039975327401,0.460902048613,0.0867328047712,0.498041925824,1.6334945865,0.0198096913525
ridge,1,0,1,4341,0.00021139788965,1.85184551333,0.450237063511,4.11304546741,0.511863625893,1.68048836674,0.917678238969
ridge,1,0,2,4341,8.46922631284e-05,0.741904225005,0.458744438399,1.6172495248,0.503800967519,1.68164017507,0.36764911424
ridge,1,0,3,4341,7.2889649149e-05,0.638513326545,0.462311199106,1.38113315832,0.495738309145,1.66920064501,0.316413966956
ridge,1,0,4,4341,0.00011974650429,1.04897937758,0.448771633367,2.33744581785,0.498272287491,1.69500115181,0.519819575125
ridge,1,0,5,4341,0.000175850230176,1.54044801634,0.456282395901,3.37608470144,0.522229900944,1.69108500346,0.763365849193
ridge,1,0,6,4341,9.02120660395e-05,0.790257698506,0.465611395174,1.69724733264,0.510481455886,1.66966136835,0.391610578677
ridge,1,0,7,4341,5.36683006883e-05,0.470134314029,0.478302309385,0.982922943929,0.504261690855,1.69039391845,0.232974093288
ridge,1,0,8,4341,-3.92742596655e-05,-0.344042514669,0.479466116435,-0.717553342929,0.480073715734,1.6800276434,-0.170489561208
ridge,1,0,9,4341,-7.65976716096e-05,-0.6709956033,0.463830350058,-1.44664014163,0.497120479152,1.67311679337,-0.332510492457
ridge,1,0,10,4341,0.000106266692067,0.930896222506,0.454060736582,2.05015793595,0.511863625893,1.69477079014,0.461303710262
ridge,1,0,11,4341,0.000152993527289,1.34022329905,0.465204244218,2.88093523588,0.515549412578,1.6857866851,0.66414490196
ridge,1,0.25,0,4341,-3.62739711236e-05,-0.317759987043,0.460920304707,-0.689403317228,0.491361437457,1.6334945865,-0.157465308648
ridge,1,0.25,1,4341,0.000169385680481,1.48381856101,0.45021456082,3.2958031351,0.507256392536,1.68048836674,0.735303238969
ridge,1,0.25,2,4341,4.26512587515e-05,0.373625026663,0.458728702684,0.814479286945,0.496659755817,1.68164017507,0.18514911424
ridge,1,0.25,3,4341,3.11596330237e-05,0.272958385287,0.462329274399,0.590398230011,0.490670352453,1.66920064501,0.135263966956
ridge,1,0.25,4,4341,7.73714754952e-05,0.677774125338,0.4487709389,1.51028969701,0.492973969132,1.69500115181,0.335869575125
ridge,1,0.25,5,4341,0.000133573105089,1.17010040058,0.456290008711,2.56437874651,0.5132457959,1.69108500346,0.579840849193
ridge,1,0.25,6,4341,4.84705318308e-05,0.424601858838,0.46561430344,0.91191755859,0.502418797512,1.66966136835,0.210410578677
ridge,1,0.25,7,4341,1.1408452727e-05,0.0999380458881,0.478309937157,0.2089399323,0.498963372495,1.69039391845,0.0495240932877
ridge,1,0.25,8,4341,-8.12749507505e-05,-0.711968568574,0.479468115508,-1.48491327274,0.47523612071,1.6800276434,-0.352814561208
ridge,1,0.25,9,4341,-0.000118425591444,-1.03740818105,0.463843561098,-2.23654755192,0.490209629118,1.67311679337,-0.514085492457
ridge,1,0.25,10,4341,6.38974223133e-05,0.559741419465,0.454054826687,1.23276174278,0.506104584197,1.69477079014,0.277378710262
ridge,1,0.25,11,4341,0.000110848860161,0.971036015014,0.465176253585,2.08745826454,0.508638562543,1.6857866851,0.48119490196
ridge,1,0.5,0,4341,-7.71113357861e-05,-0.675495301486,0.460942117671,-1.465466651,0.484911310758,1.6334945865,-0.334740308648
ridge,1,0.5,1,4341,0.000127373471313,1.1157916087,0.450195435969,2.47846050749,0.499884819166,1.68048836674,0.552928238969
ridge,1,0.5,2,4341,6.10254374631e-07,0.00534582832176,0.458716178644,0.0116538909475,0.490439990786,1.68164017507,0.00264911424027
ridge,1,0.5,3,4341,-1.05703831016e-05,-0.0925965559703,0.462350696783,-0.200273421484,0.48468094909,1.66920064501,-0.0458860330442
ridge,1,0.5,4,4341,3.49964467e-05,0.306568873092,0.448773590093,0.683125923316,0.4867542041,1.69500115181,0.151919575125
ridge,1,0.5,5,4341,9.1295980003e-05,0.799752784826,0.456300836011,1.75268752917,0.507717115872,1.69108500346,0.396315849193
ridge,1,0.5,6,4341,6.72899762207e-06,0.0589460191693,0.465620463696,0.126596710766,0.493665054135,1.66966136835,0.0292105786774
ridge,1,0.5,7,4341,-3.08513952343e-05,-0.270258222253,0.478320544782,-0.565014873815,0.495507947478,1.69039391845,-0.133925906712
ridge,1,0.5,8,4341,-0.000123275641835,-1.07989462248,0.47947312598,-2.25225265811,0.469477079014,1.6800276434,-0.535139561208
ridge,1,0.5,9,4341,-0.000160253511278,-1.40382075879,0.463860060202,-3.02638851507,0.481686247408,1.67311679337,-0.695660492457
ridge,1,0.5,10,4341,2.15281525598e-05,0.188586616424,0.454051968955,0.41534147921,0.499884819166,1.69477079014,0.0934537102622
ridge,1,0.5,11,4341,6.8704193034e-05,0.601848730978,0.465151459924,1.29387690426,0.501497350841,1.6857866851,0.29824490196
ridge,1,1,0,4341,-0.000158786065111,-1.39096593037,0.460996412106,-3.01730315865,0.47408431237,1.6334945865,-0.689290308648
ridge,1,1,1,4341,4.3349052976e-05,0.37973770407,0.450167321433,0.843547912054,0.489518544114,1.68048836674,0.188178238969
ridge,1,1,2,4341,-8.34717543791e-05,-0.731212568361,0.458700766575,-1.59409493431,0.478230822391,1.68164017507,-0.36235088576
ridge,1,1,3,4341,-9.40304153523e-05,-0.823706438486,0.462403580888,-1.78135826047,0.47201105736,1.66920064501,-0.408186033044
ridge,1,1,4,4341,-4.97536108904e-05,-0.4358416314,0.448788929147,-0.971150585707,0.476157567381,1.69500115181,-0.215980424875
ridge,1,1,5,4341,6.74172983022e-06,0.0590575533127,0.456332133095,0.129417915219,0.492743607464,1.69108500346,0.029265849193
ridge,1,1,6,4341,-7.67540707953e-05,-0.672365660167,0.465642539592,-1.4439523948,0.479843354066,1.66966136835,-0.333189421323
ridge,1,1,7,4341,-0.000115371091157,-1.01065075853,0.478350698743,-2.11278202622,0.482838055748,1.69039391845,-0.500825906712
ridge,1,1,8,4341,-0.000207277024005,-1.81574673029,0.479492180685,-3.78681197198,0.455425017277,1.6800276434,-0.899789561208
ridge,1,1,9,4341,-0.000243909350946,-2.13664591429,0.463902921133,-4.60580396664,0.468094909007,1.67311679337,-1.05881049246
ridge,1,1,10,4341,-6.32103869472e-05,-0.553722989657,0.454055410145,-1.21950532311,0.486293480765,1.69477079014,-0.274396289738
ridge,1,1,11,4341,-1.55851412208e-05,-0.136525837094,0.465111465492,-0.293533587588,0.486063119097,1.6857866851,-0.0676550980395
ridge,1,2,0,4341,-0.000322135523761,-2.82190718815,0.461147655692,-6.11931374543,0.45196959226,1.6334945865,-1.39839030865
ridge,1,2,1,4341,-0.000124699783698,-1.09237010519,0.450151640291,-2.42667138675,0.465100207326,1.68048836674,-0.541321761031
ridge,1,2,2,4341,-0.000251635771887,-2.20432936173,0.458708489597,-4.80551245882,0.455194655609,1.68164017507,-1.09235088576
ridge,1,2,3,4341,-0.000260950479854,-2.28592620352,0.462549488858,-4.94201433269,0.443906933886,1.66920064501,-1.13278603304
ridge,1,2,4,4341,-0.000219253726071,-1.92066264038,0.448859747552,-4.27898168829,0.450587422253,1.69500115181,-0.951780424875
ridge,1,2,5,4341,-0.000162366770515,-1.42233290971,0.456433286519,-3.1161901459,0.468094909007,1.69108500346,-0.704834150807
ridge,1,2,6,4341,-0.00024372020763,-2.13498901884,0.465725705025,-4.58421984401,0.458189357291,1.66966136835,-1.05798942132
ridge,1,2,7,4341,-0.000284410483002,-2.4914358311,0.47844675246,-5.2073419211,0.457498272287,1.69039391845,-1.23462590671
ridge,1,2,8,4341,-0.000375279788345,-3.28745094591,0.479566418924,-6.85504826064,0.430776318821,1.6800276434,-1.62908956121
ridge,1,2,9,4341,-0.000411221030283,-3.60229622528,0.464028079663,-7.76309965529,0.442755125547,1.67311679337,-1.78511049246
ridge,1,2,10,4341,-0.000232687465961,-2.03834220182,0.454098916883,-4.48876252736,0.45934116563,1.69477079014,-1.01009628974
ridge,1,2,11,4341,-0.00018416380973,-1.61327497324,0.465069858359,-3.46888740313,0.45934116563,1.6857866851,-0.79945509804
ridge,1,5,0,4341,-0.000812183899711,-7.11473096147,0.46194200327,-15.4017840143,0.388850495278,1.6334945865,-3.52569030865
ridge,1,5,1,4341,-0.000628846293718,-5.50869353297,0.450428921612,-12.2298841585,0.390463026952,1.68048836674,-2.72982176103
ridge,1,5,2,4341,-0.000756127824409,-6.62367974182,0.459039915489,-14.4294200097,0.381939645243,1.68164017507,-3.28235088576
ridge,1,5,3,4341,-0.000761710673357,-6.67258549861,0.46330777143,-14.4020582215,0.387698686938,1.66920064501,-3.30658603304
ridge,1,5,4,4341,-0.000727754071614,-6.37512566734,0.449392989866,-14.1860816949,0.38332181525,1.69500115181,-3.15918042488
ridge,1,5,5,4341,-0.000669692271552,-5.8665042988,0.457044816023,-12.835730968,0.393227366966,1.69108500346,-2.90713415081
ridge,1,5,6,4341,-0.000744618618135,-6.52285909486,0.466286962004,-13.988937342,0.386777240267,1.66966136835,-3.23238942132
ridge,1,5,7,4341,-0.000791528658538,-6.93379104879,0.479020541887,-14.4749346687,0.390002303617,1.69039391845,-3.43602590671
ridge,1,5,8,4341,-0.000879288081366,-7.70256359276,0.480077881578,-16.0444042276,0.362358903478,1.6800276434,-3.81698956121
ridge,1,5,9,4341,-0.000913156068292,-7.99924715824,0.464718565838,-17.2131000271,0.375489518544,1.67311679337,-3.96401049246
ridge,1,5,10,4341,-0.000741118703003,-6.49219983831,0.454522217214,-14.2835698508,0.384243261921,1.69477079014,-3.21719628974
ridge,1,5,11,4341,-0.000689899815259,-6.04352238167,0.465252119381,-12.9897793689,0.38539507026,1.6857866851,-2.99485509804
ridge,1,10,0,4341,-0.00162893119296,-14.2694372503,0.464394229931,-30.7269908424,0.293020041465,1.6334945865,-7.07119030865
ridge,1,10,1,4341,-0.00146909047709,-12.8692325793,0.451968986285,-28.4737072007,0.292098594794,1.68048836674,-6.37732176103
ridge,1,10,2,4341,-0.00159694791195,-13.9892637087,0.460616565277,-30.3707351477,0.290716424787,1.68164017507,-6.93235088576
ridge,1,10,3,4341,-0.00159631099586,-13.9836843238,0.465633780929,-30.0315073702,0.286800276434,1.66920064501,-6.92958603304
ridge,1,10,4,4341,-0.00157525464752,-13.7992307123,0.451346087506,-30.5735024502,0.285418106427,1.69500115181,-6.83818042488
ridge,1,10,5,4341,-0.00151523477328,-13.2734566139,0.459085792016,-28.9128020182,0.291868233126,1.69108500346,-6.57763415081
ridge,1,10,6,4341,-0.00157944930231,-13.8359758882,0.468256817972,-29.5478364803,0.291868233126,1.66966136835,-6.85638942132
ridge,1,10,7,4341,-0.00163672561776,-14.3377164116,0.480924695861,-29.8128096457,0.290486063119,1.69039391845,-7.10502590671
ridge,1,10,8,4341,-0.00171930190307,-15.0610846709,0.481888882704,-31.2542687981,0.267910619673,1.6800276434,-7.46348956121
ridge,1,10,9,4341,-0.00174971446498,-15.3274987132,0.466913690342,-32.8272634327,0.279198341396,1.67311679337,-7.59551049246
ridge,1,10,10,4341,-0.00158850409807,-13.9152958991,0.456199995348,-30.5026217471,0.279889426399,1.69477079014,-6.89569628974
ridge,1,10,11,4341,-0.00153279315781,-13.4272680624,0.466577285713,-28.7782291885,0.279428703064,1.6857866851,-6.65385509804
ridge,2,0,0,4341,3.93729578855e-05,0.344907111077,0.305040556403,1.13069263689,0.500115180834,1.53662750518,0.170918010181
ridge,2,0,1,4341,0.000163154182215,1.4292306362,0.308730016625,4.62938671083,0.515779774246,1.57774706289,0.708252304993
ridge,2,0,2,4341,5.11375055282e-05,0.447964548427,0.303102862276,1.47792912632,0.508408200875,1.58131766874,0.221987911498
ridge,2,0,3,4341,6.72845328157e-05,0.589412507466,0.314631212942,1.87334403969,0.497120479152,1.56450126699,0.292082156953
ridge,2,0,4,4341,0.000100485709284,0.880254813331,0.311488171879,2.82596545487,0.503570605851,1.58258465791,0.436208464004
ridge,2,0,5,4341,0.000113078853538,0.99057075699,0.311240552666,3.18265325165,0.510711817554,1.59352683713,0.490875303207
ridge,2,0,6,4341,3.85397959915e-05,0.337608612885,0.312287682804,1.08108206463,0.499884819166,1.56553789449,0.167301254399
ridge,2,0,7,4341,6.56266023909e-05,0.574889036944,0.316108584453,1.81864417868,0.505183137526,1.5805114029,0.284885080979
ridge,2,0,8,4341,1.2775456942e-05,0.111913002812,0.312887355664,0.357678253168,0.495968670813,1.57751670122,0.0554582585853
ridge,2,0,9,4341,2.41117645276e-05,0.211219057262,0.312379804993,0.67616105102,0.50057590417,1.5869615296,0.104669169814
ridge,2,0,10,4341,5.94475288779e-05,0.52076035297,0.302672918881,1.7205383121,0.500806265837,1.59479382631,0.258061722859
ridge,2,0,11,4341,0.000113670255107,0.995751434738,0.305105438717,3.26363056301,0.509329647547,1.5798203179,0.49344257742
ridge,2,0.25,0,4341,9.57270255927e-07,0.00838568744192,0.305045224207,0.0274899810797,0.492973969132,1.53662750518,0.00415551018098
ridge,2,0.25,1,4341,0.000123710505642,1.08370402943,0.308717031313,3.51034740395,0.504952775858,1.57774706289,0.537027304993
ridge,2,0.25,2,4341,1.16045638097e-05,0.101655978973,0.303109344803,0.335377251529,0.50057590417,1.58131766874,0.0503754114979
ridge,2,0.25,3,4341,2.8172001141e-05,0.246786729995,0.314657949751,0.784301589043,0.491361437457,1.56450126699,0.122294656953
ridge,2,0.25,4,4341,6.09210928366e-05,0.533668773248,0.31149344258,1.71325845202,0.497120479152,1.58258465791,0.264458464004
ridge,2,0.25,5,4341,7.32406826093e-05,0.641588379657,0.311259462111,2.06126546421,0.50472241419,1.59352683713,0.317937803207
ridge,2,0.25,6,4341,-5.98651370899e-07,-0.00524418600907,0.312279574118,-0.0167932405566,0.490439990786,1.56553789449,-0.00259874560107
ridge,2,0.25,7,4341,2.61138173184e-05,0.228757039709,0.316124203154,0.723630261229,0.498041925824,1.5805114029,0.113360080979
ridge,2,0.25,8,4341,-2.66624605885e-05,-0.233563154755,0.312924008374,-0.746389374112,0.488366735775,1.57751670122,-0.115741741415
ridge,2,0.25,9,4341,-1.55622737124e-05,-0.136325517721,0.312373586628,-0.436418197814,0.495047224142,1.5869615296,-0.0675558301857
ridge,2,0.25,10,4341,1.95776832202e-05,0.171500505009,0.302660034545,0.566644040951,0.492743607464,1.59479382631,0.084986722859
ridge,2,0.25,11,4341,7.41747471596e-05,0.649770785118,0.305113214283,2.1296055192,0.50264915918,1.5798203179,0.32199257742
ridge,2,0.5,0,4341,-3.74584173737e-05,-0.328135736193,0.305052878455,-1.075668382,0.483298779083,1.53662750518,-0.162606989819
ridge,2,0.5,1,4341,8.42668290701e-05,0.738177422654,0.308706948946,2.39119146872,0.495047224142,1.57774706289,0.365802304993
ridge,2,0.5,2,4341,-2.79283779088e-05,-0.244652590481,0.303118691755,-0.80711812612,0.492743607464,1.58131766874,-0.121237088502
ridge,2,0.5,3,4341,-1.09405305337e-05,-0.0958390474756,0.314687404034,-0.304553173235,0.484450587422,1.56450126699,-0.047492843047
ridge,2,0.5,4,4341,2.13564763887e-05,0.187082733165,0.311501489926,0.60058375069,0.489748905782,1.58258465791,0.0927084640035
ridge,2,0.5,5,4341,3.34025116809e-05,0.292606002325,0.311281168903,0.940005472723,0.498272287491,1.59352683713,0.145000303207
ridge,2,0.5,6,4341,-3.97370987333e-05,-0.348096984903,0.312274251088,-1.11471561837,0.481916609076,1.56553789449,-0.172498745601
ridge,2,0.5,7,4341,-1.33989677542e-05,-0.117374957527,0.316142554932,-0.371272249483,0.48997926745,1.5805114029,-0.058164919021
ridge,2,0.5,8,4341,-6.6100378119e-05,-0.579039312323,0.312963412585,-1.85018212685,0.478461184059,1.57751670122,-0.286941741415
ridge,2,0.5,9,4341,-5.52363119525e-05,-0.483870092704,0.312370081738,-1.54902828725,0.487214927436,1.5869615296,-0.239780830186
ridge,2,0.5,10,4341,-2.02921624375e-05,-0.177759342952,0.30264987672,-0.587343186387,0.485602395761,1.59479382631,-0.088088277141
ridge,2,0.5,11,4341,3.46792392121e-05,0.303790135498,0.305123884163,0.995628829029,0.494816862474,1.5798203179,0.15054257742
ridge,2,1,0,4341,-0.000114289792633,-1.00117858346,0.305077145291,-3.2817226689,0.470628887353,1.53662750518,-0.496131989819
ridge,2,1,1,4341,5.37947592566e-06,0.0471242091088,0.308695494101,0.152655966832,0.482146970744,1.57774706289,0.0233523049933
ridge,2,1,2,4341,-0.000106994261346,-0.937269729389,0.303145977788,-3.0918098806,0.478691545727,1.58131766874,-0.464462088502
ridge,2,1,3,4341,-8.91655938832e-05,-0.781090602417,0.314754461896,-2.48158706857,0.471550334024,1.56450126699,-0.387067843047
ridge,2,1,4,4341,-5.77727565069e-05,-0.506089347001,0.311525913623,-1.62454975612,0.476387929049,1.58258465791,-0.250791535996
ridge,2,1,5,4341,-4.62738301758e-05,-0.40535875234,0.311332972118,-1.30201035111,0.481455885741,1.59352683713,-0.200874696793
ridge,2,1,6,4341,-0.000118013993458,-1.03380258269,0.312271962489,-3.31058406413,0.471550334024,1.56553789449,-0.512298745601
ridge,2,1,7,4341,-9.24245378993e-05,-0.809638951998,0.316187455743,-2.56062957999,0.475466482377,1.5805114029,-0.401214919021
ridge,2,1,8,4341,-0.00014497621318,-1.26999162746,0.313050471276,-4.05682707418,0.462105505644,1.57751670122,-0.629341741415
ridge,2,1,9,4341,-0.000134584388433,-1.17895924267,0.31237121268,-3.77422500798,0.471089610689,1.5869615296,-0.584230830186
ridge,2,1,10,4341,-0.000100031853753,-0.876279038875,0.302637741624,-2.89547177484,0.469246717346,1.59479382631,-0.434238277141
ridge,2,1,11,4341,-4.43117766828e-05,-0.388171163742,0.305153905572,-1.27205045275,0.478691545727,1.5798203179,-0.19235742258
ridge,2,2,0,4341,-0.000267952543151,-2.347264278,0.305161500514,-7.69187552837,0.441142593872,1.53662750518,-1.16318198982
ridge,2,2,1,4341,-0.000152395230363,-1.33498221798,0.308707426773,-4.32442533676,0.453582123935,1.57774706289,-0.661547695007
ridge,2,2,2,4341,-0.00026512602822,-2.32250400721,0.303234905843,-7.65909188702,0.442294402211,1.58131766874,-1.1509120885
ridge,2,2,3,4341,-0.000245615720582,-2.1515937123,0.314921149039,-6.83216646093,0.438608615526,1.56450126699,-1.06621784305
ridge,2,2,4,4341,-0.000216031222298,-1.89243350733,0.311608066334,-6.07312105105,0.446440912232,1.58258465791,-0.937791535996
ridge,2,2,5,4341,-0.000205626513889,-1.80128826167,0.311470115948,-5.78318165833,0.452660677263,1.59352683713,-0.892624696793
ridge,2,2,6,4341,-0.000274567782907,-2.40521377827,0.31230081443,-7.7015930383,0.442524763879,1.56553789449,-1.1918987456
ridge,2,2,7,4341,-0.00025047567819,-2.19416694094,0.316310028611,-6.93676059079,0.443446210551,1.5805114029,-1.08731491902
ridge,2,2,8,4341,-0.000302727883302,-2.65189625773,0.31325755612,-8.4655460209,0.435613913845,1.57751670122,-1.31414174141
ridge,2,2,9,4341,-0.000293280541393,-2.5691375426,0.312406035551,-8.2237128936,0.441142593872,1.5869615296,-1.27313083019
ridge,2,2,10,4341,-0.000259511236384,-2.27331843072,0.302646196698,-7.51147199443,0.436996083852,1.59479382631,-1.12653827714
ridge,2,2,11,4341,-0.000202293808473,-1.77209376222,0.305248661301,-5.80541043053,0.445289103893,1.5798203179,-0.87815742258
ridge,2,5,0,4341,-0.000728940794706,-6.38552136163,0.305700656824,-20.888150611,0.354296245105,1.53662750518,-3.16433198982
ridge,2,5,1,4341,-0.00062571934923,-5.48130149925,0.3090217974,-17.7375885629,0.36857866851,1.57774706289,-2.71624769501
ridge,2,5,2,4341,-0.000739521328842,-6.47820684065,0.303776059299,-21.3256003637,0.355448053444,1.58131766874,-3.2102620885
ridge,2,5,3,4341,-0.000714966100679,-6.26310304195,0.315681061844,-19.8399707773,0.359364201797,1.56450126699,-3.10366784305
ridge,2,5,4,4341,-0.000690806619672,-6.05146598833,0.312120544804,-19.3882334536,0.360285648468,1.58258465791,-2.998791536
ridge,2,5,5,4341,-0.00068368456503,-5.98907678966,0.31214920809,-19.1865833212,0.36742686017,1.59352683713,-2.96787469679
ridge,2,5,6,4341,-0.000744229151256,-6.519447365,0.312654585075,-20.8519167036,0.359364201797,1.56553789449,-3.2306987456
ridge,2,5,7,4341,-0.00072462909906,-6.34775090777,0.316939359262,-20.0282821375,0.360746371804,1.5805114029,-3.14561491902
ridge,2,5,8,4341,-0.000775982893668,-6.79761014854,0.314141664179,-21.638677462,0.345772863396,1.57751670122,-3.36854174141
ridge,2,5,9,4341,-0.000769369000273,-6.73967244239,0.312770759864,-21.5482817042,0.355448053444,1.5869615296,-3.33983083019
ridge,2,5,10,4341,-0.000737949384276,-6.46443660626,0.302933225103,-21.3394770549,0.351531905091,1.59479382631,-3.20343827714
ridge,2,5,11,4341,-0.000676239903842,-5.92386155766,0.305810126352,-19.3710444724,0.353605160101,1.5798203179,-2.93555742258
ridge,2,10,0,4341,-0.0014972545473,-13.1159498343,0.307546540127,-42.6470407663,0.249712047915,1.53662750518,-6.49958198982
ridge,2,10,1,4341,-0.00141459288067,-12.3918336347,0.310470253358,-39.9131108396,0.243261921216,1.57774706289,-6.14074769501
ridge,2,10,2,4341,-0.00153018016321,-13.4043782297,0.305586455657,-43.8644383008,0.243261921216,1.58131766874,-6.6425120885
ridge,2,10,3,4341,-0.00149721673417,-13.1156185914,0.317806478855,-41.2691982826,0.258235429625,1.56450126699,-6.49941784305
ridge,2,10,4,4341,-0.00148209894863,-12.98318679,0.313855939009,-41.3667073849,0.253167472933,1.58258465791,-6.433791536
ridge,2,10,5,4341,-0.0014804479836,-12.9687243363,0.314166304713,-41.2798067194,0.249712047915,1.59352683713,-6.42662469679
ridge,2,10,6,4341,-0.0015269980985,-13.3765033429,0.314130773049,-42.582594545,0.25132457959,1.56553789449,-6.6286987456
ridge,2,10,7,4341,-0.00151488480051,-13.2703908525,0.318854047157,-41.6190133725,0.245795899562,1.5805114029,-6.57611491902
ridge,2,10,8,4341,-0.00156474124428,-13.7071332999,0.316482921668,-43.3108150912,0.240036857867,1.57751670122,-6.79254174141
ridge,2,10,9,4341,-0.00156284976507,-13.690563942,0.314242054373,-43.5669374978,0.254088919604,1.5869615296,-6.78433083019
ridge,2,10,10,4341,-0.00153534629743,-13.4496335655,0.304280223055,-44.2014713624,0.244183367888,1.59479382631,-6.66493827714
ridge,2,10,11,4341,-0.00146615006279,-12.8434745501,0.307663586969,-41.7451888818,0.239345772863,1.5798203179,-6.36455742258
ridge,3,0,0,4341,4.12659860968e-05,0.361490038208,0.248713871428,1.45343738221,0.493204330799,1.44244797666,0.179135645646
ridge,3,0,1,4341,0.000112033800896,0.981416095848,0.248153373641,3.95487710462,0.516931582585,1.4850648852,0.486338729689
ridge,3,0,2,4341,1.34481147517e-05,0.117805485225,0.244546023127,0.481731347411,0.510711817554,1.47815403517,0.058378266137
ridge,3,0,3,4341,4.33653897058e-05,0.379880813822,0.251316452182,1.51156365023,0.498041925824,1.466021654,0.188249156713
ridge,3,0,4,4341,5.94154620618e-05,0.520479447661,0.247872273224,2.0997888989,0.504261690855,1.48283805575,0.25792252081
ridge,3,0,5,4341,8.69507079126e-05,0.761688201314,0.251066419363,3.03381154376,0.511863625893,1.49128465023,0.377453023049
ridge,3,0,6,4341,4.40732385876e-05,0.386081570028,0.246915301525,1.56361945834,0.507717115872,1.47661829072,0.191321928709
ridge,3,0,7,4341,6.12104986716e-05,0.536203968363,0.251310846445,2.13362843645,0.508177839208,1.48598633187,0.265714774733
ridge,3,0,8,4341,3.86879799428e-05,0.338906704299,0.247473218591,1.36946820439,0.501958074176,1.48590954465,0.167944520932
ridge,3,0,9,4341,1.48580308907e-05,0.130156350603,0.248431815279,0.523911764106,0.510481455886,1.49166858635,0.0644987120966
ridge,3,0,10,4341,4.08538845548e-05,0.3578800287,0.242098058452,1.47824410897,0.510481455886,1.49957767028,0.177346712852
ridge,3,0,11,4341,8.63229172733e-05,0.756188755314,0.241489587867,3.13135138452,0.508638562543,1.4932043308,0.374727783883
ridge,3,0.25,0,4341,5.20478668038e-06,0.0455939313201,0.248723329959,0.183311840219,0.483759502419,1.44244797666,0.0225939789795
ridge,3,0.25,1,4341,7.49071787658e-05,0.656186885989,0.248133865637,2.64448741934,0.506334945865,1.4850648852,0.325172063022
ridge,3,0.25,2,4341,-2.35057361275e-05,-0.205910248477,0.244534513568,-0.842049841851,0.501727712509,1.47815403517,-0.10203840053
ridge,3,0.25,3,4341,6.71484835584e-06,0.0588220715972,0.251349584352,0.234024940797,0.490209629118,1.466021654,0.0291491567127
ridge,3,0.25,4,4341,2.23445106681e-05,0.195737913453,0.247883236766,0.789637556805,0.495968670813,1.48283805575,0.0969975208103
ridge,3,0.25,5,4341,4.96685916567e-05,0.435096862913,0.251082713678,1.73288258892,0.505643860862,1.49128465023,0.215611356382
ridge,3,0.25,6,4341,7.15778131971e-06,0.0627021643606,0.246926920253,0.253930046576,0.496199032481,1.47661829072,0.0310719287089
ridge,3,0.25,7,4341,2.40608403747e-05,0.210772961683,0.251319338065,0.838665911287,0.497581202488,1.48598633187,0.104448108067
ridge,3,0.25,8,4341,1.54024132654e-06,0.0134925140205,0.24749311217,0.0545167253432,0.490209629118,1.48590954465,0.00668618759853
ridge,3,0.25,9,4341,-2.2433683768e-05,-0.196519069807,0.248416846389,-0.791085921361,0.501266989173,1.49166858635,-0.0973846212367
ridge,3,0.25,10,4341,3.3644427979e-06,0.0294725189096,0.2420921762,0.121740897918,0.501958074176,1.49957767028,0.0146050461857
ridge,3,0.25,11,4341,4.89928090033e-05,0.429177006869,0.241506674494,1.77708134886,0.499654457498,1.4932043308,0.212677783883
ridge,3,0.5,0,4341,-3.0856412736e-05,-0.270302175568,0.248735441138,-1.08670551462,0.476157567381,1.44244797666,-0.133947687687
ridge,3,0.5,1,4341,3.77805566357e-05,0.330957676129,0.248116998032,1.3338774802,0.497811564156,1.4850648852,0.164005396356
ridge,3,0.5,2,4341,-6.04595870067e-05,-0.529625982179,0.244525692269,-2.16593183835,0.492973969132,1.47815403517,-0.262455067196
ridge,3,0.5,3,4341,-2.99356929941e-05,-0.262236670628,0.251385350747,-1.04316607889,0.482377332412,1.466021654,-0.129950843287
ridge,3,0.5,4,4341,-1.47264407256e-05,-0.129003620756,0.247896935255,-0.520392156616,0.4867542041,1.48283805575,-0.0639274791897
ridge,3,0.5,5,4341,1.23864754009e-05,0.108505524512,0.251101713339,0.43211781819,0.497581202488,1.49128465023,0.0537696897152
ridge,3,0.5,6,4341,-2.97576759482e-05,-0.260677241306,0.246941285671,-1.05562437888,0.485372034094,1.47661829072,-0.129178071291
ridge,3,0.5,7,4341,-1.30888179221e-05,-0.114658044998,0.251330501712,-0.456204257807,0.488827459111,1.48598633187,-0.0568185586
ridge,3,0.5,8,4341,-3.56074972897e-05,-0.311921676258,0.247515604343,-1.2602101475,0.481686247408,1.48590954465,-0.154572145735
ridge,3,0.5,9,4341,-5.97253984266e-05,-0.523194490217,0.248404501932,-2.10621983961,0.494125777471,1.49166858635,-0.25926795457
ridge,3,0.5,10,4341,-3.4124998959e-05,-0.298934990881,0.242088961403,-1.23481462826,0.49205252246,1.49957767028,-0.148136620481
ridge,3,0.5,11,4341,1.16627007333e-05,0.102165258424,0.241526453573,0.422998213706,0.489518544114,1.4932043308,0.0506277838835
ridge,3,1,0,4341,-0.000102978811569,-0.902094389343,0.248767619809,-3.62625324805,0.462566228979,1.44244797666,-0.44703102102
ridge,3,1,1,4341,-3.64726876244e-05,-0.31950074359,0.248091186093,-1.2878359309,0.477539737388,1.4850648852,-0.158327936978
ridge,3,1,2,4341,-0.000134367288765,-1.17705744958,0.244516115521,-4.81382360862,0.476618290716,1.47815403517,-0.58328840053
ridge,3,1,3,4341,-0.000103236775694,-0.904354155079,0.251464781631,-3.59634517889,0.467634185672,1.466021654,-0.448150843287
ridge,3,1,4,4341,-8.88683435129e-05,-0.778486689173,0.247932535171,-3.13991339877,0.470628887353,1.48283805575,-0.38577747919
ridge,3,1,5,4341,-6.21777571108e-05,-0.544677152291,0.251147826153,-2.16875121172,0.481455885741,1.49128465023,-0.269913643618
ridge,3,1,6,4341,-0.000103588590484,-0.90743605264,0.246978254569,-3.67415363844,0.468325270675,1.47661829072,-0.449678071291
ridge,3,1,7,4341,-8.73881345159e-05,-0.765520058359,0.251360843579,-3.04550242376,0.472471780696,1.48598633187,-0.379351891933
ridge,3,1,8,4341,-0.000109902974522,-0.962750056816,0.247568381555,-3.88882477952,0.463257313983,1.48590954465,-0.477088812401
ridge,3,1,9,4341,-0.000134308827744,-1.17654533104,0.248387687798,-4.73672967235,0.475005759042,1.49166858635,-0.583034621237
ridge,3,1,10,4341,-0.000109103882473,-0.955750010462,0.242090534511,-3.94790326022,0.472471780696,1.49957767028,-0.473619953814
ridge,3,1,11,4341,-6.29975158066e-05,-0.551858238466,0.241574086351,-2.28442647472,0.471780695692,1.4932043308,-0.273472216117
ridge,3,2,0,4341,-0.000247223609235,-2.16567881689,0.248863786213,-8.70226580513,0.433540658834,1.44244797666,-1.07319768769
ridge,3,2,1,4341,-0.000184979176145,-1.62041758303,0.248071265061,-6.53206481868,0.440221147201,1.4850648852,-0.802994603644
ridge,3,2,2,4341,-0.000282182692282,-2.47192038439,0.244529227992,-10.1088953852,0.439530062198,1.47815403517,-1.2249550672
ridge,3,2,3,4341,-0.000249838941094,-2.18858912398,0.251655199143,-8.69677690521,0.434692467173,1.466021654,-1.08455084329
ridge,3,2,4,4341,-0.000237152149088,-2.07745282601,0.24803652837,-8.37559225514,0.435844275513,1.48283805575,-1.02947747919
ridge,3,2,5,4341,-0.000211306222134,-1.8510425059,0.251272483077,-7.36667415083,0.445519465561,1.49128465023,-0.917280310285
ridge,3,2,6,4341,-0.000251250419556,-2.20095367531,0.247085125438,-8.90767370721,0.435844275513,1.47661829072,-1.09067807129
ridge,3,2,7,4341,-0.000235986767703,-2.06724408508,0.251453570275,-8.22117611143,0.436304998848,1.48598633187,-1.0244185586
ridge,3,2,8,4341,-0.000258493928988,-2.26440681793,0.247705082482,-9.14154362617,0.428472702142,1.48590954465,-1.12212214573
ridge,3,2,9,4341,-0.000283475686379,-2.48324701268,0.248385564362,-9.9975496525,0.442755125547,1.49166858635,-1.23056795457
ridge,3,2,10,4341,-0.0002590616495,-2.26938004962,0.242125688958,-9.37273553828,0.437687168855,1.49957767028,-1.12458662048
ridge,3,2,11,4341,-0.000212317948887,-1.85990523225,0.241701626222,-7.69504641454,0.438147892191,1.4932043308,-0.921672216117
ridge,3,5,0,4341,-0.000679958002232,-5.95643209955,0.249406194679,-23.8824545125,0.340935268371,1.44244797666,-2.95169768769
ridge,3,5,1,4341,-0.000630498641706,-5.52316810134,0.248265094874,-22.247058549,0.346233586731,1.4850648852,-2.73699460364
ridge,3,5,2,4341,-0.000725628902833,-6.35650918881,0.244826503352,-25.9633213798,0.33264224833,1.47815403517,-3.1499550672
ridge,3,5,3,4341,-0.000689645437293,-6.04129403068,0.252477922531,-23.9280091112,0.336558396683,1.466021654,-2.99375084329
ridge,3,5,4,4341,-0.000682003565812,-5.97435123651,0.24861023131,-24.0309950441,0.340935268371,1.48283805575,-2.96057747919
ridge,3,5,5,4341,-0.000658691617205,-5.77013856671,0.251905201182,-22.9059921734,0.351301543423,1.49128465023,-2.85938031028
ridge,3,5,6,4341,-0.000694235906771,-6.08150654331,0.24766855966,-24.555020434,0.341165630039,1.47661829072,-3.01367807129
ridge,3,5,7,4341,-0.000681782667266,-5.97241616525,0.251987547344,-23.7012353515,0.349228288413,1.48598633187,-2.9596185586
ridge,3,5,8,4341,-0.000704266792383,-6.16937710128,0.248363622958,-24.8400994792,0.327113568302,1.48590954465,-3.05722214573
ridge,3,5,9,4341,-0.000730976262283,-6.4033520576,0.24863112265,-25.7544268366,0.340244183368,1.49166858635,-3.17316795457
ridge,3,5,10,4341,-0.000708934950583,-6.21027016711,0.242486924342,-25.6107424512,0.338401290025,1.49957767028,-3.07748662048
ridge,3,5,11,4341,-0.000660279248126,-5.78404621359,0.24234169993,-23.8673171611,0.337019120018,1.4932043308,-2.86627221612
ridge,3,10,0,4341,-0.00140118199056,-12.2743542373,0.251149805887,-48.8726407491,0.229900944483,1.44244797666,-6.08253102102
ridge,3,10,1,4341,-0.00137303108431,-12.0277522985,0.249430194513,-48.2209153627,0.224372264455,1.4850648852,-5.96032793698
ridge,3,10,2,4341,-0.00146470592042,-12.8308238629,0.246177289409,-52.1202581021,0.207786224372,1.47815403517,-6.35828840053
ridge,3,10,3,4341,-0.00142265626429,-12.4624688752,0.254677999381,-48.934218525,0.224372264455,1.466021654,-6.17575084329
ridge,3,10,4,4341,-0.00142342259369,-12.4691819207,0.250431450795,-49.7907985643,0.225063349459,1.48283805575,-6.17907747919
ridge,3,10,5,4341,-0.00140433394232,-12.3019653347,0.253814453566,-48.4683404034,0.231052752822,1.49128465023,-6.09621364362
ridge,3,10,6,4341,-0.00143254505213,-12.5490946566,0.249509492348,-50.2950590719,0.217231052753,1.47661829072,-6.21867807129
ridge,3,10,7,4341,-0.0014247758332,-12.4810362989,0.253723492966,-49.1914885491,0.232895646164,1.48598633187,-6.18495189193
ridge,3,10,8,4341,-0.00144722156471,-12.6776609069,0.250281546261,-50.6535983025,0.21538815941,1.48590954465,-6.2823888124
ridge,3,10,9,4341,-0.00147681055546,-12.9368604658,0.249876402732,-51.7730378873,0.219534669431,1.49166858635,-6.41083462124
ridge,3,10,10,4341,-0.00145872378572,-12.7784203629,0.243936428313,-52.3842234277,0.217461414421,1.49957767028,-6.33231995381
ridge,3,10,11,4341,-0.00140688141353,-12.3242811825,0.244258566566,-50.4558810598,0.215618521078,1.4932043308,-6.10727221612
ridge,4,0,0,4341,4.19305564733e-05,0.367311674706,0.211887881794,1.73351902712,0.497581202488,1.36103432389,0.182020545651
ridge,4,0,1,4341,8.94298911749e-05,0.783405846692,0.212587204929,3.68510347062,0.513015434232,1.39553098364,0.38821515759
ridge,4,0,2,4341,1.39777294214e-05,0.122444909732,0.208340400876,0.587715628926,0.506795669201,1.38971435153,0.0606773234184
ridge,4,0,3,4341,3.59122457001e-05,0.314591272333,0.212620957759,1.47958731655,0.499654457498,1.38372494817,0.155895058584
ridge,4,0,4,4341,5.16012797141e-05,0.452027210295,0.211775684403,2.13446228055,0.509560009214,1.39518544114,0.224001155239
ridge,4,0,5,4341,7.05266370072e-05,0.617813340183,0.213707074321,2.89093537098,0.516470859249,1.40520617369,0.306156131248
ridge,4,0,6,4341,4.02294819923e-05,0.352410262252,0.210277196135,1.67593190669,0.503109882516,1.38648928818,0.174636181329
ridge,4,0,7,4341,4.79627424167e-05,0.420153623571,0.213488000577,1.96804327379,0.508638562543,1.38896567611,0.208206264831
ridge,4,0,8,4341,2.97264876047e-05,0.260404031417,0.20945459526,1.24324811825,0.501727712509,1.40031098825,0.129042682692
ridge,4,0,9,4341,-5.36121184622e-06,-0.0469642157729,0.210763287372,-0.222829205022,0.503800967519,1.39915917991,-0.0232730206244
ridge,4,0,10,4341,3.27199201974e-05,0.286626500929,0.205859433388,1.39234086198,0.503109882516,1.41038931122,0.142037173577
ridge,4,0,11,4341,7.59341878128e-05,0.66518348524,0.20616952558,3.22639091966,0.51002073255,1.40238424326,0.329630309295
ridge,4,0.25,0,4341,7.90469837607e-06,0.0692451577744,0.211893871337,0.326791696888,0.488136374107,1.36103432389,0.0343142956505
ridge,4,0.25,1,4341,5.45416165838e-05,0.477784561274,0.212579739959,2.24755454761,0.501958074176,1.39553098364,0.23676515759
ridge,4,0.25,2,4341,-2.07651293669e-05,-0.181902533254,0.208329717075,-0.873147315747,0.495738309145,1.38971435153,-0.0901414265816
ridge,4,0.25,3,4341,1.31912199589e-06,0.011555508684,0.212647632682,0.0543411113411,0.491822160792,1.38372494817,0.00572630858417
ridge,4,0.25,4,4341,1.67216436855e-05,0.146481598685,0.211783935681,0.691655852998,0.502188435844,1.39518544114,0.0725886552387
ridge,4,0.25,5,4341,3.53964826649e-05,0.310073188144,0.213731919395,1.45075751447,0.506565307533,1.40520617369,0.153656131248
ridge,4,0.25,6,4341,5.56724978773e-06,0.0487691081405,0.210281005308,0.231923506686,0.494356139138,1.38648928818,0.0241674313285
ridge,4,0.25,7,4341,1.32386005139e-05,0.115970140502,0.213500347131,0.54318478663,0.498041925824,1.38896567611,0.057468764831
ridge,4,0.25,8,4341,-5.28128710159e-06,-0.0462640750099,0.209488172478,-0.220843374892,0.488366735775,1.40031098825,-0.022926067308
ridge,4,0.25,9,4341,-4.0340191344e-05,-0.353380076174,0.210726703148,-1.67695916509,0.495047224142,1.39915917991,-0.175116770624
ridge,4,0.25,10,4341,-2.53981258311e-06,-0.022248758228,0.205859228702,-0.108077536131,0.493434692467,1.41038931122,-0.0110253264233
ridge,4,0.25,11,4341,4.08745817313e-05,0.358061335966,0.20616711148,1.73675293502,0.500806265837,1.40238424326,0.177436559295
ridge,4,0.5,0,4341,-2.61211597211e-05,-0.228821359157,0.211902427236,-1.07984303031,0.477079014052,1.36103432389,-0.113391954349
ridge,4,0.5,1,4341,1.96533419927e-05,0.172163275856,0.212574874776,0.809894753732,0.493204330799,1.39553098364,0.0853151575903
ridge,4,0.5,2,4341,-5.55079881552e-05,-0.486249976239,0.208321657941,-2.33413069502,0.487675650772,1.38971435153,-0.240960176582
ridge,4,0.5,3,4341,-3.32740017083e-05,-0.291480254965,0.212676958667,-1.37053048338,0.485602395761,1.38372494817,-0.144442441416
ridge,4,0.5,4,4341,-1.81579923431e-05,-0.159064012925,0.211794793649,-0.751028909563,0.493204330799,1.39518544114,-0.0788238447613
ridge,4,0.5,5,4341,2.66328322564e-07,0.00233303610566,0.213759326531,0.0109143125754,0.496429394149,1.40520617369,0.00115613124825
ridge,4,0.5,6,4341,-2.90949824168e-05,-0.254872045971,0.210287430035,-1.21201750351,0.482838055748,1.38648928818,-0.126301318671
ridge,4,0.5,7,4341,-2.14855413888e-05,-0.188213342566,0.21351530658,-0.881498125736,0.489057820779,1.38896567611,-0.093268735169
ridge,4,0.5,8,4341,-4.02890618079e-05,-0.352932181437,0.209524349397,-1.68444470752,0.479152269062,1.40031098825,-0.174894817308
ridge,4,0.5,9,4341,-7.53191708418e-05,-0.659795936575,0.21069283791,-3.13155370215,0.486523842433,1.39915917991,-0.326960520624
ridge,4,0.5,10,4341,-3.77995453636e-05,-0.331124017385,0.205861656111,-1.60847835211,0.484450587422,1.41038931122,-0.164087826423
ridge,4,0.5,11,4341,5.81497564972e-06,0.0509391866915,0.206167403904,0.247076820714,0.488597097443,1.40238424326,0.0252428092954
ridge,4,1,0,4341,-9.41728759156e-05,-0.82495439302,0.211927236767,-3.89263034617,0.460492973969,1.36103432389,-0.408804454349
ridge,4,1,1,4341,-5.01232071895e-05,-0.43907929498,0.212572944387,-2.0655464704,0.474775397374,1.39553098364,-0.21758484241
ridge,4,1,2,4341,-0.000124993705732,-1.09494486221,0.208313414799,-5.25623788207,0.469016355678,1.38971435153,-0.542597676582
ridge,4,1,3,4341,-0.000102460249117,-0.897551782263,0.212743559334,-4.21893750895,0.463487675651,1.38372494817,-0.444779941416
ridge,4,1,4,4341,-8.79172644002e-05,-0.770155236146,0.211824327953,-3.63582051028,0.471089610689,1.39518544114,-0.381648844761
ridge,4,1,5,4341,-6.99939803621e-05,-0.613147267972,0.213821822959,-2.86756168986,0.476848652384,1.40520617369,-0.303843868752
ridge,4,1,6,4341,-9.8419446826e-05,-0.862154354195,0.2103081251,-4.09948190915,0.463257313983,1.38648928818,-0.427238818671
ridge,4,1,7,4341,-9.09338251944e-05,-0.796580308703,0.213553061866,-3.73012824889,0.470628887353,1.38896567611,-0.394743735169
ridge,4,1,8,4341,-0.00011030461122,-0.966268394291,0.209604496858,-4.6099602288,0.461875143976,1.40031098825,-0.478832317308
ridge,4,1,9,4341,-0.000145277129837,-1.27262765738,0.210633269534,-6.0419118983,0.467864547339,1.39915917991,-0.630648020624
ridge,4,1,10,4341,-0.000108319010925,-0.948874535699,0.20587440674,-4.60899706149,0.465560930661,1.41038931122,-0.470212826423
ridge,4,1,11,4341,-6.43042365134e-05,-0.563305111857,0.206176108177,-2.73215513106,0.469707440682,1.40238424326,-0.279144690705
ridge,4,2,0,4341,-0.000230276308304,-2.01722046075,0.212007632193,-9.51484830939,0.424786915457,1.36103432389,-0.999629454349
ridge,4,2,1,4341,-0.000189676305554,-1.66156443665,0.21260028251,-7.815438517,0.436765722184,1.39553098364,-0.82338484241
ridge,4,2,2,4341,-0.000263965140885,-2.31233463415,0.20832843129,-11.0994674123,0.43400138217,1.38971435153,-1.14587267658
ridge,4,2,3,4341,-0.000240832743934,-2.10969483686,0.212908518573,-9.908926383,0.428472702142,1.38372494817,-1.04545494142
ridge,4,2,4,4341,-0.000227435808514,-1.99233768259,0.21191465276,-9.40160416773,0.433079935499,1.39518544114,-0.987298844761
ridge,4,2,5,4341,-0.000210514597731,-1.84410787613,0.213977511092,-8.61823219981,0.436535360516,1.40520617369,-0.913843868752
ridge,4,2,6,4341,-0.000237068375644,-2.07671897064,0.210380884813,-9.87123413084,0.430085233817,1.38648928818,-1.02911381867
ridge,4,2,7,4341,-0.000229830392806,-2.01331424098,0.213659896596,-9.42298612445,0.438608615526,1.38896567611,-0.997693735169
ridge,4,2,8,4341,-0.000250335710046,-2.19294082,0.209795922563,-10.4527332715,0.425938723796,1.40031098825,-1.08670731731
ridge,4,2,9,4341,-0.000285193047829,-2.49829109898,0.210546811296,-11.8657275482,0.423865468786,1.39915917991,-1.23802302062
ridge,4,2,10,4341,-0.000249357942046,-2.18437557233,0.205931482272,-10.6072930094,0.426860170468,1.41038931122,-1.08246282642
ridge,4,2,11,4341,-0.00020454266084,-1.79179370895,0.206225987376,-8.68849620627,0.431237042156,1.40238424326,-0.887919690705
ridge,4,5,0,4341,-0.000638586605471,-5.59401866393,0.212494476468,-26.3254779932,0.325040313292,1.36103432389,-2.77210445435
ridge,4,5,1,4341,-0.000608335600647,-5.32901986167,0.212931606743,-25.0269086078,0.335406588344,1.39553098364,-2.64078484241
ridge,4,5,2,4341,-0.000680879446345,-5.96450394998,0.208625278626,-28.5895553466,0.329186823313,1.38971435153,-2.95569767658
ridge,4,5,3,4341,-0.000655950228384,-5.74612400065,0.21365643521,-26.8942238739,0.320202718268,1.38372494817,-2.84747994142
ridge,4,5,4,4341,-0.000645991440857,-5.65888502191,0.21243506038,-26.6381877444,0.328726099977,1.39518544114,-2.80424884476
ridge,4,5,5,4341,-0.000632076449839,-5.53698970059,0.214689204711,-25.7907224914,0.336558396683,1.40520617369,-2.74384386875
ridge,4,5,6,4341,-0.000653015162099,-5.72041281999,0.210849590913,-27.1303007761,0.331720801659,1.38648928818,-2.83473881867
ridge,4,5,7,4341,-0.000646520095639,-5.6635160378,0.214230294287,-26.4365787138,0.336328035015,1.38896567611,-2.80654373517
ridge,4,5,8,4341,-0.000670429006521,-5.87295809712,0.21061808932,-27.8843954766,0.318590186593,1.40031098825,-2.91033231731
ridge,4,5,9,4341,-0.000704940801802,-6.17528142379,0.210549195615,-29.3293992682,0.326192121631,1.39915917991,-3.06014802062
ridge,4,5,10,4341,-0.000672474735412,-5.89087868221,0.206354843755,-28.5473244777,0.329647546648,1.41038931122,-2.91921282642
ridge,4,5,11,4341,-0.000625257933818,-5.47725950025,0.206634954972,-26.5069358715,0.32204561161,1.40238424326,-2.7142446907
ridge,4,10,0,4341,-0.00131910376742,-11.5553490026,0.214117748902,-53.9672636287,0.207095139369,1.36103432389,-5.72622945435
ridge,4,10,1,4341,-0.00130610109247,-11.44144557,0.214309542262,-53.387476121,0.206404054365,1.39553098364,-5.66978484241
ridge,4,10,2,4341,-0.00137573662211,-12.0514528097,0.209954280466,-57.4003672748,0.194655609307,1.38971435153,-5.97207267658
ridge,4,10,3,4341,-0.00134781270247,-11.8068392736,0.215736169905,-54.7281398331,0.21008984105,1.38372494817,-5.85085494142
ridge,4,10,4,4341,-0.00134358416143,-11.7697972541,0.214126335574,-54.9666028821,0.205252246026,1.39518544114,-5.83249884476
ridge,4,10,5,4341,-0.00133467953669,-11.6917927414,0.216681375882,-53.9584571759,0.207555862704,1.40520617369,-5.79384386875
ridge,4,10,6,4341,-0.00134625980619,-11.7932359022,0.212458523809,-55.508414964,0.211932734393,1.38648928818,-5.84411381867
ridge,4,10,7,4341,-0.00134100293369,-11.7471856992,0.216005891273,-54.383635696,0.213775627736,1.38896567611,-5.82129373517
ridge,4,10,8,4341,-0.00137058450065,-12.0063202257,0.212803645323,-56.4197112668,0.205482607694,1.40031098825,-5.94970731731
ridge,4,10,9,4341,-0.00140452039176,-12.3035986318,0.211424049685,-58.1939408035,0.200875374338,1.39915917991,-6.09702302062
ridge,4,10,10,4341,-0.00137766939102,-12.0683838653,0.207894232451,-58.0505948774,0.196037779314,1.41038931122,-5.98046282642
ridge,4,10,11,4341,-0.00132645005545,-11.6197024857,0.208174291125,-55.817182914,0.203178991016,1.40238424326,-5.7581196907
ridge,5,0,0,4341,3.55632087299e-05,0.311533708474,0.187547018278,1.6610965684,0.494816862474,1.27408431237,0.154379889097
ridge,5,0,1,4341,7.1856307134e-05,0.629461250494,0.187758910371,3.35249735551,0.515779774246,1.31006680488,0.311928229269
ridge,5,0,2,4341,1.28393486094e-05,0.112472693819,0.182096652027,0.61765382596,0.506795669201,1.29730476849,0.0557356123136
ridge,5,0,3,4341,3.62700409763e-05,0.317725558952,0.188237684924,1.68789559371,0.499654457498,1.29836443216,0.157448247878
ridge,5,0,4,4341,3.8890938258e-05,0.34068461914,0.185531560997,1.83626234431,0.506104584197,1.30619672886,0.168825562978
ridge,5,0,5,4341,4.71421511447e-05,0.412965244028,0.187528845773,2.2021425148,0.508638562543,1.31448974891,0.204644078119
ridge,5,0,6,4341,3.09890186777e-05,0.271463803617,0.185297025959,1.46501975524,0.503570605851,1.2993780235,0.13452333008
ridge,5,0,7,4341,4.13359981127e-05,0.362103343467,0.18439181357,1.96377125674,0.509790370882,1.29841050449,0.179439567807
ridge,5,0,8,4341,7.44525531208e-06,0.0652204365338,0.185543204116,0.351510780708,0.49527758581,1.31573370191,0.0323198533097
ridge,5,0,9,4341,2.21276743018e-06,0.0193838426884,0.184095083728,0.105292560213,0.498502649159,1.31633264225,0.00960562341441
ridge,5,0,10,4341,2.26171092215e-05,0.19812587678,0.181581809192,1.09111082031,0.506334945865,1.32057129694,0.0981808711305
ridge,5,0,11,4341,6.06087832246e-05,0.530932941048,0.179984465883,2.94988202701,0.513936880903,1.31108039622,0.263102727978
ridge,5,0.25,0,4341,3.71110092069e-06,0.0325092440652,0.187548171758,0.173338101676,0.485832757429,1.27408431237,0.0161098890967
ridge,5,0.25,1,4341,3.91046370119e-05,0.342556620224,0.187751249381,1.82452378535,0.505643860862,1.31006680488,0.169753229269
ridge,5,0.25,2,4341,-1.95932706027e-05,-0.17163705048,0.182084420317,-0.942623483004,0.496890117484,1.29730476849,-0.0850543876864
ridge,5,0.25,3,4341,3.81093017234e-06,0.0333837483097,0.188262741707,0.177325306149,0.49205252246,1.29836443216,0.0165432478781
ridge,5,0.25,4,4341,6.23602003635e-06,0.0546275355185,0.185534961554,0.294432569802,0.49527758581,1.30619672886,0.0270705629778
ridge,5,0.25,5,4341,1.42799074221e-05,0.125091989018,0.187545614194,0.666995011082,0.501497350841,1.31448974891,0.0619890781193
ridge,5,0.25,6,4341,-1.4954319097e-06,-0.013099983529,0.185301959725,-0.0706953318166,0.492973969132,1.2993780235,-0.00649166992003
ridge,5,0.25,7,4341,8.87573550041e-06,0.0777514429836,0.184397402289,0.421651509287,0.498733010827,1.29841050449,0.0385295678073
ridge,5,0.25,8,4341,-2.54480872357e-05,-0.222925244185,0.185560261582,-1.20136306279,0.486523842433,1.31573370191,-0.11047014669
ridge,5,0.25,9,4341,-3.0695548626e-05,-0.268893005964,0.184071314519,-1.46080885371,0.490439990786,1.31633264225,-0.133249376586
ridge,5,0.25,10,4341,-1.03971732019e-05,-0.0910792372487,0.181580281644,-0.501592113549,0.494586500806,1.32057129694,-0.0451341288695
ridge,5,0.25,11,4341,2.78317733191e-05,0.243806334275,0.179983044059,1.35460723842,0.504492052522,1.31108039622,0.120817727978
ridge,5,0.5,0,4341,-2.81410068886e-05,-0.246515220344,0.187551804909,-1.31438468674,0.474314674038,1.27408431237,-0.122160110903
ridge,5,0.5,1,4341,6.35296688978e-06,0.0556519899545,0.187746172132,0.29642143604,0.495738309145,1.31006680488,0.0275782292685
ridge,5,0.5,2,4341,-5.20258898149e-05,-0.455746794778,0.182074810263,-2.50307439079,0.484220225754,1.29730476849,-0.225844387686
ridge,5,0.5,3,4341,-2.86481806316e-05,-0.250958062333,0.188290387476,-1.33282461042,0.483529140751,1.29836443216,-0.124361752122
ridge,5,0.5,4,4341,-2.64188981853e-05,-0.231429548103,0.185540956917,-1.24732324306,0.483759502419,1.30619672886,-0.114684437022
ridge,5,0.5,5,4341,-1.85823363005e-05,-0.162781265993,0.18756493867,-0.867866175562,0.491591799125,1.31448974891,-0.0806659218807
ridge,5,0.5,6,4341,-3.39798824971e-05,-0.297663770675,0.185309509475,-1.60630596626,0.483989864087,1.2993780235,-0.14750666992
ridge,5,0.5,7,4341,-2.35845271119e-05,-0.2066004575,0.184405642699,-1.12035865322,0.484911310758,1.29841050449,-0.102380432193
ridge,5,0.5,8,4341,-5.83414297835e-05,-0.511070924904,0.185579828409,-2.75391420116,0.476157567381,1.31573370191,-0.25326014669
ridge,5,0.5,9,4341,-6.36038646822e-05,-0.557169854616,0.184050244002,-3.02727039367,0.479152269062,1.31633264225,-0.276104376586
ridge,5,0.5,10,4341,-4.34114556253e-05,-0.380284351278,0.181581346689,-2.09429194249,0.485141672426,1.32057129694,-0.188449128869
ridge,5,0.5,11,4341,-4.94523658647e-06,-0.0433202724975,0.17998416567,-0.240689353623,0.495738309145,1.31108039622,-0.0214672720219
ridge,5,1,0,4341,-9.18452225071e-05,-0.804564149162,0.187566509555,-4.28948723879,0.458189357291,1.27408431237,-0.398700110903
ridge,5,1,1,4341,-5.91503733544e-05,-0.518157270585,0.187743769595,-2.75991726224,0.477539737388,1.31006680488,-0.256771770731
ridge,5,1,2,4341,-0.000116891128239,-1.02396628338,0.18206345667,-5.62422741006,0.460032250633,1.29730476849,-0.507424387686
ridge,5,1,3,4341,-9.35664022395e-05,-0.819641683618,0.188353441303,-4.35161512286,0.465560930661,1.29836443216,-0.406171752122
ridge,5,1,4,4341,-9.17287346285e-05,-0.803543715345,0.185560730946,-4.33035433331,0.461644782308,1.30619672886,-0.398194437022
ridge,5,1,5,4341,-8.43068237458e-05,-0.738527776014,0.187611252521,-3.93647910822,0.472932504031,1.31448974891,-0.365975921881
ridge,5,1,6,4341,-9.8948783672e-05,-0.866791344966,0.185332455538,-4.67695386892,0.465560930661,1.2993780235,-0.42953666992
ridge,5,1,7,4341,-8.85050523365e-05,-0.775304258468,0.184430077059,-4.20378427873,0.466943100668,1.29841050449,-0.384200432193
ridge,5,1,8,4341,-0.000124128114879,-1.08736228634,0.185626486872,-5.85779704536,0.454733932274,1.31573370191,-0.53884014669
ridge,5,1,9,4341,-0.000129420496795,-1.13372355192,0.184016202632,-6.16099851917,0.456807187284,1.31633264225,-0.561814376586
ridge,5,1,10,4341,-0.000109440020472,-0.958694579336,0.181591254263,-5.27940942545,0.461184058973,1.32057129694,-0.475079128869
ridge,5,1,11,4341,-7.04992563976e-05,-0.617573486043,0.179994038902,-3.43107743906,0.477539737388,1.31108039622,-0.306037272022
ridge,5,2,0,4341,-0.000219253653744,-1.9206620068,0.187625661991,-10.2366701144,0.418336788758,1.27408431237,-0.951780110903
ridge,5,2,1,4341,-0.000190157053843,-1.66577579166,0.187769971508,-8.87136413924,0.436996083852,1.31006680488,-0.825471770731
ridge,5,2,2,4341,-0.000246621605088,-2.16040526057,0.182072220032,-11.865650126,0.422713660447,1.29730476849,-1.07058438769
ridge,5,2,3,4341,-0.000223402845455,-1.95700892619,0.188510559531,-10.3814286641,0.425247638793,1.29836443216,-0.969791752122
ridge,5,2,4,4341,-0.000222348407515,-1.94777204983,0.185631398322,-10.4926864067,0.423865468786,1.30619672886,-0.965214437022
ridge,5,2,5,4341,-0.000215755798636,-1.89002079606,0.187734511156,-10.0675192026,0.432388850495,1.31448974891,-0.936595921881
ridge,5,2,6,4341,-0.000228886586022,-2.00504649355,0.185409717999,-10.8141391681,0.425478000461,1.2993780235,-0.99359666992
ridge,5,2,7,4341,-0.000218346102786,-1.9127118604,0.184510742794,-10.3663983541,0.431237042156,1.29841050449,-0.947840432193
ridge,5,2,8,4341,-0.00025570148507,-2.23994500922,0.18574987444,-12.058931485,0.410504492053,1.31573370191,-1.11000014669
ridge,5,2,9,4341,-0.000261053761019,-2.28683094653,0.183980537033,-12.4297438382,0.419718958765,1.31633264225,-1.13323437659
ridge,5,2,10,4341,-0.000241497150166,-2.11551503545,0.18164217108,-11.6466072987,0.421561852108,1.32057129694,-1.04833912887
ridge,5,2,11,4341,-0.00020160729602,-1.76607991313,0.180044297278,-9.80914108268,0.43607463718,1.31108039622,-0.875177272022
ridge,5,5,0,4341,-0.000601478947455,-5.26895557971,0.188040586478,-28.0203102872,0.32204561161,1.27408431237,-2.6110201109
ridge,5,5,1,4341,-0.000583177095308,-5.1086313549,0.188096324303,-27.1596554257,0.325040313292,1.31006680488,-2.53157177073
ridge,5,5,2,4341,-0.000635813035634,-5.56972219215,0.182350057113,-30.5441209086,0.313982953237,1.29730476849,-2.76006438769
ridge,5,5,3,4341,-0.000612912175103,-5.3691106539,0.189228919394,-28.3736263521,0.317668739922,1.29836443216,-2.66065175212
ridge,5,5,4,4341,-0.000614207426174,-5.38045705329,0.186091773451,-28.912922659,0.317899101589,1.30619672886,-2.66627443702
ridge,5,5,5,4341,-0.000610102723308,-5.34449985618,0.188348463459,-28.3755957337,0.330338631652,1.31448974891,-2.64845592188
ridge,5,5,6,4341,-0.000618699993071,-5.4198119393,0.185891839847,-29.1557281038,0.324118866621,1.2993780235,-2.68577666992
ridge,5,5,7,4341,-0.000607869254133,-5.32493466621,0.185006453052,-28.7824266579,0.324349228288,1.29841050449,-2.63876043219
ridge,5,5,8,4341,-0.000650421595644,-5.69769317784,0.186359739955,-30.5736270034,0.310297166551,1.31573370191,-2.82348014669
ridge,5,5,9,4341,-0.000655953553694,-5.74615313036,0.184132932197,-31.2065476924,0.311448974891,1.31633264225,-2.84749437659
ridge,5,5,10,4341,-0.000637668539247,-5.5859764038,0.182043262309,-30.6848840927,0.311448974891,1.32057129694,-2.76811912887
ridge,5,5,11,4341,-0.000594931414886,-5.2115991944,0.180438706972,-28.8829336114,0.319050909929,1.31108039622,-2.58259727202
ridge,5,10,0,4341,-0.00123852110364,-10.8494448679,0.189516997875,-57.2478721673,0.199723565999,1.27408431237,-5.3764201109
ridge,5,10,1,4341,-0.00123821049775,-10.8467239603,0.189460181869,-57.2506784976,0.19857175766,1.31006680488,-5.37507177073
ridge,5,10,2,4341,-0.00128446541988,-11.2519170781,0.183646080573,-61.269573753,0.183828610919,1.29730476849,-5.57586438769
ridge,5,10,3,4341,-0.00126209439118,-11.0559468668,0.191238663194,-57.8122994697,0.20064501267,1.29836443216,-5.47875175212
ridge,5,10,4,4341,-0.00126730579061,-11.1015987257,0.187679239461,-59.1519805686,0.194425247639,1.30619672886,-5.50137443702
ridge,5,10,5,4341,-0.00126734759776,-11.1019649564,0.190176188468,-58.3772608224,0.193503800968,1.31448974891,-5.50155592188
ridge,5,10,6,4341,-0.00126838900482,-11.1110876822,0.187521717576,-59.2522712881,0.200414651002,1.2993780235,-5.50607666992
ridge,5,10,7,4341,-0.00125707450638,-11.0119726759,0.186669885553,-58.9916935089,0.199262842663,1.29841050449,-5.45696043219
ridge,5,10,8,4341,-0.0013082884466,-11.4606067922,0.188165896295,-60.9069285024,0.194655609307,1.31573370191,-5.67928014669
ridge,5,10,9,4341,-0.00131411987482,-11.5116901034,0.185247614084,-62.1421774328,0.192121630961,1.31633264225,-5.70459437659
ridge,5,10,10,4341,-0.00129795418771,-11.3700786844,0.183532443018,-61.9513285904,0.184289334255,1.32057129694,-5.63441912887
ridge,5,10,11,4341,-0.001250471613,-10.9541313299,0.181901257583,-60.2202066958,0.187744759272,1.31108039622,-5.42829727202
ridge,6,0,0,4341,3.49368837062e-05,0.306047101266,0.168278941411,1.81868924715,0.506104584197,1.1851339937,0.151661012169
ridge,6,0,1,4341,6.78862872646e-05,0.594683876438,0.167181806688,3.55710880399,0.515088689242,1.22602318974,0.294694373016
ridge,6,0,2,4341,1.52752880672e-05,0.133811523469,0.162971623606,0.821072530963,0.506334945865,1.21565691469,0.0663100254999
ridge,6,0,3,4341,3.19149258943e-05,0.279574750834,0.17018403614,1.64277894199,0.498733010827,1.21104968133,0.138542693307
ridge,6,0,4,4341,4.33164023047e-05,0.379451684189,0.16573760162,2.28947251849,0.508868924211,1.2194194886,0.188036502405
ridge,6,0,5,4341,4.54047730557e-05,0.397745811968,0.169153926196,2.35138386032,0.504031329187,1.22801965753,0.197102119835
ridge,6,0,6,4341,2.41773023396e-05,0.211793168495,0.167455562052,1.26477237244,0.496659755817,1.21550334024,0.104953669456
ridge,6,0,7,4341,2.17312661721e-05,0.190365891668,0.164452076436,1.15757669829,0.502418797512,1.21239345773,0.0943354264531
ridge,6,0,8,4341,-4.052617037e-07,-0.00355009252441,0.165093785886,-0.0215034897005,0.491591799125,1.22540889196,-0.00175924105576
ridge,6,0,9,4341,-1.03693459596e-05,-0.0908354706064,0.162817591031,-0.557897153687,0.501036627505,1.22510174307,-0.0450133308108
ridge,6,0,10,4341,1.78216213761e-05,0.156117403255,0.161919221092,0.964168442772,0.498963372495,1.23239652922,0.0773636583937
ridge,6,0,11,4341,4.7013662397e-05,0.411839682598,0.160581021095,2.56468466691,0.512324349228,1.22560086002,0.204086308465
ridge,6,0.25,0,4341,5.30853386359e-06,0.046502756645,0.168275446665,0.276349031107,0.494356139138,1.1851339937,0.0230443455018
ridge,6,0.25,1,4341,3.72357075211e-05,0.326184797884,0.167177115292,1.95113306815,0.502418797512,1.22602318974,0.161640206349
ridge,6,0.25,2,4341,-1.51161348e-05,-0.132417340848,0.162954397917,-0.812603664219,0.49527758581,1.21565691469,-0.0656191411668
ridge,6,0.25,3,4341,1.63868386099e-06,0.0143548706222,0.170202581047,0.084339911498,0.48997926745,1.21104968133,0.00711352664054
ridge,6,0.25,4,4341,1.28309150897e-05,0.112398816186,0.16573639526,0.678178236048,0.50057590417,1.2194194886,0.0556990024046
ridge,6,0.25,5,4341,1.47042816174e-05,0.128809506969,0.169160814108,0.761461853017,0.493204330799,1.22801965753,0.0638312865013
ridge,6,0.25,6,4341,-6.21028116652e-06,-0.0544020630188,0.167462201339,-0.32486174542,0.484911310758,1.21550334024,-0.0269588305439
ridge,6,0.25,7,4341,-8.57857027111e-06,-0.0751482755749,0.164457417942,-0.456946707028,0.493895415803,1.21239345773,-0.0372395735469
ridge,6,0.25,8,4341,-3.10404840027e-05,-0.271914639864,0.16511062947,-1.64686332271,0.481686247408,1.22540889196,-0.134746741056
ridge,6,0.25,9,4341,-4.09968895364e-05,-0.359132752339,0.162797972404,-2.20600261192,0.491591799125,1.22510174307,-0.177967497477
ridge,6,0.25,10,4341,-1.29882918543e-05,-0.113777436644,0.161921714691,-0.702669415654,0.491591799125,1.23239652922,-0.0563821749396
ridge,6,0.25,11,4341,1.63736408966e-05,0.143433094254,0.160583204774,0.893201094447,0.501497350841,1.22560086002,0.0710779751321
ridge,6,0.5,0,4341,-2.4319815979e-05,-0.213041587976,0.16827443991,-1.26603652991,0.483529140751,1.1851339937,-0.105572321165
ridge,6,0.5,1,4341,6.58512777753e-06,0.0576857193312,0.167175052641,0.345061768607,0.494356139138,1.22602318974,0.0285860396823
ridge,6,0.5,2,4341,-4.55075576672e-05,-0.398646205165,0.16293979052,-2.4465859683,0.485832757429,1.21565691469,-0.197548307833
ridge,6,0.5,3,4341,-2.86375581723e-05,-0.25086500959,0.170223698882,-1.47373727182,0.480995162405,1.21104968133,-0.124315640026
ridge,6,0.5,4,4341,-1.76545721252e-05,-0.154654051817,0.165737818511,-0.933124697826,0.489057820779,1.2194194886,-0.0766384975954
ridge,6,0.5,5,4341,-1.59962098208e-05,-0.14012679803,0.169170252452,-0.828318194239,0.485372034094,1.22801965753,-0.069439546832
ridge,6,0.5,6,4341,-3.65978646726e-05,-0.320597294532,0.167471398437,-1.91434058307,0.476618290716,1.21550334024,-0.158871330544
ridge,6,0.5,7,4341,-3.88884067143e-05,-0.340662442818,0.164465424822,-2.07133166856,0.485141672426,1.21239345773,-0.168814573547
ridge,6,0.5,8,4341,-6.16757063017e-05,-0.540279187203,0.165129987052,-3.27184175842,0.471089610689,1.22540889196,-0.267734241056
ridge,6,0.5,9,4341,-7.16244331131e-05,-0.627430034071,0.162781096235,-3.85444040236,0.480534439069,1.22510174307,-0.310921664144
ridge,6,0.5,10,4341,-4.37982050848e-05,-0.383672276543,0.161926842136,-2.36941739542,0.478921907395,1.23239652922,-0.190128008273
ridge,6,0.5,11,4341,-1.42663806038e-05,-0.12497349409,0.160587873055,-0.77822497871,0.491131075789,1.22560086002,-0.0619303582012
ridge,6,1,0,4341,-8.35765156642e-05,-0.732130277218,0.168279890438,-4.35067003734,0.466712739,1.1851339937,-0.362805654498
ridge,6,1,1,4341,-5.47160317095e-05,-0.479312437775,0.167178813837,-2.86706447291,0.47201105736,1.22602318974,-0.237522293651
ridge,6,1,2,4341,-0.000106290403402,-0.931103933799,0.162918433293,-5.71515398828,0.462796590647,1.21565691469,-0.461406641167
ridge,6,1,3,4341,-8.9190042239e-05,-0.781304770014,0.170273649391,-4.58852425381,0.458880442294,1.21104968133,-0.387173973359
ridge,6,1,4,4341,-7.8625546555e-05,-0.688759787822,0.165748553453,-4.15544976698,0.463718037319,1.2194194886,-0.341313497595
ridge,6,1,5,4341,-7.73971926972e-05,-0.677999408028,0.169196778611,-4.00716499211,0.465100207326,1.22801965753,-0.335981213499
ridge,6,1,6,4341,-9.73730316848e-05,-0.852987757559,0.167497464268,-5.09254131867,0.456807187284,1.21550334024,-0.422696330544
ridge,6,1,7,4341,-9.95080796008e-05,-0.871690777303,0.164489433015,-5.29937249661,0.465560930661,1.21239345773,-0.431964573547
ridge,6,1,8,4341,-0.0001229461509,-1.07700828188,0.165176240557,-6.52035836541,0.452891038931,1.22540889196,-0.533709241056
ridge,6,1,9,4341,-0.000132879520267,-1.16402459754,0.162755574549,-7.15197989844,0.45934116563,1.22510174307,-0.576829997477
ridge,6,1,10,4341,-0.000105418031546,-0.92346195634,0.16194499743,-5.70231850933,0.459110803962,1.23239652922,-0.45761967494
ridge,6,1,11,4341,-7.55464236047e-05,-0.661786670777,0.16060466244,-4.12059438826,0.474314674038,1.22560086002,-0.327947024868
ridge,6,2,0,4341,-0.000202089915035,-1.7703076557,0.168320641954,-10.5174721006,0.426860170468,1.1851339937,-0.877272321165
ridge,6,2,1,4341,-0.000177318350684,-1.55330875199,0.167217877141,-9.28913091439,0.430545957153,1.22602318974,-0.769738960318
ridge,6,2,2,4341,-0.000227856094871,-1.99601939107,0.162907160872,-12.2524963321,0.420179682101,1.21565691469,-0.989123307833
ridge,6,2,3,4341,-0.000210295010372,-1.84218429086,0.170404375658,-10.8106630698,0.416954618751,1.21104968133,-0.912890640026
ridge,6,2,4,4341,-0.000200567495415,-1.75697125983,0.165801567312,-10.5968314312,0.419949320433,1.2194194886,-0.870663497595
ridge,6,2,5,4341,-0.00020019915845,-1.75374462802,0.169280409616,-10.3599975449,0.42870306381,1.22801965753,-0.869064546832
ridge,6,2,6,4341,-0.000218923365709,-1.91776868361,0.167580263302,-11.4438815516,0.421101128772,1.21550334024,-0.950346330544
ridge,6,2,7,4341,-0.000220747425374,-1.93374744627,0.164569408089,-11.7503457582,0.422713660447,1.21239345773,-0.958264573547
ridge,6,2,8,4341,-0.000245487040096,-2.15046647124,0.165298868997,-13.0095655481,0.411195577056,1.22540889196,-1.06565924106
ridge,6,2,9,4341,-0.000255389694574,-2.23721372446,0.162737468936,-13.7473793779,0.416724257084,1.22510174307,-1.10864666414
ridge,6,2,10,4341,-0.000228657684467,-2.00304131593,0.162012894549,-12.3634684851,0.416954618751,1.23239652922,-0.992603008273
ridge,6,2,11,4341,-0.000198106509606,-1.73541302415,0.160668039175,-10.801233606,0.431237042156,1.22560086002,-0.859980358201
ridge,6,5,0,4341,-0.000557630113146,-4.88483979115,0.168681282074,-28.9589913658,0.316056208247,1.1851339937,-2.42067232116
ridge,6,5,1,4341,-0.000545125307606,-4.77529769463,0.16758695158,-28.4944481035,0.319050909929,1.22602318974,-2.36638896032
ridge,6,5,2,4341,-0.000592553169277,-5.19076576287,0.163124776288,-31.8208299253,0.310757889887,1.21565691469,-2.57227330783
ridge,6,5,3,4341,-0.000573609914772,-5.0248228534,0.171042141658,-29.3776890577,0.31260078323,1.21104968133,-2.49004064003
ridge,6,5,4,4341,-0.000566393341994,-4.96160567587,0.166212418911,-29.8509925333,0.314213314904,1.2194194886,-2.4587134976
ridge,6,5,5,4341,-0.000568605055709,-4.98098028801,0.169775224626,-29.3386758815,0.32204561161,1.22801965753,-2.46831454683
ridge,6,5,6,4341,-0.000583574367783,-5.11211146177,0.168073287616,-30.4159663579,0.313752591569,1.21550334024,-2.53329633054
ridge,6,5,7,4341,-0.000584465462692,-5.11991745318,0.165064259754,-31.0177227997,0.315825846579,1.21239345773,-2.53716457355
ridge,6,5,8,4341,-0.000613109707684,-5.37084103931,0.165906760195,-32.3726473413,0.304768486524,1.22540889196,-2.66150924106
ridge,6,5,9,4341,-0.000622920217495,-5.45678110525,0.162946586178,-33.4881585018,0.303155954849,1.22510174307,-2.70409666414
ridge,6,5,10,4341,-0.000598376643233,-5.24177939472,0.162468618708,-32.2633345222,0.310527528219,1.23239652922,-2.59755300827
ridge,6,5,11,4341,-0.000565786767611,-4.95629208428,0.161095965743,-30.7660844355,0.315134761576,1.22560086002,-2.4560803582
ridge,6,10,0,4341,-0.00115019711,-10.0757266836,0.17007024189,-59.2445013989,0.194885970974,1.1851339937,-4.9930056545
ridge,6,10,1,4341,-0.00115813690248,-10.1452792657,0.169034314469,-60.0190517386,0.193043077632,1.22602318974,-5.02747229365
ridge,6,10,2,4341,-0.00120038162662,-10.5153430492,0.164320324208,-63.992954614,0.18060354757,1.21565691469,-5.21085664117
ridge,6,10,3,4341,-0.00117913475544,-10.3292204576,0.172912907139,-59.7365496222,0.194194885971,1.21104968133,-5.11862397336
ridge,6,10,4,4341,-0.00117610308629,-10.3026630359,0.167728480206,-61.4246490714,0.187284035936,1.2194194886,-5.1054634976
ridge,6,10,5,4341,-0.00118261488447,-10.359706388,0.171404212636,-60.4402087245,0.195577055978,1.22801965753,-5.1337312135
ridge,6,10,6,4341,-0.0011913260379,-10.436016092,0.1697015489,-61.4962925189,0.192121630961,1.21550334024,-5.17154633054
ridge,6,10,7,4341,-0.00119066219156,-10.430200798,0.166729252511,-62.5577134243,0.192351992628,1.21239345773,-5.16866457355
ridge,6,10,8,4341,-0.00122581415366,-10.7381319861,0.167709515348,-64.028161812,0.186362589265,1.22540889196,-5.32125924106
ridge,6,10,9,4341,-0.00123547108903,-10.8227267399,0.164167759374,-65.9248002236,0.181294632573,1.22510174307,-5.36317999748
ridge,6,10,10,4341,-0.00121457490784,-10.6396761927,0.164059331686,-64.8526120603,0.184519695923,1.23239652922,-5.27246967494
ridge,6,10,11,4341,-0.00117858719762,-10.3244238512,0.162593834015,-63.4982495722,0.179451739231,1.22560086002,-5.11624702487
ridge,8,0,0,4341,2.52891611953e-05,0.221533052071,0.139653094156,1.5863096583,0.501266989173,1.01793941488,0.109780248749
ridge,8,0,1,4341,6.11427428562e-05,0.53561042742,0.136675702229,3.91884159864,0.511633264225,1.0523208938,0.265420646739
ridge,8,0,2,4341,1.22302524455e-05,0.107137011422,0.134303444263,0.797723483643,0.507256392536,1.04428703064,0.0530915258659
ridge,8,0,3,4341,2.40108967007e-05,0.210335455098,0.143066165777,1.47019705152,0.506565307533,1.03991015895,0.104231302578
ridge,8,0,4,4341,3.40781712727e-05,0.298524780349,0.136587321037,2.18559656988,0.50794747754,1.05004607233,0.147933341495
ridge,8,0,5,4341,4.3804980793e-05,0.383731631746,0.138795240166,2.7647319266,0.509099285879,1.05606427091,0.190157421622
ridge,8,0,6,4341,2.65269408134e-05,0.232376001525,0.13943250052,1.6665841942,0.503800967519,1.04523727252,0.115153450071
ridge,8,0,7,4341,2.00761098965e-05,0.175866722694,0.136903173707,1.28460661599,0.506565307533,1.04204100438,0.0871503930608
ridge,8,0,8,4341,3.94234275787e-07,0.00345349225589,0.135333834503,0.0255183211839,0.49205252246,1.0526664363,0.00171137099119
ridge,8,0,9,4341,-1.95528263721e-06,-0.017128275902,0.13416454921,-0.127666183078,0.502418797512,1.05399101589,-0.00848788192813
ridge,8,0,10,4341,1.62204664663e-05,0.142091286245,0.13321599606,1.06662330687,0.506104584197,1.05885740613,0.0704130449304
ridge,8,0,11,4341,2.6560896437e-05,0.232673452788,0.131580113675,1.76830256708,0.516931582585,1.04941257775,0.115300851433
ridge,8,0.25,0,4341,-1.59324176758e-07,-0.0013956797884,0.139639892591,-0.00999485005683,0.493204330799,1.01793941488,-0.000691626251305
ridge,8,0.25,1,4341,3.48347205111e-05,0.305152151677,0.136687581105,2.23247898025,0.502188435844,1.0523208938,0.151217521739
ridge,8,0.25,2,4341,-1.38769233205e-05,-0.121561848287,0.134298633346,-0.905160724714,0.494816862474,1.04428703064,-0.0602397241341
ridge,8,0.25,3,4341,-1.98685727307e-06,-0.0174048697121,0.143069453725,-0.121653289776,0.495507947478,1.03991015895,-0.00862494742238
ridge,8,0.25,4,4341,7.82701946438e-06,0.068564690508,0.136582958212,0.502000333024,0.498041925824,1.05004607233,0.0339770914949
ridge,8,0.25,5,4341,1.74033740203e-05,0.152453556418,0.138789158016,1.09845436486,0.497811564156,1.05606427091,0.0755480466223
ridge,8,0.25,6,4341,3.96009000404e-07,0.00346903884354,0.139436165224,0.0248790465369,0.492513245796,1.04523727252,0.00171907507075
ridge,8,0.25,7,4341,-5.97491521289e-06,-0.052340257265,0.136902078099,-0.382318939141,0.495507947478,1.04204100438,-0.0259371069392
ridge,8,0.25,8,4341,-2.59224266318e-05,-0.227080457295,0.135341032287,-1.67783896323,0.481455885741,1.0526664363,-0.112529254009
ridge,8,0.25,9,4341,-2.83050580346e-05,-0.247952308383,0.134155507583,-1.84824546416,0.492513245796,1.05399101589,-0.122872256928
ridge,8,0.25,10,4341,-1.02509686868e-05,-0.0897984856967,0.133213335837,-0.674095315852,0.492513245796,1.05885740613,-0.0444994550696
ridge,8,0.25,11,4341,3.25581993365e-07,0.00285209826187,0.131591056105,0.0216739522146,0.506795669201,1.04941257775,0.0014133514332
ridge,8,0.5,0,4341,-2.56078095488e-05,-0.224324411647,0.139629200285,-1.60657234439,0.48260769408,1.01793941488,-0.111163501251
ridge,8,0.5,1,4341,8.52669816602e-06,0.0746938759343,0.136702094282,0.546398914565,0.48997926745,1.0523208938,0.0370143967387
ridge,8,0.5,2,4341,-3.99840990864e-05,-0.350260707997,0.134296436785,-2.60811616735,0.481916609076,1.04428703064,-0.173570974134
ridge,8,0.5,3,4341,-2.79846112468e-05,-0.245145194522,0.143075300734,-1.71339981999,0.483759502419,1.03991015895,-0.121481197422
ridge,8,0.5,4,4341,-1.8424132344e-05,-0.161395399333,0.136581295504,-1.18168010296,0.489518544114,1.05004607233,-0.0799791585051
ridge,8,0.5,5,4341,-8.9982327523e-06,-0.0788245189101,0.1387856849,-0.567958568398,0.4867542041,1.05606427091,-0.0390613283777
ridge,8,0.5,6,4341,-2.57349228125e-05,-0.225437923838,0.139442407719,-1.61670992007,0.484450587422,1.04523727252,-0.111715299929
ridge,8,0.5,7,4341,-3.20259403223e-05,-0.280547237223,0.136903654898,-2.04923117233,0.484220225754,1.04204100438,-0.139024606939
ridge,8,0.5,8,4341,-5.22390875395e-05,-0.457614406846,0.135350775106,-3.38095150535,0.469477079014,1.0526664363,-0.226769879009
ridge,8,0.5,9,4341,-5.4654833432e-05,-0.478776340864,0.134149162982,-3.56898492859,0.484220225754,1.05399101589,-0.237256631928
ridge,8,0.5,10,4341,-3.672240384e-05,-0.321688257639,0.133213333318,-2.41483528433,0.481686247408,1.05885740613,-0.15941195507
ridge,8,0.5,11,4341,-2.59097324503e-05,-0.226969256265,0.131604572256,-1.7246304773,0.49735084082,1.04941257775,-0.112474148567
ridge,8,1,0,4341,-7.65047802929e-05,-0.670181875365,0.139615345622,-4.80020210085,0.463487675651,1.01793941488,-0.332107251251
ridge,8,1,1,4341,-4.40893465241e-05,-0.386222675552,0.136739020032,-2.82452423208,0.470168164018,1.0523208938,-0.191391853261
ridge,8,1,2,4341,-9.21984506183e-05,-0.807658427416,0.134299887096,-6.01384293675,0.462105505644,1.04428703064,-0.400233474134
ridge,8,1,3,4341,-7.99801191943e-05,-0.700625844142,0.143094670545,-4.89623996108,0.463257313983,1.03991015895,-0.347193697422
ridge,8,1,4,4341,-7.09264359606e-05,-0.621315579015,0.136586070673,-4.5488941585,0.468325270675,1.05004607233,-0.307891658505
ridge,8,1,5,4341,-6.18014462976e-05,-0.541380669567,0.138786566409,-3.90081463628,0.468555632343,1.05606427091,-0.268280078378
ridge,8,1,6,4341,-7.79967864384e-05,-0.683251849201,0.139462624557,-4.89917532651,0.462566228979,1.04523727252,-0.338584049929
ridge,8,1,7,4341,-8.41279905412e-05,-0.736961197141,0.136914825193,-5.38262526429,0.462566228979,1.04204100438,-0.365199606939
ridge,8,1,8,4341,-0.000104872409355,-0.918682305947,0.135377893508,-6.78605850737,0.449896337249,1.0526664363,-0.455251129009
ridge,8,1,9,4341,-0.000107354384227,-0.940424405826,0.13414456622,-7.01052925458,0.467403824004,1.05399101589,-0.466025381928
ridge,8,1,10,4341,-8.96652741464e-05,-0.785467801523,0.133221301232,-5.89596253948,0.45934116563,1.05885740613,-0.38923695507
ridge,8,1,11,4341,-7.83803613377e-05,-0.686611965318,0.131639322401,-5.21585763884,0.473393227367,1.04941257775,-0.340249148567
ridge,8,2,0,4341,-0.000178298721781,-1.5618968028,0.139617763708,-11.1869490051,0.425478000461,1.01793941488,-0.773994751251
ridge,8,2,1,4341,-0.000149321435904,-1.30805577852,0.136844436086,-9.55870633794,0.428933425478,1.0523208938,-0.648204353261
ridge,8,2,2,4341,-0.000196627153682,-1.72245386626,0.134338155413,-12.8217769625,0.42133149044,1.04428703064,-0.853558474134
ridge,8,2,3,4341,-0.000183971135089,-1.61158714338,0.143164095921,-11.2569225755,0.418336788758,1.03991015895,-0.798618697422
ridge,8,2,4,4341,-0.000175931043194,-1.54115593838,0.136628016023,-11.279940844,0.427320893803,1.05004607233,-0.763716658505
ridge,8,2,5,4341,-0.000167407873388,-1.46649297088,0.1388196366,-10.5640167832,0.427781617139,1.05606427091,-0.726717578378
ridge,8,2,6,4341,-0.00018252051369,-1.59887969993,0.139533966941,-11.4587131362,0.427551255471,1.04523727252,-0.792321549929
ridge,8,2,7,4341,-0.000188332090979,-1.64978911697,0.13696922013,-12.044962477,0.422022575443,1.04204100438,-0.817549606939
ridge,8,2,8,4341,-0.000210139052985,-1.84081810415,0.13546263696,-13.5891205536,0.407970513707,1.0526664363,-0.912213629009
ridge,8,2,9,4341,-0.000212753485816,-1.86372053575,0.134167742928,-13.8909733075,0.423865468786,1.05399101589,-0.923562881928
ridge,8,2,10,4341,-0.000195551014759,-1.71302688929,0.133269118854,-12.8538922147,0.416263533748,1.05885740613,-0.84888695507
ridge,8,2,11,4341,-0.000183321619112,-1.60589738342,0.131739662398,-12.1899309152,0.431237042156,1.04941257775,-0.795799148567
ridge,8,5,0,4341,-0.000483680546245,-4.23704158511,0.139865823824,-30.2936161905,0.316286569915,1.01793941488,-2.09965725125
ridge,8,5,1,4341,-0.000465017704045,-4.07355508744,0.137412111422,-29.6448038334,0.314213314904,1.0523208938,-2.01864185326
ridge,8,5,2,4341,-0.000509913262874,-4.46684018277,0.134703361997,-33.1605693915,0.310066804884,1.04428703064,-2.21353347413
ridge,8,5,3,4341,-0.000495944182774,-4.3444710411,0.143617127368,-30.2503686067,0.313752591569,1.03991015895,-2.15289369742
ridge,8,5,4,4341,-0.000490944864894,-4.30067701647,0.137012425373,-31.3889561823,0.313061506565,1.05004607233,-2.13119165851
ridge,8,5,5,4341,-0.00048422715466,-4.24182987482,0.139168825462,-30.4797418585,0.324349228288,1.05606427091,-2.10203007838
ridge,8,5,6,4341,-0.000496091695446,-4.3457632521,0.139994491984,-31.0423873863,0.315825846579,1.04523727252,-2.15353404993
ridge,8,5,7,4341,-0.000500944392292,-4.38827287648,0.137388158482,-31.9406921597,0.313291868233,1.04204100438,-2.17459960694
ridge,8,5,8,4341,-0.000525938983877,-4.60722549876,0.135960030638,-33.8866170972,0.29670582815,1.0526664363,-2.28310112901
ridge,8,5,9,4341,-0.000528950790585,-4.63360892552,0.134495800376,-34.4516997004,0.310297166551,1.05399101589,-2.29617538193
ridge,8,5,10,4341,-0.000513208236597,-4.49570415259,0.13366698736,-33.6336162083,0.306381018199,1.05885740613,-2.22783695507
ridge,8,5,11,4341,-0.000498145392436,-4.36375363774,0.132286342233,-32.9871819274,0.313522229901,1.04941257775,-2.16244914857
ridge,8,10,0,4341,-0.000992650253686,-8.69561622229,0.141075654295,-61.6379648618,0.192582354296,1.01793941488,-4.30909475125
ridge,8,10,1,4341,-0.000991178150947,-8.6827206023,0.139183802478,-62.3831253903,0.189126929279,1.0523208938,-4.30270435326
ridge,8,10,2,4341,-0.00103205677819,-9.04081737697,0.136137691855,-66.4093628574,0.176687399217,1.04428703064,-4.48015847413
ridge,8,10,3,4341,-0.00101589926225,-8.8992775373,0.145178330377,-61.2989384446,0.1932734393,1.03991015895,-4.41001869742
ridge,8,10,4,4341,-0.00101596790106,-8.89987881329,0.138505428852,-64.2565341089,0.185210780926,1.05004607233,-4.41031665851
ridge,8,10,5,4341,-0.00101225929011,-8.86739138138,0.140575636052,-63.0791482111,0.18797512094,1.05606427091,-4.39421757838
ridge,8,10,6,4341,-0.0010187103317,-8.92390250573,0.14157352946,-63.033693797,0.187744759272,1.04523727252,-4.42222154993
ridge,8,10,7,4341,-0.00102196489448,-8.95241247565,0.138928834939,-64.4388364702,0.191430545957,1.04204100438,-4.43634960694
ridge,8,10,8,4341,-0.00105227220203,-9.21790448978,0.137588625658,-66.9961230129,0.182216079244,1.0526664363,-4.56791362901
ridge,8,10,9,4341,-0.00105594629853,-9.25008957514,0.135895620747,-68.067606037,0.180373185902,1.05399101589,-4.58386288193
ridge,8,10,10,4341,-0.00104263693966,-9.13349959143,0.135168270971,-67.5713281365,0.181524994241,1.05885740613,-4.52608695507
ridge,8,10,11,4341,-0.00102285168131,-8.96018072828,0.134004068371,-66.8649902738,0.178069569224,1.04941257775,-4.44019914857
ridge,10,0,0,4341,9.12900164458e-06,0.0799700544065,0.118195803479,0.676589625455,0.506104584197,0.849205252246,0.0396289961391
ridge,10,0,1,4341,6.48081328227e-05,0.567719243527,0.116438219632,4.87571216152,0.516010135913,0.876526146049,0.281332104583
ridge,10,0,2,4341,1.41148033345e-05,0.12364567721,0.11404219384,1.0842099143,0.509099285879,0.869799585349,0.0612723612751
ridge,10,0,3,4341,2.08833681582e-05,0.182938305065,0.120458913152,1.5186780312,0.501497350841,0.871734623359,0.0906547011745
ridge,10,0,4,4341,3.16119181037e-05,0.276920402589,0.116990162951,2.36704006221,0.508868924211,0.876986869385,0.137227336488
ridge,10,0,5,4341,2.90685037958e-05,0.254640093252,0.116885414993,2.17854463079,0.513706519235,0.877032941718,0.126186374978
ridge,10,0,6,4341,2.24013090037e-05,0.196235466872,0.118468484401,1.65643603752,0.503800967519,0.87201105736,0.097244082385
ridge,10,0,7,4341,8.65421761133e-06,0.0758109462752,0.117564306789,0.644846623484,0.500345542502,0.868739921677,0.0375679586508
ridge,10,0,8,4341,1.1752578803e-06,0.0102952590314,0.113530697272,0.0906826019638,0.494125777471,0.878507256393,0.00510179445837
ridge,10,0,9,4341,-4.9448874331e-06,-0.0433172139139,0.114857825059,-0.377137682102,0.502879520848,0.878967979728,-0.0214657563471
ridge,10,0,10,4341,8.54688933331e-06,0.0748707505598,0.114139425872,0.655958710042,0.506565307533,0.879014052062,0.0371020465959
ridge,10,0,11,4341,1.73015809351e-05,0.151561848991,0.111410427717,1.36039194981,0.510251094218,0.872609997696,0.0751061628391
ridge,10,0.25,0,4341,-1.21011296616e-05,-0.106005895835,0.118182156341,-0.896970398215,0.495738309145,0.849205252246,-0.0525310038609
ridge,10,0.25,1,4341,4.28949791715e-05,0.375760017542,0.116444195382,3.22695361765,0.507486754204,0.876526146049,0.186207104583
ridge,10,0.25,2,4341,-7.63018629922e-06,-0.0668404319812,0.114035021453,-0.586139513364,0.498502649159,0.869799585349,-0.0331226387249
ridge,10,0.25,3,4341,-9.09997425815e-07,-0.00797157745014,0.120461816155,-0.0661751391816,0.493204330799,0.871734623359,-0.00395029882546
ridge,10,0.25,4,4341,9.68724636912e-06,0.0848602781935,0.116992437078,0.7253484098,0.499193734163,0.876986869385,0.0420523364883
ridge,10,0.25,5,4341,7.14268025288e-06,0.0625698790152,0.116878806148,0.535339819746,0.506565307533,0.877032941718,0.0310063749777
ridge,10,0.25,6,4341,6.01032569677e-07,0.00526504531037,0.118469477271,0.0444422093494,0.495738309145,0.87201105736,0.00260908238497
ridge,10,0.25,7,4341,-1.30642804306e-05,-0.114443096572,0.117564766281,-0.973447234173,0.491131075789,0.868739921677,-0.0567120413492
ridge,10,0.25,8,4341,-2.07874235295e-05,-0.182097830119,0.113542989267,-1.60377872112,0.483989864087,0.878507256393,-0.0902382055416
ridge,10,0.25,9,4341,-2.69190869263e-05,-0.235811201474,0.114848409433,-2.05323872258,0.491591799125,0.878967979728,-0.116855756347
ridge,10,0.25,10,4341,-1.34284619682e-05,-0.117633326842,0.114135125735,-1.03064964518,0.494125777471,0.879014052062,-0.0582929534041
ridge,10,0.25,11,4341,-4.51366900735e-06,-0.0395397405044,0.111419776557,-0.354871834481,0.500115180834,0.872609997696,-0.0195938371609
ridge,10,0.5,0,4341,-3.33312609677e-05,-0.291981846077,0.118171196673,-2.47083768547,0.4867542041,0.849205252246,-0.144691003861
ridge,10,0.5,1,4341,2.09818255202e-05,0.183800791557,0.116453011434,1.57832579247,0.498963372495,0.876526146049,0.0910821045833
ridge,10,0.5,2,4341,-2.93751759329e-05,-0.257326541173,0.114030680896,-2.25664302933,0.490209629118,0.869799585349,-0.127517638725
ridge,10,0.5,3,4341,-2.27033630098e-05,-0.198881459966,0.12046743366,-1.65091472379,0.482838055748,0.871734623359,-0.0985552988255
ridge,10,0.5,4,4341,-1.22374253655e-05,-0.107199846202,0.116997502461,-0.916257560605,0.487675650772,0.876986869385,-0.0531226635117
ridge,10,0.5,5,4341,-1.47831432901e-05,-0.129500335221,0.116875010249,-1.10802416141,0.49735084082,0.877032941718,-0.0641736250223
ridge,10,0.5,6,4341,-2.11992438643e-05,-0.185705376251,0.118473249005,-1.56748783216,0.484911310758,0.87201105736,-0.092025917615
ridge,10,0.5,7,4341,-3.47827784725e-05,-0.304697139419,0.117568025596,-2.59166672124,0.481916609076,0.868739921677,-0.150992041349
ridge,10,0.5,8,4341,-4.27501049393e-05,-0.374490919269,0.113558104823,-3.29779120434,0.474775397374,0.878507256393,-0.185578205542
ridge,10,0.5,9,4341,-4.88932864195e-05,-0.428305189035,0.114841823316,-3.72952271802,0.482146970744,0.878967979728,-0.212245756347
ridge,10,0.5,10,4341,-3.54038132698e-05,-0.310137404243,0.114133623853,-2.71731847088,0.48468094909,0.879014052062,-0.153687953404
ridge,10,0.5,11,4341,-2.63289189498e-05,-0.23064133,0.111431976559,-2.06979483916,0.488136374107,0.872609997696,-0.114293837161
ridge,10,1,0,4341,-7.579152358e-05,-0.663933746561,0.118157342554,-5.61906464898,0.466021653997,0.849205252246,-0.329011003861
ridge,10,1,1,4341,-2.28444817822e-05,-0.200117660412,0.116479161658,-1.71805546643,0.478461184059,0.876526146049,-0.0991678954167
ridge,10,1,2,4341,-7.28651552004e-05,-0.638298759555,0.11403049635,-5.59761449775,0.468325270675,0.869799585349,-0.316307638725
ridge,10,1,3,4341,-6.62900941777e-05,-0.580701224997,0.12048681047,-4.819624843,0.463257313983,0.871734623359,-0.287765298825
ridge,10,1,4,4341,-5.60867688348e-05,-0.491320094992,0.117016005341,-4.19874267252,0.465791292329,0.876986869385,-0.243472663512
ridge,10,1,5,4341,-5.8634790376e-05,-0.513640763694,0.116875858189,-4.39475501316,0.479152269062,0.877032941718,-0.254533625022
ridge,10,1,6,4341,-6.47997967323e-05,-0.567646219375,0.11848912781,-4.79070299417,0.467864547339,0.87201105736,-0.281295917615
ridge,10,1,7,4341,-7.82197745564e-05,-0.685205225114,0.117582942569,-5.82742028857,0.462796590647,0.868739921677,-0.339552041349
ridge,10,1,8,4341,-8.6675467759e-05,-0.759277097568,0.113596801904,-6.68396543604,0.454964293941,0.878507256393,-0.376258205542
ridge,10,1,9,4341,-9.28416854059e-05,-0.813293164156,0.114837141344,-7.08214393565,0.45934116563,0.878967979728,-0.403025756347
ridge,10,1,10,4341,-7.93545158729e-05,-0.695145559046,0.114139015088,-6.09034131325,0.46463948399,0.879014052062,-0.344477953404
ridge,10,1,11,4341,-6.99594188346e-05,-0.612844508991,0.111464926083,-5.49809281291,0.468555632343,0.872609997696,-0.303693837161
ridge,10,2,0,4341,-0.000160712048805,-1.40783754753,0.11816190457,-11.9144791433,0.425478000461,0.849205252246,-0.697651003861
ridge,10,2,1,4341,-0.000110497096387,-0.967954564352,0.116565503477,-8.30395387555,0.436765722184,0.876526146049,-0.479667895417
ridge,10,2,2,4341,-0.000159845113735,-1.40024319632,0.114064109301,-12.2759315345,0.425478000461,0.869799585349,-0.693887638725
ridge,10,2,3,4341,-0.000153463556514,-1.34434075506,0.120558109127,-11.1509774398,0.42340474545,0.871734623359,-0.666185298825
ridge,10,2,4,4341,-0.000143785455773,-1.25956059257,0.117086476847,-10.7575240667,0.429624510481,0.876986869385,-0.624172663512
ridge,10,2,5,4341,-0.000146338084548,-1.28192162064,0.11691130789,-10.9649070203,0.436996083852,0.877032941718,-0.635253625022
ridge,10,2,6,4341,-0.000152000902468,-1.33152790562,0.118554207035,-11.2313846883,0.425017277125,0.87201105736,-0.659835917615
ridge,10,2,7,4341,-0.000165093766724,-1.4462213965,0.117646350774,-12.2929558545,0.424326192122,0.868739921677,-0.716672041349
ridge,10,2,8,4341,-0.000174526193398,-1.52884945417,0.113708015183,-13.4453974217,0.413729555402,0.878507256393,-0.757618205542
ridge,10,2,9,4341,-0.000180738483379,-1.5832691144,0.114861738904,-13.7841297677,0.42340474545,0.878967979728,-0.784585756347
ridge,10,2,10,4341,-0.000167255921079,-1.46516186865,0.11418336769,-12.8316575197,0.4266298088,0.879014052062,-0.726057953404
ridge,10,2,11,4341,-0.000157220418604,-1.37725086697,0.111564983278,-12.3448310258,0.4266298088,0.872609997696,-0.682493837161
ridge,10,5,0,4341,-0.000415473624478,-3.63954895043,0.118433444117,-30.7307532731,0.315134761576,0.849205252246,-1.80357100386
ridge,10,5,1,4341,-0.000373454940202,-3.27146527617,0.117095659383,-27.9383991978,0.335867311679,0.876526146049,-1.62116789542
ridge,10,5,2,4341,-0.00042078498934,-3.68607650662,0.11443614243,-32.2107721244,0.31674729325,0.869799585349,-1.82662763872
ridge,10,5,3,4341,-0.000414983943521,-3.63525934525,0.121031412649,-30.0356681433,0.319511633264,0.871734623359,-1.80144529883
ridge,10,5,4,4341,-0.000406881516589,-3.56428208532,0.117564609382,-30.3176449447,0.321584888275,0.876986869385,-1.76627266351
ridge,10,5,5,4341,-0.000409447967063,-3.58676419148,0.117287028881,-30.5810815201,0.326422483299,0.877032941718,-1.77741362502
ridge,10,5,6,4341,-0.000413604219676,-3.62317296436,0.119015081805,-30.4429733561,0.325731398295,0.87201105736,-1.79545591762
ridge,10,5,7,4341,-0.000425715743227,-3.72926991067,0.118104234225,-31.5760898426,0.318359824925,0.868739921677,-1.84803204135
ridge,10,5,8,4341,-0.000438078370316,-3.83756652397,0.114310723325,-33.5713606943,0.313982953237,0.878507256393,-1.90169820554
ridge,10,5,9,4341,-0.000444428877297,-3.89319696512,0.115206662233,-33.7931582226,0.314904399908,0.878967979728,-1.92926575635
ridge,10,5,10,4341,-0.000430960136698,-3.77521079747,0.114584223701,-32.9470382181,0.321354526607,0.879014052062,-1.8707979534
ridge,10,5,11,4341,-0.000419003417913,-3.67046994092,0.112137010669,-32.7320116616,0.320663441603,0.872609997696,-1.81889383716
ridge,10,10,0,4341,-0.000840076250601,-7.35906795527,0.119736897961,-61.460319088,0.1932734393,0.849205252246,-3.64677100386
ridge,10,10,1,4341,-0.000811718013227,-7.11064979587,0.118867836994,-59.8197963021,0.197189587653,0.876526146049,-3.52366789542
ridge,10,10,2,4341,-0.000855684782014,-7.49579869045,0.115948306086,-64.6477636756,0.189818014282,0.869799585349,-3.71452763872
ridge,10,10,3,4341,-0.000850851255201,-7.45345699556,0.122672192928,-60.7591404185,0.194194885971,0.871734623359,-3.69354529883
ridge,10,10,4,4341,-0.000845374951281,-7.40548457322,0.119236879476,-62.1073329472,0.189587652615,0.876986869385,-3.66977266351
ridge,10,10,5,4341,-0.000847964437923,-7.4281684762,0.118799564172,-62.5269000605,0.192351992628,0.877032941718,-3.68101362502
ridge,10,10,6,4341,-0.000849609748356,-7.4425813956,0.120655593276,-61.6845120357,0.198111034324,0.87201105736,-3.68815591762
ridge,10,10,7,4341,-0.000860085704066,-7.53435076762,0.119746344105,-62.9192550631,0.196498502649,0.868739921677,-3.73363204135
ridge,10,10,8,4341,-0.000877331998512,-7.68542830697,0.116195060463,-66.1424700529,0.195807417646,0.878507256393,-3.80849820554
ridge,10,10,9,4341,-0.000883912867161,-7.74307671633,0.116674138082,-66.364978937,0.18797512094,0.878967979728,-3.83706575635
ridge,10,10,10,4341,-0.000870467162728,-7.6252923455,0.116132647105,-65.6601957812,0.194655609307,0.879014052062,-3.7786979534
ridge,10,10,11,4341,-0.000855308416761,-7.49250173083,0.113979691305,-65.7354099227,0.187284035936,0.872609997696,-3.71289383716
tcn,1,0,0,4341,-3.78287668032e-05,-0.331379997196,0.414083066371,-0.800274206091,0.49735084082,1.75051831375,-0.164214676693
tcn,1,0,1,4341,-4.18571067813e-05,-0.366668255405,0.402801058909,-0.91029615562,0.498963372495,1.75190048376,-0.181701700538
tcn,1,0,2,4341,4.13684803298e-05,0.362387887689,0.402562515655,0.90020276006,0.508408200875,1.7608845888,0.179580573112
tcn,1,0,3,4341,-2.35440674689e-05,-0.206246031028,0.40520763035,-0.508988517441,0.507256392536,1.77885279889,-0.102204796882
tcn,1,0,4,4341,-4.63189312932e-05,-0.405753838128,0.385400763292,-1.05281015705,0.497581202488,1.77032941718,-0.201070480744
tcn,1,0,5,4341,-3.53537186305e-05,-0.309698575203,0.398551324638,-0.777060709771,0.501727712509,1.76480073716,-0.153470492575
tcn,1,0,6,4341,-4.5236748606e-05,-0.396273917789,0.406497475689,-0.974849639883,0.509560009214,1.76341856715,-0.196372725699
tcn,1,0,7,4341,-2.22207443158e-05,-0.194653720206,0.406373039694,-0.479002544935,0.489748905782,1.7608845888,-0.0964602510749
tcn,1,0,8,4341,-1.05999202572e-05,-0.0928553014531,0.409463627847,-0.226773015082,0.502418797512,1.75259156876,-0.0460142538365
tcn,1,0,9,4341,-3.64405700027e-05,-0.319219393224,0.414380205549,-0.770353865724,0.512554710896,1.76572218383,-0.158188514382
tcn,1,0,10,4341,2.34776515478e-05,0.205664227559,0.39354343229,0.522596010209,0.502879520848,1.76295784381,0.101916485369
tcn,1,0,11,4341,-1.46148558595e-05,-0.12802613733,0.399519704741,-0.320450120007,0.498041925824,1.78000460723,-0.0634430892863
tcn,1,0.25,0,4341,-8.1591724647e-05,-0.714743507908,0.414076551686,-1.72611442256,0.492282884128,1.75051831375,-0.354189676693
tcn,1,0.25,1,4341,-8.56546188753e-05,-0.750334461348,0.402812660367,-1.86273802979,0.494125777471,1.75190048376,-0.371826700538
tcn,1,0.25,2,4341,-2.65363439031e-06,-0.0232458372591,0.402575784121,-0.0577427609309,0.501497350841,1.7608845888,-0.0115194268883
tcn,1,0.25,3,4341,-6.80153874413e-05,-0.595814793985,0.405196274377,-1.47043502535,0.501036627505,1.77885279889,-0.295254796882
tcn,1,0.25,4,4341,-9.05771667228e-05,-0.793455980492,0.385408596286,-2.05873970674,0.489518544114,1.77032941718,-0.393195480744
tcn,1,0.25,5,4341,-7.94737370594e-05,-0.696189936641,0.398557813314,-1.74677277269,0.493434692467,1.76480073716,-0.344995492575
tcn,1,0.25,6,4341,-8.93222127848e-05,-0.782462583994,0.406467182763,-1.92503261561,0.502418797512,1.76341856715,-0.387747725699
tcn,1,0.25,7,4341,-6.62428590359e-05,-0.580287445155,0.406382213244,-1.42793514638,0.484220225754,1.7608845888,-0.287560251075
tcn,1,0.25,8,4341,-5.44147094763e-05,-0.476672855012,0.409452837015,-1.16417035595,0.494356139138,1.75259156876,-0.236214253837
tcn,1,0.25,9,4341,-8.05836245985e-05,-0.705912551482,0.414392415399,-1.70348810753,0.50472241419,1.76572218383,-0.349813514382
tcn,1,0.25,10,4341,-2.05962945476e-05,-0.180423540237,0.393557330934,-0.45844283934,0.49735084082,1.76295784381,-0.0894085146309
tcn,1,0.25,11,4341,-5.91149710404e-05,-0.517847146314,0.399541008486,-1.29610511891,0.491131075789,1.78000460723,-0.256618089286
tcn,1,0.5,0,4341,-0.000125354682491,-1.09810701862,0.414072897105,-2.65196545414,0.485372034094,1.75051831375,-0.544164676693
tcn,1,0.5,1,4341,-0.000129452130969,-1.13400066729,0.402827279793,-2.81510395193,0.486063119097,1.75190048376,-0.561951700538
tcn,1,0.5,2,4341,-4.66757491104e-05,-0.408879562207,0.402591997016,-1.01561771033,0.493665054135,1.7608845888,-0.202619426888
tcn,1,0.5,3,4341,-0.000112486707414,-0.985383556943,0.405187650743,-2.431919026,0.49205252246,1.77885279889,-0.488304796882
tcn,1,0.5,4,4341,-0.000134835402152,-1.18115812286,0.385419381539,-3.06460489387,0.481686247408,1.77032941718,-0.585320480744
tcn,1,0.5,5,4341,-0.000123593755488,-1.08268129808,0.398567222881,-2.71643335408,0.486293480765,1.76480073716,-0.536520492575
tcn,1,0.5,6,4341,-0.000133407676964,-1.1686512502,0.406439712173,-2.87533726454,0.493665054135,1.76341856715,-0.579122725699
tcn,1,0.5,7,4341,-0.000110264973756,-0.965921170103,0.406394328733,-2.37680770082,0.478000460723,1.7608845888,-0.478660251075
tcn,1,0.5,8,4341,-9.82294986953e-05,-0.860490408571,0.409445023078,-2.10160182704,0.483068417415,1.75259156876,-0.426414253837
tcn,1,0.5,9,4341,-0.000124726679194,-1.09260570974,0.414407391243,-2.63654976439,0.49735084082,1.76572218383,-0.541438514382
tcn,1,0.5,10,4341,-6.46702406429e-05,-0.566511308032,0.393574296832,-1.43940118192,0.490670352453,1.76295784381,-0.280733514631
tcn,1,0.5,11,4341,-0.000103615086221,-0.907668155298,0.399565016553,-2.2716407035,0.483759502419,1.78000460723,-0.449793089286
tcn,1,1,0,4341,-0.000212880598178,-1.86483404004,0.414074168499,-4.50362321997,0.469707440682,1.75051831375,-0.924114676693
tcn,1,1,1,4341,-0.000217047155157,-1.90133307918,0.402865571164,-4.71952237984,0.467864547339,1.75190048376,-0.942201700538
tcn,1,1,2,4341,-0.000134719978551,-1.1801470121,0.402633254602,-2.93107188394,0.480995162405,1.7608845888,-0.584819426888
tcn,1,1,3,4341,-0.000201429347358,-1.76452108286,0.405178601133,-4.35492170101,0.473393227367,1.77885279889,-0.874404796882
tcn,1,1,4,4341,-0.000223351873012,-1.95656240758,0.385449807764,-5.07604976879,0.463257313983,1.77032941718,-0.969570480744
tcn,1,1,5,4341,-0.000211833792346,-1.85566402095,0.398594803794,-4.65551483183,0.467634185672,1.76480073716,-0.919570492575
tcn,1,1,6,4341,-0.000221578605321,-1.94102858261,0.406393240228,-4.77623245289,0.478000460723,1.76341856715,-0.961872725699
tcn,1,1,7,4341,-0.000198309203196,-1.73718862,0.406427384412,-4.27429028315,0.463026952315,1.7608845888,-0.860860251075
tcn,1,1,8,4341,-0.000185859077133,-1.62812551569,0.409438326502,-3.97648537107,0.467403824004,1.75259156876,-0.806814253837
tcn,1,1,9,4341,-0.000213012788386,-1.86599202626,0.414445639659,-4.50238064465,0.480534439069,1.76572218383,-0.924688514382
tcn,1,1,10,4341,-0.000152818132834,-1.33868684362,0.393617428732,-3.40098467676,0.476848652384,1.76295784381,-0.663383514631
tcn,1,1,11,4341,-0.000192615316583,-1.68731017327,0.399621143648,-4.22227452197,0.467634185672,1.78000460723,-0.836143089286
tcn,1,2,0,4341,-0.000387932429554,-3.39828808289,0.414111031898,-8.2062244691,0.441833678876,1.75051831375,-1.68401467669
tcn,1,2,1,4341,-0.000392237203533,-3.43599790295,0.402978350523,-8.52650743765,0.439990785533,1.75190048376,-1.70270170054
tcn,1,2,2,4341,-0.000310808437431,-2.7226819119,0.402751082941,-6.76021003349,0.448974890578,1.7608845888,-1.34921942689
tcn,1,2,3,4341,-0.000379314627248,-3.32279613469,0.405193293949,-8.20052104591,0.442985487215,1.77885279889,-1.64660479688
tcn,1,2,4,4341,-0.00040038481473,-3.50737097704,0.385546071882,-9.09715137264,0.436765722184,1.77032941718,-1.73807048074
tcn,1,2,5,4341,-0.000388313866062,-3.4016294667,0.398685002904,-8.53212295904,0.436304998848,1.76480073716,-1.68567049257
tcn,1,2,6,4341,-0.000397920462036,-3.48578324744,0.406334185609,-8.57861181975,0.445980188897,1.76341856715,-1.7273727257
tcn,1,2,7,4341,-0.000374397662077,-3.27972351979,0.406528783183,-8.06762929333,0.434692467173,1.7608845888,-1.62526025107
tcn,1,2,8,4341,-0.00036111823401,-3.16339572993,0.409460659227,-7.72576231351,0.436304998848,1.75259156876,-1.56761425384
tcn,1,2,9,4341,-0.000389585006768,-3.41276465929,0.414555311522,-8.2323505801,0.449205252246,1.76572218383,-1.69118851438
tcn,1,2,10,4341,-0.000329113917215,-2.8830379148,0.393740477335,-7.32217813703,0.445289103893,1.76295784381,-1.42868351463
tcn,1,2,11,4341,-0.000370615777306,-3.2465942092,0.399765824591,-8.12124000977,0.439069338862,1.78000460723,-1.60884308929
tcn,1,5,0,4341,-0.000913087923679,-7.99865021143,0.414495991849,-19.2972920577,0.358442755126,1.75051831375,-3.96371467669
tcn,1,5,1,4341,-0.000917807348661,-8.03999237427,0.403605800022,-19.920408413,0.362819626814,1.75190048376,-3.98420170054
tcn,1,5,2,4341,-0.000839073814072,-7.35028661127,0.403386609211,-18.2214442508,0.366966136835,1.7608845888,-3.64241942689
tcn,1,5,3,4341,-0.000912970466916,-7.99762129018,0.405499586356,-19.7228839665,0.359133840129,1.77885279889,-3.96320479688
tcn,1,5,4,4341,-0.000931483639886,-8.1597966854,0.386117742313,-21.1329234355,0.346003225063,1.77032941718,-4.04357048074
tcn,1,5,5,4341,-0.000917754087209,-8.03952580395,0.399235521281,-20.1373008548,0.357521308454,1.76480073716,-3.98397049257
tcn,1,5,6,4341,-0.000926946032181,-8.12004724191,0.406428228412,-19.9790434676,0.3600552868,1.76341856715,-4.0238727257
tcn,1,5,7,4341,-0.000902663038718,-7.90732821917,0.407114870654,-19.4228430086,0.347615756738,1.7608845888,-3.91846025107
tcn,1,5,8,4341,-0.000886895704639,-7.76920637263,0.409813300904,-18.9579165817,0.3600552868,1.75259156876,-3.85001425384
tcn,1,5,9,4341,-0.000919301661917,-8.05308255839,0.415149332329,-19.3980380824,0.36535360516,1.76572218383,-3.99068851438
tcn,1,5,10,4341,-0.00085800127036,-7.51609112835,0.394403385485,-19.0568626056,0.359133840129,1.76295784381,-3.72458351463
tcn,1,5,11,4341,-0.000904617159476,-7.92444631701,0.400458780903,-19.7884194202,0.358212393458,1.78000460723,-3.92694308929
tcn,1,10,0,4341,-0.00178834708056,-15.6659204257,0.416048714257,-37.6540532126,0.2533978346,1.75051831375,-7.76321467669
tcn,1,10,1,4341,-0.00179375759054,-15.7133164931,0.405609751245,-38.739987007,0.255010366275,1.75190048376,-7.78670170054
tcn,1,10,2,4341,-0.00171951610847,-15.0629611102,0.40538055443,-37.1575817973,0.249481686247,1.7608845888,-7.46441942689
tcn,1,10,3,4341,-0.00180239686636,-15.7889965493,0.406881301428,-38.8049204865,0.243261921216,1.77885279889,-7.82420479688
tcn,1,10,4,4341,-0.00181664834848,-15.9138395327,0.38800825439,-41.0141777981,0.246256622898,1.77032941718,-7.88607048074
tcn,1,10,5,4341,-0.00180015445579,-15.7693530327,0.401081303135,-39.3170983276,0.242340474545,1.76480073716,-7.81447049257
tcn,1,10,6,4341,-0.00180865531576,-15.843820566,0.407487460185,-38.8817377566,0.25132457959,1.76341856715,-7.8513727257
tcn,1,10,7,4341,-0.00178310533312,-15.6200027181,0.409026309784,-38.1882591523,0.244644091223,1.7608845888,-7.74046025107
tcn,1,10,8,4341,-0.00176319148902,-15.4455574438,0.411349741521,-37.5484797601,0.252476387929,1.75259156876,-7.65401425384
tcn,1,10,9,4341,-0.00180216275383,-15.7869457236,0.417018100873,-37.8567397687,0.255701451279,1.76572218383,-7.82318851438
tcn,1,10,10,4341,-0.00173948019227,-15.2378464843,0.396481440339,-38.4326854524,0.24602626123,1.76295784381,-7.55108351463
tcn,1,10,11,4341,-0.00179461946309,-15.7208664967,0.402471462423,-39.060822852,0.242570836213,1.78000460723,-7.79044308929
tcn,2,0,0,4341,-1.17233884253e-05,-0.102696882606,0.271511358137,-0.378241570852,0.503340244183,1.59041695462,-0.0508912291544
tcn,2,0,1,4341,-9.48111995288e-06,-0.0830546107873,0.272428653964,-0.304867382996,0.50794747754,1.59525454964,-0.0411575417155
tcn,2,0,2,4341,5.03541824461e-06,0.0441102638228,0.271100780148,0.162707992942,0.510481455886,1.61034323889,0.0218587505999
tcn,2,0,3,4341,-1.00510849027e-05,-0.0880475037475,0.278042736845,-0.316668957968,0.505874222529,1.63222759733,-0.0436317595625
tcn,2,0,4,4341,-3.05422530634e-05,-0.267550136836,0.266417616339,-1.00425092196,0.50057590417,1.61587191891,-0.132583920548
tcn,2,0,5,4341,2.606644403e-05,0.228342049703,0.267857321931,0.85247641564,0.507486754204,1.61978806727,0.113154433534
tcn,2,0,6,4341,-5.42493619771e-05,-0.47522441092,0.265774874737,-1.78807124409,0.504952775858,1.60953697305,-0.235496480343
tcn,2,0,7,4341,6.24680771394e-06,0.0547220355741,0.266465069482,0.205362885576,0.501036627505,1.61356830223,0.0271173922862
tcn,2,0,8,4341,-1.01794537683e-05,-0.0891720150102,0.275597618854,-0.323558728051,0.506565307533,1.60965215388,-0.0441890088081
tcn,2,0,9,4341,5.61115082191e-06,0.0491536811999,0.276079306695,0.178041888718,0.505413499194,1.62197650311,0.0243580057179
tcn,2,0,10,4341,-2.1250127487e-05,-0.186151116786,0.264156811159,-0.704699288157,0.501036627505,1.61564155724,-0.0922468034209
tcn,2,0,11,4341,3.72071135009e-05,0.325934314268,0.261474809406,1.24652281039,0.505643860862,1.63533747984,0.161516079707
tcn,2,0.25,0,4341,-5.14838122908e-05,-0.450998195667,0.271500060041,-1.66113479164,0.494356139138,1.59041695462,-0.223491229154
tcn,2,0.25,1,4341,-4.9362483694e-05,-0.432415357159,0.272433395986,-1.58723329639,0.499193734163,1.59525454964,-0.214282541715
tcn,2,0.25,2,4341,-3.52231627275e-05,-0.308554905493,0.271096700071,-1.13817285644,0.500806265837,1.61034323889,-0.1529037494
tcn,2,0.25,3,4341,-5.08567748359e-05,-0.445505347562,0.278030618534,-1.60236073966,0.494356139138,1.63222759733,-0.220769259563
tcn,2,0.25,4,4341,-7.09390510362e-05,-0.621426087078,0.266405561965,-2.33263180579,0.488597097443,1.61587191891,-0.307946420548
tcn,2,0.25,5,4341,-1.44282576517e-05,-0.126391537029,0.267848737725,-0.471876545329,0.496429394149,1.61978806727,-0.0626330664659
tcn,2,0.25,6,4341,-9.44877863033e-05,-0.827713008017,0.265755490084,-3.11456597851,0.496890117484,1.60953697305,-0.410171480343
tcn,2,0.25,7,4341,-3.40923998419e-05,-0.298649422615,0.266462512131,-1.12079339126,0.492513245796,1.61356830223,-0.147995107714
tcn,2,0.25,8,4341,-5.04207576153e-05,-0.44168583671,0.27558604981,-1.60271478551,0.498733010827,1.60965215388,-0.218876508808
tcn,2,0.25,9,4341,-3.49382617558e-05,-0.306059172981,0.276067421332,-1.10863922843,0.49527758581,1.62197650311,-0.151666994282
tcn,2,0.25,10,4341,-6.16411664181e-05,-0.539976617822,0.264179661618,-2.04397497717,0.493665054135,1.61564155724,-0.267584303421
tcn,2,0.25,11,4341,-3.67632349519e-06,-0.0322045938179,0.261484553943,-0.123160597184,0.495968670813,1.63533747984,-0.0159589202926
tcn,2,0.5,0,4341,-9.12442361563e-05,-0.799299508729,0.271492182622,-2.94409769375,0.484911310758,1.59041695462,-0.396091229154
tcn,2,0.5,1,4341,-8.9243847435e-05,-0.781776103531,0.272441489739,-2.86951926552,0.488366735775,1.59525454964,-0.387407541715
tcn,2,0.5,2,4341,-7.54817436996e-05,-0.661220074809,0.271095891979,-2.43906342506,0.491361437457,1.61034323889,-0.3276662494
tcn,2,0.5,3,4341,-9.16624647691e-05,-0.802963191377,0.278021601548,-2.88813238578,0.485141672426,1.63222759733,-0.397906759563
tcn,2,0.5,4,4341,-0.000111335849009,-0.975302037319,0.266396901072,-3.66108627162,0.481225524073,1.61587191891,-0.483308920548
tcn,2,0.5,5,4341,-5.49229593333e-05,-0.48112512376,0.267843404099,-1.79629259634,0.486293480765,1.61978806727,-0.238420566466
tcn,2,0.5,6,4341,-0.00013472621063,-1.18020160511,0.265739461098,-4.44119815792,0.488136374107,1.60953697305,-0.584846480343
tcn,2,0.5,7,4341,-7.44316073978e-05,-0.652020880805,0.266463294885,-2.44694445097,0.483529140751,1.61356830223,-0.323107607714
tcn,2,0.5,8,4341,-9.06620614624e-05,-0.79419965841,0.275577782243,-2.8819437182,0.491822160792,1.60965215388,-0.393564008808
tcn,2,0.5,9,4341,-7.54876743336e-05,-0.661272027162,0.276058719058,-2.39540351929,0.485372034094,1.62197650311,-0.327691994282
tcn,2,0.5,10,4341,-0.000102032205349,-0.893802118859,0.264205833108,-3.38297647839,0.484450587422,1.61564155724,-0.442921803421
tcn,2,0.5,11,4341,-4.45597604913e-05,-0.390343501904,0.261497497746,-1.49272365995,0.48468094909,1.63533747984,-0.193433920293
tcn,2,1,0,4341,-0.000170765083887,-1.49590213485,0.271486690877,-5.51003855849,0.466021653997,1.59041695462,-0.741291229154
tcn,2,1,1,4341,-0.000169006574917,-1.48049759627,0.272467731115,-5.43366214492,0.473162865699,1.59525454964,-0.733657541715
tcn,2,1,2,4341,-0.000155998905644,-1.36655041344,0.271104091745,-5.04068531259,0.474314674038,1.61034323889,-0.6771912494
tcn,2,1,3,4341,-0.000173273844635,-1.51787887901,0.278012872653,-5.45974315693,0.465791292329,1.63222759733,-0.752181759563
tcn,2,1,4,4341,-0.000192129444955,-1.6830539378,0.266389760928,-6.31801286933,0.463026952315,1.61587191891,-0.834033920548
tcn,2,1,5,4341,-0.000135912362697,-1.19059229722,0.26784248924,-4.44512108815,0.467864547339,1.61978806727,-0.589995566466
tcn,2,1,6,4341,-0.000215203059282,-1.88517879931,0.265717472432,-7.09467383554,0.469707440682,1.60953697305,-0.934196480343
tcn,2,1,7,4341,-0.00015511002251,-1.35876379718,0.266474880467,-5.09903145393,0.466712739,1.61356830223,-0.673332607714
tcn,2,1,8,4341,-0.000171144669156,-1.49922730181,0.275571152608,-5.44043629973,0.474314674038,1.60965215388,-0.742939008808
tcn,2,1,9,4341,-0.000156586499489,-1.37169773552,0.276050864865,-4.96900357908,0.464869845658,1.62197650311,-0.679741994282
tcn,2,1,10,4341,-0.000182814283211,-1.60145312093,0.264268135115,-6.05995543215,0.464178760654,1.61564155724,-0.793596803421
tcn,2,1,11,4341,-0.000126326634483,-1.10662131807,0.261532981134,-4.23128782181,0.467634185672,1.63533747984,-0.548383920293
tcn,2,2,0,4341,-0.000329806779349,-2.8891073871,0.271516759954,-10.6406226547,0.426860170468,1.59041695462,-1.43169122915
tcn,2,2,1,4341,-0.000328532029881,-2.87794058176,0.272560413209,-10.5589089328,0.433540658834,1.59525454964,-1.42615754172
tcn,2,2,2,4341,-0.000317033229532,-2.7772110907,0.271159748436,-10.2419739903,0.437456807187,1.61034323889,-1.3762412494
tcn,2,2,3,4341,-0.000336496604368,-2.94771025427,0.278032637081,-10.6020296222,0.430545957153,1.63222759733,-1.46073175956
tcn,2,2,4,4341,-0.000353716636846,-3.09855773877,0.266416208297,-11.6305151198,0.432849573831,1.61587191891,-1.53548392055
tcn,2,2,5,4341,-0.000297891169423,-2.60952664415,0.267879667082,-9.74141364506,0.436304998848,1.61978806727,-1.29314556647
tcn,2,2,6,4341,-0.000376156756587,-3.2951331877,0.265713781318,-12.4010624189,0.433079935499,1.60953697305,-1.63289648034
tcn,2,2,7,4341,-0.000316466852733,-2.77224962994,0.266538123192,-10.4009497656,0.42870306381,1.61356830223,-1.37378260771
tcn,2,2,8,4341,-0.000332109884545,-2.90928258861,0.275597516179,-10.5562728901,0.437917530523,1.60965215388,-1.44168900881
tcn,2,2,9,4341,-0.0003187841498,-2.79254915225,0.276073359404,-10.1152431306,0.427781617139,1.62197650311,-1.38384199428
tcn,2,2,10,4341,-0.000344378438936,-3.01675512508,0.264432539753,-11.4084111127,0.430315595485,1.61564155724,-1.49494680342
tcn,2,2,11,4341,-0.000289860382468,-2.53917695042,0.261642310358,-9.70476429038,0.429163787146,1.63533747984,-1.25828392029
tcn,2,5,0,4341,-0.000806931865735,-7.06872314384,0.27193503837,-25.9941609077,0.328956461645,1.59041695462,-3.50289122915
tcn,2,5,1,4341,-0.000807108394774,-7.07026953822,0.273159385719,-25.8833117508,0.338631651693,1.59525454964,-3.50365754172
tcn,2,5,2,4341,-0.000800136201198,-7.00919312249,0.27164031603,-25.8032136943,0.341395991707,1.61034323889,-3.4733912494
tcn,2,5,3,4341,-0.000826164883567,-7.23720438004,0.278389463679,-25.9966892583,0.328726099977,1.63222759733,-3.58638175956
tcn,2,5,4,4341,-0.00083847821252,-7.34506914167,0.266821039832,-27.528073297,0.337710205022,1.61587191891,-3.63983392055
tcn,2,5,5,4341,-0.000783827589603,-6.86632968492,0.268302896367,-25.5917091388,0.337710205022,1.61978806727,-3.40259556647
tcn,2,5,6,4341,-0.000859017848501,-7.52499635287,0.266024834818,-28.2868190033,0.326883206634,1.60953697305,-3.72899648034
tcn,2,5,7,4341,-0.000800537343403,-7.01270712821,0.267047901836,-26.260109441,0.330338631652,1.61356830223,-3.47513260771
tcn,2,5,8,4341,-0.000815005530709,-7.13944844901,0.275993282707,-25.8681964248,0.336097673347,1.60965215388,-3.53793900881
tcn,2,5,9,4341,-0.000805377100733,-7.05510340242,0.276446196111,-25.5207107266,0.339783460032,1.62197650311,-3.49614199428
tcn,2,5,10,4341,-0.000829070906109,-7.26266113752,0.265243091408,-27.3811509999,0.331720801659,1.61564155724,-3.59899680342
tcn,2,5,11,4341,-0.000780461626421,-6.83684384745,0.262276453582,-26.0673184881,0.323427781617,1.63533747984,-3.38798392029
tcn,2,10,0,4341,-0.00160214034304,-14.0347494051,0.273718760324,-51.2743422791,0.215848882746,1.59041695462,-6.95489122915
tcn,2,10,1,4341,-0.0016047356696,-14.0574844657,0.27521857186,-51.0775285645,0.21538815941,1.59525454964,-6.96615754172
tcn,2,10,2,4341,-0.00160530782064,-14.0624965088,0.273479278523,-51.4207020903,0.215157797742,1.61034323889,-6.9686412494
tcn,2,10,3,4341,-0.00164227868223,-14.3863612563,0.279970579338,-51.3852608741,0.204561161023,1.63222759733,-7.12913175956
tcn,2,10,4,4341,-0.00164641417198,-14.4225881465,0.268573845348,-53.700642845,0.203639714352,1.61587191891,-7.14708392055
tcn,2,10,5,4341,-0.00159372162324,-13.9610014195,0.270040580422,-51.6996423193,0.217000691085,1.61978806727,-6.91834556647
tcn,2,10,6,4341,-0.00166378633502,-14.5747682948,0.267611330588,-54.4624484427,0.209398756047,1.60953697305,-7.22249648034
tcn,2,10,7,4341,-0.00160732149452,-14.080136292,0.268956397446,-52.3509997372,0.207786224372,1.61356830223,-6.97738260771
tcn,2,10,8,4341,-0.00161983160765,-14.189724883,0.277702161018,-51.0969191994,0.210550564386,1.60965215388,-7.03168900881
tcn,2,10,9,4341,-0.00161636535229,-14.159360486,0.278079663776,-50.9183602058,0.219995392767,1.62197650311,-7.01664199428
tcn,2,10,10,4341,-0.00163689168473,-14.3391711583,0.267640311618,-53.5762758292,0.21538815941,1.61564155724,-7.10574680342
tcn,2,10,11,4341,-0.00159813036634,-13.9996220092,0.26434476028,-52.9597106231,0.204561161023,1.63533747984,-6.93748392029
tcn,3,0,0,4341,8.74071549145e-06,0.0765686677051,0.219436935741,0.34893245044,0.507717115872,1.47523612071,0.0379434459484
tcn,3,0,1,4341,-2.47831728597e-05,-0.217100594251,0.216309646135,-1.00365655499,0.507486754204,1.48821316133,-0.107583753384
tcn,3,0,2,4341,-2.15854154209e-05,-0.189088239087,0.214530929759,-0.881403158506,0.505643860862,1.50080626584,-0.0937022883421
tcn,3,0,3,4341,9.99516351911e-06,0.0875576324274,0.225733933358,0.3878797978,0.506795669201,1.52545496429,0.0433890048365
tcn,3,0,4,4341,-4.39045949691e-05,-0.38460425193,0.217277267705,-1.77010810193,0.489518544114,1.50533671197,-0.190589846761
tcn,3,0,5,4341,4.5442282251e-05,0.398074392519,0.214442237444,1.8563245621,0.513706519235,1.50449205252,0.197264947252
tcn,3,0,6,4341,-4.85781066922e-05,-0.425544214624,0.216444876302,-1.96606277725,0.496199032481,1.50003839361,-0.210877561151
tcn,3,0,7,4341,3.13792831192e-05,0.274882520124,0.20962401629,1.31131215301,0.497811564156,1.50648852031,0.13621746802
tcn,3,0,8,4341,9.19455544771e-06,0.080544305722,0.216398782658,0.372203136878,0.516470859249,1.51032788144,0.0399135651985
tcn,3,0,9,4341,-3.61051417884e-06,-0.0316281042067,0.21497589191,-0.147123958531,0.51209398756,1.50956000921,-0.0156732420504
tcn,3,0,10,4341,-3.417618775e-05,-0.29938340469,0.207678390071,-1.44157225308,0.500115180834,1.50979037088,-0.148358831023
tcn,3,0,11,4341,1.67382611578e-05,0.146627167742,0.208426577732,0.703495539473,0.506795669201,1.51908162482,0.0726607916859
tcn,3,0.25,0,4341,-2.81401875263e-05,-0.24650804273,0.219444092312,-1.12332959221,0.497811564156,1.47523612071,-0.122156554052
tcn,3,0.25,1,4341,-6.1988501893e-05,-0.543019276583,0.216312704226,-2.51034389555,0.498502649159,1.48821316133,-0.269092086717
tcn,3,0.25,2,4341,-5.91055720668e-05,-0.517764811305,0.214518661277,-2.4136119824,0.493895415803,1.50080626584,-0.256577288342
tcn,3,0.25,3,4341,-2.81412105882e-05,-0.246517004753,0.225740527638,-1.09203698304,0.496890117484,1.52545496429,-0.122160995164
tcn,3,0.25,4,4341,-8.15380127684e-05,-0.714272991851,0.217253979857,-3.28773259907,0.483759502419,1.50533671197,-0.353956513428
tcn,3,0.25,5,4341,7.82998093796e-06,0.0685906330165,0.214432197521,0.319870960656,0.504261690855,1.50449205252,0.0339899472517
tcn,3,0.25,6,4341,-8.60790665325e-05,-0.754052622824,0.216436529167,-3.48394342547,0.484911310758,1.50003839361,-0.373669227817
tcn,3,0.25,7,4341,-6.2829298886e-06,-0.0550384658241,0.209639455717,-0.262538679257,0.488827459111,1.50648852031,-0.0272741986464
tcn,3,0.25,8,4341,-2.85636415883e-05,-0.250217500314,0.216382266265,-1.15636786985,0.509329647547,1.51032788144,-0.123994768135
tcn,3,0.25,9,4341,-4.13495144092e-05,-0.362221746225,0.214975680478,-1.68494289874,0.499884819166,1.50956000921,-0.17949824205
tcn,3,0.25,10,4341,-7.19209470221e-05,-0.630027495913,0.207690262982,-3.03349558554,0.491591799125,1.50979037088,-0.312208831023
tcn,3,0.25,11,4341,-2.12387794627e-05,-0.186051708093,0.208417144506,-0.892689075718,0.49735084082,1.51908162482,-0.0921975416475
tcn,3,0.5,0,4341,-6.5021090544e-05,-0.569584753166,0.219454656406,-2.59545530951,0.487445289104,1.47523612071,-0.282256554052
tcn,3,0.5,1,4341,-9.91938309262e-05,-0.868937958914,0.216319092766,-4.01692678998,0.490209629118,1.48821316133,-0.430600420051
tcn,3,0.5,2,4341,-9.66257287128e-05,-0.846441383524,0.214509690171,-3.94593541602,0.48468094909,1.50080626584,-0.419452288342
tcn,3,0.5,3,4341,-6.62775846956e-05,-0.580591641933,0.225750134328,-2.57183298544,0.485602395761,1.52545496429,-0.287710995164
tcn,3,0.5,4,4341,-0.000119171430568,-1.04394173177,0.217234047476,-4.8056082548,0.473853950703,1.50533671197,-0.517323180094
tcn,3,0.5,5,4341,-2.97823203751e-05,-0.260893126486,0.214425401092,-1.21670811927,0.495738309145,1.50449205252,-0.129285052748
tcn,3,0.5,6,4341,-0.000123580026373,-1.08256103103,0.216431523056,-5.00186394173,0.472932504031,1.50003839361,-0.536460894484
tcn,3,0.5,7,4341,-4.39451428964e-05,-0.384959451772,0.209658248601,-1.83612833905,0.478691545727,1.50648852031,-0.190765865313
tcn,3,0.5,8,4341,-6.63218386243e-05,-0.580979306349,0.216369053238,-2.68513124985,0.499193734163,1.51032788144,-0.287903101468
tcn,3,0.5,9,4341,-7.90885146396e-05,-0.692815388243,0.214978723712,-3.22271607293,0.486523842433,1.50956000921,-0.34332324205
tcn,3,0.5,10,4341,-0.000109665706294,-0.960671587137,0.207705453794,-4.6251630354,0.480534439069,1.50979037088,-0.476058831023
tcn,3,0.5,11,4341,-5.92158200831e-05,-0.518730583928,0.208411027291,-2.48897858559,0.487445289104,1.51908162482,-0.257055874981
tcn,3,1,0,4341,-0.000138782896579,-1.21573817404,0.219486005037,-5.53902365589,0.467173462336,1.47523612071,-0.602456554052
tcn,3,1,1,4341,-0.000173604488993,-1.52077532358,0.21634185986,-7.02950101549,0.469246717346,1.48821316133,-0.753617086717
tcn,3,1,2,4341,-0.000171666042005,-1.50379452796,0.214501641591,-7.01064344685,0.465791292329,1.50080626584,-0.745202288342
tcn,3,1,3,4341,-0.00014255033291,-1.24874091629,0.225778383277,-5.53082583978,0.466252015665,1.52545496429,-0.618810995164
tcn,3,1,4,4341,-0.000194438266166,-1.70327921162,0.217204252658,-7.84183178172,0.453351762267,1.50533671197,-0.844056513428
tcn,3,1,5,4341,-0.000105006923001,-0.919860645491,0.214421539805,-4.28996380834,0.472702142364,1.50449205252,-0.455835052748
tcn,3,1,6,4341,-0.000198581946053,-1.73957784743,0.216431534673,-8.03754337394,0.454503570606,1.50003839361,-0.862044227817
tcn,3,1,7,4341,-0.000119269568912,-1.04480142367,0.209705890971,-4.98222257292,0.461184058973,1.50648852031,-0.517749198646
tcn,3,1,8,4341,-0.000141838232696,-1.24250291842,0.216352539551,-5.74295509079,0.477539737388,1.51032788144,-0.615719768135
tcn,3,1,9,4341,-0.0001545665151,-1.35400267228,0.214994573474,-6.29784580328,0.467634185672,1.50956000921,-0.67097324205
tcn,3,1,10,4341,-0.000185155224838,-1.62195976958,0.207745786051,-7.80742560613,0.461875143976,1.50979037088,-0.803758831023
tcn,3,1,11,4341,-0.000135169901324,-1.1840883356,0.208408741902,-5.68156750427,0.467173462336,1.51908162482,-0.586772541647
tcn,3,2,0,4341,-0.00028630650865,-2.50804501578,0.219589560313,-11.4215129909,0.428933425478,1.47523612071,-1.24285655405
tcn,3,2,1,4341,-0.000322425805126,-2.8244500529,0.216427336163,-13.0503387556,0.430085233817,1.48821316133,-1.39965042005
tcn,3,2,2,4341,-0.000321746668588,-2.81850081683,0.214525120963,-13.1383252655,0.425478000461,1.50080626584,-1.39670228834
tcn,3,2,3,4341,-0.00029509582934,-2.58503946502,0.2258710051,-11.4447600916,0.431697765492,1.52545496429,-1.28101099516
tcn,3,2,4,4341,-0.000344971937363,-3.0219541713,0.217184958867,-13.9141963931,0.419027873762,1.50533671197,-1.49752318009
tcn,3,2,5,4341,-0.000255456128253,-2.2377956835,0.214452742872,-10.4349128556,0.434922828841,1.50449205252,-1.10893505275
tcn,3,2,6,4341,-0.000348585785414,-3.05361148023,0.216471650017,-14.1062881906,0.416954618751,1.50003839361,-1.51321089448
tcn,3,2,7,4341,-0.000269918420943,-2.36448536746,0.209841366779,-11.2679659104,0.42870306381,1.50648852031,-1.17171586531
tcn,3,2,8,4341,-0.00029287102084,-2.56555014256,0.216359169061,-11.8578295235,0.433310297167,1.51032788144,-1.27135310147
tcn,3,2,9,4341,-0.000305522516022,-2.67637724035,0.215065313003,-12.4444858307,0.429854872149,1.50956000921,-1.32627324205
tcn,3,2,10,4341,-0.000336134261926,-2.94453613448,0.207866222736,-14.1655344275,0.416724257084,1.50979037088,-1.45915883102
tcn,3,2,11,4341,-0.000287078063806,-2.51480383894,0.208443965493,-12.0646516823,0.423865468786,1.51908162482,-1.24620587498
tcn,3,5,0,4341,-0.000728877344863,-6.384965541,0.220226171204,-28.9927646024,0.327574291638,1.47523612071,-3.16405655405
tcn,3,5,1,4341,-0.000768889753525,-6.73547424088,0.217002515055,-31.0386920593,0.321584888275,1.48821316133,-3.33775042005
tcn,3,5,2,4341,-0.00077198854834,-6.76261968345,0.214911797029,-31.4669542432,0.313752591569,1.50080626584,-3.35120228834
tcn,3,5,3,4341,-0.000752732318628,-6.59393511118,0.226437157147,-29.1203757999,0.320433079935,1.52545496429,-3.26761099516
tcn,3,5,4,4341,-0.000796572950955,-6.97797905036,0.217449348952,-32.0901353993,0.31260078323,1.50533671197,-3.45792318009
tcn,3,5,5,4341,-0.00070680374401,-6.19160079753,0.21485734213,-28.8172642189,0.316286569915,1.50449205252,-3.06823505275
tcn,3,5,6,4341,-0.000798597303498,-6.99571237864,0.216912243679,-32.2513485638,0.308684634877,1.50003839361,-3.46671089448
tcn,3,5,7,4341,-0.000721864977036,-6.32353719883,0.210568161729,-30.0308325195,0.317899101589,1.50648852031,-3.13361586531
tcn,3,5,8,4341,-0.000745969385273,-6.53469181499,0.216696051258,-30.156026273,0.323427781617,1.51032788144,-3.23825310147
tcn,3,5,9,4341,-0.000758390518786,-6.64350094457,0.215589178398,-30.8155585263,0.319511633264,1.50956000921,-3.29217324205
tcn,3,5,10,4341,-0.000789071373191,-6.91226522915,0.208544655712,-33.1452522988,0.315825846579,1.50979037088,-3.42535883102
tcn,3,5,11,4341,-0.000742802551251,-6.50695034896,0.208867522163,-31.153480836,0.313752591569,1.51908162482,-3.22450587498
tcn,3,10,0,4341,-0.00146649540522,-12.8464997497,0.222361952662,-57.7729220127,0.19741994932,1.47523612071,-6.36605655405
tcn,3,10,1,4341,-0.00151299633419,-13.2538478875,0.219012956089,-60.5162732112,0.193734162635,1.48821316133,-6.56791708672
tcn,3,10,2,4341,-0.00152239168126,-13.3361511278,0.21660242982,-61.5697207963,0.194655609307,1.50080626584,-6.60870228834
tcn,3,10,3,4341,-0.00151545980077,-13.2754278548,0.22833273133,-58.1407132365,0.193503800968,1.52545496429,-6.57861099516
tcn,3,10,4,4341,-0.00154924130694,-13.5713538488,0.218957974308,-61.981546421,0.183828610919,1.50533671197,-6.72525651343
tcn,3,10,5,4341,-0.00145904977027,-12.7812759876,0.216560264701,-59.0194882022,0.1932734393,1.50449205252,-6.33373505275
tcn,3,10,6,4341,-0.0015486165003,-13.5658805427,0.218705262492,-62.0281395522,0.184289334255,1.50003839361,-6.72254422782
tcn,3,10,7,4341,-0.00147510923719,-12.9219569178,0.212834027598,-60.7137733737,0.189587652615,1.50648852031,-6.40344919865
tcn,3,10,8,4341,-0.00150113332599,-13.1499279357,0.218306974088,-60.2359498162,0.193043077632,1.51032788144,-6.51641976813
tcn,3,10,9,4341,-0.00151317052339,-13.2553737849,0.217491370924,-60.9466652798,0.198802119327,1.50956000921,-6.56867324205
tcn,3,10,10,4341,-0.00154396655863,-13.5251470536,0.210719857779,-64.1854412592,0.182446440912,1.50979037088,-6.70235883102
tcn,3,10,11,4341,-0.00150234336366,-13.1605278657,0.210624278382,-62.4834324266,0.187284035936,1.51908162482,-6.52167254165
tcn,4,0,0,4341,1.13332996035e-05,0.0992797045268,0.188262577742,0.527346994382,0.500115180834,1.38792904861,0.0491978535789
tcn,4,0,1,4341,-3.90592257686e-05,-0.342158817733,0.183919790344,-1.86036976822,0.499884819166,1.39426399447,-0.169556099062
tcn,4,0,2,4341,-1.1779718848e-06,-0.0103190337108,0.183934629645,-0.0561016363843,0.508868924211,1.40774015204,-0.00511357595191
tcn,4,0,3,4341,6.40460090159e-06,0.0561043038979,0.192564201054,0.291353759374,0.507717115872,1.42478691546,0.0278023725138
tcn,4,0,4,4341,-3.8917594538e-05,-0.340918128153,0.186718737863,-1.82583779247,0.498041925824,1.41188666206,-0.168941277889
tcn,4,0,5,4341,2.25547448882e-05,0.19757956522,0.183236524074,1.07827610363,0.509099285879,1.41430545957,0.0979101475596
tcn,4,0,6,4341,-2.07178397264e-05,-0.181488276003,0.185917003833,-0.976179006013,0.49942409583,1.40157797742,-0.0899361422522
tcn,4,0,7,4341,2.83094820482e-05,0.247991062742,0.179703826817,1.37999878542,0.504031329187,1.40716424787,0.122891461571
tcn,4,0,8,4341,-4.32450049304e-06,-0.037882624319,0.18815114418,-0.201341450695,0.500806265837,1.41591799125,-0.0187726566403
tcn,4,0,9,4341,-1.74825944134e-05,-0.153147527062,0.178820994155,-0.856429234083,0.50057590417,1.41177148123,-0.0758919423487
tcn,4,0,10,4341,-4.17589904757e-05,-0.365808756567,0.178319576473,-2.05142230484,0.48997926745,1.41361437457,-0.181275777655
tcn,4,0,11,4341,2.12965809145e-05,0.186558048811,0.179378013572,1.04002739854,0.499654457498,1.42438378254,0.0924484577498
tcn,4,0.25,0,4341,-2.33649266116e-05,-0.204676757118,0.188274884395,-1.08711662618,0.489288182446,1.38792904861,-0.101427146421
tcn,4,0.25,1,4341,-7.39158256304e-05,-0.647502632522,0.183914130082,-3.5206790921,0.489748905782,1.39426399447,-0.320868599062
tcn,4,0.25,2,4341,-3.63714756858e-05,-0.318614127007,0.183944198403,-1.73212381675,0.499654457498,1.40774015204,-0.157888575952
tcn,4,0.25,3,4341,-2.92150719848e-05,-0.255924030587,0.192573828087,-1.32896579524,0.49527758581,1.42478691546,-0.126822627486
tcn,4,0.25,4,4341,-7.42147610895e-05,-0.650121307144,0.186716276332,-3.48186735466,0.487445289104,1.41188666206,-0.322166277889
tcn,4,0.25,5,4341,-1.28028916011e-05,-0.112153330426,0.183231266225,-0.612086205244,0.496199032481,1.41430545957,-0.0555773524404
tcn,4,0.25,6,4341,-5.5757289162e-05,-0.488433853059,0.185903947294,-2.62734525096,0.48997926745,1.40157797742,-0.242042392252
tcn,4,0.25,7,4341,-6.86962414854e-06,-0.0601779075413,0.179720398067,-0.33484183314,0.493665054135,1.40716424787,-0.0298210384288
tcn,4,0.25,8,4341,-3.97224502742e-05,-0.347968664402,0.188136382858,-1.84955540824,0.489518544114,1.41591799125,-0.17243515664
tcn,4,0.25,9,4341,-5.27768814441e-05,-0.46232548145,0.178822735175,-2.58538424098,0.486523842433,1.41177148123,-0.229104442349
tcn,4,0.25,10,4341,-7.70993498399e-05,-0.675390304597,0.178337182931,-3.78715360137,0.477539737388,1.41361437457,-0.334688277655
tcn,4,0.25,11,4341,-1.4313013649e-05,-0.125381999565,0.179375363355,-0.698992309868,0.4867542041,1.42438378254,-0.0621327922502
tcn,4,0.5,0,4341,-5.80631528268e-05,-0.508633218763,0.188290327333,-2.70132420484,0.479612992398,1.38792904861,-0.252052146421
tcn,4,0.5,1,4341,-0.000108772425492,-0.952846447312,0.183911767098,-5.18099772704,0.478691545727,1.39426399447,-0.472181099062
tcn,4,0.5,2,4341,-7.15649794867e-05,-0.626909220304,0.183956985864,-3.40791200378,0.488366735775,1.40774015204,-0.310663575952
tcn,4,0.5,3,4341,-6.48347448713e-05,-0.567952365072,0.192586463385,-2.94907728762,0.482377332412,1.42478691546,-0.281447627486
tcn,4,0.5,4,4341,-0.000109511927641,-0.959324486135,0.186716960181,-5.13785402894,0.476387929049,1.41188666206,-0.475391277889
tcn,4,0.5,5,4341,-4.81605280904e-05,-0.421886226072,0.18322910731,-2.3025065846,0.483759502419,1.41430545957,-0.20906485244
tcn,4,0.5,6,4341,-9.07967385976e-05,-0.795379430115,0.185894009068,-4.27867166943,0.479843354066,1.40157797742,-0.394148642252
tcn,4,0.5,7,4341,-4.20487303453e-05,-0.368346877825,0.179740267162,-2.04932864316,0.483298779083,1.40716424787,-0.182533538429
tcn,4,0.5,8,4341,-7.51204000554e-05,-0.658054704485,0.188124793473,-3.49796904669,0.478000460723,1.41591799125,-0.32609765664
tcn,4,0.5,9,4341,-8.80711684747e-05,-0.771503435838,0.178827760616,-4.31422634371,0.477539737388,1.41177148123,-0.382316942349
tcn,4,0.5,10,4341,-0.000112439709204,-0.984971852628,0.178358010163,-5.52244248366,0.466482377332,1.41361437457,-0.488100777655
tcn,4,0.5,11,4341,-4.99226082124e-05,-0.437322047941,0.179375891029,-2.43802021237,0.473162865699,1.42438378254,-0.21671404225
tcn,4,1,0,4341,-0.000127459605257,-1.11654614205,0.188330618822,-5.92864903771,0.460953697305,1.38792904861,-0.553302146421
tcn,4,1,1,4341,-0.000178485625216,-1.56353407689,0.183916933292,-8.50130571939,0.459571527298,1.39426399447,-0.774806099062
tcn,4,1,2,4341,-0.000141951987089,-1.2434994069,0.183992214041,-6.75843493365,0.463487675651,1.40774015204,-0.616213575952
tcn,4,1,3,4341,-0.000136074090644,-1.19200903404,0.192620756264,-6.18837272349,0.460723335637,1.42478691546,-0.590697627486
tcn,4,1,4,4341,-0.000180106260744,-1.57773084412,0.186727763718,-8.44936399763,0.458419718959,1.41188666206,-0.781841277889
tcn,4,1,5,4341,-0.000118875801069,-1.04135201736,0.183234086564,-5.6831784789,0.465100207326,1.41430545957,-0.51603985244
tcn,4,1,6,4341,-0.000160875637469,-1.40927058423,0.185883489396,-7.58147261389,0.45726791062,1.40157797742,-0.698361142252
tcn,4,1,7,4341,-0.000112406942739,-0.984684818391,0.179789894333,-5.47686410322,0.464869845658,1.40716424787,-0.487958538429
tcn,4,1,8,4341,-0.000145916299618,-1.27822678465,0.188111132698,-6.79506186753,0.455425017277,1.41591799125,-0.63342265664
tcn,4,1,9,4341,-0.000158659742536,-1.38985934462,0.178847663472,-7.77119095455,0.457958995623,1.41177148123,-0.688741942349
tcn,4,1,10,4341,-0.000183120427932,-1.60413494869,0.178409322263,-8.99131798909,0.442294402211,1.41361437457,-0.794925777655
tcn,4,1,11,4341,-0.000121141797339,-1.06120214469,0.179386479767,-5.91573091836,0.451048145589,1.42438378254,-0.52587654225
tcn,4,2,0,4341,-0.000266252510118,-2.33237198863,0.18844879281,-12.3766884035,0.421561852108,1.38792904861,-1.15580214642
tcn,4,2,1,4341,-0.000317912024663,-2.78490933605,0.183966826719,-15.138106069,0.415572448745,1.39426399447,-1.38005609906
tcn,4,2,2,4341,-0.000282726002293,-2.47667978008,0.184101254016,-13.4528131996,0.420870767104,1.40774015204,-1.22731357595
tcn,4,2,3,4341,-0.00027855278219,-2.44012237198,0.192725405723,-12.6611349595,0.418336788758,1.42478691546,-1.20919762749
tcn,4,2,4,4341,-0.00032129492695,-2.81454356008,0.186787103177,-15.0681899993,0.414420640405,1.41188666206,-1.39474127789
tcn,4,2,5,4341,-0.000260306347026,-2.28028359995,0.183281226568,-12.4414466372,0.421561852108,1.41430545957,-1.12998985244
tcn,4,2,6,4341,-0.000301033435211,-2.63705289245,0.185899881292,-14.1853393027,0.419949320433,1.40157797742,-1.30678614225
tcn,4,2,7,4341,-0.000253123367526,-2.21736069952,0.179928662606,-12.32355461,0.417645703755,1.40716424787,-1.09880853843
tcn,4,2,8,4341,-0.000287508098742,-2.51857094498,0.188121889429,-13.3879738963,0.41395991707,1.41591799125,-1.24807265664
tcn,4,2,9,4341,-0.000299836890659,-2.62657116217,0.178926857937,-14.6795802064,0.414420640405,1.41177148123,-1.30159194235
tcn,4,2,10,4341,-0.000324481865389,-2.84246114081,0.178550534494,-15.9196450958,0.402902557015,1.41361437457,-1.40857577765
tcn,4,2,11,4341,-0.000263580175593,-2.3089623382,0.179445779385,-12.8671866572,0.410043768717,1.42438378254,-1.14420154225
tcn,4,5,0,4341,-0.0006826312247,-5.97984952837,0.189102972993,-31.6221867574,0.311679336558,1.38792904861,-2.96330214642
tcn,4,5,1,4341,-0.000736191223004,-6.44903511352,0.184432355449,-34.966940035,0.302925593181,1.39426399447,-3.19580609906
tcn,4,5,2,4341,-0.000705048047904,-6.17622089964,0.18473598128,-33.4326905719,0.306841741534,1.40774015204,-3.06061357595
tcn,4,5,3,4341,-0.000705988856827,-6.1844623858,0.193326959108,-31.9896532503,0.302234508178,1.42478691546,-3.06469762749
tcn,4,5,4,4341,-0.000744860925568,-6.52498170797,0.187266322118,-34.8433270552,0.301773784842,1.41188666206,-3.23344127789
tcn,4,5,5,4341,-0.000684597984898,-5.9970783477,0.183719529349,-32.6425740854,0.310527528219,1.41430545957,-2.97183985244
tcn,4,5,6,4341,-0.000721506828439,-6.32039981712,0.186248162625,-33.9353673509,0.301543423174,1.40157797742,-3.13206114225
tcn,4,5,7,4341,-0.000675272641886,-5.91538834292,0.180659726965,-32.7432596201,0.309606081548,1.40716424787,-2.93135853843
tcn,4,5,8,4341,-0.000712283496116,-6.23960342598,0.188458476825,-33.1086376751,0.309606081548,1.41591799125,-3.09202265664
tcn,4,5,9,4341,-0.000723368335026,-6.33670661483,0.179478666345,-35.3061828677,0.309836443216,1.41177148123,-3.14014194235
tcn,4,5,10,4341,-0.00074856617776,-6.55743971718,0.179281532081,-36.5762141871,0.30200414651,1.41361437457,-3.24952577765
tcn,4,5,11,4341,-0.000690895310355,-6.05224291871,0.179927960755,-33.637033918,0.303616678185,1.42438378254,-2.99917654225
tcn,4,10,0,4341,-0.001376595749,-12.0589787613,0.191179532258,-63.0767248921,0.193964524303,1.38792904861,-5.97580214642
tcn,4,10,1,4341,-0.00143332322024,-12.5559114093,0.186250492455,-67.4141111995,0.172771250864,1.39426399447,-6.22205609906
tcn,4,10,2,4341,-0.00140891812392,-12.3421227656,0.186806233848,-66.0691161709,0.185671504262,1.40774015204,-6.11611357595
tcn,4,10,3,4341,-0.00141838231456,-12.4250290755,0.195277254132,-63.6276310354,0.178760654227,1.42478691546,-6.15719762749
tcn,4,10,4,4341,-0.0014508042566,-12.7090452878,0.189058988495,-67.2226451066,0.174153420871,1.41188666206,-6.29794127789
tcn,4,10,5,4341,-0.00139175071468,-12.1917362606,0.185430249396,-65.7483679192,0.178069569224,1.41430545957,-6.04158985244
tcn,4,10,6,4341,-0.00142229581715,-12.4593113582,0.187817722332,-66.3372508385,0.173001612532,1.40157797742,-6.17418614225
tcn,4,10,7,4341,-0.00137885476582,-12.0787677486,0.182912078099,-66.0359221444,0.183367887584,1.40716424787,-5.98560853843
tcn,4,10,8,4341,-0.00142024249174,-12.4413242276,0.190026019633,-65.4716877809,0.173462335867,1.41591799125,-6.16527265664
tcn,4,10,9,4341,-0.00142925407564,-12.5202657026,0.181433486338,-69.0074691023,0.178530292559,1.41177148123,-6.20439194235
tcn,4,10,10,4341,-0.00145537336504,-12.7490706778,0.181509417539,-70.2391691333,0.164478230822,1.41361437457,-6.31777577765
tcn,4,10,11,4341,-0.00140308720162,-12.2910438862,0.181735251161,-67.6315894013,0.17530522921,1.42438378254,-6.09080154225
tcn,5,0,0,4341,1.37415541829e-05,0.120376014642,0.166970088072,0.72094358955,0.501958074176,1.29868693849,0.0596520867078
tcn,5,0,1,4341,-3.8442964983e-05,-0.336760373251,0.1606971091,-2.09562185118,0.503570605851,1.31029716655,-0.166880910991
tcn,5,0,2,4341,-3.32419544974e-06,-0.0291199521397,0.161417706287,-0.18040122617,0.506795669201,1.32029486293,-0.0144303324473
tcn,5,0,3,4341,5.39392204356e-06,0.0472507571016,0.171758357047,0.275100192584,0.499884819166,1.332596176,0.0234150155911
tcn,5,0,4,4341,-4.34643846697e-05,-0.380748009706,0.16388586134,-2.32325111265,0.491822160792,1.32660677263,-0.188678893851
tcn,5,0,5,4341,1.85498881097e-05,0.162497019841,0.159004410653,1.0219654862,0.506104584197,1.32757429164,0.0805250642841
tcn,5,0,6,4341,-2.50682353936e-05,-0.219597742048,0.165054666865,-1.33045460767,0.501958074176,1.30776318821,-0.108821209844
tcn,5,0,7,4341,2.58456079941e-05,0.226407526028,0.156823044951,1.44371336559,0.507717115872,1.32181524994,0.112195784302
tcn,5,0,8,4341,-3.99992350231e-06,-0.0350393298803,0.165996454598,-0.2110848088,0.496890117484,1.31937341626,-0.0173636679235
tcn,5,0,9,4341,-1.66434793009e-05,-0.145796878676,0.158514103927,-0.919772279336,0.496199032481,1.32305920295,-0.0722493436453
tcn,5,0,10,4341,-1.88183014768e-05,-0.164848320937,0.159714946524,-1.03214085171,0.496659755817,1.32255240728,-0.081690246711
tcn,5,0,11,4341,5.19176246617e-06,0.0454798392036,0.158506918771,0.286926523815,0.495047224142,1.32978576365,0.0225374408656
tcn,5,0.25,0,4341,-1.87256192795e-05,-0.164036424888,0.16698008114,-0.98237121319,0.493434692467,1.29868693849,-0.0812879132922
tcn,5,0.25,1,4341,-7.12003941468e-05,-0.623715452726,0.160696227783,-3.88133225858,0.493204330799,1.31029716655,-0.309080910991
tcn,5,0.25,2,4341,-3.63315670231e-05,-0.318264527122,0.161425900831,-1.97158278495,0.496199032481,1.32029486293,-0.157715332447
tcn,5,0.25,3,4341,-2.79209823564e-05,-0.244587805442,0.171759779038,-1.42401094606,0.48790601244,1.332596176,-0.121204984409
tcn,5,0.25,4,4341,-7.66295539855e-05,-0.671274892913,0.163882837452,-4.09606584405,0.483529140751,1.32660677263,-0.332648893851
tcn,5,0.25,5,4341,-1.46394691813e-05,-0.128241750028,0.158993957424,-0.806582540024,0.492973969132,1.32757429164,-0.0635499357159
tcn,5,0.25,6,4341,-5.77623150988e-05,-0.505997880265,0.165056637556,-3.06560152779,0.490900714121,1.30776318821,-0.250746209844
tcn,5,0.25,7,4341,-7.19977325447e-06,-0.0630700137091,0.156830247666,-0.40215465223,0.495047224142,1.32181524994,-0.0312542156976
tcn,5,0.25,8,4341,-3.69842589089e-05,-0.323982108042,0.165977644945,-1.95196231487,0.482146970744,1.31937341626,-0.160548667924
tcn,5,0.25,9,4341,-4.97199593746e-05,-0.435546844122,0.158510752901,-2.74774320449,0.487675650772,1.32305920295,-0.215834343645
tcn,5,0.25,10,4341,-5.18821116588e-05,-0.454487298131,0.159734428556,-2.84526825081,0.485602395761,1.32255240728,-0.225220246711
tcn,5,0.25,11,4341,-2.80528816251e-05,-0.245743243035,0.15849856416,-1.55044460079,0.485372034094,1.32978576365,-0.121777559134
tcn,5,0.5,0,4341,-5.11927927418e-05,-0.448448864418,0.166993192386,-2.68543201079,0.48468094909,1.29868693849,-0.222227913292
tcn,5,0.5,1,4341,-0.000103957823311,-0.910670532201,0.160698550562,-5.66694926006,0.476618290716,1.31029716655,-0.451280910991
tcn,5,0.5,2,4341,-6.93389385965e-05,-0.607409102105,0.161437263395,-3.7625086633,0.485602395761,1.32029486293,-0.301000332447
tcn,5,0.5,3,4341,-6.12358867563e-05,-0.536426367985,0.171764125308,-3.12304078062,0.476848652384,1.332596176,-0.265824984409
tcn,5,0.5,4,4341,-0.000109794723301,-0.96180177612,0.163882924768,-5.86883458102,0.47201105736,1.32660677263,-0.476618893851
tcn,5,0.5,5,4341,-4.78288264722e-05,-0.418980519897,0.158986680215,-2.63531837591,0.48260769408,1.32757429164,-0.207624935716
tcn,5,0.5,6,4341,-9.04563948039e-05,-0.792398018482,0.165061743821,-4.8006158189,0.481455885741,1.30776318821,-0.392671209844
tcn,5,0.5,7,4341,-4.0245154503e-05,-0.352547553447,0.156840659564,-2.24780713386,0.485832757429,1.32181524994,-0.174704215698
tcn,5,0.5,8,4341,-6.99685943155e-05,-0.612924886204,0.165962029526,-3.69316335763,0.469707440682,1.31937341626,-0.303733667924
tcn,5,0.5,9,4341,-8.27964394484e-05,-0.725296809568,0.158510649431,-4.57569767185,0.475005759042,1.32305920295,-0.359419343645
tcn,5,0.5,10,4341,-8.49459218408e-05,-0.744126275326,0.159757030849,-4.65786245133,0.472241419028,1.32255240728,-0.368750246711
tcn,5,0.5,11,4341,-6.12975257163e-05,-0.536966325275,0.158493398961,-3.38794125683,0.473393227367,1.32978576365,-0.266092559134
tcn,5,1,0,4341,-0.000116127139666,-1.01727374348,0.167028766298,-6.09041044859,0.464409122322,1.29868693849,-0.504107913292
tcn,5,1,1,4341,-0.000169472681638,-1.48458069115,0.160712807663,-9.23747592203,0.456116102281,1.31029716655,-0.735680910991
tcn,5,1,2,4341,-0.000135353681743,-1.18569825207,0.161469489726,-7.34317210072,0.465560930661,1.32029486293,-0.587570332447
tcn,5,1,3,4341,-0.000127865695556,-1.12010349307,0.171781589652,-6.52050953388,0.452430315595,1.332596176,-0.555064984409
tcn,5,1,4,4341,-0.000176125061933,-1.54285554253,0.163892432817,-9.41383025449,0.45404284727,1.32660677263,-0.764558893851
tcn,5,1,5,4341,-0.000114207541054,-1.00045805963,0.15898165541,-6.292915098,0.462566228979,1.32757429164,-0.495774935716
tcn,5,1,6,4341,-0.000155844554214,-1.36519829492,0.165081361726,-8.26985118516,0.45934116563,1.30776318821,-0.676521209844
tcn,5,1,7,4341,-0.000106335917,-0.931502632921,0.156871108157,-5.93801270271,0.460492973969,1.32181524994,-0.461604215698
tcn,5,1,8,4341,-0.000135937265129,-1.19081044253,0.165940384815,-7.17613403062,0.453582123935,1.31937341626,-0.590103667924
tcn,5,1,9,4341,-0.000148949399596,-1.30479674046,0.158520184991,-8.2311078588,0.454273208938,1.32305920295,-0.646589343645
tcn,5,1,10,4341,-0.000151073542205,-1.32340422971,0.159811590741,-8.28102782516,0.450126698917,1.32255240728,-0.655810246711
tcn,5,1,11,4341,-0.000127786813899,-1.11941248975,0.158492637852,-7.06286742982,0.453351762267,1.32978576365,-0.554722559134
tcn,5,2,0,4341,-0.000245995833516,-2.1549235016,0.167137288276,-12.893134284,0.423865468786,1.29868693849,-1.06786791329
tcn,5,2,1,4341,-0.000300502398293,-2.63240100905,0.160779752081,-16.3727146918,0.410043768717,1.31029716655,-1.30448091099
tcn,5,2,2,4341,-0.000267383168037,-2.342276552,0.161571916748,-14.4968048851,0.420179682101,1.32029486293,-1.16071033245
tcn,5,2,3,4341,-0.000261125313156,-2.28745774324,0.171851589935,-13.3106580166,0.412577747063,1.332596176,-1.13354498441
tcn,5,2,4,4341,-0.000308785739196,-2.70496307536,0.163948771279,-16.4988310327,0.407509790371,1.32660677263,-1.34043889385
tcn,5,2,5,4341,-0.000246964970218,-2.16341313911,0.159009724467,-13.6055398269,0.418336788758,1.32757429164,-1.07207493572
tcn,5,2,6,4341,-0.000286620873035,-2.51079884778,0.165158199648,-15.202386882,0.413268832066,1.30776318821,-1.24422120984
tcn,5,2,7,4341,-0.000238517441994,-2.08941279187,0.156970474262,-13.3108649999,0.411425938724,1.32181524994,-1.0354042157
tcn,5,2,8,4341,-0.000267874606755,-2.34658155517,0.165935453528,-14.1415321758,0.413499193734,1.31937341626,-1.16284366792
tcn,5,2,9,4341,-0.000281255319891,-2.46379660224,0.158578213711,-15.5367912438,0.409813407049,1.32305920295,-1.22092934365
tcn,5,2,10,4341,-0.000283328782933,-2.48196013849,0.159958083251,-15.5163158251,0.412117023727,1.32255240728,-1.22993024671
tcn,5,2,11,4341,-0.000260765390264,-2.28430481871,0.158529389394,-14.4093459733,0.415342087077,1.32978576365,-1.13198255913
tcn,5,5,0,4341,-0.000635601915064,-5.56787277596,0.167760727285,-33.1893695626,0.309836443216,1.29868693849,-2.75914791329
tcn,5,5,1,4341,-0.000693591548259,-6.07586196275,0.161287178127,-37.6710785897,0.298548721493,1.31029716655,-3.01088091099
tcn,5,5,2,4341,-0.000663471626917,-5.81201145179,0.162181862578,-35.8363836708,0.298087998157,1.32029486293,-2.88013033245
tcn,5,5,3,4341,-0.000660904165955,-5.78952049376,0.172341436613,-33.5933168919,0.296936189818,1.332596176,-2.86898498441
tcn,5,5,4,4341,-0.000706767770986,-6.19128567384,0.164415651033,-37.6563036119,0.288182446441,1.32660677263,-3.06807889385
tcn,5,5,5,4341,-0.000645237257709,-5.65227837753,0.159398365867,-35.460077315,0.302695231513,1.32757429164,-2.80097493572
tcn,5,5,6,4341,-0.000678949829496,-5.94760050639,0.165688646544,-35.8962465471,0.298087998157,1.30776318821,-2.94732120984
tcn,5,5,7,4341,-0.000635062016977,-5.56314326872,0.157575168903,-35.3046949431,0.2999308915,1.32181524994,-2.7568042157
tcn,5,5,8,4341,-0.000663686631634,-5.81389489311,0.16622730016,-34.9755719277,0.302464869846,1.31937341626,-2.88106366792
tcn,5,5,9,4341,-0.000678173080775,-5.94079618759,0.159063162792,-37.3486612697,0.299700529832,1.32305920295,-2.94394934365
tcn,5,5,10,4341,-0.000680094505117,-5.95762786482,0.160695055314,-37.0741206267,0.294171849804,1.32255240728,-2.95229024671
tcn,5,5,11,4341,-0.000659701119358,-5.77898180558,0.158945239014,-36.3583196415,0.295554019811,1.32978576365,-2.86376255913
tcn,5,10,0,4341,-0.00128494538431,-11.2561215666,0.16977915197,-66.2986087275,0.182216079244,1.29868693849,-5.57794791329
tcn,5,10,1,4341,-0.00134874013153,-11.8149635522,0.163142447722,-72.4211492302,0.162865699148,1.31029716655,-5.85488091099
tcn,5,10,2,4341,-0.00132361905838,-11.5949029514,0.16419328913,-70.6173986334,0.173923059203,1.32029486293,-5.74583033245
tcn,5,10,3,4341,-0.00132720225395,-11.6262917446,0.174080543511,-66.7868534306,0.173462335867,1.332596176,-5.76138498441
tcn,5,10,4,4341,-0.0013700711573,-12.001823338,0.166175627312,-72.2237281852,0.161483529141,1.32660677263,-5.94747889385
tcn,5,10,5,4341,-0.00130902440353,-11.4670537749,0.161050658763,-71.2015328777,0.16793365584,1.32757429164,-5.68247493572
tcn,5,10,6,4341,-0.0013328314236,-11.6756032707,0.167560322837,-69.6799998535,0.167012209168,1.30776318821,-5.78582120984
tcn,5,10,7,4341,-0.00129596964195,-11.3526940635,0.159590419572,-71.1364384776,0.17000691085,1.32181524994,-5.6258042157
tcn,5,10,8,4341,-0.00132337333977,-11.5927504563,0.167727707837,-69.1164900887,0.171619442525,1.31937341626,-5.74476366792
tcn,5,10,9,4341,-0.00133970268225,-11.7357954965,0.160895248788,-72.9405969717,0.175996314213,1.32305920295,-5.81564934365
tcn,5,10,10,4341,-0.00134137070876,-11.7504074087,0.16289881586,-72.1331665101,0.163096060815,1.32255240728,-5.82289024671
tcn,5,10,11,4341,-0.00132459400118,-11.6034434504,0.160646154768,-72.2298237835,0.163787145819,1.32978576365,-5.75006255913
tcn,6,0,0,4341,9.1539387655e-06,0.0801885035857,0.152021974238,0.527479688299,0.496429394149,1.20767104354,0.039737248181
tcn,6,0,1,4341,-2.0510135101e-05,-0.179668783484,0.145946344886,-1.23106052176,0.501036627505,1.22360439223,-0.0890344964732
tcn,6,0,2,4341,-7.08206300061e-06,-0.0620388718854,0.147446206852,-0.420755970668,0.508868924211,1.22606158335,-0.0307432354857
tcn,6,0,3,4341,3.23113514738e-06,0.028304743891,0.153687453745,0.184170816819,0.506104584197,1.24533517623,0.0140263576748
tcn,6,0,4,4341,-2.84796259935e-05,-0.249481523703,0.14665241882,-1.70117564858,0.493434692467,1.23665822007,-0.123630056438
tcn,6,0,5,4341,1.56526926657e-05,0.137117587752,0.143948771514,0.952544341364,0.509560009214,1.23704215619,0.0679483388619
tcn,6,0,6,4341,-2.47874486108e-05,-0.21713804983,0.149417141677,-1.45323386188,0.499884819166,1.21684711664,-0.107602314419
tcn,6,0,7,4341,3.60019524571e-05,0.315377103524,0.141701456768,2.22564475141,0.508638562543,1.23293403978,0.156284475616
tcn,6,0,8,4341,1.32118359396e-05,0.11573568283,0.149621972415,0.773520633118,0.493434692467,1.23205098672,0.0573525798136
tcn,6,0,9,4341,-1.07559151435e-05,-0.0942218166574,0.140270305274,-0.671716059029,0.49942409583,1.23324118867,-0.0466914276381
tcn,6,0,10,4341,-2.45833496522e-05,-0.215350142954,0.14471503829,-1.48809788878,0.495047224142,1.23255010366,-0.10671632084
tcn,6,0,11,4341,-2.36977278953e-06,-0.0207592096363,0.143978006466,-0.144183199544,0.498272287491,1.23857790064,-0.0102871836794
tcn,6,0.25,0,4341,-2.1037837323e-05,-0.184291454949,0.15202793062,-1.212221032,0.485141672426,1.20767104354,-0.091325251819
tcn,6,0.25,1,4341,-5.11002449067e-05,-0.447638145383,0.145937645786,-3.06732469866,0.488827459111,1.22360439223,-0.22182616314
tcn,6,0.25,2,4341,-3.77336025844e-05,-0.33054635864,0.147445345159,-2.24182294995,0.497120479152,1.22606158335,-0.163801568819
tcn,6,0.25,3,4341,-2.79022442583e-05,-0.244423659703,0.153682199682,-1.59044873257,0.497811564156,1.24533517623,-0.121123642325
tcn,6,0.25,4,4341,-5.93960814953e-05,-0.520309673899,0.146648905209,-3.54799562368,0.482377332412,1.23665822007,-0.257838389771
tcn,6,0.25,5,4341,-1.52733612389e-05,-0.133794644453,0.143937157921,-0.929535127588,0.499193734163,1.23704215619,-0.0663016611381
tcn,6,0.25,6,4341,-5.52086265267e-05,-0.483627568374,0.149421727362,-3.23666160813,0.489288182446,1.21684711664,-0.239660647753
tcn,6,0.25,7,4341,5.17860146269e-06,0.0453645488132,0.141718202493,0.32010389643,0.499654457498,1.23293403978,0.0224803089495
tcn,6,0.25,8,4341,-1.75894387283e-05,-0.15408348326,0.149618364479,-1.02984338718,0.482377332412,1.23205098672,-0.0763557535197
tcn,6,0.25,9,4341,-4.15869448602e-05,-0.364301636975,0.140275166834,-2.59705010657,0.483989864087,1.23324118867,-0.180528927638
tcn,6,0.25,10,4341,-5.53971022438e-05,-0.485278615656,0.144724769911,-3.35311374793,0.4867542041,1.23255010366,-0.24047882084
tcn,6,0.25,11,4341,-3.33342203055e-05,-0.292007769876,0.143967490099,-2.02828964841,0.487214927436,1.23857790064,-0.144703850346
tcn,6,0.5,0,4341,-5.12296134114e-05,-0.448771413484,0.152036954841,-2.95172587449,0.474545035706,1.20767104354,-0.222387751819
tcn,6,0.5,1,4341,-8.16903547124e-05,-0.715607507281,0.145932038645,-4.90370390165,0.477079014052,1.22360439223,-0.354617829807
tcn,6,0.5,2,4341,-6.83851421682e-05,-0.599053845394,0.147447523079,-4.0628274581,0.486063119097,1.22606158335,-0.296859902152
tcn,6,0.5,3,4341,-5.9035623664e-05,-0.517152063296,0.153679829443,-3.36512647867,0.486293480765,1.24533517623,-0.256273642325
tcn,6,0.5,4,4341,-9.03125369971e-05,-0.791137824095,0.146648460535,-5.39479119799,0.474775397374,1.23665822007,-0.392046723104
tcn,6,0.5,5,4341,-4.61994151435e-05,-0.404706876657,0.143928710722,-2.81185647135,0.489288182446,1.23704215619,-0.200551661138
tcn,6,0.5,6,4341,-8.56298044427e-05,-0.750117086918,0.149429311225,-5.01987917075,0.47730937572,1.21684711664,-0.371718981086
tcn,6,0.5,7,4341,-2.56447495317e-05,-0.224648005898,0.141738065787,-1.58495182399,0.486063119097,1.23293403978,-0.111323857717
tcn,6,0.5,8,4341,-4.83907133962e-05,-0.423902649351,0.149617883895,-2.83323516091,0.473393227367,1.23205098672,-0.210064086853
tcn,6,0.5,9,4341,-7.24179745769e-05,-0.634381457293,0.140283227494,-4.5221475769,0.472241419028,1.23324118867,-0.314366427638
tcn,6,0.5,10,4341,-8.62108548354e-05,-0.755207088358,0.144737584812,-5.21776765407,0.474545035706,1.23255010366,-0.37424132084
tcn,6,0.5,11,4341,-6.42986678214e-05,-0.563256330115,0.143960038794,-3.91258806844,0.478691545727,1.23857790064,-0.279120517013
tcn,6,1,0,4341,-0.000111613165588,-0.977731330554,0.152064204435,-6.42972706292,0.454964293941,1.20767104354,-0.484512751819
tcn,6,1,1,4341,-0.000142870574324,-1.25154623108,0.145930101473,-8.57634044274,0.453812485602,1.22360439223,-0.62020116314
tcn,6,1,2,4341,-0.000129688221336,-1.1360688189,0.147460997034,-7.70419868135,0.467403824004,1.22606158335,-0.562976568819
tcn,6,1,3,4341,-0.000121302382475,-1.06260887048,0.153683740808,-6.91425693373,0.462105505644,1.24533517623,-0.526573642325
tcn,6,1,4,4341,-0.000152145448001,-1.33279412449,0.146656777921,-9.08784539916,0.451048145589,1.23665822007,-0.660463389771
tcn,6,1,5,4341,-0.000108051522953,-0.946531341066,0.143921317529,-6.57672787685,0.465100207326,1.23704215619,-0.469051661138
tcn,6,1,6,4341,-0.000146472160275,-1.28309612401,0.149453471476,-8.5852547374,0.454503570606,1.21684711664,-0.635835647753
tcn,6,1,7,4341,-8.72914515205e-05,-0.76467311532,0.141787139635,-5.39310629504,0.462566228979,1.23293403978,-0.37893219105
tcn,6,1,8,4341,-0.000109993262732,-0.963540981533,0.1496263047,-6.4396496556,0.45196959226,1.23205098672,-0.47748075352
tcn,6,1,9,4341,-0.00013408003401,-1.17454109793,0.14030894369,-8.37110641019,0.455194655609,1.23324118867,-0.582041427638
tcn,6,1,10,4341,-0.000147838360019,-1.29506403376,0.144772460977,-8.94551370488,0.450817783921,1.23255010366,-0.64176632084
tcn,6,1,11,4341,-0.000126227562853,-1.10575345059,0.143954333073,-7.68127938207,0.458880442294,1.23857790064,-0.547953850346
tcn,6,2,0,4341,-0.000232380269942,-2.03565116469,0.152155481256,-13.3787567026,0.415572448745,1.20767104354,-1.00876275182
tcn,6,2,1,4341,-0.000265231013547,-2.32342367867,0.14596333316,-15.9178584674,0.408431237042,1.22360439223,-1.15136782981
tcn,6,2,2,4341,-0.000252294379671,-2.21009876592,0.147524401799,-14.9812420112,0.422252937111,1.22606158335,-1.09520990215
tcn,6,2,3,4341,-0.000245835900098,-2.15352248486,0.15372616442,-14.00882207,0.416724257084,1.24533517623,-1.06717364233
tcn,6,2,4,4341,-0.000275811270008,-2.41610672527,0.146710228274,-16.4685636012,0.411656300392,1.23665822007,-1.1972967231
tcn,6,2,5,4341,-0.000231755738571,-2.03018026988,0.143944538399,-14.103906216,0.419718958765,1.23704215619,-1.00605166114
tcn,6,2,6,4341,-0.000268156871939,-2.34905419818,0.149537737951,-15.7087717814,0.411886662059,1.21684711664,-1.16406898109
tcn,6,2,7,4341,-0.000210584855498,-1.84472333416,0.141922626811,-12.9980918168,0.418797512094,1.23293403978,-0.914148857717
tcn,6,2,8,4341,-0.000233198361404,-2.0428176459,0.149680662708,-13.6478393998,0.411425938724,1.23205098672,-1.01231408685
tcn,6,2,9,4341,-0.000257404152877,-2.2548603792,0.140398726388,-16.0604048001,0.41073485372,1.23324118867,-1.11739142764
tcn,6,2,10,4341,-0.000271093370385,-2.37477792457,0.144879163477,-16.391438683,0.40336328035,1.23255010366,-1.17681632084
tcn,6,2,11,4341,-0.000250085352917,-2.19074769155,0.143979710186,-15.2156695462,0.405436535361,1.23857790064,-1.08562051701
tcn,6,5,0,4341,-0.000594681583004,-5.20941066711,0.152722475804,-34.110307862,0.303386316517,1.20767104354,-2.58151275182
tcn,6,5,1,4341,-0.000632312331216,-5.53905602145,0.146359290945,-37.8456057396,0.291868233126,1.22360439223,-2.74486782981
tcn,6,5,2,4341,-0.000620112854677,-5.43218860697,0.148005439285,-36.7026281819,0.299470168164,1.22606158335,-2.69190990215
tcn,6,5,3,4341,-0.000619436452966,-5.42626332798,0.154129666424,-35.2058332045,0.295323658143,1.24533517623,-2.68897364233
tcn,6,5,4,4341,-0.00064680873603,-5.66604452762,0.147164346306,-38.501475866,0.294171849804,1.23665822007,-2.8077967231
tcn,6,5,5,4341,-0.000602868385427,-5.28112705634,0.144317738628,-36.5937486725,0.303155954849,1.23704215619,-2.61705166114
tcn,6,5,6,4341,-0.000633211006931,-5.54692842071,0.150077120289,-36.9605200982,0.297166551486,1.21684711664,-2.74876898109
tcn,6,5,7,4341,-0.000580465067431,-5.08487399069,0.142626233994,-35.6517440607,0.29463257314,1.23293403978,-2.51979885772
tcn,6,5,8,4341,-0.000602813657418,-5.28064763898,0.150143097704,-35.1707652215,0.296014743147,1.23205098672,-2.61681408685
tcn,6,5,9,4341,-0.000627376509477,-5.49581822302,0.140973684682,-38.9847100573,0.293250403133,1.23324118867,-2.72344142764
tcn,6,5,10,4341,-0.000640858401484,-5.613919597,0.145493615254,-38.5853330208,0.293711126469,1.23255010366,-2.78196632084
tcn,6,5,11,4341,-0.000621658723108,-5.44573041443,0.144349635855,-37.7259726509,0.289103893112,1.23857790064,-2.69862051701
tcn,6,10,0,4341,-0.00119851710477,-10.4990098378,0.154631152272,-67.8971195877,0.172771250864,1.20767104354,-5.20276275182
tcn,6,10,1,4341,-0.00124411452733,-10.8984432594,0.147995871657,-73.640184266,0.158719189127,1.22360439223,-5.40070116314
tcn,6,10,2,4341,-0.00123314364635,-10.8023383421,0.14976441472,-72.1288722841,0.171158719189,1.22606158335,-5.35307656882
tcn,6,10,3,4341,-0.00124210404108,-10.8808313999,0.155713332475,-69.8773266677,0.163326422483,1.24533517623,-5.39197364233
tcn,6,10,4,4341,-0.00126513784607,-11.0826075315,0.148888575254,-74.4355805181,0.158488827459,1.23665822007,-5.49196338977
tcn,6,10,5,4341,-0.00122138946352,-10.6993717004,0.145940612798,-73.3131888053,0.164247869155,1.23704215619,-5.30205166114
tcn,6,10,6,4341,-0.00124163456525,-10.8767187916,0.151918489638,-71.5957538646,0.168164017507,1.21684711664,-5.38993564775
tcn,6,10,7,4341,-0.00119693208732,-10.4851250849,0.144771908133,-72.4251356506,0.169085464179,1.23293403978,-5.19588219105
tcn,6,10,8,4341,-0.00121883915078,-10.6770309608,0.15189962963,-70.2900394608,0.16793365584,1.23205098672,-5.29098075352
tcn,6,10,9,4341,-0.00124399710381,-10.8974146294,0.142935089676,-76.2403035819,0.164938954158,1.23324118867,-5.40019142764
tcn,6,10,10,4341,-0.00125713345331,-11.012489051,0.147483649625,-74.6692198019,0.160562082469,1.23255010366,-5.45721632084
tcn,6,10,11,4341,-0.00124094767343,-10.8707016192,0.145935088835,-74.4899784283,0.158258465791,1.23857790064,-5.38695385035
tcn,8,0,0,4341,3.54114758223e-06,0.0310204528203,0.126295201504,0.245618617737,0.493434692467,1.03441027413,0.0153721216545
tcn,8,0,1,4341,-2.30985525033e-05,-0.202343319929,0.124173043482,-1.62952694285,0.493665054135,1.04944137296,-0.100270816417
tcn,8,0,2,4341,-4.54746517934e-06,-0.0398357949711,0.12079454301,-0.329781412127,0.502418797512,1.04935498733,-0.0197405463435
tcn,8,0,3,4341,-8.26678045838e-06,-0.0724169968154,0.129794945746,-0.557933873305,0.496659755817,1.06401174845,-0.0358860939698
tcn,8,0,4,4341,-2.56905198376e-05,-0.225048953777,0.125119936086,-1.7986658307,0.498502649159,1.06185210781,-0.111522546615
tcn,8,0,5,4341,2.09306525462e-05,0.183352516305,0.123664068539,1.48266605224,0.509790370882,1.06070029947,0.0908599627031
tcn,8,0,6,4341,-7.48293832073e-06,-0.0655505396896,0.125152564509,-0.523765053849,0.501727712509,1.04356715043,-0.0324834352503
tcn,8,0,7,4341,3.1549421623e-05,0.276372933418,0.119820090411,2.3065658895,0.5132457959,1.0590877678,0.136956039266
tcn,8,0,8,4341,1.89839083864e-06,0.0166299037465,0.125317375467,0.132702298341,0.495047224142,1.06061391384,0.00824091463055
tcn,8,0,9,4341,1.75906288847e-06,0.015409390903,0.119699530925,0.128733928897,0.50472241419,1.05845427321,0.00763609199885
tcn,8,0,10,4341,-2.47833181209e-05,-0.217101866739,0.122120271837,-1.77777090956,0.493434692467,1.05329993089,-0.107584383963
tcn,8,0,11,4341,8.52840707986e-06,0.0747088460196,0.122720873446,0.608770488032,0.505874222529,1.05712969362,0.0370218151337
tcn,8,0.25,0,4341,-2.2319109271e-05,-0.195515397214,0.126299734664,-1.54802698307,0.483068417415,1.03441027413,-0.0968872533455
tcn,8,0.25,1,4341,-4.93345868272e-05,-0.432170980606,0.124179255699,-3.48021880285,0.482146970744,1.04944137296,-0.214161441417
tcn,8,0.25,2,4341,-3.07813398626e-05,-0.269644537196,0.120802608821,-2.23210855981,0.491822160792,1.04935498733,-0.133621796344
tcn,8,0.25,3,4341,-3.48670741695e-05,-0.305435569725,0.129791813805,-2.3532729898,0.483068417415,1.06401174845,-0.15135796897
tcn,8,0.25,4,4341,-5.22368225328e-05,-0.457594565387,0.12511982301,-3.65725074075,0.485832757429,1.06185210781,-0.226760046615
tcn,8,0.25,5,4341,-5.58685494054e-06,-0.0489408492791,0.123666098832,-0.395749924527,0.498502649159,1.06070029947,-0.0242525372969
tcn,8,0.25,6,4341,-3.35721170814e-05,-0.294091745633,0.125158978505,-2.34974549287,0.489518544114,1.04356715043,-0.14573656025
tcn,8,0.25,7,4341,5.07222742813e-06,0.0444327122704,0.119836985539,0.370776284721,0.50264915918,1.0590877678,0.0220185392655
tcn,8,0.25,8,4341,-2.46169570075e-05,-0.215644543385,0.125318745971,-1.72076844302,0.484911310758,1.06061391384,-0.106862210369
tcn,8,0.25,9,4341,-2.47022939418e-05,-0.21639209493,0.119694983582,-1.80786268943,0.491822160792,1.05845427321,-0.107232658001
tcn,8,0.25,10,4341,-5.11158163932e-05,-0.447774551604,0.122124704229,-3.66653540273,0.481455885741,1.05329993089,-0.221893758963
tcn,8,0.25,11,4341,-1.78998352606e-05,-0.156802556883,0.122725853816,-1.27766523522,0.491822160792,1.05712969362,-0.0777031848663
tcn,8,0.5,0,4341,-4.81793661243e-05,-0.422051247249,0.126307252469,-3.34146487237,0.474775397374,1.03441027413,-0.209146628346
tcn,8,0.5,1,4341,-7.55706211511e-05,-0.661998641284,0.124188543942,-5.33059346916,0.473623589035,1.04944137296,-0.328052066417
tcn,8,0.5,2,4341,-5.70152145458e-05,-0.499453279422,0.120813700518,-4.13407814909,0.480534439069,1.04935498733,-0.247503046344
tcn,8,0.5,3,4341,-6.14673678806e-05,-0.538454142634,0.129791639099,-4.1486042273,0.475466482377,1.06401174845,-0.26682984397
tcn,8,0.5,4,4341,-7.8783125228e-05,-0.690140176998,0.125122813597,-5.51570219017,0.472241419028,1.06185210781,-0.341997546615
tcn,8,0.5,5,4341,-3.21043624273e-05,-0.281234214863,0.123671208491,-2.27404760004,0.487675650772,1.06070029947,-0.139365037297
tcn,8,0.5,6,4341,-5.9661295842e-05,-0.522632951576,0.125168319669,-4.17544114164,0.478921907395,1.04356715043,-0.25898968525
tcn,8,0.5,7,4341,-2.14049667668e-05,-0.187507508877,0.11985695564,-1.56442742832,0.490209629118,1.0590877678,-0.0929189607345
tcn,8,0.5,8,4341,-5.11323048536e-05,-0.447918990517,0.125323185137,-3.57411112737,0.473162865699,1.06061391384,-0.221965335369
tcn,8,0.5,9,4341,-5.1163650772e-05,-0.448193580763,0.119693520699,-3.74450996299,0.482377332412,1.05845427321,-0.222101408001
tcn,8,0.5,10,4341,-7.74483146654e-05,-0.678447236469,0.122132055084,-5.55503005335,0.470168164018,1.05329993089,-0.336203133963
tcn,8,0.5,11,4341,-4.43280776011e-05,-0.388313959786,0.122733871196,-3.16386956592,0.478230822391,1.05712969362,-0.192428184866
tcn,8,1,0,4341,-9.98998798308e-05,-0.875122947318,0.126331239668,-6.92720937132,0.453121400599,1.03441027413,-0.433665378346
tcn,8,1,1,4341,-0.000128042689799,-1.12165396264,0.124216345523,-9.02984190944,0.450817783921,1.04944137296,-0.555833316417
tcn,8,1,2,4341,-0.000109482963912,-0.959070763872,0.120844958011,-7.93637384344,0.457728633955,1.04935498733,-0.475265546344
tcn,8,1,3,4341,-0.000114667955303,-1.00449128845,0.129800161238,-7.73875223942,0.455425017277,1.06401174845,-0.49777359397
tcn,8,1,4,4341,-0.000131875730619,-1.15523140022,0.125138104637,-9.23165173045,0.452199953928,1.06185210781,-0.572472546615
tcn,8,1,5,4341,-8.51393774008e-05,-0.745820946031,0.123690664156,-6.02972707051,0.46993780235,1.06070029947,-0.369590037297
tcn,8,1,6,4341,-0.000111839653363,-0.979715363463,0.125195780679,-7.82546630682,0.458189357291,1.04356715043,-0.48549593525
tcn,8,1,7,4341,-7.43593551565e-05,-0.651387951171,0.119906114372,-5.4324831939,0.465560930661,1.0590877678,-0.322793960734
tcn,8,1,8,4341,-0.000104163000546,-0.912467884781,0.125341267933,-7.27986799425,0.453351762267,1.06061391384,-0.452171585369
tcn,8,1,9,4341,-0.000104086364432,-0.911796552428,0.119699848527,-7.61735761281,0.458419718959,1.05845427321,-0.451838908001
tcn,8,1,10,4341,-0.00013011331121,-1.1397926062,0.122155509865,-9.33066881274,0.4466712739,1.05329993089,-0.564821883963
tcn,8,1,11,4341,-9.7184562282e-05,-0.851336765591,0.122759014386,-6.93502444483,0.453351762267,1.05712969362,-0.421878184866
tcn,8,2,0,4341,-0.000203340907244,-1.78126634746,0.126414992211,-14.0906257739,0.414651002073,1.03441027413,-0.882702878346
tcn,8,2,1,4341,-0.000232986827094,-2.04096460535,0.124308815376,-16.4185025751,0.408431237042,1.04944137296,-1.01139581642
tcn,8,2,2,4341,-0.000214418462645,-1.87830573277,0.120943731796,-15.530409926,0.417184980419,1.04935498733,-0.930790546344
tcn,8,2,3,4341,-0.000221069130147,-1.93656558009,0.129852679322,-14.9135588899,0.415342087077,1.06401174845,-0.95966109397
tcn,8,2,4,4341,-0.000238060941399,-2.08541384666,0.125205905421,-16.6558744945,0.407279428703,1.06185210781,-1.03342254661
tcn,8,2,5,4341,-0.000191209407348,-1.67499440837,0.123766495718,-13.5335043515,0.423635107118,1.06070029947,-0.830040037297
tcn,8,2,6,4341,-0.000216196368406,-1.89388018724,0.125285786183,-15.116480847,0.421101128772,1.04356715043,-0.93850843525
tcn,8,2,7,4341,-0.000180268131936,-1.57914883576,0.120041248157,-13.1550517843,0.421101128772,1.0590877678,-0.782543960734
tcn,8,2,8,4341,-0.00021022439193,-1.84156567331,0.125414228059,-14.6838656331,0.411656300392,1.06061391384,-0.912584085369
tcn,8,2,9,4341,-0.000209931791753,-1.83900249576,0.119749506705,-15.35707784,0.414651002073,1.05845427321,-0.911313908001
tcn,8,2,10,4341,-0.000235443304299,-2.06248334566,0.12223740381,-16.8727679202,0.404054365354,1.05329993089,-1.02205938396
tcn,8,2,11,4341,-0.000202897531644,-1.7773823772,0.122845703652,-14.4684130121,0.410965215388,1.05712969362,-0.880778184866
tcn,8,5,0,4341,-0.000513663989483,-4.49969654787,0.126951322776,-35.4442667432,0.293711126469,1.03441027413,-2.22981537835
tcn,8,5,1,4341,-0.000547819238981,-4.79889653347,0.124879849218,-38.4281096072,0.285187744759,1.04944137296,-2.37808331642
tcn,8,5,2,4341,-0.000529224958844,-4.63601063948,0.121528738093,-38.1474432487,0.298318359825,1.04935498733,-2.29736554634
tcn,8,5,3,4341,-0.000540272654681,-4.732788455,0.130293219548,-36.3241346819,0.293941488136,1.06401174845,-2.34532359397
tcn,8,5,4,4341,-0.000556616573742,-4.87596118598,0.125706004142,-38.7886101324,0.288412808109,1.06185210781,-2.41627254661
tcn,8,5,5,4341,-0.000509419497189,-4.46251479537,0.124288212304,-35.9045698111,0.297857636489,1.06070029947,-2.2113900373
tcn,8,5,6,4341,-0.000529266513534,-4.63637465856,0.12583527373,-36.8447933644,0.300852338171,1.04356715043,-2.29754593525
tcn,8,5,7,4341,-0.000497994462275,-4.36243148953,0.120739359908,-36.1309807577,0.295554019811,1.0590877678,-2.16179396073
tcn,8,5,8,4341,-0.000528408566084,-4.62885903889,0.125926374748,-36.7584554716,0.298779083161,1.06061391384,-2.29382158537
tcn,8,5,9,4341,-0.000527468073716,-4.62062032575,0.120193609319,-38.4431447888,0.299470168164,1.05845427321,-2.289738908
tcn,8,5,10,4341,-0.000551433283567,-4.83055556404,0.122761821462,-39.3490053056,0.285418106427,1.05329993089,-2.39377188396
tcn,8,5,11,4341,-0.00052003643973,-4.55551921203,0.123395751706,-36.9179582689,0.299470168164,1.05712969362,-2.25747818487
tcn,8,10,0,4341,-0.00103086912655,-9.03041354856,0.128780423404,-70.1225645159,0.167472932504,1.03441027413,-4.47500287835
tcn,8,10,1,4341,-0.00107253992546,-9.39544974702,0.126793697369,-74.1002900141,0.161483529141,1.04944137296,-4.65589581642
tcn,8,10,2,4341,-0.00105390245251,-9.23218548398,0.123448977112,-74.7854352461,0.166321124165,1.04935498733,-4.57499054634
tcn,8,10,3,4341,-0.0010722785289,-9.39315991319,0.131958258649,-71.1828119693,0.161022805805,1.06401174845,-4.65476109397
tcn,8,10,4,4341,-0.00108754262765,-9.52687341819,0.127513402835,-74.7127220072,0.159640635798,1.06185210781,-4.72102254661
tcn,8,10,5,4341,-0.00103976964692,-9.10838210705,0.126122878049,-72.2183179447,0.167012209168,1.06070029947,-4.5136400373
tcn,8,10,6,4341,-0.00105105008875,-9.20719877742,0.127667569871,-72.1185402581,0.168164017507,1.04356715043,-4.56260843525
tcn,8,10,7,4341,-0.00102753834617,-9.00123591247,0.122858463022,-73.2650864342,0.170467634186,1.0590877678,-4.46054396073
tcn,8,10,8,4341,-0.00105871552301,-9.27434798153,0.127742383792,-72.6019642518,0.163556784151,1.06061391384,-4.59588408537
tcn,8,10,9,4341,-0.00105669521032,-9.25665004241,0.121903217188,-75.9344195825,0.168624740843,1.05845427321,-4.587113908
tcn,8,10,10,4341,-0.00107808324901,-9.44400926135,0.124550116025,-75.8249736148,0.159870997466,1.05329993089,-4.67995938396
tcn,8,10,11,4341,-0.00104860128654,-9.18574727008,0.125263010411,-73.3316821937,0.165860400829,1.05712969362,-4.55197818487
tcn,10,0,0,4341,-7.17964768999e-06,-0.0628937137643,0.109514034152,-0.574298209827,0.496890117484,0.861137986639,-0.0311668506223
tcn,10,0,1,4341,-1.80718384419e-05,-0.158309304751,0.106626574697,-1.48470777759,0.496429394149,0.872609997696,-0.0784498506762
tcn,10,0,2,4341,3.36375973869e-06,0.0294665353109,0.106133385765,0.277636816149,0.51002073255,0.872886431698,0.0146020810257
tcn,10,0,3,4341,-6.78474459182e-06,-0.0594343626244,0.111837622789,-0.531434423787,0.501958074176,0.888412808109,-0.0294525762731
tcn,10,0,4,4341,-2.29613366994e-05,-0.201141309487,0.108249212509,-1.85813184987,0.50057590417,0.881548030408,-0.0996751626121
tcn,10,0,5,4341,6.68307508684e-06,0.0585437377607,0.108289633454,0.540621811093,0.507256392536,0.882285187745,0.029011228952
tcn,10,0,6,4341,-8.41424948013e-06,-0.0737088254459,0.108319149049,-0.680478254244,0.494356139138,0.868970283345,-0.0365262569932
tcn,10,0,7,4341,1.82020227395e-05,0.159449719198,0.104279088686,1.52906705655,0.502879520848,0.886247408431,0.079014980712
tcn,10,0,8,4341,2.80930983452e-06,0.0246095541504,0.107226712592,0.229509546227,0.501036627505,0.887122782769,0.0121952139916
tcn,10,0,9,4341,-5.96305975462e-07,-0.00522364034504,0.104493816249,-0.0499899470853,0.497581202488,0.883114489749,-0.00258856423948
tcn,10,0,10,4341,-1.7638339903e-05,-0.154511857551,0.105075084658,-1.4704899649,0.496429394149,0.875512554711,-0.0765680335191
tcn,10,0,11,4341,1.12399642345e-05,0.0984620866939,0.107037391035,0.919884964886,0.504492052522,0.880810873071,0.0487926847418
tcn,10,0.25,0,4341,-2.8708097356e-05,-0.251482932838,0.109514866361,-2.29633602445,0.48260769408,0.861137986639,-0.124621850622
tcn,10,0.25,1,4341,-3.98870883843e-05,-0.349410894246,0.106633195276,-3.27675536068,0.486293480765,0.872609997696,-0.173149850676
tcn,10,0.25,2,4341,-1.84584010538e-05,-0.161695593231,0.106135151593,-1.52348765517,0.496199032481,0.872886431698,-0.0801279189743
tcn,10,0.25,3,4341,-2.89950647945e-05,-0.2539967676,0.111833969506,-2.27119513617,0.493434692467,0.888412808109,-0.125867576273
tcn,10,0.25,4,4341,-4.50000374596e-05,-0.394200328146,0.108248368136,-3.64162836757,0.490439990786,0.881548030408,-0.195345162612
tcn,10,0.25,5,4341,-1.53740546068e-05,-0.134676718355,0.108299910685,-1.24355336494,0.494816862474,0.882285187745,-0.066738771048
tcn,10,0.25,6,4341,-3.01385065638e-05,-0.264013317498,0.108321835157,-2.43730469591,0.481916609076,0.868970283345,-0.130831256993
tcn,10,0.25,7,4341,-3.95416247132e-06,-0.0346384632488,0.104295803718,-0.332117515891,0.492513245796,0.886247408431,-0.017165019288
tcn,10,0.25,8,4341,-1.93687597347e-05,-0.169670335276,0.107230045903,-1.5823021789,0.491131075789,0.887122782769,-0.0840797860084
tcn,10,0.25,9,4341,-2.26741682192e-05,-0.1986257136,0.104493194851,-1.90084831728,0.485602395761,0.883114489749,-0.0984285642395
tcn,10,0.25,10,4341,-3.95261537708e-05,-0.346249107032,0.105077234568,-3.29518671153,0.483298779083,0.875512554711,-0.171583033519
tcn,10,0.25,11,4341,-1.07803075923e-05,-0.0944354945086,0.107034347963,-0.882291491522,0.490439990786,0.880810873071,-0.0467973152582
tcn,10,0.5,0,4341,-5.02365470219e-05,-0.440072151912,0.109518738339,-4.01823613553,0.47201105736,0.861137986639,-0.218076850622
tcn,10,0.5,1,4341,-6.17023383267e-05,-0.540512483742,0.106642978116,-5.06843013287,0.473853950703,0.872609997696,-0.267849850676
tcn,10,0.5,2,4341,-4.02805618462e-05,-0.352857721773,0.106140061595,-3.3244537121,0.485602395761,0.872886431698,-0.174857918974
tcn,10,0.5,3,4341,-5.12053849973e-05,-0.448559172576,0.111833468636,-4.01095645202,0.481686247408,0.888412808109,-0.222282576273
tcn,10,0.5,4,4341,-6.70387382198e-05,-0.587259346805,0.108250745024,-5.42499127074,0.480764800737,0.881548030408,-0.291015162612
tcn,10,0.5,5,4341,-3.74311843004e-05,-0.327897174471,0.108313334085,-3.02730201449,0.485141672426,0.882285187745,-0.162488771048
tcn,10,0.5,6,4341,-5.18627636474e-05,-0.454317809551,0.108327592261,-4.19392511241,0.472932504031,0.868970283345,-0.225136256993
tcn,10,0.5,7,4341,-2.61103476821e-05,-0.228726645695,0.104315709101,-2.19263855527,0.482838055748,0.886247408431,-0.113345019288
tcn,10,0.5,8,4341,-4.15468293039e-05,-0.363950224702,0.107236584236,-3.39389982714,0.481916609076,0.887122782769,-0.180354786008
tcn,10,0.5,9,4341,-4.47520304629e-05,-0.392027786855,0.104495730836,-3.75161534084,0.473853950703,0.883114489749,-0.194268564239
tcn,10,0.5,10,4341,-6.14139676386e-05,-0.537986356514,0.105082510679,-5.11965647793,0.472702142364,0.875512554711,-0.266598033519
tcn,10,0.5,11,4341,-3.28005794191e-05,-0.287333075711,0.107034436795,-2.68449187304,0.480764800737,0.880810873071,-0.142387315258
tcn,10,1,0,4341,-9.32934463539e-05,-0.81725059006,0.10953560006,-7.46105001128,0.451739230592,0.861137986639,-0.404986850622
tcn,10,1,1,4341,-0.000105332838212,-0.922715662733,0.106672026818,-8.65002466214,0.451508868924,0.872609997696,-0.457249850676
tcn,10,1,2,4341,-8.39248834311e-05,-0.735181978856,0.106159312101,-6.9252707493,0.465100207326,0.872886431698,-0.364317918974
tcn,10,1,3,4341,-9.56260254027e-05,-0.837683982528,0.111841924037,-7.48989245083,0.457728633955,0.888412808109,-0.415112576273
tcn,10,1,4,4341,-0.00011111613974,-0.973377384124,0.108265161448,-8.99067965271,0.461875143976,0.881548030408,-0.482355162612
tcn,10,1,5,4341,-8.15454436876e-05,-0.714338086704,0.108349614438,-6.59289920329,0.460032250633,0.882285187745,-0.353988771048
tcn,10,1,6,4341,-9.53112778146e-05,-0.834926793656,0.108348317235,-7.70595072416,0.454733932274,0.868970283345,-0.413746256993
tcn,10,1,7,4341,-7.04227181037e-05,-0.616903010588,0.104365083325,-5.91100961101,0.463257313983,0.886247408431,-0.305705019288
tcn,10,1,8,4341,-8.59029684424e-05,-0.752510003555,0.107259273334,-7.01580367051,0.463718037319,0.887122782769,-0.372904786008
tcn,10,1,9,4341,-8.89077549504e-05,-0.778831933365,0.104510273747,-7.45220451004,0.455194655609,0.883114489749,-0.385948564239
tcn,10,1,10,4341,-0.000105189595374,-0.921460855477,0.105102439342,-8.76726421617,0.449665975582,0.875512554711,-0.456628033519
tcn,10,1,11,4341,-7.68411230726e-05,-0.673128238116,0.107044009861,-6.28833167767,0.458650080627,0.880810873071,-0.333567315258
tcn,10,2,0,4341,-0.000179407245018,-1.57160746636,0.10960576961,-14.3387293565,0.415342087077,0.861137986639,-0.778806850622
tcn,10,2,1,4341,-0.000192593837981,-1.68712202071,0.106768014291,-15.8017551596,0.414881363741,0.872609997696,-0.836049850676
tcn,10,2,2,4341,-0.000171213526601,-1.49983049302,0.106235505329,-14.1179776797,0.423865468786,0.872886431698,-0.743237918974
tcn,10,2,3,4341,-0.000184467306214,-1.61593360243,0.111896647802,-14.4413048485,0.419718958765,0.888412808109,-0.800772576273
tcn,10,2,4,4341,-0.000199270942781,-1.74561345876,0.108332620852,-16.1134609782,0.424786915457,0.881548030408,-0.865035162612
tcn,10,2,5,4341,-0.000169773962462,-1.48721991117,0.108459859436,-13.7121688973,0.41395991707,0.882285187745,-0.736988771048
tcn,10,2,6,4341,-0.000182208306149,-1.59614476187,0.108426580121,-14.7209730316,0.420640405437,0.868970283345,-0.790966256993
tcn,10,2,7,4341,-0.000159047458947,-1.39325574037,0.104502016221,-13.3323335832,0.417184980419,0.886247408431,-0.690425019288
tcn,10,2,8,4341,-0.000174615246719,-1.52962956126,0.107343066791,-14.2499148476,0.422944022115,0.887122782769,-0.758004786008
tcn,10,2,9,4341,-0.000177219203925,-1.55244022639,0.104577218897,-14.8449178775,0.412347385395,0.883114489749,-0.769308564239
tcn,10,2,10,4341,-0.000192740850845,-1.6884098534,0.105179771712,-16.0526099831,0.409813407049,0.875512554711,-0.836688033519
tcn,10,2,11,4341,-0.00016492221038,-1.44471856293,0.107100720082,-13.4893449999,0.414881363741,0.880810873071,-0.715927315258
tcn,10,5,0,4341,-0.00043774864101,-3.83467809524,0.110106649071,-34.8269439458,0.310988251555,0.861137986639,-1.90026685062
tcn,10,5,1,4341,-0.00045437683729,-3.98034109466,0.107357476527,-37.0755835868,0.298779083161,0.872609997696,-1.97244985068
tcn,10,5,2,4341,-0.00043307945611,-3.79377603553,0.106764255177,-35.534140422,0.308914996545,0.872886431698,-1.87999791897
tcn,10,5,3,4341,-0.000450991148646,-3.95068246214,0.112362278084,-35.1602204004,0.309836443216,0.888412808109,-1.95775257627
tcn,10,5,4,4341,-0.000463735351903,-4.06232168267,0.108842738436,-37.3228544324,0.301773784842,0.881548030408,-2.01307516261
tcn,10,5,5,4341,-0.000434459518786,-3.80586538456,0.109090307265,-34.8872918224,0.305689933195,0.882285187745,-1.88598877105
tcn,10,5,6,4341,-0.000442899391153,-3.8797986665,0.108954547211,-35.6093322015,0.311448974891,0.868970283345,-1.92262625699
tcn,10,5,7,4341,-0.000424921681476,-3.72231392973,0.10521608577,-35.3778027616,0.309836443216,0.886247408431,-1.84458501929
tcn,10,5,8,4341,-0.00044075208155,-3.86098823438,0.107900284976,-35.7829289814,0.300161253167,0.887122782769,-1.91330478601
tcn,10,5,9,4341,-0.00044215355085,-3.87326510545,0.105079651443,-36.8602774394,0.311218613223,0.883114489749,-1.91938856424
tcn,10,5,10,4341,-0.000455394617258,-3.98925684718,0.105710183684,-37.7376777541,0.289794978116,0.875512554711,-1.97686803352
tcn,10,5,11,4341,-0.000429165472301,-3.75948953736,0.107570257001,-34.9491545542,0.305689933195,0.880810873071,-1.86300731526
tcn,10,10,0,4341,-0.000868317634329,-7.60646247672,0.111892586188,-67.980039928,0.179221377563,0.861137986639,-3.76936685062
tcn,10,10,1,4341,-0.000890681836138,-7.80237288457,0.109324500986,-71.3689320713,0.176687399217,0.872609997696,-3.86644985068
tcn,10,10,2,4341,-0.000869522671959,-7.61701860636,0.108627315493,-70.1206558571,0.181985717577,0.872886431698,-3.77459791897
tcn,10,10,3,4341,-0.000895197552701,-7.84193056166,0.114126912252,-68.7123694748,0.177148122552,0.888412808109,-3.88605257627
tcn,10,10,4,4341,-0.000904509367107,-7.92350205586,0.110700275451,-71.5761729011,0.167472932504,0.881548030408,-3.92647516261
tcn,10,10,5,4341,-0.000875602112658,-7.67027450688,0.111119051875,-69.0275373795,0.183137525916,0.882285187745,-3.80098877105
tcn,10,10,6,4341,-0.000877384532825,-7.68588850755,0.110793905392,-69.3710405853,0.181064270905,0.868970283345,-3.80872625699
tcn,10,10,7,4341,-0.000868045385692,-7.60407757866,0.107392660315,-70.8063060955,0.182216079244,0.886247408431,-3.76818501929
tcn,10,10,8,4341,-0.000884313472934,-7.74658602291,0.109828668059,-70.5333694729,0.172540889196,0.887122782769,-3.83880478601
tcn,10,10,9,4341,-0.000883710795724,-7.74130657055,0.106903935328,-72.4136725818,0.180833909238,0.883114489749,-3.83618856424
tcn,10,10,10,4341,-0.000893150894614,-7.82400183682,0.107570067872,-72.7340048362,0.165630039161,0.875512554711,-3.87716803352
tcn,10,10,11,4341,-0.000869570908836,-7.61744116141,0.109333883071,-69.6713676262,0.177148122552,0.880810873071,-3.77480731526
transformer,1,0,0,4341,4.26938545263e-05,0.37399816565,0.422286578783,0.885650135336,0.512554710896,1.46394839899,0.185334022499
transformer,1,0,1,4341,-9.68037937222e-06,-0.0848001233007,0.417849562336,-0.202944147713,0.508638562543,1.47270214236,-0.0420225268548
transformer,1,0,2,4341,-3.16678838836e-06,-0.027741066282,0.410091567507,-0.0676460295212,0.508408200875,1.45634646395,-0.0137470283939
transformer,1,0,3,4341,4.87125644726e-05,0.42672206478,0.422717120135,1.00947429014,0.520387007602,1.44897489058,0.211461242376
transformer,1,0,4,4341,-2.09471623937e-05,-0.183497142569,0.39347627526,-0.466348682515,0.507256392536,1.45173923059,-0.0909316319509
transformer,1,0,5,4341,7.3589258382e-05,0.644641903426,0.418377831066,1.54081276674,0.516931582585,1.47178069569,0.319450970636
transformer,1,0,6,4341,6.76455829759e-05,0.592575306869,0.407901199222,1.45274225229,0.512324349228,1.45726791062,0.293649475698
transformer,1,0,7,4341,-7.18127584608e-05,-0.629079764117,0.407764391506,-1.54275306334,0.49942409583,1.47546648238,-0.311739184478
transformer,1,0,8,4341,2.91109472583e-05,0.255011897983,0.419587257851,0.607768451523,0.518544114259,1.47016816402,0.126370622048
transformer,1,0,9,4341,-4.4732994036e-05,-0.391861027755,0.420270145498,-0.93240272228,0.50472241419,1.46694310067,-0.19418592711
transformer,1,0,10,4341,-1.6260278943e-05,-0.14244004354,0.410267568688,-0.347188163071,0.495507947478,1.46694310067,-0.0705858708914
transformer,1,0,11,4341,-4.82347726043e-05,-0.422536608014,0.410607880556,-1.0290513846,0.500345542502,1.46556093066,-0.209387147875
transformer,1,0.25,0,4341,6.09514455161e-06,0.0533934662721,0.422262112704,0.12644626327,0.508868924211,1.46394839899,0.0264590224985
transformer,1,0.25,1,4341,-4.64979329313e-05,-0.407321892478,0.417871744744,-0.974753372539,0.501727712509,1.47270214236,-0.201847526855
transformer,1,0.25,2,4341,-3.95754499871e-05,-0.346680941887,0.410131946049,-0.845291241578,0.50472241419,1.45634646395,-0.171797028394
transformer,1,0.25,3,4341,1.24881922082e-05,0.109396563744,0.422742896972,0.258778005561,0.515088689242,1.44897489058,0.0542112423757
transformer,1,0.25,4,4341,-5.72406431585e-05,-0.501428034068,0.393469946568,-1.27437441777,0.501727712509,1.45173923059,-0.248481631951
transformer,1,0.25,5,4341,3.67947409897e-05,0.32232193107,0.418379676192,0.770405326578,0.51209398756,1.47178069569,0.159725970636
transformer,1,0.25,6,4341,3.12138852104e-05,0.273433634443,0.407874178703,0.670387214294,0.50794747754,1.45726791062,0.135499475698
transformer,1,0.25,7,4341,-0.00010869942052,-0.952206923757,0.407798115549,-2.33499589,0.494816862474,1.47546648238,-0.471864184478
transformer,1,0.25,8,4341,-7.64325684212e-06,-0.066954929937,0.419588331046,-0.159572907497,0.512554710896,1.47016816402,-0.0331793779516
transformer,1,0.25,9,4341,-8.14065715527e-05,-0.713121566802,0.420289324266,-1.69673966391,0.500806265837,1.46694310067,-0.35338592711
transformer,1,0.25,10,4341,-5.29338564597e-05,-0.463700582587,0.410299959936,-1.13015020196,0.490900714121,1.46694310067,-0.229785870891
transformer,1,0.25,11,4341,-8.48737958709e-05,-0.743494451829,0.410594780341,-1.81077424124,0.496199032481,1.46556093066,-0.368437147875
transformer,1,0.5,0,4341,-3.05035654231e-05,-0.267211233106,0.422242699199,-0.632838018544,0.50264915918,1.46394839899,-0.132415977501
transformer,1,0.5,1,4341,-8.33154864904e-05,-0.729843661656,0.417899045804,-1.74645926805,0.49527758581,1.47270214236,-0.361672526855
transformer,1,0.5,2,4341,-7.59841115858e-05,-0.665620817491,0.410177558239,-1.62276264052,0.49735084082,1.45634646395,-0.329847028394
transformer,1,0.5,3,4341,-2.37361800563e-05,-0.207928937293,0.422773679121,-0.49182091403,0.508177839208,1.44897489058,-0.103038757624
transformer,1,0.5,4,4341,-9.35341239233e-05,-0.819358925568,0.393469116806,-2.08239704356,0.495047224142,1.45173923059,-0.406031631951
transformer,1,0.5,5,4341,2.23597407449e-10,1.95871328925e-06,0.418386519923,4.68158794794e-06,0.507026030868,1.47178069569,9.70636345736e-07
transformer,1,0.5,6,4341,-5.21781255511e-06,-0.0457080379827,0.407852338338,-0.112070064791,0.499884819166,1.45726791062,-0.0226505243017
transformer,1,0.5,7,4341,-0.00014558608258,-1.2753340834,0.407836924025,-3.12706870876,0.488827459111,1.47546648238,-0.631989184478
transformer,1,0.5,8,4341,-4.43974609426e-05,-0.388921757857,0.419594309072,-0.926899506136,0.506334945865,1.47016816402,-0.192729377952
transformer,1,0.5,9,4341,-0.000118080149069,-1.03438210585,0.420313486,-2.46097767571,0.495047224142,1.46694310067,-0.51258592711
transformer,1,0.5,10,4341,-8.96074339764e-05,-0.784961121633,0.410337508975,-1.91296458273,0.485372034094,1.46694310067,-0.388985870891
transformer,1,0.5,11,4341,-0.000121512819137,-1.06445229564,0.410586749648,-2.5925149717,0.49205252246,1.46556093066,-0.527487147875
transformer,1,1,0,4341,-0.000103700985372,-0.908420631862,0.422219032519,-2.15153880308,0.494356139138,1.46394839899,-0.450165977501
transformer,1,1,1,4341,-0.000156950593609,-1.37488720001,0.417968999677,-3.28944778458,0.485832757429,1.47270214236,-0.681322526855
transformer,1,1,2,4341,-0.000148801434783,-1.3035005687,0.41028447638,-3.17706528944,0.484450587422,1.45634646395,-0.645947028394
transformer,1,1,3,4341,-9.61849245852e-05,-0.842579939366,0.422850254806,-1.99262015286,0.49527758581,1.44897489058,-0.417538757624
transformer,1,1,4,4341,-0.000166121085453,-1.45522070857,0.393483953978,-3.69829746259,0.483068417415,1.45173923059,-0.721131631951
transformer,1,1,5,4341,-7.35888111872e-05,-0.644637986,0.418415202045,-1.54066578568,0.493665054135,1.47178069569,-0.319449029364
transformer,1,1,6,4341,-7.80812080861e-05,-0.683991382834,0.407824201205,-1.67717212665,0.491361437457,1.45726791062,-0.338950524302
transformer,1,1,7,4341,-0.000219359406699,-1.92158840268,0.407929788282,-4.71058612996,0.479612992398,1.47546648238,-0.952239184478
transformer,1,1,8,4341,-0.000117905869143,-1.0328554137,0.419620978607,-2.46140080299,0.491131075789,1.47016816402,-0.511829377952
transformer,1,1,9,4341,-0.000191427304103,-1.67690318394,0.420376754751,-3.98904831199,0.481916609076,1.46694310067,-0.83098592711
transformer,1,1,10,4341,-0.00016295458901,-1.42748219973,0.410428074565,-3.47803254258,0.475696844045,1.46694310067,-0.707385870891
transformer,1,1,11,4341,-0.00019479086567,-1.70636798327,0.410585897827,-4.15593422059,0.484220225754,1.46556093066,-0.845587147875
transformer,1,2,0,4341,-0.000250095825271,-2.19083942937,0.422232348563,-5.18870578446,0.469246717346,1.46394839899,-1.0856659775
transformer,1,2,1,4341,-0.000304220807845,-2.66497427672,0.418170274535,-6.37294049579,0.461875143976,1.47270214236,-1.32062252685
transformer,1,2,2,4341,-0.000294436081178,-2.57926007112,0.410561026289,-6.28228181918,0.465330568993,1.45634646395,-1.27814702839
transformer,1,2,3,4341,-0.000241082413643,-2.11188194351,0.42306340995,-4.99188039864,0.471780695692,1.44897489058,-1.04653875762
transformer,1,2,4,4341,-0.000311295008512,-2.72694427457,0.393579601566,-6.9285711549,0.462566228979,1.45173923059,-1.35133163195
transformer,1,2,5,4341,-0.000220766880756,-1.93391787543,0.418532526776,-4.62071105996,0.46993780235,1.47178069569,-0.958349029364
transformer,1,2,6,4341,-0.000223807999148,-1.96055807254,0.407830112189,-4.80729110956,0.466482377332,1.45726791062,-0.971550524302
transformer,1,2,7,4341,-0.000366906054936,-3.21409704124,0.408176453461,-7.87428332523,0.457498272287,1.47546648238,-1.59273918448
transformer,1,2,8,4341,-0.000264922685545,-2.32072272538,0.419733154906,-5.52904315099,0.467864547339,1.47016816402,-1.15002937795
transformer,1,2,9,4341,-0.00033812161417,-2.96194534013,0.420563038194,-7.04280945098,0.460032250633,1.46694310067,-1.46778592711
transformer,1,2,10,4341,-0.000309648899077,-2.71252435591,0.410671023963,-6.60510286248,0.45404284727,1.46694310067,-1.34418587089
transformer,1,2,11,4341,-0.000341346958737,-2.99019935853,0.410645028949,-7.28171327481,0.460953697305,1.46556093066,-1.48178714788
transformer,1,5,0,4341,-0.000689280344967,-6.03809582191,0.422757162135,-14.2826576643,0.4065883437,1.46394839899,-2.9921659775
transformer,1,5,1,4341,-0.000746031450554,-6.53523550685,0.419263705977,-15.5874105335,0.399907855333,1.47270214236,-3.23852252685
transformer,1,5,2,4341,-0.000731340020363,-6.40653857838,0.411890582738,-15.5539816807,0.396452430316,1.45634646395,-3.17474702839
transformer,1,5,3,4341,-0.000675774880816,-5.91978795595,0.424181565468,-13.9557878934,0.414651002073,1.44897489058,-2.93353875762
transformer,1,5,4,4341,-0.00074681677769,-6.54211497256,0.394393423201,-16.5877892168,0.395761345312,1.45173923059,-3.24193163195
transformer,1,5,5,4341,-0.000662301089464,-5.80175754371,0.419363323781,-13.8346803707,0.404515088689,1.47178069569,-2.87504902936
transformer,1,5,6,4341,-0.000660988372334,-5.79025814165,0.408345010646,-14.179818513,0.404515088689,1.45726791062,-2.8693505243
transformer,1,5,7,4341,-0.000809545999649,-7.09162295693,0.409402348514,-17.3218912463,0.39276664363,1.47546648238,-3.51423918448
transformer,1,5,8,4341,-0.00070597313475,-6.18432466041,0.420539569686,-14.7056902755,0.402902557015,1.47016816402,-3.06462937795
transformer,1,5,9,4341,-0.00077820454437,-6.81707180868,0.421598651687,-16.1695768746,0.395530983644,1.46694310067,-3.37818592711
transformer,1,5,10,4341,-0.000749731829277,-6.56765082447,0.411892826913,-15.9450478264,0.391384473624,1.46694310067,-3.25458587089
transformer,1,5,11,4341,-0.000781015237935,-6.84169348431,0.411308515642,-16.6339699377,0.397834600323,1.46556093066,-3.39038714788
transformer,1,10,0,4341,-0.00142125454446,-12.4501898095,0.425239321363,-29.278077506,0.319050909929,1.46394839899,-6.1696659775
transformer,1,10,1,4341,-0.00148238252174,-12.9856708904,0.422702614418,-30.7205833309,0.308454273209,1.47270214236,-6.43502252685
transformer,1,10,2,4341,-0.00145951325234,-12.7853360905,0.415753874134,-30.7521754718,0.307763188205,1.45634646395,-6.33574702839
transformer,1,10,3,4341,-0.00140026232611,-12.2662979767,0.427625595827,-28.6846673735,0.325040313292,1.44897489058,-6.07853875762
transformer,1,10,4,4341,-0.00147268639299,-12.9007328026,0.39749177657,-32.4553451492,0.307072103202,1.45173923059,-6.39293163195
transformer,1,10,5,4341,-0.00139819143731,-12.2481569908,0.422331928075,-29.0012574864,0.31467403824,1.47178069569,-6.06954902936
transformer,1,10,6,4341,-0.00138962232764,-12.1730915902,0.410851154405,-29.6289579806,0.316977654918,1.45726791062,-6.0323505243
transformer,1,10,7,4341,-0.00154727924084,-13.5541661497,0.413047893208,-32.8149988721,0.305920294863,1.47546648238,-6.71673918448
transformer,1,10,8,4341,-0.00144105721676,-12.6236612188,0.423438324898,-29.8122783804,0.315595484911,1.47016816402,-6.25562937795
transformer,1,10,9,4341,-0.0015116760947,-13.2422825896,0.424899589965,-31.1656751438,0.313752591569,1.46694310067,-6.56218592711
transformer,1,10,10,4341,-0.00148320337961,-12.9928616054,0.415554930482,-31.2662915353,0.30730246487,1.46694310067,-6.43858587089
transformer,1,10,11,4341,-0.00151379570327,-13.2608503606,0.414023994679,-32.0291831658,0.307532826538,1.46556093066,-6.57138714788
transformer,2,0,0,4341,2.01686647073e-05,0.176677502836,0.291794738481,0.605485567546,0.509790370882,1.26549182216,0.0875521734944
transformer,2,0,1,4341,8.47003292224e-06,0.0741974883988,0.286296898248,0.259162739285,0.510942179221,1.29797281732,0.0367684129154
transformer,2,0,2,4341,-1.74096324431e-05,-0.152508380201,0.285596904325,-0.533998715993,0.507026030868,1.27885279889,-0.0755752144353
transformer,2,0,3,4341,8.00101016557e-05,0.700888490504,0.295433458058,2.37240729304,0.521308454273,1.27493665054,0.347323851287
transformer,2,0,4,4341,6.79609197448e-06,0.0595337656965,0.284819059953,0.209023109992,0.515088689242,1.27608845888,0.0295018352612
transformer,2,0,5,4341,5.08845935039e-05,0.445749039094,0.287322921544,1.55138697845,0.514858327574,1.28875835061,0.220890020401
transformer,2,0,6,4341,7.52623546855e-05,0.659298227045,0.29276288433,2.25198705961,0.516010135913,1.27032941718,0.32671388169
transformer,2,0,7,4341,-5.68945878433e-05,-0.498396589507,0.285739330522,-1.74423516916,0.500806265837,1.27700990555,-0.246979405828
transformer,2,0,8,4341,8.91905150237e-05,0.781308911608,0.284520552401,2.74605438874,0.523381709284,1.28864316978,0.387176025718
transformer,2,0,9,4341,1.2319692331e-05,0.10792050482,0.291156563569,0.370661418368,0.500806265837,1.28956461645,0.053479784409
transformer,2,0,10,4341,4.29949834546e-06,0.0376636055063,0.283306978098,0.132942738506,0.499884819166,1.26618290716,0.0186641223177
transformer,2,0,11,4341,1.05500324343e-05,0.0924182841247,0.28420542261,0.32518128358,0.510711817554,1.27758580972,0.0457976907974
transformer,2,0.25,0,4341,-1.14686308467e-05,-0.100465206217,0.291773714395,-0.344325760892,0.502418797512,1.26549182216,-0.0497853265056
transformer,2,0.25,1,4341,-2.39792875108e-05,-0.210058558595,0.286310205664,-0.733674715184,0.504031329187,1.29797281732,-0.104094087085
transformer,2,0.25,2,4341,-4.93809524154e-05,-0.432577143159,0.28561013739,-1.51457209157,0.500806265837,1.27885279889,-0.214362714435
transformer,2,0.25,3,4341,4.81366853921e-05,0.421677364035,0.295458553428,1.4271963331,0.515549412578,1.27493665054,0.208961351287
transformer,2,0.25,4,4341,-2.51061194975e-05,-0.219929606798,0.284842410661,-0.772109765143,0.508638562543,1.27608845888,-0.108985664739
transformer,2,0.25,5,4341,1.86656347387e-05,0.163510960311,0.287324414566,0.569081331142,0.50794747754,1.28875835061,0.0810275204005
transformer,2,0.25,6,4341,4.35041192559e-05,0.381096084682,0.292771331263,1.30168511732,0.51002073255,1.27032941718,0.18885138169
transformer,2,0.25,7,4341,-8.88198354821e-05,-0.778061758823,0.285791723973,-2.72247827196,0.494356139138,1.27700990555,-0.385566905828
transformer,2,0.25,8,4341,5.69744357793e-05,0.499096057427,0.284525192922,1.75413661019,0.519004837595,1.28864316978,0.247326025718
transformer,2,0.25,9,4341,-1.99194230802e-05,-0.174494146182,0.291183641476,-0.59925806717,0.496199032481,1.28956461645,-0.086470215591
transformer,2,0.25,10,4341,-2.73550743336e-05,-0.239630451163,0.283320138306,-0.845793922718,0.496659755817,1.26618290716,-0.118748377682
transformer,2,0.25,11,4341,-2.13896128087e-05,-0.187373008204,0.284199949295,-0.659299935377,0.504492052522,1.27758580972,-0.0928523092026
transformer,2,0.5,0,4341,-4.31059264007e-05,-0.37760791527,0.291756797676,-1.2942557578,0.498502649159,1.26549182216,-0.187122826506
transformer,2,0.5,1,4341,-5.64286079439e-05,-0.494314605589,0.28632767525,-1.72639478582,0.496429394149,1.29797281732,-0.244956587085
transformer,2,0.5,2,4341,-8.13522723878e-05,-0.712645906117,0.285627741038,-2.49501642777,0.494586500806,1.27885279889,-0.353150214435
transformer,2,0.5,3,4341,1.62632691286e-05,0.142466237567,0.295487711536,0.482139297184,0.509329647547,1.27493665054,0.0705988512873
transformer,2,0.5,4,4341,-5.70083309695e-05,-0.499392979293,0.284869961417,-1.75305594458,0.502188435844,1.27608845888,-0.247473164739
transformer,2,0.5,5,4341,-1.35533240266e-05,-0.118727118473,0.287329983267,-0.413208246223,0.503800967519,1.28875835061,-0.0588349795995
transformer,2,0.5,6,4341,1.17458838263e-05,0.102893942318,0.292783985515,0.351432958798,0.503570605851,1.27032941718,0.0509888816899
transformer,2,0.5,7,4341,-0.000120745083121,-1.05772692814,0.285848422449,-3.70030703362,0.489518544114,1.27700990555,-0.524154405828
transformer,2,0.5,8,4341,2.47583565349e-05,0.216883203246,0.284534102239,0.762239751015,0.512324349228,1.28864316978,0.107476025718
transformer,2,0.5,9,4341,-5.21585384914e-05,-0.456908797184,0.291214849624,-1.56897492616,0.491591799125,1.28956461645,-0.226420215591
transformer,2,0.5,10,4341,-5.90096470127e-05,-0.516924507832,0.283337679838,-1.82441145183,0.48997926745,1.26618290716,-0.256160877682
transformer,2,0.5,11,4341,-5.33292580517e-05,-0.467164300533,0.284198670677,-1.64379481234,0.498733010827,1.27758580972,-0.231502309203
transformer,2,1,0,4341,-0.000106380517509,-0.931893333377,0.291735289029,-3.19431131036,0.485141672426,1.26549182216,-0.461797826506
transformer,2,1,1,4341,-0.00012132724881,-1.06282669958,0.286375097702,-3.71130977555,0.480304077402,1.29797281732,-0.526681587085
transformer,2,1,2,4341,-0.000145294912332,-1.27278343203,0.285676056652,-4.45533814401,0.48260769408,1.27885279889,-0.630725214435
transformer,2,1,3,4341,-4.74835633985e-05,-0.415956015371,0.295558210986,-1.40735733236,0.495047224142,1.27493665054,-0.206126148713
transformer,2,1,4,4341,-0.000120812753914,-1.05831972428,0.284937658014,-3.71421500288,0.488136374107,1.27608845888,-0.524448164739
transformer,2,1,5,4341,-7.79912415571e-05,-0.68320327604,0.287353346587,-2.37757201771,0.491822160792,1.28875835061,-0.338559979599
transformer,2,1,6,4341,-5.1770587033e-05,-0.453510342409,0.292821913615,-1.54875820873,0.492513245796,1.27032941718,-0.22473611831
transformer,2,1,7,4341,-0.000184595578398,-1.61705726677,0.285974724037,-5.65454612192,0.476618290716,1.27700990555,-0.801329405828
transformer,2,1,8,4341,-3.96738019539e-05,-0.347542505116,0.284564725461,-1.22131267167,0.501036627505,1.28864316978,-0.172223974282
transformer,2,1,9,4341,-0.000116636769314,-1.02173809919,0.291289651162,-3.50763611104,0.480073715734,1.28956461645,-0.506320215591
transformer,2,1,10,4341,-0.000122318792371,-1.07151262117,0.283385903419,-3.78110769888,0.479612992398,1.26618290716,-0.530985877682
transformer,2,1,11,4341,-0.000117208548538,-1.02674688519,0.284208697574,-3.61265117485,0.483529140751,1.27758580972,-0.508802309203
transformer,2,2,0,4341,-0.000232929699725,-2.04046416959,0.291741579967,-6.994080754,0.463026952315,1.26549182216,-1.01114782651
transformer,2,2,1,4341,-0.000251124530542,-2.19985088755,0.286519842995,-7.67783084257,0.456807187284,1.29797281732,-1.09013158708
transformer,2,2,2,4341,-0.000273180192222,-2.39305848386,0.285825085921,-8.3724578483,0.461644782308,1.27885279889,-1.18587521444
transformer,2,2,3,4341,-0.000174977228453,-1.53280052124,0.29574789865,-5.18279429284,0.472241419028,1.27493665054,-0.759576148713
transformer,2,2,4,4341,-0.000248421599802,-2.17617321426,0.285123385791,-7.63239117767,0.466021653997,1.27608845888,-1.07839816474
transformer,2,2,5,4341,-0.000206867076618,-1.81215559118,0.287448959346,-6.30426909633,0.466252015665,1.28875835061,-0.898009979599
transformer,2,2,6,4341,-0.000178803528751,-1.56631891186,0.292948221516,-5.34674320178,0.467864547339,1.27032941718,-0.77618611831
transformer,2,2,7,4341,-0.000312296568954,-2.73571794403,0.286278861977,-9.55612973007,0.454273208938,1.27700990555,-1.35567940583
transformer,2,2,8,4341,-0.000168538118932,-1.47639392184,0.284677166944,-5.18620421051,0.476848652384,1.28864316978,-0.731623974282
transformer,2,2,9,4341,-0.000245593230959,-2.1513967032,0.291488747023,-7.38071958239,0.454733932274,1.28956461645,-1.06612021559
transformer,2,2,10,4341,-0.000248937083087,-2.18068884785,0.283534877095,-7.69107797315,0.452891038931,1.26618290716,-1.08063587768
transformer,2,2,11,4341,-0.00024496712951,-2.14591205451,0.284279077785,-7.54861058093,0.458880442294,1.27758580972,-1.0634023092
transformer,2,5,0,4341,-0.000612577246373,-5.36617667823,0.292154630762,-18.3675906975,0.39806496199,1.26549182216,-2.65919782651
transformer,2,5,1,4341,-0.000640516375739,-5.61092345148,0.287352117122,-19.5262993281,0.382170006911,1.29797281732,-2.78048158708
transformer,2,5,2,4341,-0.00065683603189,-5.75388363936,0.286690090193,-20.070047191,0.381018198572,1.27885279889,-2.85132521444
transformer,2,5,3,4341,-0.000557458223615,-4.88333403887,0.296705111488,-16.4585436846,0.405897258696,1.27493665054,-2.41992614871
transformer,2,5,4,4341,-0.000631248137466,-5.5297336842,0.286081803701,-19.3292044886,0.389080856945,1.27608845888,-2.74024816474
transformer,2,5,5,4341,-0.000593494581801,-5.19901253658,0.28812605372,-18.0442291471,0.393227366966,1.28875835061,-2.5763599796
transformer,2,5,6,4341,-0.000559902353907,-4.90474462022,0.293729717838,-16.6981558976,0.397143515319,1.27032941718,-2.43053611831
transformer,2,5,7,4341,-0.000695399540619,-6.09169997582,0.287601314968,-21.1810574528,0.389541580281,1.27700990555,-3.01872940583
transformer,2,5,8,4341,-0.000555131069865,-4.86294817201,0.285423050183,-17.0376855299,0.39599170698,1.28864316978,-2.40982397428
transformer,2,5,9,4341,-0.000632462615893,-5.54037251522,0.292480512781,-18.9427065159,0.386086155264,1.28956461645,-2.74552021559
transformer,2,5,10,4341,-0.000628791955237,-5.50821752787,0.284400728696,-19.3678038489,0.378714581894,1.26618290716,-2.72958587768
transformer,2,5,11,4341,-0.000628242872426,-5.50340756245,0.28489211548,-19.3175144675,0.389771941949,1.27758580972,-2.7272023092
transformer,2,10,0,4341,-0.00124532315745,-10.9090308593,0.294148799209,-37.0867767899,0.301313061507,1.26549182216,-5.40594782651
transformer,2,10,1,4341,-0.0012895027844,-11.2960443914,0.290051882741,-38.9449097335,0.28196268141,1.29797281732,-5.59773158708
transformer,2,10,2,4341,-0.00129626243134,-11.3552588985,0.289509316264,-39.2224300242,0.287952084773,1.27885279889,-5.62707521444
transformer,2,10,3,4341,-0.00119492654889,-10.4675565682,0.299579382752,-34.9408443,0.305920294863,1.27493665054,-5.18717614871
transformer,2,10,4,4341,-0.00126929236691,-11.1190011341,0.289000524432,-38.4739825506,0.285418106427,1.27608845888,-5.50999816474
transformer,2,10,5,4341,-0.00123787375711,-10.8437741123,0.290543682618,-37.3223537836,0.293711126469,1.28875835061,-5.3736099796
transformer,2,10,6,4341,-0.0011950670625,-10.4687874675,0.296360770751,-35.3244710525,0.300852338171,1.27032941718,-5.18778611831
transformer,2,10,7,4341,-0.0013339044934,-11.6850033621,0.291150689305,-40.1338681013,0.287952084773,1.27700990555,-5.79047940583
transformer,2,10,8,4341,-0.00119945265475,-10.5072052556,0.288014573472,-36.4815055328,0.294402211472,1.28864316978,-5.20682397428
transformer,2,10,9,4341,-0.00127724492412,-11.1886655353,0.295432507127,-37.8721544358,0.286339553098,1.28956461645,-5.54452021559
transformer,2,10,10,4341,-0.00126188340882,-11.0540986613,0.287224566359,-38.4859094798,0.287491361437,1.26618290716,-5.47783587768
transformer,2,10,11,4341,-0.00126703577729,-11.099233409,0.287242113111,-38.6406898655,0.290716424787,1.27758580972,-5.5002023092
transformer,3,0,0,4341,4.22581407587e-05,0.370181313046,0.244276695223,1.51541804964,0.515088689242,1.12009521616,0.183442589033
transformer,3,0,1,4341,3.86536307165e-05,0.338605805076,0.234973459183,1.44103851667,0.509560009214,1.14205636182,0.16779541094
transformer,3,0,2,4341,-1.03892541554e-06,-0.00910098664013,0.237371205865,-0.0383407355874,0.511863625893,1.12961683176,-0.00450997522886
transformer,3,0,3,4341,4.33924913936e-05,0.380118224608,0.243854462827,1.55879133891,0.511172540889,1.12923289565,0.18836680514
transformer,3,0,4,4341,4.32067141931e-05,0.378490816332,0.236444791453,1.60075768219,0.513476157567,1.13084542732,0.187560346312
transformer,3,0,5,4341,4.13852002525e-05,0.362534354212,0.238539865458,1.51980614861,0.5132457959,1.14359210627,0.179653154296
transformer,3,0,6,4341,5.02848146735e-05,0.44049497654,0.242998305877,1.81274916692,0.516240497581,1.11756123781,0.218286380498
transformer,3,0,7,4341,-6.83489845436e-06,-0.0598737104602,0.233445794311,-0.256478000115,0.500806265837,1.13230438455,-0.0296702941904
transformer,3,0,8,4341,4.00848792523e-05,0.35114354225,0.237705578635,1.47722045173,0.516010135913,1.13744912847,0.174008460834
transformer,3,0,9,4341,4.36259598001e-05,0.382163407849,0.238482572261,1.60247939389,0.514167242571,1.13437763956,0.189380291492
transformer,3,0,10,4341,7.03891097326e-06,0.0616608601257,0.231654209145,0.266176299378,0.502418797512,1.12677570452,0.0305559125349
transformer,3,0,11,4341,1.44017673425e-05,0.126159481921,0.235611703813,0.535455072387,0.503800967519,1.12485602396,0.0625180720339
transformer,3,0.25,0,4341,1.42557603548e-05,0.124880460708,0.244259856746,0.511260681029,0.509099285879,1.12009521616,0.0618842557002
transformer,3,0.25,1,4341,1.0102221671e-05,0.0884954618376,0.234988456959,0.376594931439,0.501727712509,1.14205636182,0.0438537442736
transformer,3,0.25,2,4341,-2.92793462095e-05,-0.256487072795,0.237392702562,-1.08043368658,0.50472241419,1.12961683176,-0.127101641896
transformer,3,0.25,3,4341,1.51616690025e-05,0.132816220462,0.243882684421,0.544590612396,0.505413499194,1.12923289565,0.0658168051398
transformer,3,0.25,4,4341,1.49355785101e-05,0.130835667748,0.236463565365,0.553301594462,0.507256392536,1.13084542732,0.0648353463123
transformer,3,0.25,5,4341,1.27953975957e-05,0.112087682938,0.23855579082,0.46985940921,0.507256392536,1.14359210627,0.055544820963
transformer,3,0.25,6,4341,2.23457837282e-05,0.195749065459,0.243003344655,0.805540622239,0.509099285879,1.11756123781,0.0970030471642
transformer,3,0.25,7,4341,-3.51425080681e-05,-0.307848370677,0.233457503255,-1.3186484323,0.494356139138,1.13230438455,-0.152553627524
transformer,3,0.25,8,4341,1.16486510407e-05,0.102042183116,0.237718778778,0.429255878061,0.512785072564,1.13744912847,0.0505667941675
transformer,3,0.25,9,4341,1.52665188111e-05,0.133734704785,0.238509853812,0.560709348682,0.508408200875,1.13437763956,0.0662719581591
transformer,3,0.25,10,4341,-2.11304816398e-05,-0.185103019165,0.231682601217,-0.798950884498,0.496429394149,1.12677570452,-0.0917274207984
transformer,3,0.25,11,4341,-1.37196332564e-05,-0.120183987326,0.235624325645,-0.510066127497,0.499654457498,1.12485602396,-0.0595569279661
transformer,3,0.5,0,4341,-1.37466200491e-05,-0.12042039163,0.24424682916,-0.493027451142,0.503340244183,1.12009521616,-0.0596740776332
transformer,3,0.5,1,4341,-1.84491873746e-05,-0.161614881401,0.235007369823,-0.687701332614,0.495738309145,1.14205636182,-0.080087922393
transformer,3,0.5,2,4341,-5.75197670035e-05,-0.503873158951,0.237418235379,-2.12230184487,0.498963372495,1.12961683176,-0.249693308562
transformer,3,0.5,3,4341,-1.30691533887e-05,-0.114485783685,0.243914801589,-0.469367922483,0.499654457498,1.12923289565,-0.0567331948602
transformer,3,0.5,4,4341,-1.33355571729e-05,-0.116819480835,0.236486329824,-0.4939798462,0.501958074176,1.13084542732,-0.0578896536877
transformer,3,0.5,5,4341,-1.57944050611e-05,-0.138358988336,0.238575573099,-0.579937780463,0.500345542502,1.14359210627,-0.0685635123704
transformer,3,0.5,6,4341,-5.59324721704e-06,-0.0489968456212,0.243012377709,-0.201622839475,0.503340244183,1.11756123781,-0.0242802861692
transformer,3,0.5,7,4341,-6.34501176819e-05,-0.555823030893,0.233473281587,-2.3806708293,0.489748905782,1.13230438455,-0.275436960857
transformer,3,0.5,8,4341,-1.6787577171e-05,-0.147059176018,0.237735944987,-0.618581998719,0.506334945865,1.13744912847,-0.0728748724991
transformer,3,0.5,9,4341,-1.30929221779e-05,-0.114693998278,0.238541058986,-0.480814492758,0.50264915918,1.13437763956,-0.0568363751742
transformer,3,0.5,10,4341,-4.92998742529e-05,-0.431866898455,0.23171511363,-1.86378390123,0.490209629118,1.12677570452,-0.214010754132
transformer,3,0.5,11,4341,-4.18410338553e-05,-0.366527456573,0.235640911424,-1.55544915506,0.490670352453,1.12485602396,-0.181631927966
transformer,3,1,0,4341,-6.97513808569e-05,-0.611022096307,0.24423220892,-2.50180800889,0.492973969132,1.12009521616,-0.3027907443
transformer,3,1,1,4341,-7.55520054656e-05,-0.661835567879,0.235056936836,-2.81563937992,0.483529140751,1.14205636182,-0.327971255726
transformer,3,1,2,4341,-0.000114000608591,-0.998645331261,0.237481403961,-4.20515170705,0.487214927436,1.12961683176,-0.494876641896
transformer,3,1,3,4341,-6.9530798171e-05,-0.609089791978,0.243990716303,-2.49636462078,0.485141672426,1.12923289565,-0.30183319486
transformer,3,1,4,4341,-6.9877828539e-05,-0.612129778001,0.236543825577,-2.58780704383,0.488597097443,1.13084542732,-0.303339653688
transformer,3,1,5,4341,-7.29740103748e-05,-0.639252330883,0.238626704382,-2.67888010497,0.488366735775,1.14359210627,-0.316780179037
transformer,3,1,6,4341,-6.14713091075e-05,-0.538488667782,0.243042424666,-2.21561593011,0.490900714121,1.11756123781,-0.266846952836
transformer,3,1,7,4341,-0.000120065336909,-1.05177235133,0.2335170429,-4.5040496328,0.474314674038,1.13230438455,-0.521203627524
transformer,3,1,8,4341,-7.36600335942e-05,-0.645261894285,0.237782171965,-2.71366809779,0.492743607464,1.13744912847,-0.319758205832
transformer,3,1,9,4341,-6.98118041559e-05,-0.611551404406,0.238615233849,-2.56291853015,0.487675650772,1.13437763956,-0.303053041841
transformer,3,1,10,4341,-0.000105638659479,-0.925394657036,0.231792492326,-3.99234094146,0.47938263073,1.12677570452,-0.458577420798
transformer,3,1,11,4341,-9.80838350532e-05,-0.859214395066,0.235685971275,-3.64558989412,0.477770099056,1.12485602396,-0.425781927966
transformer,3,2,0,4341,-0.000181760902473,-1.59222550566,0.244248714009,-6.51886955524,0.465560930661,1.12009521616,-0.789024077633
transformer,3,2,1,4341,-0.000189757641648,-1.66227694083,0.235202997261,-7.06741393687,0.457498272287,1.14205636182,-0.823737922393
transformer,3,2,2,4341,-0.000226962291767,-1.98818967588,0.237656103567,-8.36582627604,0.460492973969,1.12961683176,-0.985243308562
transformer,3,2,3,4341,-0.000182454087736,-1.59829780856,0.244189212501,-6.54532520988,0.460953697305,1.12923289565,-0.79203319486
transformer,3,2,4,4341,-0.000182962371271,-1.60275037233,0.236706639489,-6.77104104809,0.465791292329,1.13084542732,-0.794239653688
transformer,3,2,5,4341,-0.000187333221002,-1.64103901598,0.238775195256,-6.87273656806,0.463026952315,1.14359210627,-0.81321351237
transformer,3,2,6,4341,-0.000173227432889,-1.5174723121,0.243150417119,-6.24087891801,0.465100207326,1.11756123781,-0.751980286169
transformer,3,2,7,4341,-0.000233295775364,-2.04367099219,0.233653347664,-8.74659410031,0.450587422253,1.13230438455,-1.01273696086
transformer,3,2,8,4341,-0.000187404946441,-1.64166733082,0.237922167645,-6.90001838447,0.469016355678,1.13744912847,-0.813524872499
transformer,3,2,9,4341,-0.000183249568112,-1.60526621666,0.238810586424,-6.72192234315,0.458880442294,1.13437763956,-0.795486375174
transformer,3,2,10,4341,-0.000218316229931,-1.9124501742,0.231996602909,-8.24344042206,0.449896337249,1.12677570452,-0.947710754132
transformer,3,2,11,4341,-0.000210569437449,-1.84458827205,0.235823608153,-7.82189826753,0.454503570606,1.12485602396,-0.914081927966
transformer,3,5,0,4341,-0.000517789467319,-4.53583573372,0.244663826123,-18.5390533844,0.394839898641,1.12009521616,-2.24772407763
transformer,3,5,1,4341,-0.000532374550194,-4.6636010597,0.236015264347,-19.7597433904,0.386086155264,1.14205636182,-2.31103792239
transformer,3,5,2,4341,-0.000565847341295,-4.95682270975,0.238565532836,-20.7776146488,0.386316516932,1.12961683176,-2.45634330856
transformer,3,5,3,4341,-0.000521223956429,-4.56592185832,0.245156408503,-18.6245258127,0.391384473624,1.12923289565,-2.26263319486
transformer,3,5,4,4341,-0.000522215999467,-4.57461215533,0.237576191856,-19.2553475986,0.386316516932,1.13084542732,-2.26693965369
transformer,3,5,5,4341,-0.000530410852884,-4.64639907127,0.239589195302,-19.3931911888,0.393688090302,1.14359210627,-2.30251351237
transformer,3,5,6,4341,-0.000508495804232,-4.45442324507,0.243856536905,-18.2665730499,0.394609536973,1.11756123781,-2.20738028617
transformer,3,5,7,4341,-0.00057298709073,-5.01936691479,0.234451193564,-21.4090055951,0.3800967519,1.13230438455,-2.48733696086
transformer,3,5,8,4341,-0.00052863968498,-4.63088364043,0.238721200747,-19.3987112411,0.388389771942,1.13744912847,-2.2948248725
transformer,3,5,9,4341,-0.00052356285998,-4.58641065343,0.239771011888,-19.1282950233,0.386086155264,1.13437763956,-2.27278637517
transformer,3,5,10,4341,-0.000556348941288,-4.87361672568,0.233001890163,-20.9166402996,0.379636028565,1.12677570452,-2.41511075413
transformer,3,5,11,4341,-0.000548026244636,-4.80070990301,0.236615374873,-20.2890869014,0.383091453582,1.12485602396,-2.37898192797
transformer,3,10,0,4341,-0.0010778370754,-9.44185278048,0.2465654704,-38.2934916441,0.295093296475,1.12009521616,-4.6788907443
transformer,3,10,1,4341,-0.0011034027311,-9.66580792448,0.238600328517,-40.5104552225,0.286569914766,1.14205636182,-4.78987125573
transformer,3,10,2,4341,-0.00113065575717,-9.90454443285,0.241348087994,-41.0384209595,0.28726099977,1.12961683176,-4.9081766419
transformer,3,10,3,4341,-0.00108584040425,-9.51196194125,0.247990144309,-38.3562095492,0.292328956462,1.12923289565,-4.71363319486
transformer,3,10,4,4341,-0.00108763871313,-9.527715127,0.240279000611,-39.6527166451,0.292328956462,1.13084542732,-4.72143965369
transformer,3,10,5,4341,-0.00110220690602,-9.65533249674,0.242159095301,-39.8718556689,0.286569914766,1.14359210627,-4.78468017904
transformer,3,10,6,4341,-0.00106727642314,-9.34934146668,0.24629329111,-37.9601954424,0.293711126469,1.11756123781,-4.63304695284
transformer,3,10,7,4341,-0.001139139283,-9.97886011912,0.237061095735,-42.0940436818,0.280580511403,1.13230438455,-4.94500362752
transformer,3,10,8,4341,-0.00109736424921,-9.6129108231,0.241300881285,-39.8378604003,0.293250403133,1.13744912847,-4.76365820583
transformer,3,10,9,4341,-0.00109075167976,-9.5549847147,0.242601904939,-39.3854480125,0.285648468095,1.13437763956,-4.73495304184
transformer,3,10,10,4341,-0.00111973679355,-9.80889431149,0.235967208501,-41.5688873629,0.284727021424,1.12677570452,-4.8607774208
transformer,3,10,11,4341,-0.00111045425662,-9.72757928795,0.239182298434,-40.6701472126,0.293020041465,1.12485602396,-4.82048192797
transformer,4,0,0,4341,2.43725979316e-05,0.213503957881,0.212610411747,1.00420273931,0.505183137526,1.0023612071,0.105801447621
transformer,4,0,1,4341,2.66745798428e-05,0.233669319423,0.204634444747,1.14188654658,0.510481455886,1.02401520387,0.115794351098
transformer,4,0,2,4341,-1.6385579447e-05,-0.143537675956,0.205025770492,-0.700095776308,0.504261690855,1.01099976964,-0.0711298003793
transformer,4,0,3,4341,3.77777389653e-05,0.330932993336,0.210116882392,1.5749947818,0.515549412578,1.00673807878,0.163993164848
transformer,4,0,4,4341,4.56044470734e-05,0.399494956363,0.207357424814,1.92660068344,0.510251094218,1.00310988252,0.197968904745
transformer,4,0,5,4341,2.89423200442e-05,0.253534723587,0.209212724254,1.21185135603,0.504952775858,1.01434001382,0.125638611312
transformer,4,0,6,4341,3.68727843519e-05,0.323005590922,0.213124599822,1.5155716008,0.513476157567,0.997696383322,0.160064756871
transformer,4,0,7,4341,1.6582380175e-05,0.145261650333,0.204556166383,0.710130879462,0.504492052522,1.01238193965,0.0719841123396
transformer,4,0,8,4341,3.91419034475e-05,0.3428830742,0.205972250176,1.66470519163,0.509790370882,1.00817783921,0.169915002865
transformer,4,0,9,4341,3.55617818818e-05,0.311521209284,0.208358144735,1.49512374321,0.509560009214,1.01566459341,0.154373695149
transformer,4,0,10,4341,7.22425711509e-06,0.0632844923282,0.202366673964,0.312721907658,0.506795669201,1,0.0313605001366
transformer,4,0,11,4341,4.44953156067e-05,0.389778964715,0.204499673611,1.90601264947,0.50794747754,1.01169085464,0.193154165049
transformer,4,0.25,0,4341,-6.86432245778e-07,-0.00601314647302,0.212607765742,-0.028282816726,0.498733010827,1.0023612071,-0.00297980237892
transformer,4,0.25,1,4341,1.07419974605e-06,0.00940998977537,0.204657188085,0.0459792781452,0.503109882516,1.02401520387,0.00466310109759
transformer,4,0.25,2,4341,-4.16605736879e-05,-0.364946625506,0.205057035767,-1.77973227859,0.496199032481,1.01099976964,-0.180848550379
transformer,4,0.25,3,4341,1.26092869957e-05,0.110457354082,0.210146280704,0.525621265874,0.508868924211,1.00673807878,0.0547369148483
transformer,4,0.25,4,4341,2.05267000105e-05,0.179813892092,0.207376005882,0.867091114651,0.503570605851,1.00310988252,0.0891064047454
transformer,4,0.25,5,4341,3.58381969866e-06,0.0313942605602,0.209235085219,0.150043003196,0.500345542502,1.01434001382,0.0155573613119
transformer,4,0.25,6,4341,1.19303747688e-05,0.104510082975,0.213130613996,0.490356974135,0.50794747754,0.997696383322,0.0517897568714
transformer,4,0.25,7,4341,-8.72716831614e-06,-0.0764499944494,0.204564851452,-0.373720088798,0.498733010827,1.01238193965,-0.0378846376604
transformer,4,0.25,8,4341,1.39374574673e-05,0.122092127413,0.205986708107,0.592718474581,0.50264915918,1.00817783921,0.0605025028655
transformer,4,0.25,9,4341,1.01701670465e-05,0.0890906633273,0.208376802616,0.42754597541,0.504031329187,1.01566459341,0.0441486951488
transformer,4,0.25,10,4341,-1.77757428849e-05,-0.155715507672,0.2023955342,-0.769362369024,0.502418797512,1,-0.0771644998634
transformer,4,0.25,11,4341,1.92030442407e-05,0.168218667548,0.204526881419,0.822477057203,0.500806265837,1.01169085464,0.0833604150488
transformer,4,0.5,0,4341,-2.57454624232e-05,-0.225530250827,0.212608936708,-1.06077502818,0.491591799125,1.0023612071,-0.111761052379
transformer,4,0.5,1,4341,-2.45261803507e-05,-0.214849339872,0.20468384297,-1.04966438364,0.496199032481,1.02401520387,-0.106468148902
transformer,4,0.5,2,4341,-6.69355679289e-05,-0.586355575057,0.205092288538,-2.85898401758,0.491361437457,1.01099976964,-0.290567300379
transformer,4,0.5,3,4341,-1.25591649739e-05,-0.110018285171,0.210179580005,-0.523448972393,0.501727712509,1.00673807878,-0.0545193351517
transformer,4,0.5,4,4341,-4.55104705242e-06,-0.0398671721792,0.207398471083,-0.192225005185,0.496659755817,1.00310988252,-0.0197560952546
transformer,4,0.5,5,4341,-2.17746806469e-05,-0.190746202467,0.209261124467,-0.911522400313,0.494125777471,1.01434001382,-0.0945238886881
transformer,4,0.5,6,4341,-1.30120348142e-05,-0.113985424973,0.213140401089,-0.534790327832,0.502418797512,0.997696383322,-0.0564852431286
transformer,4,0.5,7,4341,-3.40367168073e-05,-0.298161639232,0.204577556863,-1.45745038607,0.491591799125,1.01238193965,-0.14775338766
transformer,4,0.5,8,4341,-1.12669885129e-05,-0.0986988193731,0.206005190406,-0.479108410709,0.49735084082,1.00817783921,-0.0489099971345
transformer,4,0.5,9,4341,-1.52214477888e-05,-0.13333988263,0.208399221402,-0.639829082531,0.496659755817,1.01566459341,-0.0660763048512
transformer,4,0.5,10,4341,-4.27757428849e-05,-0.374715507672,0.202428451246,-1.85110099576,0.496199032481,1,-0.185689499863
transformer,4,0.5,11,4341,-6.08922712536e-06,-0.0533416296182,0.204557858923,-0.260765486591,0.496199032481,1.01169085464,-0.0264333349512
transformer,4,1,0,4341,-7.58635227779e-05,-0.664564459535,0.212622729089,-3.12555700128,0.479152269062,1.0023612071,-0.329323552379
transformer,4,1,1,4341,-7.57269405442e-05,-0.663367999167,0.204748881044,-3.2399102539,0.485602395761,1.02401520387,-0.328730648902
transformer,4,1,2,4341,-0.000117485556411,-1.02917347416,0.205174748108,-5.01608255231,0.479612992398,1.01099976964,-0.510004800379
transformer,4,1,3,4341,-6.28960689131e-05,-0.550969563679,0.210257873942,-2.62044675592,0.48997926745,1.00673807878,-0.273031835152
transformer,4,1,4,4341,-5.47065411782e-05,-0.479229300721,0.207455048621,-2.31003922974,0.481916609076,1.00310988252,-0.237481095255
transformer,4,1,5,4341,-7.2491681338e-05,-0.635027128521,0.209324232129,-3.03370098178,0.481686247408,1.01434001382,-0.314686388688
transformer,4,1,6,4341,-6.28968539803e-05,-0.550976440868,0.213171291751,-2.58466530058,0.488597097443,0.997696383322,-0.273035243129
transformer,4,1,7,4341,-8.46558137895e-05,-0.741584928796,0.204615025481,-3.62429360724,0.478691545727,1.01238193965,-0.36749088766
transformer,4,1,8,4341,-6.16758804733e-05,-0.540280712946,0.206054223534,-2.62203173359,0.485372034094,1.00817783921,-0.267734997135
transformer,4,1,9,4341,-6.60046774594e-05,-0.578200974544,0.20845533663,-2.77374033158,0.484450587422,1.01566459341,-0.286526304851
transformer,4,1,10,4341,-9.27757428849e-05,-0.812715507672,0.202506447611,-4.01328213131,0.481916609076,1,-0.402739499863
transformer,4,1,11,4341,-5.66737698575e-05,-0.496462223951,0.204631115965,-2.42613261239,0.485372034094,1.01169085464,-0.246020834951
transformer,4,2,0,4341,-0.000176099643487,-1.54263287695,0.212696100943,-7.25275578682,0.459801888966,1.0023612071,-0.764448552379
transformer,4,2,1,4341,-0.000178128460931,-1.56040531776,0.204925813601,-7.61448882569,0.461184058973,1.02401520387,-0.773255648902
transformer,4,2,2,4341,-0.000218585533375,-1.91480927236,0.205387411307,-9.32291448718,0.453351762267,1.01099976964,-0.948879800379
transformer,4,2,3,4341,-0.000163569876791,-1.43287212069,0.210461177698,-6.80824908598,0.463487675651,1.00673807878,-0.710056835152
transformer,4,2,4,4341,-0.00015501752943,-1.3579535578,0.207614743229,-6.54073760218,0.458189357291,1.00310988252,-0.672931095255
transformer,4,2,5,4341,-0.00017392568272,-1.52358898063,0.209494513537,-7.27269156076,0.457728633955,1.01434001382,-0.755011388688
transformer,4,2,6,4341,-0.000162666492313,-1.42495847266,0.21327831183,-6.68121601502,0.465560930661,0.997696383322,-0.706135243129
transformer,4,2,7,4341,-0.000185894007754,-1.62843150793,0.204738158035,-7.95372745146,0.455425017277,1.01238193965,-0.80696588766
transformer,4,2,8,4341,-0.000162493664394,-1.42344450009,0.206200518799,-6.90320523141,0.459110803962,1.00817783921,-0.705384997135
transformer,4,2,9,4341,-0.000167571136801,-1.46792315837,0.208612630971,-7.03659769564,0.460262612301,1.01566459341,-0.727426304851
transformer,4,2,10,4341,-0.000192775742885,-1.68871550767,0.202711018811,-8.33065472997,0.46141442064,1,-0.836839499863
transformer,4,2,11,4341,-0.000157842855322,-1.38270341262,0.204822777218,-6.75073071168,0.460262612301,1.01169085464,-0.685195834951
transformer,4,5,0,4341,-0.000476808005616,-4.1768381292,0.213281651304,-19.5836730617,0.384703985257,1.0023612071,-2.06982355238
transformer,4,5,1,4341,-0.000485333022092,-4.25151727353,0.205829692542,-20.6555100045,0.38539507026,1.02401520387,-2.1068306489
transformer,4,5,2,4341,-0.000521885464266,-4.57171666697,0.206405251173,-22.1492265385,0.3800967519,1.01099976964,-2.26550480038
transformer,4,5,3,4341,-0.000465591300427,-4.07857979174,0.211442889348,-19.2892738286,0.390002303617,1.00673807878,-2.02113183515
transformer,4,5,4,4341,-0.000455950494184,-3.99412632906,0.208464548161,-19.1597389786,0.386546878599,1.00310988252,-1.97928109525
transformer,4,5,5,4341,-0.000478227686867,-4.18927453695,0.210356325347,-19.9151346176,0.387929048606,1.01434001382,-2.07598638869
transformer,4,5,6,4341,-0.000461975407309,-4.04690456803,0.213960180565,-18.9142884313,0.399907855333,0.997696383322,-2.00543524313
transformer,4,5,7,4341,-0.000489608589648,-4.28897124531,0.205491739489,-20.8717452876,0.384934346925,1.01238193965,-2.12539088766
transformer,4,5,8,4341,-0.000464947016156,-4.07293586153,0.207023672656,-19.6737687496,0.387237963603,1.00817783921,-2.01833499713
transformer,4,5,9,4341,-0.000472270514824,-4.13708970986,0.209443515838,-19.752770542,0.395300621977,1.01566459341,-2.05012630485
transformer,4,5,10,4341,-0.000492775742885,-4.31671550767,0.203711256438,-21.1903631795,0.392997005298,1,-2.13913949986
transformer,4,5,11,4341,-0.000461350111714,-4.04142697862,0.205757127215,-19.6417350559,0.392305920295,1.01169085464,-2.00272083495
transformer,4,10,0,4341,-0.000977988609164,-8.56718021627,0.215462654781,-39.7617871412,0.291177148123,1.0023612071,-4.24544855238
transformer,4,10,1,4341,-0.000997340624027,-8.73670386648,0.208560256712,-41.8905500224,0.286109191431,1.02401520387,-4.3294556489
transformer,4,10,2,4341,-0.00102738534909,-8.99989565799,0.209345905212,-42.9905502516,0.280810873071,1.01099976964,-4.45987980038
transformer,4,10,3,4341,-0.000968960339818,-8.48809257681,0.21429815331,-39.6087994494,0.284266298088,1.00673807878,-4.20625683515
transformer,4,10,4,4341,-0.000957505435442,-8.38774761447,0.211098448439,-39.7338193459,0.288643169777,1.00310988252,-4.15653109525
transformer,4,10,5,4341,-0.000985397693777,-8.63208379749,0.21294547474,-40.5365918577,0.288412808109,1.01434001382,-4.27761138869
transformer,4,10,6,4341,-0.00096082359897,-8.41681472698,0.216284939404,-38.9153990573,0.293020041465,0.997696383322,-4.17093524313
transformer,4,10,7,4341,-0.00099579955947,-8.72320414096,0.20801085592,-41.9362927111,0.284266298088,1.01238193965,-4.32276588766
transformer,4,10,8,4341,-0.00096903593576,-8.48875479726,0.20965788158,-40.488603306,0.28403593642,1.00817783921,-4.20658499713
transformer,4,10,9,4341,-0.00098010281153,-8.585700629,0.212007888168,-40.4970810435,0.28726099977,1.01566459341,-4.25462630485
transformer,4,10,10,4341,-0.000992775742885,-8.69671550767,0.206644409622,-42.0854138932,0.289103893112,1,-4.30963949986
transformer,4,10,11,4341,-0.000967195539035,-8.47263292195,0.208493063671,-40.6374810403,0.28933425478,1.01169085464,-4.19859583495
transformer,5,0,0,4341,1.2975251028e-05,0.113663199005,0.188110859613,0.6042351794,0.509790370882,0.894909007141,0.0563255647126
transformer,5,0,1,4341,3.65493387852e-05,0.320172207758,0.185005499326,1.73060913824,0.509790370882,0.918912692928,0.158660679666
transformer,5,0,2,4341,-2.63242326742e-06,-0.0230600278226,0.184907140332,-0.124711397197,0.498272287491,0.901727712509,-0.0114273494039
transformer,5,0,3,4341,3.18059993542e-05,0.278620554343,0.189637145986,1.46922984363,0.518083390924,0.910803962221,0.138069843197
transformer,5,0,4,4341,3.23424604036e-05,0.283319953135,0.185365868154,1.52843646976,0.508408200875,0.899562312831,0.140398620612
transformer,5,0,5,4341,3.2797169196e-05,0.287303202157,0.189853023036,1.51329274384,0.51002073255,0.913476157567,0.14237251148
transformer,5,0,6,4341,1.61540532616e-05,0.141509506571,0.191348474878,0.73953819941,0.513015434232,0.896659755817,0.0701247452085
transformer,5,0,7,4341,2.50972610761e-05,0.219852007026,0.185642535229,1.18427604296,0.51002073255,0.918820548261,0.108947210331
transformer,5,0,8,4341,3.63351891587e-05,0.31829625703,0.185186027883,1.71879196649,0.510251094218,0.909329647547,0.157731056138
transformer,5,0,9,4341,2.99570070212e-05,0.262423381506,0.187337024761,1.40080895296,0.516010135913,0.91260078323,0.130043367479
transformer,5,0,10,4341,2.00798203962e-05,0.175899226671,0.182759882081,0.962460823831,0.507026030868,0.898180142824,0.08716650034
transformer,5,0,11,4341,4.37689162346e-05,0.383415706215,0.184453918531,2.07865308186,0.523151347616,0.910112877217,0.190000865374
transformer,5,0.25,0,4341,-9.39747415051e-06,-0.0823218735584,0.18811959825,-0.437603919656,0.503340244183,0.894909007141,-0.0407944352874
transformer,5,0.25,1,4341,1.3576521462e-05,0.118930328007,0.185027555722,0.642770897245,0.503800967519,0.918912692928,0.0589356796663
transformer,5,0.25,2,4341,-2.51756160801e-05,-0.220538396862,0.184944764353,-1.1924554752,0.492743607464,0.901727712509,-0.109287349404
transformer,5,0.25,3,4341,9.03590029869e-06,0.0791544866165,0.189664057838,0.417340467766,0.511172540889,0.910803962221,0.0392248431966
transformer,5,0.25,4,4341,9.8534025828e-06,0.0863158066253,0.185381500088,0.465611760528,0.500806265837,0.899562312831,0.0427736206119
transformer,5,0.25,5,4341,9.96026525681e-06,0.0872519236496,0.189882626238,0.459504512751,0.50472241419,0.913476157567,0.0432375114798
transformer,5,0.25,6,4341,-6.26244063384e-06,-0.0548589799524,0.191341485272,-0.286707191984,0.506565307533,0.896659755817,-0.0271852547915
transformer,5,0.25,7,4341,2.12674736955e-06,0.0186303069572,0.185658429253,0.10034721845,0.504952775858,0.918820548261,0.00923221033121
transformer,5,0.25,8,4341,1.360194797e-05,0.119153064218,0.185193183481,0.643398757868,0.504492052522,0.909329647547,0.0590460561379
transformer,5,0.25,9,4341,7.14198744047e-06,0.0625638099785,0.187354926549,0.333932024798,0.507717115872,0.91260078323,0.0310033674791
transformer,5,0.25,10,4341,-2.37468317439e-06,-0.0208022246077,0.182785869941,-0.113806524621,0.50057590417,0.898180142824,-0.01030849966
transformer,5,0.25,11,4341,2.10160943042e-05,0.184100986104,0.184503373539,0.997819078175,0.514858327574,0.910112877217,0.0912308653744
transformer,5,0.5,0,4341,-3.1770199329e-05,-0.278306946122,0.188132275181,-1.47931526291,0.497120479152,0.894909007141,-0.137914435287
transformer,5,0.5,1,4341,-9.39629586124e-06,-0.0823115517445,0.185053478466,-0.444798727518,0.49735084082,0.918912692928,-0.0407893203337
transformer,5,0.5,2,4341,-4.77188088929e-05,-0.418016765901,0.18498632489,-2.25971712315,0.485372034094,0.901727712509,-0.207147349404
transformer,5,0.5,3,4341,-1.37341987568e-05,-0.12031158111,0.189694826411,-0.634237545566,0.504031329187,0.910803962221,-0.0596201568034
transformer,5,0.5,4,4341,-1.2635655238e-05,-0.110688339885,0.185400899563,-0.597021590218,0.494816862474,0.899562312831,-0.0548513793881
transformer,5,0.5,5,4341,-1.28766386824e-05,-0.112799354858,0.189915984407,-0.593943449308,0.49942409583,0.913476157567,-0.0558974885202
transformer,5,0.5,6,4341,-2.86789345293e-05,-0.251227466476,0.191338350601,-1.3130011087,0.501497350841,0.896659755817,-0.124495254791
transformer,5,0.5,7,4341,-2.0843766337e-05,-0.182591393112,0.18567818287,-0.983375592596,0.498502649159,0.918820548261,-0.0904827896688
transformer,5,0.5,8,4341,-9.13129321863e-06,-0.0799901285952,0.185204245329,-0.431902240972,0.498041925824,0.909329647547,-0.0396389438621
transformer,5,0.5,9,4341,-1.56730321403e-05,-0.137295761549,0.187376604434,-0.732726275853,0.500345542502,0.91260078323,-0.0680366325209
transformer,5,0.5,10,4341,-2.4829186745e-05,-0.217503675886,0.182815810314,-1.18974215366,0.494586500806,0.898180142824,-0.10778349966
transformer,5,0.5,11,4341,-1.73672762627e-06,-0.0152137340061,0.184556585788,-0.0824339805655,0.504952775858,0.910112877217,-0.00753913462562
transformer,5,1,0,4341,-7.65156496861e-05,-0.67027709125,0.188169440496,-3.5620932362,0.484911310758,0.894909007141,-0.332154435287
transformer,5,1,1,4341,-5.53419305076e-05,-0.484795311247,0.185116916256,-2.61886012933,0.483529140751,0.918912692928,-0.240239320334
transformer,5,1,2,4341,-9.28051945183e-05,-0.81297350398,0.185081244652,-4.39252235152,0.472702142364,0.901727712509,-0.402867349404
transformer,5,1,3,4341,-5.92743968679e-05,-0.519243716562,0.189767925984,-2.73620378085,0.489288182446,0.910803962221,-0.257310156803
transformer,5,1,4,4341,-5.76137708795e-05,-0.504696632905,0.185450996174,-2.72145549669,0.483068417415,0.899562312831,-0.250101379388
transformer,5,1,5,4341,-5.85504465607e-05,-0.512901911872,0.189993957513,-2.69956959993,0.487214927436,0.913476157567,-0.25416748852
transformer,5,1,6,4341,-7.35119223201e-05,-0.643964439524,0.19134364659,-3.36548639581,0.489518544114,0.896659755817,-0.319115254791
transformer,5,1,7,4341,-6.678479375e-05,-0.58503479325,0.185729263716,-3.1499333037,0.485832757429,0.918820548261,-0.289912789669
transformer,5,1,8,4341,-5.4597775596e-05,-0.478276514221,0.185238084725,-2.58195562176,0.485602395761,0.909329647547,-0.237008943862
transformer,5,1,9,4341,-6.13030713018e-05,-0.537014904603,0.187431283023,-2.86512953409,0.487214927436,0.91260078323,-0.266116632521
transformer,5,1,10,4341,-6.97381938862e-05,-0.610906578443,0.18288754058,-3.34034006091,0.481686247408,0.898180142824,-0.30273349966
transformer,5,1,11,4341,-4.72423714871e-05,-0.413843174227,0.184674268792,-2.24093576726,0.494125777471,0.910112877217,-0.205079134626
transformer,5,2,0,4341,-0.0001660065504,-1.45421738151,0.188290979107,-7.72324509865,0.45934116563,0.894909007141,-0.720634435287
transformer,5,2,1,4341,-0.0001472331998,-1.28976283025,0.185290100406,-6.96077571024,0.460032250633,0.918912692928,-0.639139320334
transformer,5,2,2,4341,-0.000182977965769,-1.60288698014,0.185318189066,-8.64937752853,0.450817783921,0.901727712509,-0.794307349404
transformer,5,2,3,4341,-0.00015035479309,-1.31710798747,0.189960307615,-6.93359578116,0.462796590647,0.910803962221,-0.652690156803
transformer,5,2,4,4341,-0.000147570002163,-1.29271321894,0.185596332542,-6.96518730323,0.461184058973,0.899562312831,-0.640601379388
transformer,5,2,5,4341,-0.000149898062317,-1.3131070259,0.190194861522,-6.90400894846,0.460492973969,0.913476157567,-0.65070748852
transformer,5,2,6,4341,-0.000163177897902,-1.42943838562,0.191400490519,-7.46831098365,0.466712739,0.896659755817,-0.708355254791
transformer,5,2,7,4341,-0.000158666848576,-1.38992159353,0.185877670284,-7.47761466668,0.460723335637,0.918820548261,-0.688772789669
transformer,5,2,8,4341,-0.000145530740351,-1.27484928547,0.185352591191,-6.87796851006,0.463257313983,0.909329647547,-0.631748943862
transformer,5,2,9,4341,-0.000152563149625,-1.33645319071,0.187585880491,-7.1244871267,0.465330568993,0.91260078323,-0.662276632521
transformer,5,2,10,4341,-0.000159556208169,-1.39771238356,0.183078328828,-7.63450481826,0.461644782308,0.898180142824,-0.69263349966
transformer,5,2,11,4341,-0.000138253659209,-1.21110205467,0.184954563731,-6.54810581712,0.471319972357,0.910112877217,-0.600159134626
transformer,5,5,0,4341,-0.000434479252543,-3.80603825227,0.189031812422,-20.1343795179,0.387698686938,0.894909007141,-1.88607443529
transformer,5,5,1,4341,-0.000422907007679,-3.70466538727,0.186178225116,-19.8984891222,0.39276664363,0.918912692928,-1.83583932033
transformer,5,5,2,4341,-0.000453496279522,-3.97262740861,0.186403348776,-21.3119959202,0.381709283575,0.901727712509,-1.9686273494
transformer,5,5,3,4341,-0.000423595981756,-3.71070080018,0.190904901805,-19.4374307056,0.395070260309,0.910803962221,-1.8388301568
transformer,5,5,4,4341,-0.000417438696012,-3.65676297707,0.186391891612,-19.6186805415,0.389080856945,0.899562312831,-1.81210137939
transformer,5,5,5,4341,-0.000423940909588,-3.71372236799,0.191155217714,-19.4277844591,0.390232665284,0.913476157567,-1.84032748852
transformer,5,5,6,4341,-0.000432175824647,-3.78586022391,0.191940210434,-19.7241641829,0.390463026952,0.896659755817,-1.87607525479
transformer,5,5,7,4341,-0.000434313013054,-3.80458199436,0.186691181941,-20.3790128424,0.388159410274,0.918820548261,-1.88535278967
transformer,5,5,8,4341,-0.000418329634615,-3.66456759922,0.186069341003,-19.6946341588,0.386086155264,0.909329647547,-1.81596894386
transformer,5,5,9,4341,-0.000426343384594,-3.73476804904,0.188409932958,-19.8225645029,0.391384473624,0.91260078323,-1.85075663252
transformer,5,5,10,4341,-0.000429010251016,-3.7581297989,0.184027183754,-20.42160143,0.388850495278,0.898180142824,-1.86233349966
transformer,5,5,11,4341,-0.000411287522374,-3.602878696,0.186152119278,-19.3544865886,0.398525685326,0.910112877217,-1.78539913463
transformer,5,10,0,4341,-0.000881933756113,-7.72573970355,0.191502344156,-40.3427944321,0.286569914766,0.894909007141,-3.82847443529
transformer,5,10,1,4341,-0.000882363354143,-7.72950298229,0.188866080226,-40.9258400081,0.288873531444,0.918912692928,-3.83033932033
transformer,5,10,2,4341,-0.000904360135776,-7.9221947894,0.189434563492,-41.8202182503,0.283344851417,0.901727712509,-3.9258273494
transformer,5,10,3,4341,-0.000878997962866,-7.70002215471,0.193682651477,-39.7558691808,0.295093296475,0.910803962221,-3.8157301568
transformer,5,10,4,4341,-0.000867219852428,-7.59684590727,0.18889775959,-40.216707301,0.292328956462,0.899562312831,-3.76460137939
transformer,5,10,5,4341,-0.000880678988371,-7.71474793813,0.193926950752,-39.7817214585,0.296245104815,0.913476157567,-3.82302748852
transformer,5,10,6,4341,-0.000880505702555,-7.71322995438,0.194056591308,-39.7473226877,0.291868233126,0.896659755817,-3.82227525479
transformer,5,10,7,4341,-0.000893723287185,-7.82901599574,0.189255261057,-41.3674946315,0.285648468095,0.918820548261,-3.87965278967
transformer,5,10,8,4341,-0.000872994458388,-7.64743145548,0.188490138669,-40.5720506626,0.288182446441,0.909329647547,-3.78966894386
transformer,5,10,9,4341,-0.000882643776208,-7.73195947959,0.190965277433,-40.4888238506,0.285878829763,0.91260078323,-3.83155663252
transformer,5,10,10,4341,-0.000878100322428,-7.69215882447,0.186840664365,-41.1696182446,0.29140750979,0.898180142824,-3.81183349966
transformer,5,10,11,4341,-0.000866343960983,-7.58917309821,0.189311026971,-40.0883837546,0.295093296475,0.910112877217,-3.76079913463
transformer,6,0,0,4341,1.11770687366e-05,0.0979111221326,0.172108560043,0.568891646691,0.512554710896,0.813599017124,0.0485196553856
transformer,6,0,1,4341,3.8569726703e-05,0.337870805918,0.169621037606,1.99191568856,0.511172540889,0.834523535284,0.167431183618
transformer,6,0,2,4341,3.71446592388e-06,0.0325387214932,0.169334256343,0.192156756677,0.503109882516,0.813829378791,0.0161244965756
transformer,6,0,3,4341,4.16625056552e-05,0.36496354954,0.173050743009,2.10899729867,0.52061736927,0.825001919681,0.180856937049
transformer,6,0,4,4341,2.54491972791e-05,0.222934968165,0.169307322636,1.31674734851,0.513936880903,0.813176687399,0.110474965389
transformer,6,0,5,4341,8.9132772419e-06,0.078080308639,0.172799165089,0.451855821171,0.507256392536,0.825616217461,0.0386925365071
transformer,6,0,6,4341,1.44514994662e-05,0.126595135324,0.173325536126,0.730389405702,0.51209398756,0.80730246487,0.0627339591828
transformer,6,0,7,4341,3.82439661189e-05,0.335017143202,0.168475272262,1.98852412407,0.516240497581,0.831720801659,0.166017056922
transformer,6,0,8,4341,1.89833383505e-05,0.16629404395,0.17052111792,0.975210847657,0.507026030868,0.819281271596,0.0824066717793
transformer,6,0,9,4341,3.42256566435e-05,0.299816752197,0.171892513689,1.74421064514,0.513476157567,0.827804653306,0.148573575489
transformer,6,0,10,4341,1.47611607891e-05,0.129307768513,0.167256047554,0.77311266411,0.516240497581,0.806918528757,0.0640781989855
transformer,6,0,11,4341,2.72053450478e-05,0.238318822618,0.167880395073,1.41957506423,0.519695922598,0.82292866467,0.118098402852
transformer,6,0.25,0,4341,-9.16290669149e-06,-0.0802670626175,0.172111816617,-0.466365785888,0.506565307533,0.813599017124,-0.0397761779478
transformer,6,0.25,1,4341,1.77066383209e-05,0.155110151691,0.169650383398,0.914292962882,0.505874222529,0.834523535284,0.0768645169511
transformer,6,0.25,2,4341,-1.66312685459e-05,-0.145689912462,0.169371352852,-0.860180367038,0.49735084082,0.813829378791,-0.0721963367578
transformer,6,0.25,3,4341,2.10374576632e-05,0.18428812913,0.173078670409,1.06476510765,0.512785072564,0.825001919681,0.0913236037161
transformer,6,0.25,4,4341,5.11978009414e-06,0.0448492736246,0.169328414102,0.264865609605,0.505874222529,0.813176687399,0.0222249653886
transformer,6,0.25,5,4341,-1.17271281946e-05,-0.102729642985,0.172822876779,-0.59442155402,0.502418797512,0.825616217461,-0.0509074634929
transformer,6,0.25,6,4341,-5.73106215555e-06,-0.0502041044826,0.173331680643,-0.289641825986,0.505874222529,0.80730246487,-0.0248785408172
transformer,6,0.25,7,4341,1.74509460774e-05,0.152870287638,0.168491216626,0.90728935727,0.508638562543,0.831720801659,0.0757545569221
transformer,6,0.25,8,4341,-1.49869343946e-06,-0.0131285545297,0.170544827224,-0.0769800805066,0.501958074176,0.819281271596,-0.00650582822069
transformer,6,0.25,9,4341,1.35305403109e-05,0.118527533123,0.171917006304,0.689446237292,0.507256392536,0.827804653306,0.0587360754894
transformer,6,0.25,10,4341,-5.41180242981e-06,-0.0474073892851,0.167278870408,-0.283403332229,0.510251094218,0.806918528757,-0.0234926343478
transformer,6,0.25,11,4341,6.632128431e-06,0.0580974450555,0.167913144794,0.345997004147,0.514627965906,0.82292866467,0.028790069519
transformer,6,0.5,0,4341,-2.95028821196e-05,-0.258445247368,0.172118974251,-1.50155000919,0.501497350841,0.813599017124,-0.128072011281
transformer,6,0.5,1,4341,-3.15645006118e-06,-0.027650502536,0.169683563024,-0.162953335274,0.496890117484,0.834523535284,-0.0137021497156
transformer,6,0.5,2,4341,-3.69770030157e-05,-0.323918546417,0.169412399186,-1.91201203674,0.490900714121,0.813829378791,-0.160517170091
transformer,6,0.5,3,4341,4.12409671217e-07,0.00361270871986,0.173110473499,0.0208693826944,0.506795669201,0.825001919681,0.00179027038275
transformer,6,0.5,4,4341,-1.52096370908e-05,-0.133236420916,0.169353237752,-0.78673677979,0.499193734163,0.813176687399,-0.0660250346114
transformer,6,0.5,5,4341,-3.23675336312e-05,-0.283539594609,0.172850346678,-1.64037619859,0.496659755817,0.825616217461,-0.140507463493
transformer,6,0.5,6,4341,-2.59136237773e-05,-0.227003344289,0.173341727446,-1.30957125923,0.498733010827,0.80730246487,-0.112491040817
transformer,6,0.5,7,4341,-3.34207396403e-06,-0.0292765679249,0.168510996576,-0.173736839255,0.503109882516,0.831720801659,-0.0145079430779
transformer,6,0.5,8,4341,-2.19807252294e-05,-0.192551153009,0.170572491089,-1.12885232419,0.49735084082,0.819281271596,-0.0954183282207
transformer,6,0.5,9,4341,-7.16457602179e-06,-0.0627616859509,0.171945254179,-0.365009701782,0.498963372495,0.827804653306,-0.0311014245106
transformer,6,0.5,10,4341,-2.55847656487e-05,-0.224122547083,0.167305625551,-1.33959958815,0.502879520848,0.806918528757,-0.111063467681
transformer,6,0.5,11,4341,-1.39410881858e-05,-0.122123932507,0.167949685151,-0.727145944913,0.510251094218,0.82292866467,-0.0605182638144
transformer,6,1,0,4341,-7.01828329758e-05,-0.614801616868,0.172144990484,-3.57141741471,0.489057820779,0.813599017124,-0.304663677948
transformer,6,1,1,4341,-4.48826268254e-05,-0.39317181099,0.169761414528,-2.31602577113,0.486063119097,0.834523535284,-0.194835483049
transformer,6,1,2,4341,-7.76684719553e-05,-0.680375814328,0.169506329574,-4.0138667154,0.47730937572,0.813829378791,-0.337158836758
transformer,6,1,3,4341,-4.08376863128e-05,-0.3577381321,0.17318569795,-2.06563322685,0.496429394149,0.825001919681,-0.177276396284
transformer,6,1,4,4341,-5.58684714608e-05,-0.489407809997,0.169414074791,-2.88882615331,0.486984565768,0.813176687399,-0.242525034611
transformer,6,1,5,4341,-7.36483445042e-05,-0.645159497857,0.172916553696,-3.73104531676,0.481225524073,0.825616217461,-0.319707463493
transformer,6,1,6,4341,-6.62787470208e-05,-0.580601823902,0.173373524934,-3.34884939395,0.487214927436,0.80730246487,-0.287716040817
transformer,6,1,7,4341,-4.4928114047e-05,-0.393570279051,0.16856205757,-2.33486874048,0.491131075789,0.831720801659,-0.195032943078
transformer,6,1,8,4341,-6.29447888092e-05,-0.551396349968,0.170639674537,-3.23134904859,0.484911310758,0.819281271596,-0.273243328221
transformer,6,1,9,4341,-4.85548086871e-05,-0.425340124099,0.172013008062,-2.47272069067,0.486984565768,0.827804653306,-0.210776424511
transformer,6,1,10,4341,-6.59306920866e-05,-0.577552862678,0.167370924886,-3.45073592126,0.490439990786,0.806918528757,-0.286205134348
transformer,6,1,11,4341,-5.50875214193e-05,-0.482566687633,0.168034127629,-2.87183737281,0.495968670813,0.82292866467,-0.239134930481
transformer,6,2,0,4341,-0.000151542734688,-1.32751435587,0.172243796505,-7.70718239381,0.464409122322,0.813599017124,-0.657847011281
transformer,6,2,1,4341,-0.000128334980354,-1.1242144279,0.169963007404,-6.61446537731,0.461644782308,0.834523535284,-0.557102149716
transformer,6,2,2,4341,-0.000159051409834,-1.39329035015,0.169741443743,-8.20830976472,0.454733932274,0.813829378791,-0.690442170091
transformer,6,2,3,4341,-0.000123337878281,-1.08043981374,0.173382543915,-6.23153743937,0.471089610689,0.825001919681,-0.535409729617
transformer,6,2,4,4341,-0.000137186140201,-1.20175058816,0.169580446463,-7.08661059233,0.459571527298,0.813176687399,-0.595525034611
transformer,6,2,5,4341,-0.00015620996625,-1.36839930435,0.17309397114,-7.90552839789,0.454733932274,0.825616217461,-0.678107463493
transformer,6,2,6,4341,-0.000147008993508,-1.28779878313,0.173483899877,-7.42316021279,0.465100207326,0.80730246487,-0.638166040817
transformer,6,2,7,4341,-0.000128100194213,-1.1221577013,0.168710129713,-6.65139492935,0.468555632343,0.831720801659,-0.556082943078
transformer,6,2,8,4341,-0.000144872915969,-1.26908674389,0.170821393263,-7.42931971016,0.464178760654,0.819281271596,-0.628893328221
transformer,6,2,9,4341,-0.000131335274018,-1.15049700039,0.172193481188,-6.68142018186,0.462105505644,0.827804653306,-0.570126424511
transformer,6,2,10,4341,-0.000146622544962,-1.28441349387,0.167548609616,-7.66591556214,0.462796590647,0.806918528757,-0.636488467681
transformer,6,2,11,4341,-0.000137380387886,-1.20345219788,0.168248374428,-7.1528310569,0.471550334024,0.82292866467,-0.596368263814
transformer,6,5,0,4341,-0.000395622439825,-3.46565257287,0.172913061268,-20.0427460335,0.387698686938,0.813599017124,-1.71739701128
transformer,6,5,1,4341,-0.000378692040939,-3.31734227862,0.170932587048,-19.4073133503,0.396682791983,0.834523535284,-1.64390214972
transformer,6,5,2,4341,-0.000403200223472,-3.53203395761,0.170822079896,-20.6766827788,0.39069338862,0.813829378791,-1.75029217009
transformer,6,5,3,4341,-0.000370838454185,-3.24854485866,0.174342002009,-18.6331739984,0.399216770329,0.825001919681,-1.60980972962
transformer,6,5,4,4341,-0.00038113914642,-3.33877892264,0.17043521982,-19.5897240381,0.391845196959,0.813176687399,-1.65452503461
transformer,6,5,5,4341,-0.000403894831489,-3.53811872384,0.173984249442,-20.3358564651,0.385855793596,0.825616217461,-1.75330746349
transformer,6,5,6,4341,-0.000389199732969,-3.40938966081,0.174187820428,-19.5730657427,0.390232665284,0.80730246487,-1.68951604082
transformer,6,5,7,4341,-0.00037761643471,-3.30791996806,0.169520128827,-19.5134347228,0.392075558627,0.831720801659,-1.63923294308
transformer,6,5,8,4341,-0.000390657297448,-3.42215792564,0.171743168746,-19.9260206425,0.392075558627,0.819281271596,-1.69584332822
transformer,6,5,9,4341,-0.000379676670009,-3.32596762928,0.173092585262,-19.2149630457,0.396452430316,0.827804653306,-1.64817642451
transformer,6,5,10,4341,-0.000388698103589,-3.40499538744,0.168456169505,-20.2129455837,0.392075558627,0.806918528757,-1.68733846768
transformer,6,5,11,4341,-0.000384258987287,-3.36610872864,0.169251577704,-19.8881970513,0.394609536973,0.82292866467,-1.66806826381
transformer,6,10,0,4341,-0.000802421948387,-7.02921626787,0.175253121259,-40.1089362481,0.289103893112,0.813599017124,-3.48331367795
transformer,6,10,1,4341,-0.000795953808581,-6.97255536317,0.173740370164,-40.1320392985,0.293711126469,0.834523535284,-3.45523548305
transformer,6,10,2,4341,-0.000810114912867,-7.09660663672,0.173846741929,-40.8210505299,0.28726099977,0.813829378791,-3.51670883676
transformer,6,10,3,4341,-0.000783339414025,-6.86205326686,0.177147011588,-38.7364890062,0.296014743147,0.825001919681,-3.40047639628
transformer,6,10,4,4341,-0.00078772749012,-6.90049281345,0.173024145609,-39.8816754111,0.287491361437,0.813176687399,-3.41952503461
transformer,6,10,5,4341,-0.00081670294022,-7.15431775632,0.176639794688,-40.5022988675,0.29463257314,0.825616217461,-3.54530746349
transformer,6,10,6,4341,-0.000792850965404,-6.94537445694,0.176584878865,-39.3316489022,0.292559318129,0.80730246487,-3.44176604082
transformer,6,10,7,4341,-0.00079347683554,-6.95085707933,0.172068297398,-40.3959194369,0.293711126469,0.831720801659,-3.44448294308
transformer,6,10,8,4341,-0.000800297933246,-7.01060989523,0.174510903331,-40.172904738,0.295323658143,0.819281271596,-3.47409332822
transformer,6,10,9,4341,-0.000793578996662,-6.95175201076,0.175761438906,-39.5522024286,0.286800276434,0.827804653306,-3.44492642451
transformer,6,10,10,4341,-0.000792157367968,-6.9392985434,0.171193172976,-40.5349023141,0.29670582815,0.806918528757,-3.43875513435
transformer,6,10,11,4341,-0.000795723319622,-6.97053627989,0.172100340925,-40.5027453313,0.295784381479,0.82292866467,-3.45423493048
transformer,8,0,0,4341,1.23473664316e-06,0.0108162929941,0.146431210548,0.0738660354824,0.510942179221,0.674700529832,0.00535999176797
transformer,8,0,1,4341,3.22162424768e-05,0.282214284097,0.143104262709,1.97208859299,0.515779774246,0.689530062198,0.139850708592
transformer,8,0,2,4341,-2.5922586983e-06,-0.0227081861971,0.144363262063,-0.157298926837,0.499654457498,0.673203178991,-0.0112529950093
transformer,8,0,3,4341,2.83447939739e-05,0.248300395212,0.145126717339,1.71092132286,0.511402902557,0.68192812716,0.123044750641
transformer,8,0,4,4341,2.99013619857e-05,0.261935930994,0.143644081297,1.82350660486,0.517853029256,0.674815710666,0.12980181238
transformer,8,0,5,4341,5.86165811382e-06,0.0513481250771,0.146112765875,0.351428054692,0.514167242571,0.687456807187,0.0254454578721
transformer,8,0,6,4341,1.68752886122e-05,0.147827528243,0.148690597884,0.994195533186,0.510481455886,0.665169315826,0.0732556278656
transformer,8,0,7,4341,3.13693732464e-05,0.274795709639,0.143781766403,1.91119998393,0.509560009214,0.685239576135,0.136174449263
transformer,8,0,8,4341,1.36789051424e-05,0.119827209048,0.144426286259,0.829677284873,0.505643860862,0.678472702142,0.0593801272233
transformer,8,0,9,4341,2.48493830818e-05,0.217680595796,0.143636686573,1.51549441156,0.518774475927,0.684663671965,0.107871171958
transformer,8,0,10,4341,2.16909689992e-05,0.190012888433,0.142762545548,1.33097156333,0.508868924211,0.664449435614,0.0941604964254
transformer,8,0,11,4341,2.32304445199e-05,0.203498693994,0.141479168402,1.43836507023,0.508408200875,0.680747523612,0.100843359661
transformer,8,0.25,0,4341,-1.56327766026e-05,-0.136943123039,0.146444717975,-0.935118213432,0.506565307533,0.674700529832,-0.067861883232
transformer,8,0.25,1,4341,1.49779909219e-05,0.131207200476,0.143137534567,0.916651253446,0.51209398756,0.689530062198,0.0650194585919
transformer,8,0.25,2,4341,-1.94223381731e-05,-0.170139682396,0.144395177592,-1.17829199862,0.493895415803,0.673203178991,-0.0843123700093
transformer,8,0.25,3,4341,1.1296590795e-05,0.0989581353638,0.145147082946,0.68177832689,0.503800967519,0.68192812716,0.0490385006409
transformer,8,0.25,4,4341,1.3030969219e-05,0.114151290359,0.143657013255,0.794609937741,0.51209398756,0.674815710666,0.0565674373797
transformer,8,0.25,5,4341,-1.13247620659e-05,-0.099204915697,0.146129668209,-0.67888278207,0.507026030868,0.687456807187,-0.0491607921279
transformer,8,0.25,6,4341,2.46055716555e-07,0.00215544807702,0.14869367831,0.014495895868,0.505183137526,0.665169315826,0.00106812786556
transformer,8,0.25,7,4341,1.42383838431e-05,0.124728242465,0.143795156006,0.86740225422,0.50472241419,0.685239576135,0.0618088242627
transformer,8,0.25,8,4341,-3.28291241113e-06,-0.0287583127215,0.144466885267,-0.199065084488,0.502879520848,0.678472702142,-0.0142511227767
transformer,8,0.25,9,4341,7.73279128264e-06,0.0677392516359,0.143653017682,0.47154771079,0.511863625893,0.684663671965,0.0335680469579
transformer,8,0.25,10,4341,5.07973310883e-06,0.0444984620333,0.142789930308,0.311635855114,0.503340244183,0.664449435614,0.0220511214254
transformer,8,0.25,11,4341,6.21175642955e-06,0.0544149863229,0.141507449325,0.384537963072,0.504031329187,0.680747523612,0.0269652346607
transformer,8,0.5,0,4341,-3.25002898484e-05,-0.284702539072,0.146461970145,-1.94386664873,0.501036627505,0.674700529832,-0.141083758232
transformer,8,0.5,1,4341,-2.26026063305e-06,-0.0197998831455,0.143174462233,-0.138292002894,0.505874222529,0.689530062198,-0.00981179140806
transformer,8,0.5,2,4341,-3.62524176479e-05,-0.317571178595,0.144430935334,-2.19877533757,0.486523842433,0.673203178991,-0.157371745009
transformer,8,0.5,3,4341,-5.75161238404e-06,-0.0503841244842,0.145171326405,-0.347066640032,0.498272287491,0.68192812716,-0.0249677493591
transformer,8,0.5,4,4341,-3.83942354763e-06,-0.0336333502773,0.143673642666,-0.23409547954,0.506795669201,0.674815710666,-0.0166669376203
transformer,8,0.5,5,4341,-2.85111822455e-05,-0.249757956471,0.146150186013,-1.70891302491,0.501266989173,0.687456807187,-0.123767042128
transformer,8,0.5,6,4341,-1.63831771791e-05,-0.143516632089,0.148700430106,-0.96513932062,0.498963372495,0.665169315826,-0.0711193721344
transformer,8,0.5,7,4341,-2.8926055603e-06,-0.0253392247082,0.143812189151,-0.176196641312,0.499193734163,0.685239576135,-0.0125568007373
transformer,8,0.5,8,4341,-2.02447299647e-05,-0.177343834491,0.144511249359,-1.22719743465,0.497120479152,0.678472702142,-0.0878823727767
transformer,8,0.5,9,4341,-9.38380051649e-06,-0.0822020925244,0.143672963588,-0.572147260497,0.503340244183,0.684663671965,-0.0407350780421
transformer,8,0.5,10,4341,-1.15315027815e-05,-0.101015964366,0.142821157087,-0.707289917172,0.500115180834,0.664449435614,-0.0500582535746
transformer,8,0.5,11,4341,-1.08069316608e-05,-0.0946687213482,0.141539441388,-0.668850466132,0.498272287491,0.680747523612,-0.0469128903393
transformer,8,1,0,4341,-6.623531634e-05,-0.580221371139,0.146507703139,-3.96034719476,0.489518544114,0.674700529832,-0.287527508232
transformer,8,1,1,4341,-3.67367637429e-05,-0.321814050388,0.143259273403,-2.24637500068,0.492513245796,0.689530062198,-0.159474291408
transformer,8,1,2,4341,-6.99125765974e-05,-0.612434170993,0.14451396574,-4.23788917463,0.472702142364,0.673203178991,-0.303490495009
transformer,8,1,3,4341,-3.9848018742e-05,-0.34906864418,0.1452314388,-2.4035336086,0.485602395761,0.68192812716,-0.172980249359
transformer,8,1,4,4341,-3.75802090809e-05,-0.329202631549,0.143717988431,-2.2906153582,0.495047224142,0.674815710666,-0.16313568762
transformer,8,1,5,4341,-6.28840226049e-05,-0.550864038019,0.146202061672,-3.76782674416,0.487675650772,0.687456807187,-0.272979542128
transformer,8,1,6,4341,-4.96416429704e-05,-0.434860792421,0.148724945539,-2.92392638535,0.488827459111,0.665169315826,-0.215494372134
transformer,8,1,7,4341,-3.7154584367e-05,-0.325474159055,0.143857180617,-2.26248114733,0.489057820779,0.685239576135,-0.161288050737
transformer,8,1,8,4341,-5.41683650718e-05,-0.474514878029,0.144611258634,-3.28131351951,0.484220225754,0.678472702142,-0.235144872777
transformer,8,1,9,4341,-4.36169841147e-05,-0.382084780845,0.143723693501,-2.65846758831,0.488366735775,0.684663671965,-0.189341328042
transformer,8,1,10,4341,-4.47539745622e-05,-0.392044817165,0.14289512631,-2.74358424453,0.489748905782,0.664449435614,-0.194277003575
transformer,8,1,11,4341,-4.48443078414e-05,-0.39283613669,0.141614548582,-2.77398149148,0.488827459111,0.680747523612,-0.194669140339
transformer,8,2,0,4341,-0.000133705369323,-1.17125903527,0.146644028698,-7.9870898643,0.46463948399,0.674700529832,-0.580415008232
transformer,8,2,1,4341,-0.000105689769963,-0.925842384873,0.143472622566,-6.45309445322,0.467864547339,0.689530062198,-0.458799291408
transformer,8,2,2,4341,-0.000137232894497,-1.20216015579,0.144725987342,-8.30645675922,0.449435613914,0.673203178991,-0.595727995009
transformer,8,2,3,4341,-0.000108040831458,-0.946437683572,0.145398091705,-6.50928545536,0.461184058973,0.68192812716,-0.469005249359
transformer,8,2,4,4341,-0.000105061780147,-0.920341194092,0.143850973896,-6.39787948018,0.468785994011,0.674815710666,-0.45607318762
transformer,8,2,5,4341,-0.000131629703324,-1.15307620112,0.146349113779,-7.87894214962,0.465330568993,0.687456807187,-0.571404542128
transformer,8,2,6,4341,-0.000116158574553,-1.01754911308,0.14881799266,-6.83754091088,0.464178760654,0.665169315826,-0.504244372134
transformer,8,2,7,4341,-0.00010567854198,-0.925744027749,0.143990810655,-6.42918824844,0.462796590647,0.685239576135,-0.458750550737
transformer,8,2,8,4341,-0.000122015635286,-1.06885696511,0.14485628637,-7.37874062554,0.463948398986,0.678472702142,-0.529669872777
transformer,8,2,9,4341,-0.000112083351311,-0.981850157486,0.14386844651,-6.82463862859,0.462566228979,0.684663671965,-0.486553828042
transformer,8,2,10,4341,-0.000111198918124,-0.974102522763,0.143089037597,-6.80766702413,0.470859249021,0.664449435614,-0.482714503575
transformer,8,2,11,4341,-0.000112919060203,-0.989170967374,0.141809166659,-6.97536690104,0.468785994011,0.680747523612,-0.490181640339
transformer,8,5,0,4341,-0.000336115528273,-2.94437202767,0.147409978886,-19.9740346611,0.395530983644,0.674700529832,-1.45907750823
transformer,8,5,1,4341,-0.000312548788622,-2.73792738833,0.144459762753,-18.9528719704,0.398756046994,0.689530062198,-1.35677429141
transformer,8,5,2,4341,-0.000339193848194,-2.97133811018,0.14572689632,-20.3897714506,0.384473623589,0.673203178991,-1.47244049501
transformer,8,5,3,4341,-0.000312619269606,-2.73854480175,0.146267128879,-18.7228998253,0.396452430316,0.68192812716,-1.35708024936
transformer,8,5,4,4341,-0.000307506493347,-2.69375688172,0.144602408275,-18.6287138219,0.396452430316,0.674815710666,-1.33488568762
transformer,8,5,5,4341,-0.00033786674548,-2.9597126904,0.147134736183,-20.1156624682,0.388159410274,0.687456807187,-1.46667954213
transformer,8,5,6,4341,-0.000315709369301,-2.76561407507,0.14944788859,-18.5055413038,0.398756046994,0.665169315826,-1.37049437213
transformer,8,5,7,4341,-0.000311250414821,-2.72655363383,0.144739032068,-18.8377218977,0.394839898641,0.685239576135,-1.35113805074
transformer,8,5,8,4341,-0.000325557445929,-2.85188322634,0.145948306358,-19.5403653355,0.402441833679,0.678472702142,-1.41324487278
transformer,8,5,9,4341,-0.000317482452901,-2.78114628741,0.14464710258,-19.2271136981,0.391154111956,0.684663671965,-1.37819132804
transformer,8,5,10,4341,-0.000310533748808,-2.72027563956,0.144035885889,-18.8860964944,0.403593642018,0.664449435614,-1.34802700357
transformer,8,5,11,4341,-0.000317143317286,-2.77817545943,0.14274565662,-19.4624167572,0.399447131997,0.680747523612,-1.37671914034
transformer,8,10,0,4341,-0.000673465793189,-5.89956034833,0.149853978102,-39.3687269639,0.297627274821,0.674700529832,-2.92351500823
transformer,8,10,1,4341,-0.000657313819721,-5.75806906075,0.147234612423,-39.1081211543,0.299470168164,0.689530062198,-2.85339929141
transformer,8,10,2,4341,-0.000675795437689,-5.91996803416,0.148582171294,-39.843057768,0.289564616448,0.673203178991,-2.93362799501
transformer,8,10,3,4341,-0.000653583333186,-5.72538999871,0.148919676438,-38.4461619555,0.299239806496,0.68192812716,-2.83720524936
transformer,8,10,4,4341,-0.00064491434868,-5.64944969444,0.147007484499,-38.4296739291,0.293480764801,0.674815710666,-2.79957318762
transformer,8,10,5,4341,-0.000681595149073,-5.97077350588,0.149570268978,-39.9195210832,0.295323658143,0.687456807187,-2.95880454213
transformer,8,10,6,4341,-0.000648294027214,-5.67905567839,0.151648272629,-37.448864929,0.297857636489,0.665169315826,-2.81424437213
transformer,8,10,7,4341,-0.000653870202888,-5.7279029773,0.147122076104,-38.932994483,0.30200414651,0.685239576135,-2.83845055074
transformer,8,10,8,4341,-0.000664793797,-5.82359366172,0.148927682102,-39.1035002998,0.309606081548,0.678472702142,-2.88586987278
transformer,8,10,9,4341,-0.000659814288883,-5.77997317062,0.14707058825,-39.3006735025,0.293941488136,0.684663671965,-2.86425382804
transformer,8,10,10,4341,-0.000642758466615,-5.63056416755,0.146802927658,-38.3545768289,0.308454273209,0.664449435614,-2.79021450357
transformer,8,10,11,4341,-0.000657517079092,-5.75984961285,0.145454949649,-39.5988560496,0.304768486524,0.680747523612,-2.85428164034
transformer,10,0,0,4341,-1.48887289102e-06,-0.0130425265253,0.125013067939,-0.104329305251,0.510942179221,0.55669200645,-0.00646319721991
transformer,10,0,1,4341,2.17475468674e-05,0.190508510559,0.122751978338,1.55197914639,0.51531905091,0.567012209168,0.0944061009515
transformer,10,0,2,4341,-3.45551001847e-06,-0.0302702677618,0.123362499461,-0.245376576303,0.498272287491,0.557521308454,-0.0150003689902
transformer,10,0,3,4341,8.10608611304e-06,0.0710093143502,0.122920958169,0.577682727242,0.505413499194,0.5599170698,0.0351885198167
transformer,10,0,4,4341,3.89582434757e-05,0.341274212848,0.122169472423,2.79344918235,0.519235199263,0.563602856485,0.169117734928
transformer,10,0,5,4341,5.35671969945e-06,0.0469248645672,0.123516959657,0.379906246862,0.510251094218,0.569822621516,0.0232535202153
transformer,10,0,6,4341,1.64035962283e-05,0.14369550296,0.126723358499,1.13393067121,0.50472241419,0.547293250403,0.071208011227
transformer,10,0,7,4341,3.24369848816e-05,0.284147987563,0.123067793839,2.30887365978,0.513476157567,0.563510711818,0.140808951371
transformer,10,0,8,4341,1.56339816444e-05,0.136953679205,0.122881137074,1.11452158131,0.512324349228,0.561022805805,0.0678671143185
transformer,10,0,9,4341,1.57774187089e-05,0.13821018789,0.123404429011,1.11997753239,0.513706519235,0.567749366505,0.0684897746152
transformer,10,0,10,4341,1.76829373301e-05,0.154902531011,0.123226228512,1.2570581189,0.506565307533,0.547062888735,0.0767616309498
transformer,10,0,11,4341,2.08476199755e-05,0.182625150985,0.120686298675,1.51322190664,0.513706519235,0.563003916148,0.0904995183137
transformer,10,0.25,0,4341,-1.54061730523e-05,-0.134958075938,0.125028777149,-1.07941610736,0.505413499194,0.55669200645,-0.0668781972199
transformer,10,0.25,1,4341,7.57224163822e-06,0.0663328367508,0.122774374481,0.540282424822,0.511863625893,0.567012209168,0.0328711009515
transformer,10,0.25,2,4341,-1.73935427298e-05,-0.152367434313,0.12337573918,-1.23498700252,0.49205252246,0.557521308454,-0.0755053689902
transformer,10,0.25,3,4341,-5.89184063195e-06,-0.0516125239359,0.122941446446,-0.419813866095,0.499654457498,0.5599170698,-0.0255764801833
transformer,10,0.25,4,4341,2.48681720636e-05,0.217845187277,0.122184519271,1.78291970683,0.513476157567,0.563602856485,0.107952734928
transformer,10,0.25,5,4341,-8.88884583844e-06,-0.0778662895448,0.123535797595,-0.630313569514,0.500806265837,0.569822621516,-0.0385864797847
transformer,10,0.25,6,4341,2.72126496822e-06,0.0238382811216,0.126733302622,0.188098002881,0.500345542502,0.547293250403,0.011813011227
transformer,10,0.25,7,4341,1.83492170861e-05,0.160739141675,0.123079553235,1.30597761732,0.508177839208,0.563510711818,0.079653951371
transformer,10,0.25,8,4341,1.60841149932e-06,0.014089684734,0.12291154086,0.114632723953,0.506104584197,0.561022805805,0.00698211431853
transformer,10,0.25,9,4341,1.58368454624e-06,0.0138730766251,0.123414491504,0.112410434593,0.50794747754,0.567749366505,0.00687477461523
transformer,10,0.25,10,4341,4.00636511168e-06,0.0350957583783,0.123258949222,0.284731928999,0.501727712509,0.547062888735,0.0173916309498
transformer,10,0.25,11,4341,6.77252207179e-06,0.0593272933489,0.120714064288,0.491469603802,0.509099285879,0.563003916148,0.0293995183137
transformer,10,0.5,0,4341,-2.93234732135e-05,-0.25687362535,0.125048202758,-2.05419685917,0.498041925824,0.55669200645,-0.12729319722
transformer,10,0.5,1,4341,-6.60306359099e-06,-0.057842837057,0.122800472208,-0.471031063781,0.507026030868,0.567012209168,-0.0286638990485
transformer,10,0.5,2,4341,-3.13315754412e-05,-0.274464600865,0.123392819234,-2.22431582784,0.486984565768,0.557521308454,-0.13601036899
transformer,10,0.5,3,4341,-1.98897673769e-05,-0.174234362222,0.122965710682,-1.41693453611,0.495968670813,0.5599170698,-0.0863414801833
transformer,10,0.5,4,4341,1.07781006515e-05,0.0944161617072,0.122203196509,0.772616137747,0.506334945865,0.563602856485,0.0467877349282
transformer,10,0.5,5,4341,-2.31344113763e-05,-0.202657443657,0.123558140097,-1.64017881378,0.494586500806,0.569822621516,-0.100426479785
transformer,10,0.5,6,4341,-1.09610662919e-05,-0.0960189407167,0.12674691373,-0.757564329503,0.496429394149,0.547293250403,-0.047581988773
transformer,10,0.5,7,4341,4.26144929071e-06,0.0373302957866,0.123094858927,0.303264458905,0.501497350841,0.563510711818,0.018498951371
transformer,10,0.5,8,4341,-1.24171586458e-05,-0.108774309737,0.122945696382,-0.884734585583,0.500345542502,0.561022805805,-0.0539028856815
transformer,10,0.5,9,4341,-1.26100496164e-05,-0.11046403464,0.123428159548,-0.894966230106,0.502188435844,0.567749366505,-0.0547402253848
transformer,10,0.5,10,4341,-9.6702071067e-06,-0.0847110142547,0.123295296779,-0.687057953284,0.494586500806,0.547062888735,-0.0419783690502
transformer,10,0.5,11,4341,-7.30257583192e-06,-0.0639705642876,0.120745484662,-0.529796741192,0.503800967519,0.563003916148,-0.0317004816863
transformer,10,1,0,4341,-5.7158073536e-05,-0.500704724176,0.125098195918,-4.00249356517,0.485832757429,0.55669200645,-0.24812319722
transformer,10,1,1,4341,-3.49536740494e-05,-0.306194184673,0.122863762642,-2.49214396572,0.494125777471,0.567012209168,-0.151733899048
transformer,10,1,2,4341,-5.92076408639e-05,-0.518658933968,0.123438493616,-4.20176007317,0.474545035706,0.557521308454,-0.25702036899
transformer,10,1,3,4341,-4.78856208669e-05,-0.419478038794,0.123025557744,-3.40968207328,0.485602395761,0.5599170698,-0.207871480183
transformer,10,1,4,4341,-1.74020421727e-05,-0.152441889433,0.122251435178,-1.24695378186,0.494586500806,0.563602856485,-0.0755422650718
transformer,10,1,5,4341,-5.16255424521e-05,-0.452239751881,0.123613330892,-3.65850308066,0.485141672426,0.569822621516,-0.224106479785
transformer,10,1,6,4341,-3.8325728812e-05,-0.335733384393,0.126785131862,-2.64805012592,0.485141672426,0.547293250403,-0.166371988773
transformer,10,1,7,4341,-2.39140863002e-05,-0.209487395989,0.123136103607,-1.70126705209,0.48997926745,0.563510711818,-0.103811048629
transformer,10,1,8,4341,-4.04682989361e-05,-0.35450229868,0.12302524979,-2.88154097866,0.489288182446,0.561022805805,-0.175672885681
transformer,10,1,9,4341,-4.09975179417e-05,-0.359138257169,0.12346630718,-2.90879564936,0.489288182446,0.567749366505,-0.177970225385
transformer,10,1,10,4341,-3.70233515435e-05,-0.324324559521,0.123378859296,-2.62868826453,0.483759502419,0.547062888735,-0.16071836905
transformer,10,1,11,4341,-3.54527716393e-05,-0.310566279561,0.120819277955,-2.57050269474,0.491591799125,0.563003916148,-0.153900481686
transformer,10,2,0,4341,-0.000112827274181,-0.988366921826,0.125242680798,-7.89161422869,0.464409122322,0.55669200645,-0.48978319722
transformer,10,2,1,4341,-9.16548949662e-05,-0.802896879904,0.123034636521,-6.52577926516,0.468555632343,0.567012209168,-0.397873899048
transformer,10,2,2,4341,-0.000114959771709,-1.00704760017,0.123575832378,-8.14922773163,0.450126698917,0.557521308454,-0.49904036899
transformer,10,2,3,4341,-0.000103877327847,-0.909965391939,0.123190441968,-7.38665579408,0.466712739,0.5599170698,-0.450931480183
transformer,10,2,4,4341,-7.37623278212e-05,-0.646157991714,0.122391382451,-5.27944025774,0.472932504031,0.563602856485,-0.320202265072
transformer,10,2,5,4341,-0.000108607804604,-0.951404368328,0.123765663825,-7.68714309709,0.458880442294,0.569822621516,-0.471466479785
transformer,10,2,6,4341,-9.30550538523e-05,-0.815162271746,0.126905498755,-6.42338022975,0.463718037319,0.547293250403,-0.403951988773
transformer,10,2,7,4341,-8.02651574819e-05,-0.703122779542,0.123261069912,-5.70433779331,0.468555632343,0.563510711818,-0.348431048629
transformer,10,2,8,4341,-9.65705795166e-05,-0.845958276565,0.123229217278,-6.86491641553,0.464178760654,0.561022805805,-0.419212885681
transformer,10,2,9,4341,-9.77724545922e-05,-0.856486702228,0.123585795282,-6.93030052744,0.462566228979,0.567749366505,-0.424430225385
transformer,10,2,10,4341,-9.1729640417e-05,-0.803551650053,0.123589344374,-6.50178746497,0.464409122322,0.547062888735,-0.39819836905
transformer,10,2,11,4341,-9.17531632542e-05,-0.803757710107,0.121010574278,-6.64204525018,0.469016355678,0.563003916148,-0.398300481686
transformer,10,5,0,4341,-0.000279834876116,-2.45135351478,0.126029816074,-19.4505839264,0.399447131997,0.55669200645,-1.21476319722
transformer,10,5,1,4341,-0.000261758557717,-2.2930049656,0.123898928152,-18.5070605518,0.402672195347,0.567012209168,-1.13629389905
transformer,10,5,2,4341,-0.000282216164246,-2.47221359879,0.124353429891,-19.8805421046,0.387698686938,0.557521308454,-1.22510036899
transformer,10,5,3,4341,-0.000271852448787,-2.38142745137,0.124043959118,-19.1982541376,0.403132918682,0.5599170698,-1.18011148018
transformer,10,5,4,4341,-0.000242843184767,-2.12730629856,0.1231567452,-17.2731610851,0.407509790371,0.563602856485,-1.05418226507
transformer,10,5,5,4341,-0.000279554591058,-2.44889821767,0.124556002437,-19.6610213057,0.391154111956,0.569822621516,-1.21354647978
transformer,10,5,6,4341,-0.000257243028973,-2.25344893381,0.127616099127,-17.6580302112,0.402902557015,0.547293250403,-1.11669198877
transformer,10,5,7,4341,-0.000249318371027,-2.1840289302,0.123973806376,-17.6168578997,0.400138217001,0.563510711818,-1.08229104863
transformer,10,5,8,4341,-0.000264877421258,-2.32032621022,0.124196866761,-18.6826469197,0.403824003686,0.561022805805,-1.14983288568
transformer,10,5,9,4341,-0.000268097264544,-2.3485320374,0.124287857094,-18.8959089997,0.394839898641,0.567749366505,-1.16381022538
transformer,10,5,10,4341,-0.000255848507038,-2.24123292165,0.124564589553,-17.99253648,0.398295323658,0.547062888735,-1.11063836905
transformer,10,5,11,4341,-0.000260654338099,-2.28333200174,0.12193120238,-18.7263961741,0.401520387008,0.563003916148,-1.13150048169
transformer,10,10,0,4341,-0.000558180879341,-4.88966450303,0.128494112917,-38.0536072202,0.307072103202,0.55669200645,-2.42306319722
transformer,10,10,1,4341,-0.000545264662301,-4.77651844176,0.126482731349,-37.764194296,0.315825846579,0.567012209168,-2.36699389905
transformer,10,10,2,4341,-0.000560976818473,-4.91415692982,0.126840352399,-38.7428514417,0.298087998157,0.557521308454,-2.43520036899
transformer,10,10,3,4341,-0.000551810983687,-4.83386421709,0.126633433417,-38.1721010532,0.314213314904,0.5599170698,-2.39541148018
transformer,10,10,4,4341,-0.000524644613009,-4.59588680996,0.12555827287,-36.6036160336,0.310527528219,0.563602856485,-2.27748226507
transformer,10,10,5,4341,-0.000564465901816,-4.94472129991,0.126959241775,-38.9473127816,0.297857636489,0.569822621516,-2.45034647978
transformer,10,10,6,4341,-0.000530889654175,-4.65059337057,0.129941621272,-35.7898672114,0.311679336558,0.547293250403,-2.30459198877
transformer,10,10,7,4341,-0.000531073726936,-4.65220584796,0.126264237938,-36.845000009,0.311448974891,0.563510711818,-2.30539104863
transformer,10,10,8,4341,-0.000545388824161,-4.77760609965,0.126963346179,-37.6298061088,0.311218613223,0.561022805805,-2.36753288568
transformer,10,10,9,4341,-0.000551971947797,-4.8352742627,0.126579566599,-38.1994850559,0.30407740152,0.567749366505,-2.39611022538
transformer,10,10,10,4341,-0.000529379951405,-4.63736837431,0.127304989662,-36.4272318519,0.316286569915,0.547062888735,-2.29803836905
transformer,10,10,11,4341,-0.000542156296173,-4.74928915447,0.124590937197,-38.1190579452,0.311218613223,0.563003916148,-2.35350048169
