model,cost_bps,cohort_count,total_periods,mean_cohort_net_return,median_cohort_net_return,worst_cohort_net_return,best_cohort_net_return,mean_cohort_annualized_net_return,median_cohort_annualized_net_return,worst_cohort_annualized_net_return,best_cohort_annualized_net_return,positive_cohort_fraction,pooled_mean_net_return,pooled_annualized_net_return,pooled_cumulative_net_log_return,mean_turnover
lightgbm,0,12,52092,1.39295061182e-05,9.50298422987e-06,-1.10091076615e-05,4.62908565932e-05,0.122022473595,0.0832461418537,-0.0964397831147,0.405507903756,0.666666666667,1.39295061182e-05,0.122022473595,0.725615832708,0.335065845043
lightgbm,0.1,12,52092,1.05788476677e-05,6.20103767377e-06,-1.44466796495e-05,4.29425497515e-05,0.0926707055695,0.0543210900223,-0.12655291373,0.376176735823,0.583333333333,1.05788476677e-05,0.0926707055695,0.551073332708,0.335065845043
lightgbm,0.2,12,52092,7.22818921731e-06,2.89909111768e-06,-1.78842516375e-05,3.95942429097e-05,0.0633189375437,0.0253960381909,-0.156666044345,0.346845567889,0.583333333333,7.22818921731e-06,0.0633189375437,0.376530832708,0.335065845043
lightgbm,0.3,12,52092,3.87753076688e-06,-4.02855438415e-07,-2.13218236256e-05,3.6245936068e-05,0.0339671695179,-0.00352901364052,-0.18677917496,0.317514399956,0.416666666667,3.87753076688e-06,0.0339671695179,0.201988332708,0.335065845043
lightgbm,0.4,12,52092,5.26872316446e-07,-3.70480199451e-06,-2.47593956136e-05,3.28976292262e-05,0.00461540149207,-0.0324540654719,-0.216892305575,0.288183232022,0.416666666667,5.26872316446e-07,0.00461540149207,0.0274458327083,0.335065845043
lightgbm,0.5,12,52092,-2.82378613399e-06,-7.00674855061e-06,-2.81969676016e-05,2.95493223845e-05,-0.0247363665337,-0.0613791173033,-0.24700543619,0.258852064088,0.416666666667,-2.82378613399e-06,-0.0247363665337,-0.147096667292,0.335065845043
lightgbm,0.6,12,52092,-6.17444458442e-06,-1.03086951067e-05,-3.16345395896e-05,2.62010155428e-05,-0.0540881345595,-0.0903041691347,-0.277118566805,0.229520896155,0.333333333333,-6.17444458442e-06,-0.0540881345595,-0.321639167292,0.335065845043
lightgbm,0.7,12,52092,-9.52510303486e-06,-1.36106416628e-05,-3.50721115776e-05,2.2852708701e-05,-0.0834399025853,-0.119229220966,-0.30723169742,0.200189728221,0.333333333333,-9.52510303486e-06,-0.0834399025853,-0.496181667292,0.335065845043
lightgbm,0.8,12,52092,-1.28757614853e-05,-1.69125882189e-05,-3.85096835657e-05,1.95044018593e-05,-0.112791670611,-0.148154272797,-0.337344828035,0.170858560287,0.25,-1.28757614853e-05,-0.112791670611,-0.670724167292,0.335065845043
lightgbm,0.9,12,52092,-1.62264199357e-05,-2.0214534775e-05,-4.19472555537e-05,1.61560950175e-05,-0.142143438637,-0.177079324629,-0.36745795865,0.141527392354,0.25,-1.62264199357e-05,-0.142143438637,-0.845266667292,0.335065845043
lightgbm,1,12,52092,-1.95770783862e-05,-2.35164813311e-05,-4.53848275417e-05,1.28077881758e-05,-0.171495206663,-0.20600437646,-0.397571089265,0.11219622442,0.25,-1.95770783862e-05,-0.171495206663,-1.01980916729,0.335065845043
lightgbm,1.1,12,52092,-2.29277368366e-05,-2.68184278872e-05,-4.88223995297e-05,9.45948133406e-06,-0.200846974689,-0.234929428292,-0.42768421988,0.0828650564864,0.25,-2.29277368366e-05,-0.200846974689,-1.19435166729,0.335065845043
lightgbm,1.2,12,52092,-2.6278395287e-05,-3.01203744433e-05,-5.22599715177e-05,6.11117449232e-06,-0.230198742714,-0.263854480123,-0.457797350495,0.0535338885527,0.166666666667,-2.6278395287e-05,-0.230198742714,-1.36889416729,0.335065845043
lightgbm,1.3,12,52092,-2.96290537375e-05,-3.34223209994e-05,-5.56975435058e-05,2.76286765058e-06,-0.25955051074,-0.292779531954,-0.48791048111,0.0242027206191,0.0833333333333,-2.96290537375e-05,-0.25955051074,-1.54343666729,0.335065845043
lightgbm,1.4,12,52092,-3.29797121879e-05,-3.67242675555e-05,-5.91351154938e-05,-5.8543919116e-07,-0.288902278766,-0.321704583786,-0.518023611726,-0.00512844731456,0,-3.29797121879e-05,-0.288902278766,-1.71797916729,0.335065845043
lightgbm,1.5,12,52092,-3.63303706383e-05,-4.00262141116e-05,-6.25726874818e-05,-3.9337460329e-06,-0.318254046792,-0.350629635617,-0.548136742341,-0.0344596152482,0,-3.63303706383e-05,-0.318254046792,-1.89252166729,0.335065845043
lightgbm,1.6,12,52092,-3.96810290888e-05,-4.33281606677e-05,-6.60102594698e-05,-7.28205287464e-06,-0.347605814818,-0.379554687449,-0.578249872956,-0.0637907831818,0,-3.96810290888e-05,-0.347605814818,-2.06706416729,0.335065845043
lightgbm,1.7,12,52092,-4.30316875392e-05,-4.66301072237e-05,-6.94478314578e-05,-1.06303597164e-05,-0.376957582843,-0.40847973928,-0.608363003571,-0.0931219511155,0,-4.30316875392e-05,-0.376957582843,-2.24160666729,0.335065845043
lightgbm,1.8,12,52092,-4.63823459896e-05,-4.99320537798e-05,-7.28854034459e-05,-1.39786665581e-05,-0.406309350869,-0.437404791111,-0.638476134186,-0.122453119049,0,-4.63823459896e-05,-0.406309350869,-2.41614916729,0.335065845043
lightgbm,1.9,12,52092,-4.97330044401e-05,-5.32340003359e-05,-7.63229754339e-05,-1.73269733999e-05,-0.435661118895,-0.466329842943,-0.668589264801,-0.151784286983,0,-4.97330044401e-05,-0.435661118895,-2.59069166729,0.335065845043
lightgbm,2,12,52092,-5.30836628905e-05,-5.6535946892e-05,-7.97605474219e-05,-2.06752802416e-05,-0.465012886921,-0.495254894774,-0.698702395416,-0.181115454916,0,-5.30836628905e-05,-0.465012886921,-2.76523416729,0.335065845043
lightgbm,2.1,12,52092,-5.64343213409e-05,-5.98378934481e-05,-8.31981194099e-05,-2.40235870833e-05,-0.494364654947,-0.524179946606,-0.728815526031,-0.21044662285,0,-5.64343213409e-05,-0.494364654947,-2.93977666729,0.335065845043
lightgbm,2.2,12,52092,-5.97849797914e-05,-6.31398400042e-05,-8.66356913979e-05,-2.73718939251e-05,-0.523716422972,-0.553104998437,-0.758928656646,-0.239777790784,0,-5.97849797914e-05,-0.523716422972,-3.11431916729,0.335065845043
lightgbm,2.3,12,52092,-6.31356382418e-05,-6.64417865603e-05,-9.0073263386e-05,-3.07202007668e-05,-0.553068190998,-0.582030050268,-0.789041787261,-0.269108958717,0,-6.31356382418e-05,-0.553068190998,-3.28886166729,0.335065845043
lightgbm,2.4,12,52092,-6.64862966922e-05,-6.97437331164e-05,-9.3510835374e-05,-3.40685076086e-05,-0.582419959024,-0.6109551021,-0.819154917876,-0.298440126651,0,-6.64862966922e-05,-0.582419959024,-3.46340416729,0.335065845043
lightgbm,2.5,12,52092,-6.98369551427e-05,-7.30456796725e-05,-9.6948407362e-05,-3.74168144503e-05,-0.61177172705,-0.639880153931,-0.849268048491,-0.327771294585,0,-6.98369551427e-05,-0.61177172705,-3.63794666729,0.335065845043
lightgbm,2.6,12,52092,-7.31876135931e-05,-7.63476262286e-05,-0.00010038597935,-4.0765121292e-05,-0.641123495076,-0.668805205763,-0.879381179106,-0.357102462518,0,-7.31876135931e-05,-0.641123495076,-3.81248916729,0.335065845043
lightgbm,2.7,12,52092,-7.65382720435e-05,-7.96495727847e-05,-0.000103823551338,-4.41134281338e-05,-0.670475263101,-0.697730257594,-0.909494309721,-0.386433630452,0,-7.65382720435e-05,-0.670475263101,-3.98703166729,0.335065845043
lightgbm,2.8,12,52092,-7.9888930494e-05,-8.29515193408e-05,-0.000107261123326,-4.74617349755e-05,-0.699827031127,-0.726655309425,-0.939607440336,-0.415764798386,0,-7.9888930494e-05,-0.699827031127,-4.16157416729,0.335065845043
lightgbm,2.9,12,52092,-8.32395889444e-05,-8.62534658969e-05,-0.000110698695314,-5.08100418173e-05,-0.729178799153,-0.755580361257,-0.969720570951,-0.445095966319,0,-8.32395889444e-05,-0.729178799153,-4.33611666729,0.335065845043
lightgbm,3,12,52092,-8.65902473948e-05,-8.9555412453e-05,-0.000114136267302,-5.4158348659e-05,-0.758530567179,-0.784505413088,-0.999833701566,-0.474427134253,0,-8.65902473948e-05,-0.758530567179,-4.51065916729,0.335065845043
lightgbm,3.1,12,52092,-8.99409058453e-05,-9.28573590091e-05,-0.00011757383929,-5.75066555007e-05,-0.787882335205,-0.813430464919,-1.02994683218,-0.503758302186,0,-8.99409058453e-05,-0.787882335205,-4.68520166729,0.335065845043
lightgbm,3.2,12,52092,-9.32915642957e-05,-9.61593055652e-05,-0.000121011411278,-6.08549623425e-05,-0.81723410323,-0.842355516751,-1.0600599628,-0.53308947012,0,-9.32915642957e-05,-0.81723410323,-4.85974416729,0.335065845043
lightgbm,3.3,12,52092,-9.66422227461e-05,-9.94612521213e-05,-0.000124448983266,-6.42032691842e-05,-0.846585871256,-0.871280568582,-1.09017309341,-0.562420638054,0,-9.66422227461e-05,-0.846585871256,-5.03428666729,0.335065845043
lightgbm,3.4,12,52092,-9.99928811966e-05,-0.000102763198677,-0.000127886555254,-6.7551576026e-05,-0.875937639282,-0.900205620414,-1.12028622403,-0.591751805987,0,-9.99928811966e-05,-0.875937639282,-5.20882916729,0.335065845043
lightgbm,3.5,12,52092,-0.000103343539647,-0.000106065145233,-0.000131324127242,-7.08998828677e-05,-0.905289407308,-0.929130672245,-1.15039935464,-0.621082973921,0,-0.000103343539647,-0.905289407308,-5.38337166729,0.335065845043
lightgbm,3.6,12,52092,-0.000106694198097,-0.00010936709179,-0.00013476169923,-7.42481897094e-05,-0.934641175334,-0.958055724076,-1.18051248526,-0.650414141855,0,-0.000106694198097,-0.934641175334,-5.55791416729,0.335065845043
lightgbm,3.7,12,52092,-0.000110044856548,-0.000112669038346,-0.000138199271218,-7.75964965512e-05,-0.963992943359,-0.986980775908,-1.21062561587,-0.679745309788,0,-0.000110044856548,-0.963992943359,-5.73245666729,0.335065845043
lightgbm,3.8,12,52092,-0.000113395514998,-0.000115970984902,-0.000141636843206,-8.09448033929e-05,-0.993344711385,-1.01590582774,-1.24073874649,-0.709076477722,0,-0.000113395514998,-0.993344711385,-5.90699916729,0.335065845043
lightgbm,3.9,12,52092,-0.000116746173449,-0.000119272931458,-0.000145074415194,-8.42931102347e-05,-1.02269647941,-1.04483087957,-1.2708518771,-0.738407645656,0,-0.000116746173449,-1.02269647941,-6.08154166729,0.335065845043
lightgbm,4,12,52092,-0.000120096831899,-0.000122574878014,-0.000148511987182,-8.76414170764e-05,-1.05204824744,-1.0737559314,-1.30096500772,-0.767738813589,0,-0.000120096831899,-1.05204824744,-6.25608416729,0.335065845043
lightgbm,4.1,12,52092,-0.00012344749035,-0.00012587682457,-0.00015194955917,-9.09897239181e-05,-1.08140001546,-1.10268098323,-1.33107813833,-0.797069981523,0,-0.00012344749035,-1.08140001546,-6.43062666729,0.335065845043
lightgbm,4.2,12,52092,-0.0001267981488,-0.000129178771126,-0.000155387131158,-9.43380307599e-05,-1.11075178349,-1.13160603506,-1.36119126895,-0.826401149457,0,-0.0001267981488,-1.11075178349,-6.60516916729,0.335065845043
lightgbm,4.3,12,52092,-0.00013014880725,-0.000132480717682,-0.000158824703146,-9.76863376016e-05,-1.14010355151,-1.1605310869,-1.39130439956,-0.85573231739,0,-0.00013014880725,-1.14010355151,-6.77971166729,0.335065845043
lightgbm,4.4,12,52092,-0.000133499465701,-0.000135782664238,-0.000162262275134,-0.000101034644443,-1.16945531954,-1.18945613873,-1.42141753018,-0.885063485324,0,-0.000133499465701,-1.16945531954,-6.95425416729,0.335065845043
lightgbm,4.5,12,52092,-0.000136850124151,-0.000139084610794,-0.000165699847122,-0.000104382951285,-1.19880708757,-1.21838119056,-1.45153066079,-0.914394653257,0,-0.000136850124151,-1.19880708757,-7.12879666729,0.335065845043
lightgbm,4.6,12,52092,-0.000140200782602,-0.000142386557351,-0.00016913741911,-0.000107731258127,-1.22815885559,-1.24730624239,-1.48164379141,-0.943725821191,0,-0.000140200782602,-1.22815885559,-7.30333916729,0.335065845043
lightgbm,4.7,12,52092,-0.000143551441052,-0.000145688503907,-0.000172574991098,-0.000111079564969,-1.25751062362,-1.27623129422,-1.51175692202,-0.973056989125,0,-0.000143551441052,-1.25751062362,-7.47788166729,0.335065845043
lightgbm,4.8,12,52092,-0.000146902099503,-0.000148990450463,-0.000176012563086,-0.00011442787181,-1.28686239164,-1.30515634605,-1.54187005264,-1.00238815706,0,-0.000146902099503,-1.28686239164,-7.65242416729,0.335065845043
lightgbm,4.9,12,52092,-0.000150252757953,-0.000152292397019,-0.000179450135074,-0.000117776178652,-1.31621415967,-1.33408139788,-1.57198318325,-1.03171932499,0,-0.000150252757953,-1.31621415967,-7.82696666729,0.335065845043
lightgbm,5,12,52092,-0.000153603416404,-0.000155594343575,-0.000182887707063,-0.000121124485494,-1.34556592769,-1.36300644972,-1.60209631387,-1.06105049293,0,-0.000153603416404,-1.34556592769,-8.00150916729,0.335065845043
lightgbm,5.1,12,52092,-0.000156954074854,-0.000158896290131,-0.000186325279051,-0.000124472792336,-1.37491769572,-1.39193150155,-1.63220944448,-1.09038166086,0,-0.000156954074854,-1.37491769572,-8.17605166729,0.335065845043
lightgbm,5.2,12,52092,-0.000160304733304,-0.000162198236687,-0.000189762851039,-0.000127821099177,-1.40426946375,-1.42085655338,-1.6623225751,-1.11971282879,0,-0.000160304733304,-1.40426946375,-8.35059416729,0.335065845043
lightgbm,5.3,12,52092,-0.000163655391755,-0.000165500183243,-0.000193200423027,-0.000131169406019,-1.43362123177,-1.44978160521,-1.69243570571,-1.14904399673,0,-0.000163655391755,-1.43362123177,-8.52513666729,0.335065845043
lightgbm,5.4,12,52092,-0.000167006050205,-0.000168802129799,-0.000196637995015,-0.000134517712861,-1.4629729998,-1.47870665704,-1.72254883633,-1.17837516466,0,-0.000167006050205,-1.4629729998,-8.69967916729,0.335065845043
lightgbm,5.5,12,52092,-0.000170356708656,-0.000172104076355,-0.000200075567003,-0.000137866019702,-1.49232476782,-1.50763170887,-1.75266196694,-1.20770633259,0,-0.000170356708656,-1.49232476782,-8.87422166729,0.335065845043
lightgbm,5.6,12,52092,-0.000173707367106,-0.000175406022911,-0.000203513138991,-0.000141214326544,-1.52167653585,-1.5365567607,-1.78277509756,-1.23703750053,0,-0.000173707367106,-1.52167653585,-9.04876416729,0.335065845043
lightgbm,5.7,12,52092,-0.000177058025557,-0.000178707969468,-0.000206950710979,-0.000144562633386,-1.55102830388,-1.56548181254,-1.81288822817,-1.26636866846,0,-0.000177058025557,-1.55102830388,-9.22330666729,0.335065845043
lightgbm,5.8,12,52092,-0.000180408684007,-0.000182009916024,-0.000210388282967,-0.000147910940228,-1.5803800719,-1.59440686437,-1.84300135879,-1.29569983639,0,-0.000180408684007,-1.5803800719,-9.39784916729,0.335065845043
lightgbm,5.9,12,52092,-0.000183759342457,-0.00018531186258,-0.000213825854955,-0.000151259247069,-1.60973183993,-1.6233319162,-1.8731144894,-1.32503100433,0,-0.000183759342457,-1.60973183993,-9.57239166729,0.335065845043
lightgbm,6,12,52092,-0.000187110000908,-0.000188613809136,-0.000217263426943,-0.000154607553911,-1.63908360795,-1.65225696803,-1.90322762002,-1.35436217226,0,-0.000187110000908,-1.63908360795,-9.74693416729,0.335065845043
lightgbm,6.1,12,52092,-0.000190460659358,-0.000191915755692,-0.000220700998931,-0.000157955860753,-1.66843537598,-1.68118201986,-1.93334075063,-1.3836933402,0,-0.000190460659358,-1.66843537598,-9.92147666729,0.335065845043
lightgbm,6.2,12,52092,-0.000193811317809,-0.000195217702248,-0.000224138570919,-0.000161304167595,-1.697787144,-1.71010707169,-1.96345388125,-1.41302450813,0,-0.000193811317809,-1.697787144,-10.0960191673,0.335065845043
lightgbm,6.3,12,52092,-0.000197161976259,-0.000198519648804,-0.000227576142907,-0.000164652474436,-1.72713891203,-1.73903212352,-1.99356701186,-1.44235567606,0,-0.000197161976259,-1.72713891203,-10.2705616673,0.335065845043
lightgbm,6.4,12,52092,-0.00020051263471,-0.00020182159536,-0.000231013714895,-0.000168000781278,-1.75649068006,-1.76795717536,-2.02368014248,-1.471686844,0,-0.00020051263471,-1.75649068006,-10.4451041673,0.335065845043
lightgbm,6.5,12,52092,-0.00020386329316,-0.000205123541916,-0.000234451286883,-0.00017134908812,-1.78584244808,-1.79688222719,-2.05379327309,-1.50101801193,0,-0.00020386329316,-1.78584244808,-10.6196466673,0.335065845043
lightgbm,6.6,12,52092,-0.00020721395161,-0.000208425488472,-0.000237888858871,-0.000174697394962,-1.81519421611,-1.82580727902,-2.08390640371,-1.53034917986,0,-0.00020721395161,-1.81519421611,-10.7941891673,0.335065845043
lightgbm,6.7,12,52092,-0.000210564610061,-0.000211727435028,-0.000241326430859,-0.000178045701803,-1.84454598413,-1.85473233085,-2.11401953432,-1.5596803478,0,-0.000210564610061,-1.84454598413,-10.9687316673,0.335065845043
lightgbm,6.8,12,52092,-0.000213915268511,-0.000215029381585,-0.000244764002847,-0.000181394008645,-1.87389775216,-1.88365738268,-2.14413266494,-1.58901151573,0,-0.000213915268511,-1.87389775216,-11.1432741673,0.335065845043
lightgbm,6.9,12,52092,-0.000217265926962,-0.000218331328141,-0.000248201574835,-0.000184742315487,-1.90324952019,-1.91258243451,-2.17424579555,-1.61834268366,0,-0.000217265926962,-1.90324952019,-11.3178166673,0.335065845043
lightgbm,7,12,52092,-0.000220616585412,-0.000221633274697,-0.000251639146823,-0.000188090622329,-1.93260128821,-1.94150748634,-2.20435892617,-1.6476738516,0,-0.000220616585412,-1.93260128821,-11.4923591673,0.335065845043
lightgbm,7.1,12,52092,-0.000223967243863,-0.000224935221253,-0.000255076718811,-0.00019143892917,-1.96195305624,-1.97043253818,-2.23447205678,-1.67700501953,0,-0.000223967243863,-1.96195305624,-11.6669016673,0.335065845043
lightgbm,7.2,12,52092,-0.000227317902313,-0.000228237167809,-0.000258514290799,-0.000194787236012,-1.99130482426,-1.99935759001,-2.2645851874,-1.70633618747,0,-0.000227317902313,-1.99130482426,-11.8414441673,0.335065845043
lightgbm,7.3,12,52092,-0.000230668560764,-0.000231539114365,-0.000261951862787,-0.000198135542854,-2.02065659229,-2.02828264184,-2.29469831801,-1.7356673554,0,-0.000230668560764,-2.02065659229,-12.0159866673,0.335065845043
lightgbm,7.4,12,52092,-0.000234019219214,-0.000234841060921,-0.000265389434775,-0.000201483849696,-2.05000836031,-2.05720769367,-2.32481144863,-1.76499852333,0,-0.000234019219214,-2.05000836031,-12.1905291673,0.335065845043
lightgbm,7.5,12,52092,-0.000237369877664,-0.000238143007477,-0.000268827006763,-0.000204832156537,-2.07936012834,-2.0861327455,-2.35492457924,-1.79432969127,0,-0.000237369877664,-2.07936012834,-12.3650716673,0.335065845043
lightgbm,7.6,12,52092,-0.000240720536115,-0.000241444954033,-0.000272264578751,-0.000208180463379,-2.10871189637,-2.11505779733,-2.38503770986,-1.8236608592,0,-0.000240720536115,-2.10871189637,-12.5396141673,0.335065845043
lightgbm,7.7,12,52092,-0.000244071194565,-0.000244746900589,-0.000275702150739,-0.000211528770221,-2.13806366439,-2.14398284916,-2.41515084047,-1.85299202713,0,-0.000244071194565,-2.13806366439,-12.7141566673,0.335065845043
lightgbm,7.8,12,52092,-0.000247421853016,-0.000248048847146,-0.000279139722727,-0.000214877077063,-2.16741543242,-2.17290790099,-2.44526397109,-1.88232319507,0,-0.000247421853016,-2.16741543242,-12.8886991673,0.335065845043
lightgbm,7.9,12,52092,-0.000250772511466,-0.000251350793702,-0.000282577294715,-0.000218225383904,-2.19676720044,-2.20183295283,-2.4753771017,-1.911654363,0,-0.000250772511466,-2.19676720044,-13.0632416673,0.335065845043
lightgbm,8,12,52092,-0.000254123169917,-0.000254652740258,-0.000286014866703,-0.000221573690746,-2.22611896847,-2.23075800466,-2.50549023232,-1.94098553093,0,-0.000254123169917,-2.22611896847,-13.2377841673,0.335065845043
lightgbm,8.1,12,52092,-0.000257473828367,-0.000257954686814,-0.000289452438691,-0.000224921997588,-2.25547073649,-2.25968305649,-2.53560336293,-1.97031669887,0,-0.000257473828367,-2.25547073649,-13.4123266673,0.335065845043
lightgbm,8.2,12,52092,-0.000260824486817,-0.00026125663337,-0.000292890010679,-0.000228270304429,-2.28482250452,-2.28860810832,-2.56571649355,-1.9996478668,0,-0.000260824486817,-2.28482250452,-13.5868691673,0.335065845043
lightgbm,8.3,12,52092,-0.000264175145268,-0.000264558579926,-0.000296327582667,-0.000231618611271,-2.31417427255,-2.31753316015,-2.59582962416,-2.02897903474,0,-0.000264175145268,-2.31417427255,-13.7614116673,0.335065845043
lightgbm,8.4,12,52092,-0.000267525803718,-0.000267860526482,-0.000299765154655,-0.000234966918113,-2.34352604057,-2.34645821198,-2.62594275478,-2.05831020267,0,-0.000267525803718,-2.34352604057,-13.9359541673,0.335065845043
lightgbm,8.5,12,52092,-0.000270876462169,-0.000271162473038,-0.000303202726643,-0.000238315224955,-2.3728778086,-2.37538326381,-2.65605588539,-2.0876413706,0,-0.000270876462169,-2.3728778086,-14.1104966673,0.335065845043
lightgbm,8.6,12,52092,-0.000274227120619,-0.000274464419594,-0.000306640298631,-0.000241663531796,-2.40222957662,-2.40430831565,-2.68616901601,-2.11697253854,0,-0.000274227120619,-2.40222957662,-14.2850391673,0.335065845043
lightgbm,8.7,12,52092,-0.00027757777907,-0.00027776636615,-0.000310077870619,-0.000245011838638,-2.43158134465,-2.43323336748,-2.71628214662,-2.14630370647,0,-0.00027757777907,-2.43158134465,-14.4595816673,0.335065845043
lightgbm,8.8,12,52092,-0.00028092843752,-0.000281068312706,-0.000313515442607,-0.00024836014548,-2.46093311268,-2.46215841931,-2.74639527724,-2.1756348744,0,-0.00028092843752,-2.46093311268,-14.6341241673,0.335065845043
lightgbm,8.9,12,52092,-0.00028427909597,-0.000284370259263,-0.000316953014595,-0.000251708452322,-2.4902848807,-2.49108347114,-2.77650840785,-2.20496604234,0,-0.00028427909597,-2.4902848807,-14.8086666673,0.335065845043
lightgbm,9,12,52092,-0.000287629754421,-0.000287672205819,-0.000320390586583,-0.000255056759163,-2.51963664873,-2.52000852297,-2.80662153847,-2.23429721027,0,-0.000287629754421,-2.51963664873,-14.9832091673,0.335065845043
lightgbm,9.1,12,52092,-0.000290980412871,-0.000290974152375,-0.000323828158571,-0.000258405066005,-2.54898841675,-2.5489335748,-2.83673466908,-2.26362837821,0,-0.000290980412871,-2.54898841675,-15.1577516673,0.335065845043
lightgbm,9.2,12,52092,-0.000294331071322,-0.000294276098931,-0.000327265730559,-0.000261753372847,-2.57834018478,-2.57785862663,-2.8668477997,-2.29295954614,0,-0.000294331071322,-2.57834018478,-15.3322941673,0.335065845043
lightgbm,9.3,12,52092,-0.000297681729772,-0.000297578045487,-0.000330703302547,-0.000265101679689,-2.6076919528,-2.60678367847,-2.89696093031,-2.32229071407,0,-0.000297681729772,-2.6076919528,-15.5068366673,0.335065845043
lightgbm,9.4,12,52092,-0.000301032388223,-0.000300879992043,-0.000334140874535,-0.00026844998653,-2.63704372083,-2.6357087303,-2.92707406093,-2.35162188201,0,-0.000301032388223,-2.63704372083,-15.6813791673,0.335065845043
lightgbm,9.5,12,52092,-0.000304383046673,-0.000304181938599,-0.000337578446523,-0.000271798293372,-2.66639548886,-2.66463378213,-2.95718719154,-2.38095304994,0,-0.000304383046673,-2.66639548886,-15.8559216673,0.335065845043
lightgbm,9.6,12,52092,-0.000307733705123,-0.000307483885155,-0.000341016018511,-0.000275146600214,-2.69574725688,-2.69355883396,-2.98730032216,-2.41028421787,0,-0.000307733705123,-2.69574725688,-16.0304641673,0.335065845043
lightgbm,9.7,12,52092,-0.000311084363574,-0.000310785831711,-0.000344453590499,-0.000278494907056,-2.72509902491,-2.72248388579,-3.01741345278,-2.43961538581,0,-0.000311084363574,-2.72509902491,-16.2050066673,0.335065845043
lightgbm,9.8,12,52092,-0.000314435022024,-0.000314087778267,-0.000347891162487,-0.000281843213897,-2.75445079293,-2.75140893762,-3.04752658339,-2.46894655374,0,-0.000314435022024,-2.75445079293,-16.3795491673,0.335065845043
lightgbm,9.9,12,52092,-0.000317785680475,-0.000317389724824,-0.000351328734475,-0.000285191520739,-2.78380256096,-2.78033398945,-3.07763971401,-2.49827772167,0,-0.000317785680475,-2.78380256096,-16.5540916673,0.335065845043
lightgbm,10,12,52092,-0.000321136338925,-0.00032069167138,-0.000354766306464,-0.000288539827581,-2.81315432899,-2.80925904129,-3.10775284462,-2.52760888961,0,-0.000321136338925,-2.81315432899,-16.7286341673,0.335065845043
mlp,0,12,52092,7.83331754267e-06,8.58706826015e-06,-2.06597846136e-05,3.18586889537e-05,0.0686198616738,0.0752227179589,-0.180979713215,0.279082115234,0.75,7.83331754267e-06,0.0686198616738,0.408053177433,1.48619749674
mlp,0.1,12,52092,-7.02865742469e-06,-6.240160489e-06,-3.55497869172e-05,1.71086313633e-05,-0.0615710390403,-0.0546638058836,-0.311416133395,0.149871610743,0.25,-7.02865742469e-06,-0.0615710390403,-0.366136822567,1.48619749674
mlp,0.2,12,52092,-2.1890632392e-05,-2.10673892382e-05,-5.04397892208e-05,2.3585737729e-06,-0.191761939754,-0.184550329726,-0.441852553574,0.0206611062506,0.0833333333333,-2.1890632392e-05,-0.191761939754,-1.14032682257,1.48619749674
mlp,0.3,12,52092,-3.67526073594e-05,-3.58946179873e-05,-6.53297915244e-05,-1.23914838175e-05,-0.321952840468,-0.314436853569,-0.572288973754,-0.108549398241,0,-3.67526073594e-05,-0.321952840468,-1.91451682257,1.48619749674
mlp,0.4,12,52092,-5.16145823268e-05,-5.07218467365e-05,-8.0219793828e-05,-2.71415414079e-05,-0.452143741182,-0.444323377411,-0.702725393933,-0.237759902733,0,-5.16145823268e-05,-0.452143741182,-2.68870682257,1.48619749674
mlp,0.5,12,52092,-6.64765572941e-05,-6.55490754856e-05,-9.51097961316e-05,-4.18915989983e-05,-0.582334641897,-0.574209901254,-0.833161814113,-0.366970407225,0,-6.64765572941e-05,-0.582334641897,-3.46289682257,1.48619749674
mlp,0.6,12,52092,-8.13385322615e-05,-8.03763042348e-05,-0.000109999798435,-5.66416565887e-05,-0.712525542611,-0.704096425096,-0.963598234292,-0.496180911717,0,-8.13385322615e-05,-0.712525542611,-4.23708682257,1.48619749674
mlp,0.7,12,52092,-9.62005072288e-05,-9.52035329839e-05,-0.000124889800739,-7.13917141791e-05,-0.842716443325,-0.833982948939,-1.09403465447,-0.625391416209,0,-9.62005072288e-05,-0.842716443325,-5.01127682256,1.48619749674
mlp,0.8,12,52092,-0.000111062482196,-0.000110030761733,-0.000139779803042,-8.61417717695e-05,-0.972907344039,-0.963869472782,-1.22447107465,-0.754601920701,0,-0.000111062482196,-0.972907344039,-5.78546682256,1.48619749674
mlp,0.9,12,52092,-0.000125924457164,-0.000124857990482,-0.000154669805346,-0.00010089182936,-1.10309824475,-1.09375599662,-1.35490749483,-0.883812425193,0,-0.000125924457164,-1.10309824475,-6.55965682256,1.48619749674
mlp,1,12,52092,-0.000140786432131,-0.000139685219231,-0.00016955980765,-0.00011564188695,-1.23328914547,-1.22364252047,-1.48534391501,-1.01302292968,0,-0.000140786432131,-1.23328914547,-7.33384682256,1.48619749674
mlp,1.1,12,52092,-0.000155648407098,-0.000154512447981,-0.000184449809953,-0.000130391944541,-1.36348004618,-1.35352904431,-1.61578033519,-1.14223343418,0,-0.000155648407098,-1.36348004618,-8.10803682256,1.48619749674
mlp,1.2,12,52092,-0.000170510382066,-0.00016933967673,-0.000199339812257,-0.000145142002131,-1.49367094689,-1.48341556815,-1.74621675537,-1.27144393867,0,-0.000170510382066,-1.49367094689,-8.88222682256,1.48619749674
mlp,1.3,12,52092,-0.000185372357033,-0.000184166905479,-0.00021422981456,-0.000159892059722,-1.62386184761,-1.61330209199,-1.87665317555,-1.40065444316,0,-0.000185372357033,-1.62386184761,-9.65641682256,1.48619749674
mlp,1.4,12,52092,-0.000200234332,-0.000198994134228,-0.000229119816864,-0.000174642117312,-1.75405274832,-1.74318861584,-2.00708959573,-1.52986494765,0,-0.000200234332,-1.75405274832,-10.4306068226,1.48619749674
mlp,1.5,12,52092,-0.000215096306968,-0.000213821362977,-0.000244009819168,-0.000189392174902,-1.88424364904,-1.87307513968,-2.13752601591,-1.65907545214,0,-0.000215096306968,-1.88424364904,-11.2047968226,1.48619749674
mlp,1.6,12,52092,-0.000229958281935,-0.000228648591726,-0.000258899821471,-0.000204142232493,-2.01443454975,-2.00296166352,-2.26796243609,-1.78828595664,0,-0.000229958281935,-2.01443454975,-11.9789868226,1.48619749674
mlp,1.7,12,52092,-0.000244820256902,-0.000243475820475,-0.000273789823775,-0.000218892290083,-2.14462545047,-2.13284818736,-2.39839885627,-1.91749646113,0,-0.000244820256902,-2.14462545047,-12.7531768226,1.48619749674
mlp,1.8,12,52092,-0.00025968223187,-0.000258303049225,-0.000288679826078,-0.000233642347673,-2.27481635118,-2.26273471121,-2.52883527645,-2.04670696562,0,-0.00025968223187,-2.27481635118,-13.5273668226,1.48619749674
mlp,1.9,12,52092,-0.000274544206837,-0.000273130277974,-0.000303569828382,-0.000248392405264,-2.40500725189,-2.39262123505,-2.65927169663,-2.17591747011,0,-0.000274544206837,-2.40500725189,-14.3015568226,1.48619749674
mlp,2,12,52092,-0.000289406181804,-0.000287957506723,-0.000318459830686,-0.000263142462854,-2.53519815261,-2.52250775889,-2.78970811681,-2.3051279746,0,-0.000289406181804,-2.53519815261,-15.0757468226,1.48619749674
mlp,2.1,12,52092,-0.000304268156772,-0.000302784735472,-0.000333349832989,-0.000277892520445,-2.66538905332,-2.65239428273,-2.92014453699,-2.4343384791,0,-0.000304268156772,-2.66538905332,-15.8499368226,1.48619749674
mlp,2.2,12,52092,-0.000319130131739,-0.000317611964221,-0.000348239835293,-0.000292642578035,-2.79557995404,-2.78228080658,-3.05058095716,-2.56354898359,0,-0.000319130131739,-2.79557995404,-16.6241268226,1.48619749674
mlp,2.3,12,52092,-0.000333992106707,-0.00033243919297,-0.000363129837596,-0.000307392635626,-2.92577085475,-2.91216733042,-3.18101737734,-2.69275948808,0,-0.000333992106707,-2.92577085475,-17.3983168226,1.48619749674
mlp,2.4,12,52092,-0.000348854081674,-0.00034730870885,-0.0003780198399,-0.000322142693216,-3.05596175546,-3.04242428952,-3.31145379752,-2.82196999257,0,-0.000348854081674,-3.05596175546,-18.1725068226,1.48619749674
mlp,2.5,12,52092,-0.000363716056641,-0.00036220245453,-0.000392909842204,-0.000336892750806,-3.18615265618,-3.17289350169,-3.4418902177,-2.95118049706,0,-0.000363716056641,-3.18615265618,-18.9466968226,1.48619749674
mlp,2.6,12,52092,-0.000378578031609,-0.000377096200211,-0.000407799844507,-0.000351642808397,-3.31634355689,-3.30336271385,-3.57232663788,-3.08039100156,0,-0.000378578031609,-3.31634355689,-19.7208868226,1.48619749674
mlp,2.7,12,52092,-0.000393440006576,-0.000391989945892,-0.000422689846811,-0.000366392865987,-3.44653445761,-3.43383192601,-3.70276305806,-3.20960150605,0,-0.000393440006576,-3.44653445761,-20.4950768226,1.48619749674
mlp,2.8,12,52092,-0.000408301981543,-0.000406883691573,-0.000437579849114,-0.000381142923578,-3.57672535832,-3.56430113818,-3.83319947824,-3.33881201054,0,-0.000408301981543,-3.57672535832,-21.2692668226,1.48619749674
mlp,2.9,12,52092,-0.000423163956511,-0.000421777437253,-0.000452469851418,-0.000395892981168,-3.70691625903,-3.69477035034,-3.96363589842,-3.46802251503,0,-0.000423163956511,-3.70691625903,-22.0434568226,1.48619749674
mlp,3,12,52092,-0.000438025931478,-0.000436671182934,-0.000467359853722,-0.000410643038758,-3.83710715975,-3.8252395625,-4.0940723186,-3.59723301952,0,-0.000438025931478,-3.83710715975,-22.8176468226,1.48619749674
mlp,3.1,12,52092,-0.000452887906445,-0.000451564928615,-0.000482249856025,-0.000425393096349,-3.96729806046,-3.95570877467,-4.22450873878,-3.72644352401,0,-0.000452887906445,-3.96729806046,-23.5918368226,1.48619749674
mlp,3.2,12,52092,-0.000467749881413,-0.000466458674296,-0.000497139858329,-0.000440143153939,-4.09748896118,-4.08617798683,-4.35494515896,-3.85565402851,0,-0.000467749881413,-4.09748896118,-24.3660268226,1.48619749674
mlp,3.3,12,52092,-0.00048261185638,-0.000481352419976,-0.000512029860632,-0.00045489321153,-4.22767986189,-4.21664719899,-4.48538157914,-3.984864533,0,-0.00048261185638,-4.22767986189,-25.1402168226,1.48619749674
mlp,3.4,12,52092,-0.000497473831348,-0.000496246165657,-0.000526919862936,-0.00046964326912,-4.3578707626,-4.34711641116,-4.61581799932,-4.11407503749,0,-0.000497473831348,-4.3578707626,-25.9144068226,1.48619749674
mlp,3.5,12,52092,-0.000512335806315,-0.000511139911338,-0.00054180986524,-0.00048439332671,-4.48806166332,-4.47758562332,-4.7462544195,-4.24328554198,0,-0.000512335806315,-4.48806166332,-26.6885968226,1.48619749674
mlp,3.6,12,52092,-0.000527197781282,-0.000526033657019,-0.000556699867543,-0.000499143384301,-4.61825256403,-4.60805483548,-4.87669083968,-4.37249604647,0,-0.000527197781282,-4.61825256403,-27.4627868226,1.48619749674
mlp,3.7,12,52092,-0.00054205975625,-0.000540927402699,-0.000571589869847,-0.000513893441891,-4.74844346475,-4.73852404765,-5.00712725986,-4.50170655097,0,-0.00054205975625,-4.74844346475,-28.2369768226,1.48619749674
mlp,3.8,12,52092,-0.000556921731217,-0.00055582114838,-0.00058647987215,-0.000528643499481,-4.87863436546,-4.86899325981,-5.13756368004,-4.63091705546,0,-0.000556921731217,-4.87863436546,-29.0111668226,1.48619749674
mlp,3.9,12,52092,-0.000571783706184,-0.000570714894061,-0.000601369874454,-0.000543393557072,-5.00882526617,-4.99946247197,-5.26800010022,-4.76012755995,0,-0.000571783706184,-5.00882526617,-29.7853568226,1.48619749674
mlp,4,12,52092,-0.000586645681152,-0.000585608639742,-0.000616259876758,-0.000558143614662,-5.13901616689,-5.12993168414,-5.3984365204,-4.88933806444,0,-0.000586645681152,-5.13901616689,-30.5595468226,1.48619749674
mlp,4.1,12,52092,-0.000601507656119,-0.000600502385422,-0.000631149879061,-0.000572893672253,-5.2692070676,-5.2604008963,-5.52887294058,-5.01854856893,0,-0.000601507656119,-5.2692070676,-31.3337368226,1.48619749674
mlp,4.2,12,52092,-0.000616369631086,-0.000615396131103,-0.000646039881365,-0.000587643729843,-5.39939796832,-5.39087010846,-5.65930936076,-5.14775907343,0,-0.000616369631086,-5.39939796832,-32.1079268226,1.48619749674
mlp,4.3,12,52092,-0.000631231606054,-0.000630289876784,-0.000660929883668,-0.000602393787434,-5.52958886903,-5.52133932063,-5.78974578094,-5.27696957792,0,-0.000631231606054,-5.52958886903,-32.8821168226,1.48619749674
mlp,4.4,12,52092,-0.000646093581021,-0.000645183622465,-0.000675819885972,-0.000617143845024,-5.65977976974,-5.65180853279,-5.92018220111,-5.40618008241,0,-0.000646093581021,-5.65977976974,-33.6563068226,1.48619749674
mlp,4.5,12,52092,-0.000660955555988,-0.000660077368145,-0.000690709888276,-0.000631893902614,-5.78997067046,-5.78227774495,-6.05061862129,-5.5353905869,0,-0.000660955555988,-5.78997067046,-34.4304968226,1.48619749674
mlp,4.6,12,52092,-0.000675817530956,-0.000674971113826,-0.000705599890579,-0.000646643960205,-5.92016157117,-5.91274695712,-6.18105504147,-5.66460109139,0,-0.000675817530956,-5.92016157117,-35.2046868226,1.48619749674
mlp,4.7,12,52092,-0.000690679505923,-0.000689864859507,-0.000720489892883,-0.000661394017795,-6.05035247189,-6.04321616928,-6.31149146165,-5.79381159589,0,-0.000690679505923,-6.05035247189,-35.9788768225,1.48619749674
mlp,4.8,12,52092,-0.000705541480891,-0.000704758605188,-0.000735379895186,-0.000676144075386,-6.1805433726,-6.17368538144,-6.44192788183,-5.92302210038,0,-0.000705541480891,-6.1805433726,-36.7530668225,1.48619749674
mlp,4.9,12,52092,-0.000720403455858,-0.000719652350868,-0.00075026989749,-0.000690894132976,-6.31073427332,-6.30415459361,-6.57236430201,-6.05223260487,0,-0.000720403455858,-6.31073427332,-37.5272568225,1.48619749674
mlp,5,12,52092,-0.000735265430825,-0.000734546096549,-0.000765159899794,-0.000705644190566,-6.44092517403,-6.43462380577,-6.70280072219,-6.18144310936,0,-0.000735265430825,-6.44092517403,-38.3014468225,1.48619749674
mlp,5.1,12,52092,-0.000750127405793,-0.00074943984223,-0.000780049902097,-0.000720394248157,-6.57111607474,-6.56509301793,-6.83323714237,-6.31065361385,0,-0.000750127405793,-6.57111607474,-39.0756368225,1.48619749674
mlp,5.2,12,52092,-0.00076498938076,-0.000764333587911,-0.000794939904401,-0.000735144305747,-6.70130697546,-6.6955622301,-6.96367356255,-6.43986411834,0,-0.00076498938076,-6.70130697546,-39.8498268225,1.48619749674
mlp,5.3,12,52092,-0.000779851355727,-0.000779227333591,-0.000809829906704,-0.000749894363338,-6.83149787617,-6.82603144226,-7.09410998273,-6.56907462284,0,-0.000779851355727,-6.83149787617,-40.6240168225,1.48619749674
mlp,5.4,12,52092,-0.000794713330695,-0.000794121079272,-0.000824719909008,-0.000764644420928,-6.96168877689,-6.95650065442,-7.22454640291,-6.69828512733,0,-0.000794713330695,-6.96168877689,-41.3982068225,1.48619749674
mlp,5.5,12,52092,-0.000809575305662,-0.000809014824953,-0.000839609911312,-0.000779394478518,-7.0918796776,-7.08696986659,-7.35498282309,-6.82749563182,0,-0.000809575305662,-7.0918796776,-42.1723968225,1.48619749674
mlp,5.6,12,52092,-0.000824437280629,-0.000823908570634,-0.000854499913615,-0.000794144536109,-7.22207057831,-7.21743907875,-7.48541924327,-6.95670613631,0,-0.000824437280629,-7.22207057831,-42.9465868225,1.48619749674
mlp,5.7,12,52092,-0.000839299255597,-0.000838802316314,-0.000869389915919,-0.000808894593699,-7.35226147903,-7.34790829091,-7.61585566345,-7.0859166408,0,-0.000839299255597,-7.35226147903,-43.7207768225,1.48619749674
mlp,5.8,12,52092,-0.000854161230564,-0.000853696061995,-0.000884279918222,-0.00082364465129,-7.48245237974,-7.47837750308,-7.74629208363,-7.2151271453,0,-0.000854161230564,-7.48245237974,-44.4949668225,1.48619749674
mlp,5.9,12,52092,-0.000869023205531,-0.000868589807676,-0.000899169920526,-0.00083839470888,-7.61264328046,-7.60884671524,-7.87672850381,-7.34433764979,0,-0.000869023205531,-7.61264328046,-45.2691568225,1.48619749674
mlp,6,12,52092,-0.000883885180499,-0.000883483553357,-0.00091405992283,-0.00085314476647,-7.74283418117,-7.7393159274,-8.00716492399,-7.47354815428,0,-0.000883885180499,-7.74283418117,-46.0433468225,1.48619749674
mlp,6.1,12,52092,-0.000898747155466,-0.000898377299037,-0.000928949925133,-0.000867894824061,-7.87302508188,-7.86978513957,-8.13760134417,-7.60275865877,0,-0.000898747155466,-7.87302508188,-46.8175368225,1.48619749674
mlp,6.2,12,52092,-0.000913609130434,-0.000913271044718,-0.000943839927437,-0.000882644881651,-8.0032159826,-8.00025435173,-8.26803776435,-7.73196916326,0,-0.000913609130434,-8.0032159826,-47.5917268225,1.48619749674
mlp,6.3,12,52092,-0.000928471105401,-0.000928164790399,-0.00095872992974,-0.000897394939242,-8.13340688331,-8.13072356389,-8.39847418453,-7.86117966776,0,-0.000928471105401,-8.13340688331,-48.3659168225,1.48619749674
mlp,6.4,12,52092,-0.000943333080368,-0.00094305853608,-0.000973619932044,-0.000912144996832,-8.26359778403,-8.26119277606,-8.52891060471,-7.99039017225,0,-0.000943333080368,-8.26359778403,-49.1401068225,1.48619749674
mlp,6.5,12,52092,-0.000958195055336,-0.000957951919458,-0.000988509934348,-0.000926895054422,-8.39378868474,-8.39165881445,-8.65934702488,-8.11960067674,0,-0.000958195055336,-8.39378868474,-49.9142968225,1.48619749674
mlp,6.6,12,52092,-0.000973057030303,-0.000972772237357,-0.00100339993665,-0.000941645112013,-8.52397958545,-8.52148479924,-8.78978344506,-8.24881118123,0,-0.000973057030303,-8.52397958545,-50.6884868225,1.48619749674
mlp,6.7,12,52092,-0.00098791900527,-0.000987592555256,-0.00101828993895,-0.000956395169603,-8.65417048617,-8.65131078404,-8.92021986524,-8.37802168572,0,-0.00098791900527,-8.65417048617,-51.4626768225,1.48619749674
mlp,6.8,12,52092,-0.00100278098024,-0.00100243480468,-0.00103317994126,-0.000971145227194,-8.78436138688,-8.78132888902,-9.05065628542,-8.50723219022,0,-0.00100278098024,-8.78436138688,-52.2368668225,1.48619749674
mlp,6.9,12,52092,-0.00101764295521,-0.0010172988913,-0.00104806994356,-0.000985895284784,-8.9145522876,-8.91153828777,-9.1810927056,-8.63644269471,0,-0.00101764295521,-8.9145522876,-53.0110568225,1.48619749674
mlp,7,12,52092,-0.00103250493017,-0.00103216297791,-0.00106295994587,-0.00100064534237,-9.04474318831,-9.04174768653,-9.31152912578,-8.7656531992,0,-0.00103250493017,-9.04474318831,-53.7852468225,1.48619749674
mlp,7.1,12,52092,-0.00104736690514,-0.00104702706453,-0.00107784994817,-0.00101539539996,-9.17493408902,-9.17195708528,-9.44196554596,-8.89486370369,0,-0.00104736690514,-9.17493408902,-54.5594368225,1.48619749674
mlp,7.2,12,52092,-0.00106222888011,-0.00106189115115,-0.00109273995047,-0.00103014545756,-9.30512498974,-9.30216648404,-9.57240196614,-9.02407420818,0,-0.00106222888011,-9.30512498974,-55.3336268225,1.48619749674
mlp,7.3,12,52092,-0.00107709085507,-0.00107675523776,-0.00110762995278,-0.00104489551515,-9.43531589045,-9.4323758828,-9.70283838632,-9.15328471267,0,-0.00107709085507,-9.43531589045,-56.1078168225,1.48619749674
mlp,7.4,12,52092,-0.00109195283004,-0.00109161932438,-0.00112251995508,-0.00105964557274,-9.56550679117,-9.56258528155,-9.8332748065,-9.28249521717,0,-0.00109195283004,-9.56550679117,-56.8820068225,1.48619749674
mlp,7.5,12,52092,-0.00110681480501,-0.00110648341099,-0.00113740995738,-0.00107439563033,-9.69569769188,-9.69279468031,-9.96371122668,-9.41170572166,0,-0.00110681480501,-9.69569769188,-57.6561968225,1.48619749674
mlp,7.6,12,52092,-0.00112167677998,-0.00112134749761,-0.00115229995969,-0.00108914568792,-9.82588859259,-9.82300407906,-10.0941476469,-9.54091622615,0,-0.00112167677998,-9.82588859259,-58.4303868225,1.48619749674
mlp,7.7,12,52092,-0.00113653875494,-0.00113621158423,-0.00116718996199,-0.00110389574551,-9.95607949331,-9.95321347782,-10.224584067,-9.67012673064,0,-0.00113653875494,-9.95607949331,-59.2045768225,1.48619749674
mlp,7.8,12,52092,-0.00115140072991,-0.00115107567084,-0.00118207996429,-0.0011186458031,-10.086270394,-10.0834228766,-10.3550204872,-9.79933723513,0,-0.00115140072991,-10.086270394,-59.9787668225,1.48619749674
mlp,7.9,12,52092,-0.00116626270488,-0.00116593975746,-0.0011969699666,-0.00113339586069,-10.2164612947,-10.2136322753,-10.4854569074,-9.92854773963,0,-0.00116626270488,-10.2164612947,-60.7529568225,1.48619749674
mlp,8,12,52092,-0.00118112467985,-0.00118080384407,-0.0012118599689,-0.00114814591828,-10.3466521955,-10.3438416741,-10.6158933276,-10.0577582441,0,-0.00118112467985,-10.3466521955,-61.5271468225,1.48619749674
mlp,8.1,12,52092,-0.00119598665481,-0.00119566793069,-0.00122674997121,-0.00116289597587,-10.4768430962,-10.4740510728,-10.7463297478,-10.1869687486,0,-0.00119598665481,-10.4768430962,-62.3013368225,1.48619749674
mlp,8.2,12,52092,-0.00121084862978,-0.00121053201731,-0.00124163997351,-0.00117764603346,-10.6070339969,-10.6042604716,-10.8767661679,-10.3161792531,0,-0.00121084862978,-10.6070339969,-63.0755268225,1.48619749674
mlp,8.3,12,52092,-0.00122571060475,-0.00122539610392,-0.00125652997581,-0.00119239609105,-10.7372248976,-10.7344698704,-11.0072025881,-10.4453897576,0,-0.00122571060475,-10.7372248976,-63.8497168225,1.48619749674
mlp,8.4,12,52092,-0.00124057257972,-0.00124026019054,-0.00127141997812,-0.00120714614864,-10.8674157983,-10.8646792691,-11.1376390083,-10.5746002621,0,-0.00124057257972,-10.8674157983,-64.6239068225,1.48619749674
mlp,8.5,12,52092,-0.00125543455468,-0.00125512427715,-0.00128630998042,-0.00122189620623,-10.997606699,-10.9948886679,-11.2680754285,-10.7038107666,0,-0.00125543455468,-10.997606699,-65.3980968225,1.48619749674
mlp,8.6,12,52092,-0.00127029652965,-0.00126998836377,-0.00130119998272,-0.00123664626382,-11.1277975997,-11.1250980666,-11.3985118487,-10.8330212711,0,-0.00127029652965,-11.1277975997,-66.1722868225,1.48619749674
mlp,8.7,12,52092,-0.00128515850462,-0.00128485245039,-0.00131608998503,-0.00125139632141,-11.2579885004,-11.2553074654,-11.5289482688,-10.9622317756,0,-0.00128515850462,-11.2579885004,-66.9464768225,1.48619749674
mlp,8.8,12,52092,-0.00130002047958,-0.001299716537,-0.00133097998733,-0.001266146379,-11.3881794012,-11.3855168641,-11.659384689,-11.0914422801,0,-0.00130002047958,-11.3881794012,-67.7206668225,1.48619749674
mlp,8.9,12,52092,-0.00131488245455,-0.00131458062362,-0.00134586998963,-0.00128089643659,-11.5183703019,-11.5157262629,-11.7898211092,-11.2206527845,0,-0.00131488245455,-11.5183703019,-68.4948568225,1.48619749674
mlp,9,12,52092,-0.00132974442952,-0.00132944471023,-0.00136075999194,-0.00129564649418,-11.6485612026,-11.6459356616,-11.9202575294,-11.349863289,0,-0.00132974442952,-11.6485612026,-69.2690468225,1.48619749674
mlp,9.1,12,52092,-0.00134460640449,-0.00134430879685,-0.00137564999424,-0.00131039655177,-11.7787521033,-11.7761450604,-12.0506939496,-11.4790737935,0,-0.00134460640449,-11.7787521033,-70.0432368225,1.48619749674
mlp,9.2,12,52092,-0.00135946837945,-0.00135917288347,-0.00139053999654,-0.00132514660936,-11.908943004,-11.9063544592,-12.1811303697,-11.608284298,0,-0.00135946837945,-11.908943004,-70.8174268225,1.48619749674
mlp,9.3,12,52092,-0.00137433035442,-0.00137403697008,-0.00140542999885,-0.00133989666695,-12.0391339047,-12.0365638579,-12.3115667899,-11.7374948025,0,-0.00137433035442,-12.0391339047,-71.5916168225,1.48619749674
mlp,9.4,12,52092,-0.00138919232939,-0.0013889010567,-0.00142032000115,-0.00135464672454,-12.1693248054,-12.1667732567,-12.4420032101,-11.866705307,0,-0.00138919232939,-12.1693248054,-72.3658068225,1.48619749674
mlp,9.5,12,52092,-0.00140405430436,-0.00140376514331,-0.00143521000346,-0.00136939678213,-12.2995157062,-12.2969826554,-12.5724396303,-11.9959158115,0,-0.00140405430436,-12.2995157062,-73.1399968225,1.48619749674
mlp,9.6,12,52092,-0.00141891627932,-0.00141862922993,-0.00145010000576,-0.00138414683972,-12.4297066069,-12.4271920542,-12.7028760505,-12.125126316,0,-0.00141891627932,-12.4297066069,-73.9141868225,1.48619749674
mlp,9.7,12,52092,-0.00143377825429,-0.00143349331654,-0.00146499000806,-0.00139889689732,-12.5598975076,-12.5574014529,-12.8333124706,-12.2543368205,0,-0.00143377825429,-12.5598975076,-74.6883768225,1.48619749674
mlp,9.8,12,52092,-0.00144864022926,-0.00144835740316,-0.00147988001037,-0.00141364695491,-12.6900884083,-12.6876108517,-12.9637488908,-12.383547325,0,-0.00144864022926,-12.6900884083,-75.4625668225,1.48619749674
mlp,9.9,12,52092,-0.00146350220423,-0.00146322148978,-0.00149477001267,-0.0014283970125,-12.820279309,-12.8178202504,-13.094185311,-12.5127578295,0,-0.00146350220423,-12.820279309,-76.2367568225,1.48619749674
mlp,10,12,52092,-0.00147836417919,-0.00147808557639,-0.00150966001497,-0.00144314707009,-12.9504702097,-12.9480296492,-13.2246217312,-12.641968334,0,-0.00147836417919,-12.9504702097,-77.0109468225,1.48619749674
momentum_12,0,12,52092,-9.39585686251e-05,-8.93960193436e-05,-0.000128418857414,-6.74723282593e-05,-0.823077061156,-0.78310912945,-1.12494919095,-0.591057595551,0,-9.39585686251e-05,-0.823077061156,-4.89448975682,1.55794075866
momentum_12,0.1,12,52092,-0.000109537976212,-0.000104963284951,-0.00014406329418,-8.30678131706e-05,-0.959552671614,-0.919478376167,-1.26199445701,-0.727674043374,0,-0.000109537976212,-0.959552671614,-5.70605225682,1.55794075866
momentum_12,0.2,12,52092,-0.000125117383798,-0.000120530550558,-0.000159707730945,-9.86632980819e-05,-1.09602828207,-1.05584762288,-1.39903972308,-0.864290491197,0,-0.000125117383798,-1.09602828207,-6.51761475682,1.55794075866
momentum_12,0.3,12,52092,-0.000140696791385,-0.000136097816165,-0.000175352167711,-0.000114258782993,-1.23250389253,-1.1922168696,-1.53608498915,-1.00090693902,0,-0.000140696791385,-1.23250389253,-7.32917725682,1.55794075866
momentum_12,0.4,12,52092,-0.000156276198971,-0.000151665081772,-0.000190996604477,-0.000129854267905,-1.36897950299,-1.32858611632,-1.67313025522,-1.13752338684,0,-0.000156276198971,-1.36897950299,-8.14073975682,1.55794075866
momentum_12,0.5,12,52092,-0.000171855606558,-0.000167232347379,-0.000206641041243,-0.000145449752816,-1.50545511345,-1.46495536304,-1.81017552128,-1.27413983467,0,-0.000171855606558,-1.50545511345,-8.95230225682,1.55794075866
momentum_12,0.6,12,52092,-0.000187435014145,-0.000182799612986,-0.000222285478008,-0.000161045237727,-1.64193072391,-1.60132460975,-1.94722078735,-1.41075628249,0,-0.000187435014145,-1.64193072391,-9.76386475682,1.55794075866
momentum_12,0.7,12,52092,-0.000203014421731,-0.000198366878593,-0.000237929914774,-0.000176640722638,-1.77840633436,-1.73769385647,-2.08426605342,-1.54737273031,0,-0.000203014421731,-1.77840633436,-10.5754272568,1.55794075866
momentum_12,0.8,12,52092,-0.000218593829318,-0.0002139341442,-0.00025357435154,-0.00019223620755,-1.91488194482,-1.87406310319,-2.22131131949,-1.68398917814,0,-0.000218593829318,-1.91488194482,-11.3869897568,1.55794075866
momentum_12,0.9,12,52092,-0.000234173236904,-0.000229501409807,-0.000269218788305,-0.000207831692461,-2.05135755528,-2.01043234991,-2.35835658555,-1.82060562596,0,-0.000234173236904,-2.05135755528,-12.1985522568,1.55794075866
momentum_12,1,12,52092,-0.000249752644491,-0.000245068675414,-0.000284863225071,-0.000223427177372,-2.18783316574,-2.14680159662,-2.49540185162,-1.95722207378,0,-0.000249752644491,-2.18783316574,-13.0101147568,1.55794075866
momentum_12,1.1,12,52092,-0.000265332052077,-0.000260635941021,-0.000300507661837,-0.000239022662284,-2.3243087762,-2.28317084334,-2.63244711769,-2.0938385216,0,-0.000265332052077,-2.3243087762,-13.8216772568,1.55794075866
momentum_12,1.2,12,52092,-0.000280911459664,-0.000276203206628,-0.000316152098602,-0.000254618147195,-2.46078438666,-2.41954009006,-2.76949238376,-2.23045496943,0,-0.000280911459664,-2.46078438666,-14.6332397568,1.55794075866
momentum_12,1.3,12,52092,-0.00029649086725,-0.000291770472235,-0.000331796535368,-0.000270213632106,-2.59725999711,-2.55590933678,-2.90653764982,-2.36707141725,0,-0.00029649086725,-2.59725999711,-15.4448022568,1.55794075866
momentum_12,1.4,12,52092,-0.000312070274837,-0.000307337737842,-0.000347440972134,-0.000285809117018,-2.73373560757,-2.69227858349,-3.04358291589,-2.50368786507,0,-0.000312070274837,-2.73373560757,-16.2563647568,1.55794075866
momentum_12,1.5,12,52092,-0.000327649682424,-0.000322905003449,-0.0003630854089,-0.000301404601929,-2.87021121803,-2.82864783021,-3.18062818196,-2.6403043129,0,-0.000327649682424,-2.87021121803,-17.0679272568,1.55794075866
momentum_12,1.6,12,52092,-0.00034322909001,-0.000338472269056,-0.000378729845665,-0.00031700008684,-3.00668682849,-2.96501707693,-3.31767344803,-2.77692076072,0,-0.00034322909001,-3.00668682849,-17.8794897568,1.55794075866
momentum_12,1.7,12,52092,-0.000358808497597,-0.000354039534663,-0.000394374282431,-0.000332595571751,-3.14316243895,-3.10138632364,-3.45471871409,-2.91353720854,0,-0.000358808497597,-3.14316243895,-18.6910522568,1.55794075866
momentum_12,1.8,12,52092,-0.000374387905183,-0.00036960680027,-0.000410018719197,-0.000348191056663,-3.27963804941,-3.23775557036,-3.59176398016,-3.05015365637,0,-0.000374387905183,-3.27963804941,-19.5026147568,1.55794075866
momentum_12,1.9,12,52092,-0.00038996731277,-0.000385174065877,-0.000425663155962,-0.000363786541574,-3.41611365986,-3.37412481708,-3.72880924623,-3.18677010419,0,-0.00038996731277,-3.41611365986,-20.3141772568,1.55794075866
momentum_12,2,12,52092,-0.000405546720356,-0.000400741331484,-0.000441307592728,-0.000379382026485,-3.55258927032,-3.5104940638,-3.8658545123,-3.32338655201,0,-0.000405546720356,-3.55258927032,-21.1257397568,1.55794075866
momentum_12,2.1,12,52092,-0.000421126127943,-0.000416308597091,-0.000456952029494,-0.000394977511397,-3.68906488078,-3.64686331051,-4.00289977836,-3.46000299983,0,-0.000421126127943,-3.68906488078,-21.9373022568,1.55794075866
momentum_12,2.2,12,52092,-0.00043670553553,-0.000431875862698,-0.000472596466259,-0.000410572996308,-3.82554049124,-3.78323255723,-4.13994504443,-3.59661944766,0,-0.00043670553553,-3.82554049124,-22.7488647568,1.55794075866
momentum_12,2.3,12,52092,-0.000452284943116,-0.000447443128305,-0.000488240903025,-0.000426168481219,-3.9620161017,-3.91960180395,-4.2769903105,-3.73323589548,0,-0.000452284943116,-3.9620161017,-23.5604272568,1.55794075866
momentum_12,2.4,12,52092,-0.000467864350703,-0.000463010393912,-0.000503885339791,-0.000441763966131,-4.09849171216,-4.05597105067,-4.41403557657,-3.8698523433,0,-0.000467864350703,-4.09849171216,-24.3719897568,1.55794075866
momentum_12,2.5,12,52092,-0.000483443758289,-0.000478577659519,-0.000519529776557,-0.000457359451042,-4.23496732261,-4.19234029738,-4.55108084263,-4.00646879113,0,-0.000483443758289,-4.23496732261,-25.1835522568,1.55794075866
momentum_12,2.6,12,52092,-0.000499023165876,-0.000494144925126,-0.000535174213322,-0.000472954935953,-4.37144293307,-4.3287095441,-4.6881261087,-4.14308523895,0,-0.000499023165876,-4.37144293307,-25.9951147568,1.55794075866
momentum_12,2.7,12,52092,-0.000514602573462,-0.000509712190733,-0.000550818650088,-0.000488550420864,-4.50791854353,-4.46507879082,-4.82517137477,-4.27970168677,0,-0.000514602573462,-4.50791854353,-26.8066772568,1.55794075866
momentum_12,2.8,12,52092,-0.000530181981049,-0.00052527945634,-0.000566463086854,-0.000504145905776,-4.64439415399,-4.60144803753,-4.96221664084,-4.4163181346,0,-0.000530181981049,-4.64439415399,-27.6182397568,1.55794075866
momentum_12,2.9,12,52092,-0.000545761388636,-0.000540846721947,-0.000582107523619,-0.000519741390687,-4.78086976445,-4.73781728425,-5.09926190691,-4.55293458242,0,-0.000545761388636,-4.78086976445,-28.4298022568,1.55794075866
momentum_12,3,12,52092,-0.000561340796222,-0.000556413987554,-0.000597751960385,-0.000535336875598,-4.91734537491,-4.87418653097,-5.23630717297,-4.68955103024,0,-0.000561340796222,-4.91734537491,-29.2413647568,1.55794075866
momentum_12,3.1,12,52092,-0.000576920203809,-0.000571981253161,-0.000613396397151,-0.00055093236051,-5.05382098536,-5.01055577769,-5.37335243904,-4.82616747806,0,-0.000576920203809,-5.05382098536,-30.0529272568,1.55794075866
momentum_12,3.2,12,52092,-0.000592499611395,-0.000587548518768,-0.000629040833916,-0.000566527845421,-5.19029659582,-5.1469250244,-5.51039770511,-4.96278392589,0,-0.000592499611395,-5.19029659582,-30.8644897568,1.55794075866
momentum_12,3.3,12,52092,-0.000608079018982,-0.000603115784375,-0.000644685270682,-0.000582123330332,-5.32677220628,-5.28329427112,-5.64744297118,-5.09940037371,0,-0.000608079018982,-5.32677220628,-31.6760522568,1.55794075866
momentum_12,3.4,12,52092,-0.000623658426568,-0.000618683049982,-0.000660329707448,-0.000597718815244,-5.46324781674,-5.41966351784,-5.78448823724,-5.23601682153,0,-0.000623658426568,-5.46324781674,-32.4876147568,1.55794075866
momentum_12,3.5,12,52092,-0.000639237834155,-0.000634250315589,-0.000675974144213,-0.000613314300155,-5.5997234272,-5.55603276456,-5.92153350331,-5.37263326936,0,-0.000639237834155,-5.5997234272,-33.2991772568,1.55794075866
momentum_12,3.6,12,52092,-0.000654817241742,-0.000649817581196,-0.000691618580979,-0.000628909785066,-5.73619903766,-5.69240201127,-6.05857876938,-5.50924971718,0,-0.000654817241742,-5.73619903766,-34.1107397568,1.55794075866
momentum_12,3.7,12,52092,-0.000670396649328,-0.000665384846803,-0.000707263017745,-0.000644505269977,-5.87267464811,-5.82877125799,-6.19562403545,-5.645866165,0,-0.000670396649328,-5.87267464811,-34.9223022568,1.55794075866
momentum_12,3.8,12,52092,-0.000685976056915,-0.00068095211241,-0.000722907454511,-0.000660100754889,-6.00915025857,-5.96514050471,-6.33266930151,-5.78248261283,0,-0.000685976056915,-6.00915025857,-35.7338647568,1.55794075866
momentum_12,3.9,12,52092,-0.000701555464501,-0.000696519378017,-0.000738551891276,-0.0006756962398,-6.14562586903,-6.10150975143,-6.46971456758,-5.91909906065,0,-0.000701555464501,-6.14562586903,-36.5454272568,1.55794075866
momentum_12,4,12,52092,-0.000717134872088,-0.000712086643624,-0.000754196328042,-0.000691291724711,-6.28210147949,-6.23787899814,-6.60675983365,-6.05571550847,0,-0.000717134872088,-6.28210147949,-37.3569897568,1.55794075866
momentum_12,4.1,12,52092,-0.000732714279674,-0.000727653909231,-0.000769840764808,-0.000706887209623,-6.41857708995,-6.37424824486,-6.74380509972,-6.19233195629,0,-0.000732714279674,-6.41857708995,-38.1685522568,1.55794075866
momentum_12,4.2,12,52092,-0.000748293687261,-0.000743221174838,-0.000785485201573,-0.000722482694534,-6.55505270041,-6.51061749158,-6.88085036578,-6.32894840412,0,-0.000748293687261,-6.55505270041,-38.9801147568,1.55794075866
momentum_12,4.3,12,52092,-0.000763873094847,-0.000758788440445,-0.000801129638339,-0.000738078179445,-6.69152831086,-6.64698673829,-7.01789563185,-6.46556485194,0,-0.000763873094847,-6.69152831086,-39.7916772568,1.55794075866
momentum_12,4.4,12,52092,-0.000779452502434,-0.000774355706052,-0.000816774075105,-0.000753673664356,-6.82800392132,-6.78335598501,-7.15494089792,-6.60218129976,0,-0.000779452502434,-6.82800392132,-40.6032397568,1.55794075866
momentum_12,4.5,12,52092,-0.000795031910021,-0.000789922971659,-0.000832418511871,-0.000769269149268,-6.96447953178,-6.91972523173,-7.29198616399,-6.73879774759,0,-0.000795031910021,-6.96447953178,-41.4148022568,1.55794075866
momentum_12,4.6,12,52092,-0.000810611317607,-0.000805490237266,-0.000848062948636,-0.000784864634179,-7.10095514224,-7.05609447845,-7.42903143005,-6.87541419541,0,-0.000810611317607,-7.10095514224,-42.2263647568,1.55794075866
momentum_12,4.7,12,52092,-0.000826190725194,-0.000821057502873,-0.000863707385402,-0.00080046011909,-7.2374307527,-7.19246372516,-7.56607669612,-7.01203064323,0,-0.000826190725194,-7.2374307527,-43.0379272568,1.55794075866
momentum_12,4.8,12,52092,-0.00084177013278,-0.00083662476848,-0.000879351822168,-0.000816055604002,-7.37390636316,-7.32883297188,-7.70312196219,-7.14864709105,0,-0.00084177013278,-7.37390636316,-43.8494897568,1.55794075866
momentum_12,4.9,12,52092,-0.000857349540367,-0.000852192034087,-0.000894996258933,-0.000831651088913,-7.51038197361,-7.4652022186,-7.84016722826,-7.28526353888,0,-0.000857349540367,-7.51038197361,-44.6610522568,1.55794075866
momentum_12,5,12,52092,-0.000872928947953,-0.000867759299694,-0.000910640695699,-0.000847246573824,-7.64685758407,-7.60157146532,-7.97721249432,-7.4218799867,0,-0.000872928947953,-7.64685758407,-45.4726147568,1.55794075866
momentum_12,5.1,12,52092,-0.00088850835554,-0.000883326565301,-0.000926285132465,-0.000862842058736,-7.78333319453,-7.73794071203,-8.11425776039,-7.55849643452,0,-0.00088850835554,-7.78333319453,-46.2841772568,1.55794075866
momentum_12,5.2,12,52092,-0.000904087763127,-0.000898893830908,-0.00094192956923,-0.000878437543647,-7.91980880499,-7.87430995875,-8.25130302646,-7.69511288235,0,-0.000904087763127,-7.91980880499,-47.0957397568,1.55794075866
momentum_12,5.3,12,52092,-0.000919667170713,-0.000914461096515,-0.000957574005996,-0.000894033028558,-8.05628441545,-8.01067920547,-8.38834829253,-7.83172933017,0,-0.000919667170713,-8.05628441545,-47.9073022568,1.55794075866
momentum_12,5.4,12,52092,-0.0009352465783,-0.000930028362122,-0.000973218442762,-0.000909628513469,-8.19276002591,-8.14704845219,-8.52539355859,-7.96834577799,0,-0.0009352465783,-8.19276002591,-48.7188647568,1.55794075866
momentum_12,5.5,12,52092,-0.000950825985886,-0.000945595627729,-0.000988862879528,-0.000925223998381,-8.32923563636,-8.2834176989,-8.66243882466,-8.10496222582,0,-0.000950825985886,-8.32923563636,-49.5304272568,1.55794075866
momentum_12,5.6,12,52092,-0.000966405393473,-0.000961162893336,-0.00100450731629,-0.000940819483292,-8.46571124682,-8.41978694562,-8.79948409073,-8.24157867364,0,-0.000966405393473,-8.46571124682,-50.3419897568,1.55794075866
momentum_12,5.7,12,52092,-0.000981984801059,-0.000976730158943,-0.00102015175306,-0.000956414968203,-8.60218685728,-8.55615619234,-8.9365293568,-8.37819512146,0,-0.000981984801059,-8.60218685728,-51.1535522568,1.55794075866
momentum_12,5.8,12,52092,-0.000997564208646,-0.00099229742455,-0.00103579618982,-0.000972010453115,-8.73866246774,-8.69252543905,-9.07357462286,-8.51481156928,0,-0.000997564208646,-8.73866246774,-51.9651147568,1.55794075866
momentum_12,5.9,12,52092,-0.00101314361623,-0.00100786469016,-0.00105144062659,-0.000987605938026,-8.8751380782,-8.82889468577,-9.21061988893,-8.65142801711,0,-0.00101314361623,-8.8751380782,-52.7766772568,1.55794075866
momentum_12,6,12,52092,-0.00102872302382,-0.00102343195576,-0.00106708506336,-0.00100320142294,-9.01161368866,-8.96526393249,-9.347665155,-8.78804446493,0,-0.00102872302382,-9.01161368866,-53.5882397568,1.55794075866
momentum_12,6.1,12,52092,-0.00104430243141,-0.00103899922137,-0.00108272950012,-0.00101879690785,-9.14808929911,-9.10163317921,-9.48471042107,-8.92466091275,0,-0.00104430243141,-9.14808929911,-54.3998022568,1.55794075866
momentum_12,6.2,12,52092,-0.00105988183899,-0.00105456648698,-0.00109837393689,-0.00103439239276,-9.28456490957,-9.23800242592,-9.62175568713,-9.06127736058,0,-0.00105988183899,-9.28456490957,-55.2113647568,1.55794075866
momentum_12,6.3,12,52092,-0.00107546124658,-0.00107013375258,-0.00111401837365,-0.00104998787767,-9.42104052003,-9.37437167264,-9.7588009532,-9.1978938084,0,-0.00107546124658,-9.42104052003,-56.0229272568,1.55794075866
momentum_12,6.4,12,52092,-0.00109104065417,-0.00108570101819,-0.00112966281042,-0.00106558336258,-9.55751613049,-9.51074091936,-9.89584621927,-9.33451025622,0,-0.00109104065417,-9.55751613049,-56.8344897568,1.55794075866
momentum_12,6.5,12,52092,-0.00110662006175,-0.0011012682838,-0.00114530724718,-0.00108117884749,-9.69399174095,-9.64711016608,-10.0328914853,-9.47112670405,0,-0.00110662006175,-9.69399174095,-57.6460522568,1.55794075866
momentum_12,6.6,12,52092,-0.00112219946934,-0.00111683554941,-0.00116095168395,-0.00109677433241,-9.83046735141,-9.78347941279,-10.1699367514,-9.60774315187,0,-0.00112219946934,-9.83046735141,-58.4576147568,1.55794075866
momentum_12,6.7,12,52092,-0.00113777887693,-0.00113240281501,-0.00117659612072,-0.00111236981732,-9.96694296186,-9.91984865951,-10.3069820175,-9.74435959969,0,-0.00113777887693,-9.96694296186,-59.2691772568,1.55794075866
momentum_12,6.8,12,52092,-0.00115335828451,-0.00114797008062,-0.00119224055748,-0.00112796530223,-10.1034185723,-10.0562179062,-10.4440272835,-9.88097604751,0,-0.00115335828451,-10.1034185723,-60.0807397568,1.55794075866
momentum_12,6.9,12,52092,-0.0011689376921,-0.00116353734623,-0.00120788499425,-0.00114356078714,-10.2398941828,-10.1925871529,-10.5810725496,-10.0175924953,0,-0.0011689376921,-10.2398941828,-60.8923022568,1.55794075866
momentum_12,7,12,52092,-0.00118451709968,-0.00117910461183,-0.00122352943101,-0.00115915627205,-10.3763697932,-10.3289563997,-10.7181178157,-10.1542089432,0,-0.00118451709968,-10.3763697932,-61.7038647568,1.55794075866
momentum_12,7.1,12,52092,-0.00120009650727,-0.00119467187744,-0.00123917386778,-0.00117475175696,-10.5128454037,-10.4653256464,-10.8551630817,-10.290825391,0,-0.00120009650727,-10.5128454037,-62.5154272568,1.55794075866
momentum_12,7.2,12,52092,-0.00121567591486,-0.00121023914305,-0.00125481830454,-0.00119034724187,-10.6493210142,-10.6016948931,-10.9922083478,-10.4274418388,0,-0.00121567591486,-10.6493210142,-63.3269897568,1.55794075866
momentum_12,7.3,12,52092,-0.00123125532244,-0.00122580640865,-0.00127046274131,-0.00120594272678,-10.7857966246,-10.7380641398,-11.1292536139,-10.5640582866,0,-0.00123125532244,-10.7857966246,-64.1385522568,1.55794075866
momentum_12,7.4,12,52092,-0.00124683473003,-0.00124137367426,-0.00128610717808,-0.0012215382117,-10.9222722351,-10.8744333865,-11.2662988799,-10.7006747345,0,-0.00124683473003,-10.9222722351,-64.9501147568,1.55794075866
momentum_12,7.5,12,52092,-0.00126241413762,-0.00125694093987,-0.00130175161484,-0.00123713369661,-11.0587478455,-11.0108026332,-11.403344146,-10.8372911823,0,-0.00126241413762,-11.0587478455,-65.7616772568,1.55794075866
momentum_12,7.6,12,52092,-0.0012779935452,-0.00127250820548,-0.00131739605161,-0.00125272918152,-11.195223456,-11.14717188,-11.5403894121,-10.9739076301,0,-0.0012779935452,-11.195223456,-66.5732397568,1.55794075866
momentum_12,7.7,12,52092,-0.00129357295279,-0.00128807547108,-0.00133304048837,-0.00126832466643,-11.3316990664,-11.2835411267,-11.6774346781,-11.1105240779,0,-0.00129357295279,-11.3316990664,-67.3848022568,1.55794075866
momentum_12,7.8,12,52092,-0.00130915236038,-0.00130364273669,-0.00134868492514,-0.00128392015134,-11.4681746769,-11.4199103734,-11.8144799442,-11.2471405257,0,-0.00130915236038,-11.4681746769,-68.1963647568,1.55794075866
momentum_12,7.9,12,52092,-0.00132473176796,-0.0013192100023,-0.0013643293619,-0.00129951563625,-11.6046502874,-11.5562796201,-11.9515252103,-11.3837569736,0,-0.00132473176796,-11.6046502874,-69.0079272568,1.55794075866
momentum_12,8,12,52092,-0.00134031117555,-0.0013347772679,-0.00137997379867,-0.00131511112116,-11.7411258978,-11.6926488668,-12.0885704763,-11.5203734214,0,-0.00134031117555,-11.7411258978,-69.8194897568,1.55794075866
momentum_12,8.1,12,52092,-0.00135589058314,-0.00135034453351,-0.00139561823544,-0.00133070660607,-11.8776015083,-11.8290181136,-12.2256157424,-11.6569898692,0,-0.00135589058314,-11.8776015083,-70.6310522568,1.55794075866
momentum_12,8.2,12,52092,-0.00137146999072,-0.00136591179912,-0.0014112626722,-0.00134630209099,-12.0140771187,-11.9653873603,-12.3626610085,-11.793606317,0,-0.00137146999072,-12.0140771187,-71.4426147568,1.55794075866
momentum_12,8.3,12,52092,-0.00138704939831,-0.00138147906472,-0.00142690710897,-0.0013618975759,-12.1505527292,-12.101756607,-12.4997062746,-11.9302227649,0,-0.00138704939831,-12.1505527292,-72.2541772568,1.55794075866
momentum_12,8.4,12,52092,-0.0014026288059,-0.00139704633033,-0.00144255154573,-0.00137749306081,-12.2870283397,-12.2381258537,-12.6367515406,-12.0668392127,0,-0.0014026288059,-12.2870283397,-73.0657397568,1.55794075866
momentum_12,8.5,12,52092,-0.00141820821348,-0.00141261359594,-0.0014581959825,-0.00139308854572,-12.4235039501,-12.3744951004,-12.7737968067,-12.2034556605,0,-0.00141820821348,-12.4235039501,-73.8773022568,1.55794075866
momentum_12,8.6,12,52092,-0.00143378762107,-0.00142818086155,-0.00147384041926,-0.00140868403063,-12.5599795606,-12.5108643471,-12.9108420728,-12.3400721083,0,-0.00143378762107,-12.5599795606,-74.6888647568,1.55794075866
momentum_12,8.7,12,52092,-0.00144936702866,-0.00144374812715,-0.00148948485603,-0.00142427951554,-12.696455171,-12.6472335939,-13.0478873388,-12.4766885562,0,-0.00144936702866,-12.696455171,-75.5004272568,1.55794075866
momentum_12,8.8,12,52092,-0.00146494643624,-0.00145931539276,-0.0015051292928,-0.00143987500045,-12.8329307815,-12.7836028406,-13.1849326049,-12.613305004,0,-0.00146494643624,-12.8329307815,-76.3119897568,1.55794075866
momentum_12,8.9,12,52092,-0.00148052584383,-0.00147488265837,-0.00152077372956,-0.00145547048537,-12.9694063919,-12.9199720873,-13.321977871,-12.7499214518,0,-0.00148052584383,-12.9694063919,-77.1235522568,1.55794075866
momentum_12,9,12,52092,-0.00149610525142,-0.00149044992397,-0.00153641816633,-0.00147106597028,-13.1058820024,-13.056341334,-13.459023137,-12.8865378996,0,-0.00149610525142,-13.1058820024,-77.9351147568,1.55794075866
momentum_12,9.1,12,52092,-0.001511684659,-0.00150601718958,-0.00155206260309,-0.00148666145519,-13.2423576129,-13.1927105807,-13.5960684031,-13.0231543474,0,-0.001511684659,-13.2423576129,-78.7466772568,1.55794075866
momentum_12,9.2,12,52092,-0.00152726406659,-0.00152158445519,-0.00156770703986,-0.0015022569401,-13.3788332233,-13.3290798274,-13.7331136692,-13.1597707953,0,-0.00152726406659,-13.3788332233,-79.5582397568,1.55794075866
momentum_12,9.3,12,52092,-0.00154284347418,-0.00153715172079,-0.00158335147662,-0.00151785242501,-13.5153088338,-13.4654490742,-13.8701589352,-13.2963872431,0,-0.00154284347418,-13.5153088338,-80.3698022568,1.55794075866
momentum_12,9.4,12,52092,-0.00155842288176,-0.0015527189864,-0.00159899591339,-0.00153344790992,-13.6517844442,-13.6018183209,-14.0072042013,-13.4330036909,0,-0.00155842288176,-13.6517844442,-81.1813647568,1.55794075866
momentum_12,9.5,12,52092,-0.00157400228935,-0.00156828625201,-0.00161464035016,-0.00154904339483,-13.7882600547,-13.7381875676,-14.1442494674,-13.5696201387,0,-0.00157400228935,-13.7882600547,-81.9929272568,1.55794075866
momentum_12,9.6,12,52092,-0.00158958169694,-0.00158385351762,-0.00163028478692,-0.00156463887974,-13.9247356652,-13.8745568143,-14.2812947334,-13.7062365866,0,-0.00158958169694,-13.9247356652,-82.8044897568,1.55794075866
momentum_12,9.7,12,52092,-0.00160516110452,-0.00159942078322,-0.00164592922369,-0.00158023436466,-14.0612112756,-14.010926061,-14.4183399995,-13.8428530344,0,-0.00160516110452,-14.0612112756,-83.6160522568,1.55794075866
momentum_12,9.8,12,52092,-0.00162074051211,-0.00161498804883,-0.00166157366045,-0.00159582984957,-14.1976868861,-14.1472953077,-14.5553852656,-13.9794694822,0,-0.00162074051211,-14.1976868861,-84.4276147568,1.55794075866
momentum_12,9.9,12,52092,-0.0016363199197,-0.00163055531444,-0.00167721809722,-0.00161142533448,-14.3341624965,-14.2836645545,-14.6924305316,-14.11608593,0,-0.0016363199197,-14.3341624965,-85.2391772568,1.55794075866
momentum_12,10,12,52092,-0.00165189932728,-0.00164612258004,-0.00169286253398,-0.00162702081939,-14.470638107,-14.4200338012,-14.8294757977,-14.2527023779,0,-0.00165189932728,-14.470638107,-86.0507397568,1.55794075866
reversal_12,0,12,52092,9.38107058429e-05,8.89011566866e-05,6.65883223191e-05,0.000127242392218,0.821781783184,0.778774132575,0.583313703515,1.11464335583,1,9.38107058429e-05,0.821781783184,4.88678728877,1.55781597942
reversal_12,0.1,12,52092,7.82325460487e-05,7.33367706005e-05,5.09916855995e-05,0.000111596803644,0.685317103387,0.64243011046,0.446687165852,0.977587999921,1,7.82325460487e-05,0.685317103387,4.07528978877,1.55781597942
reversal_12,0.2,12,52092,6.26543862545e-05,5.77723845143e-05,3.53950488799e-05,9.59512150698e-05,0.54885242359,0.506086088345,0.310060628188,0.840532644011,1,6.26543862545e-05,0.54885242359,3.26379228877,1.55781597942
reversal_12,0.3,12,52092,4.70762264603e-05,4.22079984281e-05,1.97984121603e-05,8.03056264957e-05,0.412387743792,0.369742066231,0.173434090524,0.703477288102,1,4.70762264603e-05,0.412387743792,2.45229478877,1.55781597942
reversal_12,0.4,12,52092,3.14980666661e-05,2.6643612342e-05,4.2017754407e-06,6.46600379216e-05,0.275923063995,0.233398044116,0.0368075528605,0.566421932193,1,3.14980666661e-05,0.275923063995,1.64079728877,1.55781597942
reversal_12,0.5,12,52092,1.59199068719e-05,1.10792262558e-05,-1.13948612789e-05,4.90144493475e-05,0.139458384198,0.0970540220012,-0.0998189848032,0.429366576284,0.833333333333,1.59199068719e-05,0.139458384198,0.829299788772,1.55781597942
reversal_12,0.6,12,52092,3.41747077725e-07,-4.4851598303e-06,-2.69914979985e-05,3.33688607734e-05,0.00299370440087,-0.0392900001134,-0.236445522467,0.292311220375,0.333333333333,3.41747077725e-07,0.00299370440087,0.0178022887729,1.55781597942
reversal_12,0.7,12,52092,-1.52364127165e-05,-2.00495459165e-05,-4.25881347181e-05,1.77232721993e-05,-0.133470975396,-0.175634022228,-0.373072060131,0.155255864466,0.166666666667,-1.52364127165e-05,-0.133470975396,-0.793695211227,1.55781597942
reversal_12,0.8,12,52092,-3.08145725107e-05,-3.56139320026e-05,-5.81847714377e-05,2.0776836252e-06,-0.269935655194,-0.311978044343,-0.509698597794,0.0182005085568,0.0833333333333,-3.08145725107e-05,-0.269935655194,-1.60519271123,1.55781597942
reversal_12,0.9,12,52092,-4.63927323049e-05,-5.11783180887e-05,-7.37814081573e-05,-1.35679049489e-05,-0.406400334991,-0.448322066457,-0.646325135458,-0.118854847352,0,-4.63927323049e-05,-0.406400334991,-2.41669021123,1.55781597942
reversal_12,1,12,52092,-6.19708920991e-05,-6.67427041749e-05,-8.93780448769e-05,-2.9213493523e-05,-0.542865014788,-0.584666088572,-0.782951673122,-0.255910203261,0,-6.19708920991e-05,-0.542865014788,-3.22818771123,1.55781597942
reversal_12,1.1,12,52092,-7.75490518933e-05,-8.23070902611e-05,-0.000104974681597,-4.48590820971e-05,-0.679329694585,-0.721010110687,-0.919578210785,-0.392965559171,0,-7.75490518933e-05,-0.679329694585,-4.03968521122,1.55781597942
reversal_12,1.2,12,52092,-9.31272116875e-05,-9.78714763472e-05,-0.000120571318316,-6.05046706712e-05,-0.815794374382,-0.857354132801,-1.05620474845,-0.53002091508,0,-9.31272116875e-05,-0.815794374382,-4.85118271122,1.55781597942
reversal_12,1.3,12,52092,-0.000108705371482,-0.000113435862433,-0.000136167955036,-7.61502592453e-05,-0.952259054179,-0.993698154916,-1.19283128611,-0.667076270989,0,-0.000108705371482,-0.952259054179,-5.66268021122,1.55781597942
reversal_12,1.4,12,52092,-0.000124283531276,-0.00012900024852,-0.000151764591755,-9.17958478194e-05,-1.08872373398,-1.13004217703,-1.32945782378,-0.804131626898,0,-0.000124283531276,-1.08872373398,-6.47417771122,1.55781597942
reversal_12,1.5,12,52092,-0.00013986169107,-0.000144564634606,-0.000167361228475,-0.000107441436394,-1.22518841377,-1.26638619915,-1.46608436144,-0.941186982807,0,-0.00013986169107,-1.22518841377,-7.28567521122,1.55781597942
reversal_12,1.6,12,52092,-0.000155439850864,-0.000160129020692,-0.000182957865195,-0.000123087024968,-1.36165309357,-1.40273022126,-1.6027108991,-1.07824233872,0,-0.000155439850864,-1.36165309357,-8.09717271122,1.55781597942
reversal_12,1.7,12,52092,-0.000171018010658,-0.000175693406778,-0.000198554501914,-0.000138732613542,-1.49811777337,-1.53907424337,-1.73933743677,-1.21529769463,0,-0.000171018010658,-1.49811777337,-8.90867021122,1.55781597942
reversal_12,1.8,12,52092,-0.000186596170453,-0.000191257792864,-0.000214151138634,-0.000154378202116,-1.63458245317,-1.67541826549,-1.87596397443,-1.35235305053,0,-0.000186596170453,-1.63458245317,-9.72016771122,1.55781597942
reversal_12,1.9,12,52092,-0.000202174330247,-0.00020682217895,-0.000229747775353,-0.00017002379069,-1.77104713296,-1.8117622876,-2.01259051209,-1.48940840644,0,-0.000202174330247,-1.77104713296,-10.5316652112,1.55781597942
reversal_12,2,12,52092,-0.000217752490041,-0.000222386565036,-0.000245344412073,-0.000185669379264,-1.90751181276,-1.94810630972,-2.14921704976,-1.62646376235,0,-0.000217752490041,-1.90751181276,-11.3431627112,1.55781597942
reversal_12,2.1,12,52092,-0.000233330649835,-0.000237950951123,-0.000260941048792,-0.000201314967838,-2.04397649256,-2.08445033183,-2.28584358742,-1.76351911826,0,-0.000233330649835,-2.04397649256,-12.1546602112,1.55781597942
reversal_12,2.2,12,52092,-0.000248908809629,-0.000253515337209,-0.000276537685512,-0.000216960556412,-2.18044117235,-2.22079435395,-2.42247012509,-1.90057447417,0,-0.000248908809629,-2.18044117235,-12.9661577112,1.55781597942
reversal_12,2.3,12,52092,-0.000264486969424,-0.000269079723295,-0.000292134322232,-0.000232606144986,-2.31690585215,-2.35713837606,-2.55909666275,-2.03762983008,0,-0.000264486969424,-2.31690585215,-13.7776552112,1.55781597942
reversal_12,2.4,12,52092,-0.000280065129218,-0.000284644109381,-0.000307730958951,-0.00024825173356,-2.45337053195,-2.49348239818,-2.69572320041,-2.17468518599,0,-0.000280065129218,-2.45337053195,-14.5891527112,1.55781597942
reversal_12,2.5,12,52092,-0.000295643289012,-0.000300208495467,-0.000323327595671,-0.000263897322134,-2.58983521175,-2.62982642029,-2.83234973808,-2.3117405419,0,-0.000295643289012,-2.58983521175,-15.4006502112,1.55781597942
reversal_12,2.6,12,52092,-0.000311221448806,-0.000315772881553,-0.000338924232391,-0.000279542910709,-2.72629989154,-2.76617044241,-2.96897627574,-2.44879589781,0,-0.000311221448806,-2.72629989154,-16.2121477112,1.55781597942
reversal_12,2.7,12,52092,-0.0003267996086,-0.000331337267639,-0.00035452086911,-0.000295188499283,-2.86276457134,-2.90251446452,-3.1056028134,-2.58585125372,0,-0.0003267996086,-2.86276457134,-17.0236452112,1.55781597942
reversal_12,2.8,12,52092,-0.000342377768395,-0.000346877907716,-0.00037011750583,-0.000310834087857,-2.99922925114,-3.03865047159,-3.24222935107,-2.72290660963,0,-0.000342377768395,-2.99922925114,-17.8351427112,1.55781597942
reversal_12,2.9,12,52092,-0.000357955928189,-0.000362418105827,-0.000385714142549,-0.000326479676431,-3.13569393093,-3.17478260704,-3.37885588873,-2.85996196553,0,-0.000357955928189,-3.13569393093,-18.6466402112,1.55781597942
reversal_12,3,12,52092,-0.000373534087983,-0.000377958303938,-0.000401310779269,-0.000342125265005,-3.27215861073,-3.31091474249,-3.5154824264,-2.99701732144,0,-0.000373534087983,-3.27215861073,-19.4581377112,1.55781597942
reversal_12,3.1,12,52092,-0.000389112247777,-0.000393498502049,-0.000416907415989,-0.000357770853579,-3.40862329053,-3.44704687795,-3.65210896406,-3.13407267735,0,-0.000389112247777,-3.40862329053,-20.2696352112,1.55781597942
reversal_12,3.2,12,52092,-0.000404690407571,-0.00040903870016,-0.000432504052708,-0.000373416442153,-3.54508797033,-3.5831790134,-3.78873550172,-3.27112803326,0,-0.000404690407571,-3.54508797033,-21.0811327112,1.55781597942
reversal_12,3.3,12,52092,-0.000420268567366,-0.000424578898271,-0.000448100689428,-0.000389062030727,-3.68155265012,-3.71931114885,-3.92536203939,-3.40818338917,0,-0.000420268567366,-3.68155265012,-21.8926302112,1.55781597942
reversal_12,3.4,12,52092,-0.00043584672716,-0.000440119096382,-0.000463697326147,-0.000404707619301,-3.81801732992,-3.8554432843,-4.06198857705,-3.54523874508,0,-0.00043584672716,-3.81801732992,-22.7041277112,1.55781597942
reversal_12,3.5,12,52092,-0.000451424886954,-0.000455659294493,-0.000479293962867,-0.000420353207875,-3.95448200972,-3.99157541976,-4.19861511471,-3.68229410099,0,-0.000451424886954,-3.95448200972,-23.5156252112,1.55781597942
reversal_12,3.6,12,52092,-0.000467003046748,-0.000471199492604,-0.000494890599587,-0.00043599879645,-4.09094668951,-4.12770755521,-4.33524165238,-3.8193494569,0,-0.000467003046748,-4.09094668951,-24.3271227112,1.55781597942
reversal_12,3.7,12,52092,-0.000482581206542,-0.000486739690715,-0.000510487236306,-0.000451644385024,-4.22741136931,-4.26383969066,-4.47186819004,-3.95640481281,0,-0.000482581206542,-4.22741136931,-25.1386202112,1.55781597942
reversal_12,3.8,12,52092,-0.000498159366337,-0.000502279888826,-0.000526083873026,-0.000467289973598,-4.36387604911,-4.39997182611,-4.60849472771,-4.09346016872,0,-0.000498159366337,-4.36387604911,-25.9501177112,1.55781597942
reversal_12,3.9,12,52092,-0.000513737526131,-0.000517820086937,-0.000541680509745,-0.000482935562172,-4.50034072891,-4.53610396157,-4.74512126537,-4.23051552463,0,-0.000513737526131,-4.50034072891,-26.7616152112,1.55781597942
reversal_12,4,12,52092,-0.000529315685925,-0.000533360285048,-0.000557277146465,-0.000498581150746,-4.6368054087,-4.67223609702,-4.88174780303,-4.36757088053,0,-0.000529315685925,-4.6368054087,-27.5731127112,1.55781597942
reversal_12,4.1,12,52092,-0.000544893845719,-0.000548900483159,-0.000572873783185,-0.00051422673932,-4.7732700885,-4.80836823247,-5.0183743407,-4.50462623644,0,-0.000544893845719,-4.7732700885,-28.3846102112,1.55781597942
reversal_12,4.2,12,52092,-0.000560472005513,-0.00056444068127,-0.000588470419904,-0.000529872327894,-4.9097347683,-4.94450036792,-5.15500087836,-4.64168159235,0,-0.000560472005513,-4.9097347683,-29.1961077112,1.55781597942
reversal_12,4.3,12,52092,-0.000576050165308,-0.000579980879381,-0.000604067056624,-0.000545459122714,-5.0461994481,-5.08063250337,-5.29162741602,-4.77822191497,0,-0.000576050165308,-5.0461994481,-30.0076052112,1.55781597942
reversal_12,4.4,12,52092,-0.000591628325102,-0.000595521077492,-0.000619663693343,-0.000561039634117,-5.18266412789,-5.21676463883,-5.42825395369,-4.91470719486,0,-0.000591628325102,-5.18266412789,-30.8191027112,1.55781597942
reversal_12,4.5,12,52092,-0.000607206484896,-0.000611061275603,-0.000635260330063,-0.00057662014552,-5.31912880769,-5.35289677428,-5.56488049135,-5.05119247475,0,-0.000607206484896,-5.31912880769,-31.6306002112,1.55781597942
reversal_12,4.6,12,52092,-0.00062278464469,-0.000626601473714,-0.000650856966783,-0.000592200656922,-5.45559348749,-5.48902890973,-5.70150702901,-5.18767775464,0,-0.00062278464469,-5.45559348749,-32.4420977112,1.55781597942
reversal_12,4.7,12,52092,-0.000638362804484,-0.000642141671825,-0.000666453603502,-0.000607781168325,-5.59205816728,-5.62516104518,-5.83813356668,-5.32416303453,0,-0.000638362804484,-5.59205816728,-33.2535952112,1.55781597942
reversal_12,4.8,12,52092,-0.000653940964279,-0.000657681869936,-0.000682050240222,-0.000623361679728,-5.72852284708,-5.76129318064,-5.97476010434,-5.46064831442,0,-0.000653940964279,-5.72852284708,-34.0650927112,1.55781597942
reversal_12,4.9,12,52092,-0.000669519124073,-0.000673222068047,-0.000697646876941,-0.000638942191131,-5.86498752688,-5.89742531609,-6.11138664201,-5.59713359431,0,-0.000669519124073,-5.86498752688,-34.8765902112,1.55781597942
reversal_12,5,12,52092,-0.000685097283867,-0.000688762266158,-0.000713243513661,-0.000654522702534,-6.00145220668,-6.03355745154,-6.24801317967,-5.7336188742,0,-0.000685097283867,-6.00145220668,-35.6880877112,1.55781597942
reversal_12,5.1,12,52092,-0.000700675443661,-0.000704302464269,-0.000728840150381,-0.000670103213937,-6.13791688647,-6.16968958699,-6.38463971733,-5.87010415409,0,-0.000700675443661,-6.13791688647,-36.4995852112,1.55781597942
reversal_12,5.2,12,52092,-0.000716253603455,-0.00071984266238,-0.0007444367871,-0.00068568372534,-6.27438156627,-6.30582172245,-6.521266255,-6.00658943398,0,-0.000716253603455,-6.27438156627,-37.3110827112,1.55781597942
reversal_12,5.3,12,52092,-0.00073183176325,-0.000735382860491,-0.00076003342382,-0.000701264236743,-6.41084624607,-6.4419538579,-6.65789279266,-6.14307471387,0,-0.00073183176325,-6.41084624607,-38.1225802112,1.55781597942
reversal_12,5.4,12,52092,-0.000747409923044,-0.000750923058602,-0.000775630060539,-0.000716844748146,-6.54731092586,-6.57808599335,-6.79451933032,-6.27955999376,0,-0.000747409923044,-6.54731092586,-38.9340777112,1.55781597942
reversal_12,5.5,12,52092,-0.000762988082838,-0.000766463256713,-0.000791226697259,-0.000732425259548,-6.68377560566,-6.7142181288,-6.93114586799,-6.41604527364,0,-0.000762988082838,-6.68377560566,-39.7455752112,1.55781597942
reversal_12,5.6,12,52092,-0.000778566242632,-0.000782003454824,-0.000806823333979,-0.000748005770951,-6.82024028546,-6.85035026426,-7.06777240565,-6.55253055353,0,-0.000778566242632,-6.82024028546,-40.5570727112,1.55781597942
reversal_12,5.7,12,52092,-0.000794144402426,-0.000797543652935,-0.000822419970698,-0.000763586282354,-6.95670496526,-6.98648239971,-7.20439894332,-6.68901583342,0,-0.000794144402426,-6.95670496526,-41.3685702112,1.55781597942
reversal_12,5.8,12,52092,-0.000809722562221,-0.000813083851046,-0.000838016607418,-0.000779166793757,-7.09316964505,-7.12261453516,-7.34102548098,-6.82550111331,0,-0.000809722562221,-7.09316964505,-42.1800677112,1.55781597942
reversal_12,5.9,12,52092,-0.000825300722015,-0.000828624049157,-0.000853613244137,-0.00079474730516,-7.22963432485,-7.25874667061,-7.47765201864,-6.9619863932,0,-0.000825300722015,-7.22963432485,-42.9915652112,1.55781597942
reversal_12,6,12,52092,-0.000840878881809,-0.000844164247268,-0.000869209880857,-0.000810327816563,-7.36609900465,-7.39487880607,-7.61427855631,-7.09847167309,0,-0.000840878881809,-7.36609900465,-43.8030627112,1.55781597942
reversal_12,6.1,12,52092,-0.000856457041603,-0.000859704445379,-0.000884806517577,-0.000825908327966,-7.50256368444,-7.53101094152,-7.75090509397,-7.23495695298,0,-0.000856457041603,-7.50256368444,-44.6145602112,1.55781597942
reversal_12,6.2,12,52092,-0.000872035201397,-0.00087524464349,-0.000900403154296,-0.000841488839369,-7.63902836424,-7.66714307697,-7.88753163163,-7.37144223287,0,-0.000872035201397,-7.63902836424,-45.4260577112,1.55781597942
reversal_12,6.3,12,52092,-0.000887613361192,-0.000890784841601,-0.000915999791016,-0.000857069350772,-7.77549304404,-7.80327521242,-8.0241581693,-7.50792751276,0,-0.000887613361192,-7.77549304404,-46.2375552112,1.55781597942
reversal_12,6.4,12,52092,-0.000903191520986,-0.000906325039712,-0.000931596427735,-0.000872649862175,-7.91195772384,-7.93940734787,-8.16078470696,-7.64441279265,0,-0.000903191520986,-7.91195772384,-47.0490527112,1.55781597942
reversal_12,6.5,12,52092,-0.00091876968078,-0.00092188022116,-0.000947193064455,-0.000888230373577,-8.04842240363,-8.07567073736,-8.29741124462,-7.78089807254,0,-0.00091876968078,-8.04842240363,-47.8605502112,1.55781597942
reversal_12,6.6,12,52092,-0.000934347840574,-0.000937462449908,-0.000962789701175,-0.00090381088498,-8.18488708343,-8.2121710612,-8.43403778229,-7.91738335243,0,-0.000934347840574,-8.18488708343,-48.6720477112,1.55781597942
reversal_12,6.7,12,52092,-0.000949926000368,-0.000953051311922,-0.000978386337894,-0.000919391396383,-8.32135176323,-8.34872949243,-8.57066431995,-8.05386863232,0,-0.000949926000368,-8.32135176323,-49.4835452112,1.55781597942
reversal_12,6.8,12,52092,-0.000965504160163,-0.000968640173935,-0.000993982974614,-0.000934971907786,-8.45781644303,-8.48528792367,-8.70729085762,-8.19035391221,0,-0.000965504160163,-8.45781644303,-50.2950427112,1.55781597942
reversal_12,6.9,12,52092,-0.000981082319957,-0.000984229035948,-0.00100957961133,-0.000950552419189,-8.59428112282,-8.62184635491,-8.84391739528,-8.3268391921,0,-0.000981082319957,-8.59428112282,-51.1065402112,1.55781597942
reversal_12,7,12,52092,-0.000996660479751,-0.000999817897962,-0.00102517624805,-0.000966132930592,-8.73074580262,-8.75840478614,-8.98054393294,-8.46332447199,0,-0.000996660479751,-8.73074580262,-51.9180377112,1.55781597942
reversal_12,7.1,12,52092,-0.00101223863955,-0.00101540675997,-0.00104077288477,-0.000981713441995,-8.86721048242,-8.89496321738,-9.11717047061,-8.59980975188,0,-0.00101223863955,-8.86721048242,-52.7295352112,1.55781597942
reversal_12,7.2,12,52092,-0.00102781679934,-0.00103099562199,-0.00105636952149,-0.000997293953398,-9.00367516221,-9.03152164862,-9.25379700827,-8.73629503176,0,-0.00102781679934,-9.00367516221,-53.5410327112,1.55781597942
reversal_12,7.3,12,52092,-0.00104339495913,-0.001046584484,-0.00107196615821,-0.0010128744648,-9.14013984201,-9.16808007985,-9.39042354593,-8.87278031165,0,-0.00104339495913,-9.14013984201,-54.3525302112,1.55781597942
reversal_12,7.4,12,52092,-0.00105897311893,-0.00106217334602,-0.00108756279493,-0.0010284549762,-9.27660452181,-9.30463851109,-9.5270500836,-9.00926559154,0,-0.00105897311893,-9.27660452181,-55.1640277112,1.55781597942
reversal_12,7.5,12,52092,-0.00107455127872,-0.00107776220803,-0.00110315943165,-0.00104403548761,-9.41306920161,-9.44119694233,-9.66367662126,-9.14575087143,0,-0.00107455127872,-9.41306920161,-55.9755252112,1.55781597942
reversal_12,7.6,12,52092,-0.00109012943852,-0.00109335107004,-0.00111875606837,-0.00105961599901,-9.5495338814,-9.57775537357,-9.80030315893,-9.28223615132,0,-0.00109012943852,-9.5495338814,-56.7870227112,1.55781597942
reversal_12,7.7,12,52092,-0.00110570759831,-0.00110893993206,-0.00113435270509,-0.00107519651041,-9.6859985612,-9.7143138048,-9.93692969659,-9.41872143121,0,-0.00110570759831,-9.6859985612,-57.5985202112,1.55781597942
reversal_12,7.8,12,52092,-0.0011212857581,-0.00112452879407,-0.00114994934181,-0.00109077702182,-9.822463241,-9.85087223604,-10.0735562343,-9.5552067111,0,-0.0011212857581,-9.822463241,-58.4100177112,1.55781597942
reversal_12,7.9,12,52092,-0.0011368639179,-0.00114011765608,-0.00116554597853,-0.00110635753322,-9.95892792079,-9.98743066728,-10.2101827719,-9.69169199099,0,-0.0011368639179,-9.95892792079,-59.2215152112,1.55781597942
reversal_12,8,12,52092,-0.00115244207769,-0.0011557065181,-0.00118114261525,-0.00112193804462,-10.0953926006,-10.1239890985,-10.3468093096,-9.82817727088,0,-0.00115244207769,-10.0953926006,-60.0330127112,1.55781597942
reversal_12,8.1,12,52092,-0.00116802023749,-0.00117129538011,-0.00119673925197,-0.00113751855602,-10.2318572804,-10.2605475298,-10.4834358472,-9.96466255077,0,-0.00116802023749,-10.2318572804,-60.8445102112,1.55781597942
reversal_12,8.2,12,52092,-0.00118359839728,-0.00118688424212,-0.00121233588869,-0.00115309906743,-10.3683219602,-10.397105961,-10.6200623849,-10.1011478307,0,-0.00118359839728,-10.3683219602,-61.6560077112,1.55781597942
reversal_12,8.3,12,52092,-0.00119917655708,-0.00120247310414,-0.00122793252541,-0.00116867957883,-10.50478664,-10.5336643922,-10.7566889226,-10.2376331105,0,-0.00119917655708,-10.50478664,-62.4675052112,1.55781597942
reversal_12,8.4,12,52092,-0.00121475471687,-0.0012180187852,-0.00124352916213,-0.00118426009023,-10.6412513198,-10.6698445583,-10.8933154602,-10.3741183904,0,-0.00121475471687,-10.6412513198,-63.2790027112,1.55781597942
reversal_12,8.5,12,52092,-0.00123033287666,-0.00123356330259,-0.00125912579885,-0.00119984060164,-10.7777159996,-10.8060145307,-11.0299419979,-10.5106036703,0,-0.00123033287666,-10.7777159996,-64.0905002112,1.55781597942
reversal_12,8.6,12,52092,-0.00124591103646,-0.00124910781998,-0.00127472243557,-0.00121542111304,-10.9141806794,-10.9421845031,-11.1665685356,-10.6470889502,0,-0.00124591103646,-10.9141806794,-64.9019977112,1.55781597942
reversal_12,8.7,12,52092,-0.00126148919625,-0.00126465233738,-0.00129031907229,-0.00123100162444,-11.0506453592,-11.0783544754,-11.3031950732,-10.7835742301,0,-0.00126148919625,-11.0506453592,-65.7134952112,1.55781597942
reversal_12,8.8,12,52092,-0.00127706735605,-0.00128019685477,-0.00130591570901,-0.00124658213584,-11.187110039,-11.2145244478,-11.4398216109,-10.92005951,0,-0.00127706735605,-11.187110039,-66.5249927112,1.55781597942
reversal_12,8.9,12,52092,-0.00129264551584,-0.00129574137216,-0.00132151234573,-0.00126216264725,-11.3235747188,-11.3506944201,-11.5764481486,-11.0565447899,0,-0.00129264551584,-11.3235747188,-67.3364902112,1.55781597942
reversal_12,9,12,52092,-0.00130822367564,-0.00131128588955,-0.00133710898244,-0.00127774315865,-11.4600393986,-11.4868643925,-11.7130746862,-11.1930300698,0,-0.00130822367564,-11.4600393986,-68.1479877112,1.55781597942
reversal_12,9.1,12,52092,-0.00132380183543,-0.00132683040694,-0.00135270561916,-0.00129332367005,-11.5965040784,-11.6230343648,-11.8497012239,-11.3295153497,0,-0.00132380183543,-11.5965040784,-68.9594852112,1.55781597942
reversal_12,9.2,12,52092,-0.00133937999522,-0.00134237492434,-0.00136830225588,-0.00130890418146,-11.7329687582,-11.7592043372,-11.9863277615,-11.4660006296,0,-0.00133937999522,-11.7329687582,-69.7709827112,1.55781597942
reversal_12,9.3,12,52092,-0.00135495815502,-0.00135791944173,-0.0013838988926,-0.00132448469286,-11.869433438,-11.8953743096,-12.1229542992,-11.6024859094,0,-0.00135495815502,-11.869433438,-70.5824802112,1.55781597942
reversal_12,9.4,12,52092,-0.00137053631481,-0.00137346395912,-0.00139949552932,-0.00134006520426,-12.0058981178,-12.0315442819,-12.2595808369,-11.7389711893,0,-0.00137053631481,-12.0058981178,-71.3939777112,1.55781597942
reversal_12,9.5,12,52092,-0.00138611447461,-0.00138900847651,-0.00141509216604,-0.00135564571566,-12.1423627975,-12.1677142543,-12.3962073745,-11.8754564692,0,-0.00138611447461,-12.1423627975,-72.2054752112,1.55781597942
reversal_12,9.6,12,52092,-0.0014016926344,-0.00140455299391,-0.00143068880276,-0.00137122622707,-12.2788274773,-12.3038842266,-12.5328339122,-12.0119417491,0,-0.0014016926344,-12.2788274773,-73.0169727112,1.55781597942
reversal_12,9.7,12,52092,-0.00141727079419,-0.0014200975113,-0.00144628543948,-0.00138680673847,-12.4152921571,-12.440054199,-12.6694604499,-12.148427029,0,-0.00141727079419,-12.4152921571,-73.8284702112,1.55781597942
reversal_12,9.8,12,52092,-0.00143284895399,-0.00143564202869,-0.0014618820762,-0.00140238724987,-12.5517568369,-12.5762241713,-12.8060869875,-12.2849123089,0,-0.00143284895399,-12.5517568369,-74.6399677112,1.55781597942
reversal_12,9.9,12,52092,-0.00144842711378,-0.00145118654608,-0.00147747871292,-0.00141796776128,-12.6882215167,-12.7123941437,-12.9427135252,-12.4213975888,0,-0.00144842711378,-12.6882215167,-75.4514652112,1.55781597942
reversal_12,10,12,52092,-0.00146400527358,-0.00146673106348,-0.00149307534964,-0.00143354827268,-12.8246861965,-12.848564116,-13.0793400629,-12.5578828687,0,-0.00146400527358,-12.8246861965,-76.2629627112,1.55781597942
ridge,0,12,52092,4.37158289724e-05,4.10800192328e-05,-5.36121184622e-06,8.94298911749e-05,0.382950661798,0.359860968479,-0.0469642157729,0.783405846692,0.916666666667,4.37158289724e-05,0.382950661798,2.27724496283,1.39317457575
ridge,0.1,12,52092,2.97840832149e-05,2.73424011724e-05,-1.93528036453e-05,7.54745813385e-05,0.260908568963,0.239519434271,-0.169530559933,0.661157332525,0.916666666667,2.97840832149e-05,0.260908568963,1.55151246283,1.39317457575
ridge,0.2,12,52092,1.58523374574e-05,1.36047831121e-05,-3.33443954444e-05,6.15192715021e-05,0.138866476127,0.119177900062,-0.292096904093,0.538908818358,0.833333333333,1.58523374574e-05,0.138866476127,0.825779962831,1.39317457575
ridge,0.3,12,52092,1.92059169991e-06,-1.3283494825e-07,-4.73359872435e-05,4.75639616657e-05,0.0168243832913,-0.00116363414667,-0.414663248253,0.416660304192,0.5,1.92059169991e-06,0.0168243832913,0.100047462832,1.39317457575
ridge,0.4,12,52092,-1.20111540576e-05,-1.38704530086e-05,-6.13275790426e-05,3.36086518293e-05,-0.105217709544,-0.121505168355,-0.537229592413,0.294411790025,0.25,-1.20111540576e-05,-0.105217709544,-0.625685037167,1.39317457575
ridge,0.5,12,52092,-2.59428998151e-05,-2.7608071069e-05,-7.53191708417e-05,1.96533419929e-05,-0.22725980238,-0.241846702564,-0.659795936573,0.172163275858,0.25,-2.59428998151e-05,-0.22725980238,-1.35141753717,1.39317457575
ridge,0.6,12,52092,-3.98746455726e-05,-4.13456891293e-05,-8.93107626408e-05,5.6980321565e-06,-0.349301895216,-0.362188236773,-0.782362280734,0.0499147616909,0.0833333333333,-3.98746455726e-05,-0.349301895216,-2.07715003717,1.39317457575
ridge,0.7,12,52092,-5.38063913301e-05,-5.50833071897e-05,-0.00010330235444,-8.2572776799e-06,-0.471343988051,-0.482529770981,-0.904928624894,-0.0723337524759,0,-5.38063913301e-05,-0.471343988051,-2.80288253717,1.39317457575
ridge,0.8,12,52092,-6.77381370875e-05,-6.882092525e-05,-0.000117293946239,-2.22125875163e-05,-0.593386080887,-0.60287130519,-1.02749496905,-0.194582266643,0,-6.77381370875e-05,-0.593386080887,-3.52861503716,1.39317457575
ridge,0.9,12,52092,-8.1669882845e-05,-8.25585433104e-05,-0.000131285538038,-3.61678973527e-05,-0.715428173723,-0.723212839399,-1.15006131321,-0.31683078081,0,-8.1669882845e-05,-0.715428173723,-4.25434753716,1.39317457575
ridge,1,12,52092,-9.56016286025e-05,-9.62961613707e-05,-0.000145277129837,-5.01232071891e-05,-0.837470266558,-0.843554373607,-1.27262765737,-0.439079294977,0,-9.56016286025e-05,-0.837470266558,-4.98008003716,1.39317457575
ridge,1.1,12,52092,-0.00010953337436,-0.000110033779431,-0.000159268721636,-6.40785170255e-05,-0.959512359394,-0.963895907816,-1.39519400153,-0.561327809143,0,-0.00010953337436,-0.959512359394,-5.70581253716,1.39317457575
ridge,1.2,12,52092,-0.000123465120118,-0.000123771397491,-0.000173260313435,-7.80338268619e-05,-1.08155445223,-1.08423744202,-1.51776034569,-0.68357632331,0,-0.000123465120118,-1.08155445223,-6.43154503716,1.39317457575
ridge,1.3,12,52092,-0.000137396865875,-0.000137509015552,-0.000187251905235,-9.19891366983e-05,-1.20359654507,-1.20457897623,-1.64032668985,-0.805824837477,0,-0.000137396865875,-1.20359654507,-7.15727753716,1.39317457575
ridge,1.4,12,52092,-0.000151328611632,-0.000151246633612,-0.000201243497034,-0.000105944446535,-1.3256386379,-1.32492051044,-1.76289303401,-0.928073351644,0,-0.000151328611632,-1.3256386379,-7.88301003716,1.39317457575
ridge,1.5,12,52092,-0.00016526035739,-0.000164984251672,-0.000215235088833,-0.000119899756371,-1.44768073074,-1.44526204465,-1.88545937817,-1.05032186581,0,-0.00016526035739,-1.44768073074,-8.60874253716,1.39317457575
ridge,1.6,12,52092,-0.000179192103147,-0.000178721869733,-0.000229226680632,-0.000133855066208,-1.56972282357,-1.56560357886,-2.00802572233,-1.17257037998,0,-0.000179192103147,-1.56972282357,-9.33447503716,1.39317457575
ridge,1.7,12,52092,-0.000193123848905,-0.000192459487793,-0.000243218272431,-0.000147810376044,-1.69176491641,-1.68594511307,-2.13059206649,-1.29481889414,0,-0.000193123848905,-1.69176491641,-10.0602075372,1.39317457575
ridge,1.8,12,52092,-0.000207055594662,-0.000206197105853,-0.00025720986423,-0.00016176568588,-1.81380700924,-1.80628664728,-2.25315841065,-1.41706740831,0,-0.000207055594662,-1.81380700924,-10.7859400372,1.39317457575
ridge,1.9,12,52092,-0.00022098734042,-0.000219934723914,-0.000271201456029,-0.000175720995717,-1.93584910208,-1.92662818149,-2.37572475482,-1.53931592248,0,-0.00022098734042,-1.93584910208,-11.5116725372,1.39317457575
ridge,2,12,52092,-0.000234919086177,-0.000233672341974,-0.000285193047828,-0.000189676305553,-2.05789119491,-2.04696971569,-2.49829109898,-1.66156443665,0,-0.000234919086177,-2.05789119491,-12.2374050372,1.39317457575
ridge,2.1,12,52092,-0.000248850831935,-0.000247409960035,-0.000299184639627,-0.00020363161539,-2.17993328775,-2.1673112499,-2.62085744314,-1.78381295081,0,-0.000248850831935,-2.17993328775,-12.9631375372,1.39317457575
ridge,2.2,12,52092,-0.000262782577692,-0.000261203933867,-0.000313176231426,-0.000217586925226,-2.30197538059,-2.28814646068,-2.7434237873,-1.90606146498,0,-0.000262782577692,-2.30197538059,-13.6888700372,1.39317457575
ridge,2.3,12,52092,-0.00027671432345,-0.000275081208689,-0.000327167823226,-0.000231542235062,-2.42401747342,-2.40971138811,-2.86599013146,-2.02830997915,0,-0.00027671432345,-2.42401747342,-14.4146025372,1.39317457575
ridge,2.4,12,52092,-0.000290646069207,-0.00028895848351,-0.000341159415025,-0.000245497544899,-2.54605956626,-2.53127631555,-2.98855647562,-2.15055849331,0,-0.000290646069207,-2.54605956626,-15.1403350372,1.39317457575
ridge,2.5,12,52092,-0.000304577814965,-0.000302835758332,-0.000355151006824,-0.000259452854735,-2.66810165909,-2.65284124299,-3.11112281978,-2.27280700748,0,-0.000304577814965,-2.66810165909,-15.8660675372,1.39317457575
ridge,2.6,12,52092,-0.000318509560722,-0.000316713033153,-0.000369142598623,-0.000273408164572,-2.79014375193,-2.77440617042,-3.23368916394,-2.39505552165,0,-0.000318509560722,-2.79014375193,-16.5918000372,1.39317457575
ridge,2.7,12,52092,-0.00033244130648,-0.000330590307975,-0.000383134190422,-0.000287363474408,-2.91218584476,-2.89597109786,-3.3562555081,-2.51730403581,0,-0.00033244130648,-2.91218584476,-17.3175325372,1.39317457575
ridge,2.8,12,52092,-0.000346373052237,-0.000344467582796,-0.000397125782221,-0.000301318784244,-3.0342279376,-3.01753602529,-3.47882185226,-2.63955254998,0,-0.000346373052237,-3.0342279376,-18.0432650371,1.39317457575
ridge,2.9,12,52092,-0.000360304797995,-0.000358344857618,-0.00041111737402,-0.000315274094081,-3.15627003044,-3.13910095273,-3.60138819642,-2.76180106415,0,-0.000360304797995,-3.15627003044,-18.7689975371,1.39317457575
ridge,3,12,52092,-0.000374236543752,-0.000372222132439,-0.000425108965819,-0.000329229403917,-3.27831212327,-3.26066588017,-3.72395454058,-2.88404957831,0,-0.000374236543752,-3.27831212327,-19.4947300371,1.39317457575
ridge,3.1,12,52092,-0.00038816828951,-0.00038609940726,-0.000439100557618,-0.000343184713754,-3.40035421611,-3.3822308076,-3.84652088474,-3.00629809248,0,-0.00038816828951,-3.40035421611,-20.2204625371,1.39317457575
ridge,3.2,12,52092,-0.000402100035267,-0.000399976682082,-0.000453092149417,-0.00035714002359,-3.52239630894,-3.50379573504,-3.9690872289,-3.12854660665,0,-0.000402100035267,-3.52239630894,-20.9461950371,1.39317457575
ridge,3.3,12,52092,-0.000416031781025,-0.000413853956903,-0.000467083741217,-0.000371095333426,-3.64443840178,-3.62536066247,-4.09165357306,-3.25079512081,0,-0.000416031781025,-3.64443840178,-21.6719275371,1.39317457575
ridge,3.4,12,52092,-0.000429963526782,-0.000427731231725,-0.000481075333016,-0.000385050643263,-3.76648049461,-3.74692558991,-4.21421991722,-3.37304363498,0,-0.000429963526782,-3.76648049461,-22.3976600371,1.39317457575
ridge,3.5,12,52092,-0.00044389527254,-0.000441608506546,-0.000495066924815,-0.000399005953099,-3.88852258745,-3.86849051735,-4.33678626138,-3.49529214915,0,-0.00044389527254,-3.88852258745,-23.1233925371,1.39317457575
ridge,3.6,12,52092,-0.000457827018297,-0.000455485781368,-0.000509058516614,-0.000412961262936,-4.01056468028,-3.99005544478,-4.45935260554,-3.61754066331,0,-0.000457827018297,-4.01056468028,-23.8491250371,1.39317457575
ridge,3.7,12,52092,-0.000471758764055,-0.000469363056189,-0.000523050108413,-0.000426916572772,-4.13260677312,-4.11162037222,-4.5819189497,-3.73978917748,0,-0.000471758764055,-4.13260677312,-24.5748575371,1.39317457575
ridge,3.8,12,52092,-0.000485690509812,-0.000483240331011,-0.000537041700212,-0.000440871882608,-4.25464886596,-4.23318529965,-4.70448529386,-3.86203769165,0,-0.000485690509812,-4.25464886596,-25.3005900371,1.39317457575
ridge,3.9,12,52092,-0.00049962225557,-0.000497117605832,-0.000551033292011,-0.000454827192445,-4.37669095879,-4.35475022709,-4.82705163802,-3.98428620582,0,-0.00049962225557,-4.37669095879,-26.0263225371,1.39317457575
ridge,4,12,52092,-0.000513554001327,-0.000510994880654,-0.00056502488381,-0.000468782502281,-4.49873305163,-4.47631515452,-4.94961798218,-4.10653471998,0,-0.000513554001327,-4.49873305163,-26.7520550371,1.39317457575
ridge,4.1,12,52092,-0.000527485747085,-0.000524872155475,-0.000579016475609,-0.000482737812118,-4.62077514446,-4.59788008196,-5.07218432634,-4.22878323415,0,-0.000527485747085,-4.62077514446,-27.4777875371,1.39317457575
ridge,4.2,12,52092,-0.000541417492842,-0.000538749430296,-0.000593008067408,-0.000496693121954,-4.7428172373,-4.7194450094,-5.1947506705,-4.35103174832,0,-0.000541417492842,-4.7428172373,-28.2035200371,1.39317457575
ridge,4.3,12,52092,-0.0005553492386,-0.000552626705118,-0.000606999659208,-0.00051064843179,-4.86485933013,-4.84100993683,-5.31731701466,-4.47328026248,0,-0.0005553492386,-4.86485933013,-28.9292525371,1.39317457575
ridge,4.4,12,52092,-0.000569280984357,-0.000566503979939,-0.000620991251007,-0.000524603741627,-4.98690142297,-4.96257486427,-5.43988335882,-4.59552877665,0,-0.000569280984357,-4.98690142297,-29.6549850371,1.39317457575
ridge,4.5,12,52092,-0.000583212730115,-0.000580381254761,-0.000634982842806,-0.000538559051463,-5.10894351581,-5.0841397917,-5.56244970298,-4.71777729082,0,-0.000583212730115,-5.10894351581,-30.3807175371,1.39317457575
ridge,4.6,12,52092,-0.000597144475872,-0.000594258529582,-0.000648974434605,-0.0005525143613,-5.23098560864,-5.20570471914,-5.68501604714,-4.84002580498,0,-0.000597144475872,-5.23098560864,-31.1064500371,1.39317457575
ridge,4.7,12,52092,-0.00061107622163,-0.000608135804404,-0.000662966026404,-0.000566469671136,-5.35302770148,-5.32726964658,-5.8075823913,-4.96227431915,0,-0.00061107622163,-5.35302770148,-31.8321825371,1.39317457575
ridge,4.8,12,52092,-0.000625007967387,-0.000622013079225,-0.000676957618203,-0.000580424980972,-5.47506979431,-5.44883457401,-5.93014873546,-5.08452283332,0,-0.000625007967387,-5.47506979431,-32.5579150371,1.39317457575
ridge,4.9,12,52092,-0.000638939713145,-0.000635890354047,-0.000690949210002,-0.000594380290809,-5.59711188715,-5.57039950145,-6.05271507962,-5.20677134748,0,-0.000638939713145,-5.59711188715,-33.2836475371,1.39317457575
ridge,5,12,52092,-0.000652871458902,-0.000649767628868,-0.000704940801801,-0.000608335600645,-5.71915397998,-5.69196442888,-6.17528142378,-5.32901986165,0,-0.000652871458902,-5.71915397998,-34.0093800371,1.39317457575
ridge,5.1,12,52092,-0.00066680320466,-0.000663644903689,-0.0007189323936,-0.000622290910482,-5.84119607282,-5.81352935632,-6.29784776794,-5.45126837582,0,-0.00066680320466,-5.84119607282,-34.7351125371,1.39317457575
ridge,5.2,12,52092,-0.000680734950417,-0.000677522178511,-0.000732923985399,-0.000636246220318,-5.96323816565,-5.93509428376,-6.4204141121,-5.57351688998,0,-0.000680734950417,-5.96323816565,-35.4608450371,1.39317457575
ridge,5.3,12,52092,-0.000694666696175,-0.000691399453332,-0.000746915577199,-0.000650201530154,-6.08528025849,-6.05665921119,-6.54298045626,-5.69576540415,0,-0.000694666696175,-6.08528025849,-36.1865775371,1.39317457575
ridge,5.4,12,52092,-0.000708598441932,-0.000705276728154,-0.000760907168998,-0.000664156839991,-6.20732235133,-6.17822413863,-6.66554680042,-5.81801391832,0,-0.000708598441932,-6.20732235133,-36.9123100371,1.39317457575
ridge,5.5,12,52092,-0.00072253018769,-0.000719154002975,-0.000774898760797,-0.000678112149827,-6.32936444416,-6.29978906606,-6.78811314458,-5.94026243249,0,-0.00072253018769,-6.32936444416,-37.6380425371,1.39317457575
ridge,5.6,12,52092,-0.000736461933447,-0.000733031277797,-0.000788890352596,-0.000692067459664,-6.451406537,-6.4213539935,-6.91067948874,-6.06251094665,0,-0.000736461933447,-6.451406537,-38.3637750371,1.39317457575
ridge,5.7,12,52092,-0.000750393679205,-0.000746908552618,-0.000802881944395,-0.0007060227695,-6.57344862983,-6.54291892093,-7.0332458329,-6.18475946082,0,-0.000750393679205,-6.57344862983,-39.0895075371,1.39317457575
ridge,5.8,12,52092,-0.000764325424962,-0.00076078582744,-0.000816873536194,-0.000719978079336,-6.69549072267,-6.66448384837,-7.15581217706,-6.30700797499,0,-0.000764325424962,-6.69549072267,-39.8152400371,1.39317457575
ridge,5.9,12,52092,-0.00077825717072,-0.000774678664296,-0.000830865127993,-0.000733933389173,-6.8175328155,-6.78618509923,-7.27837852122,-6.42925648915,0,-0.00077825717072,-6.8175328155,-40.5409725371,1.39317457575
ridge,6,12,52092,-0.000792188916477,-0.000788587037943,-0.000844856719792,-0.000747888699009,-6.93957490834,-6.90802245238,-7.40094486538,-6.55150500332,0,-0.000792188916477,-6.93957490834,-41.2667050371,1.39317457575
ridge,6.1,12,52092,-0.000806120662235,-0.000802495411589,-0.000858848311591,-0.000761844008846,-7.06161700118,-7.02985980552,-7.52351120954,-6.67375351749,0,-0.000806120662235,-7.06161700118,-41.9924375371,1.39317457575
ridge,6.2,12,52092,-0.000820052407992,-0.000816403785236,-0.00087283990339,-0.000775799318682,-7.18365909401,-7.15169715867,-7.6460775537,-6.79600203165,0,-0.000820052407992,-7.18365909401,-42.7181700371,1.39317457575
ridge,6.3,12,52092,-0.00083398415375,-0.000830312158883,-0.00088683149519,-0.000789754628518,-7.30570118685,-7.27353451181,-7.76864389786,-6.91825054582,0,-0.00083398415375,-7.30570118685,-43.4439025371,1.39317457575
ridge,6.4,12,52092,-0.000847915899507,-0.000844220532529,-0.000900823086989,-0.000803709938355,-7.42774327968,-7.39537186496,-7.89121024202,-7.04049905999,0,-0.000847915899507,-7.42774327968,-44.1696350371,1.39317457575
ridge,6.5,12,52092,-0.000861847645265,-0.000858128906176,-0.000914814678788,-0.000817665248191,-7.54978537252,-7.5172092181,-8.01377658618,-7.16274757415,0,-0.000861847645265,-7.54978537252,-44.8953675371,1.39317457575
ridge,6.6,12,52092,-0.000875779391022,-0.000872037279822,-0.000928806270587,-0.000831620558028,-7.67182746535,-7.63904657124,-8.13634293034,-7.28499608832,0,-0.000875779391022,-7.67182746535,-45.6211000371,1.39317457575
ridge,6.7,12,52092,-0.00088971113678,-0.000885945653469,-0.000942797862386,-0.000845575867864,-7.79386955819,-7.76088392439,-8.2589092745,-7.40724460249,0,-0.00088971113678,-7.79386955819,-46.3468325371,1.39317457575
ridge,6.8,12,52092,-0.000903642882537,-0.000899854027116,-0.000956789454185,-0.0008595311777,-7.91591165102,-7.88272127753,-8.38147561866,-7.52949311665,0,-0.000903642882537,-7.91591165102,-47.0725650371,1.39317457575
ridge,6.9,12,52092,-0.000917574628295,-0.000913762400762,-0.000970781045984,-0.000873486487537,-8.03795374386,-8.00455863068,-8.50404196282,-7.65174163082,0,-0.000917574628295,-8.03795374386,-47.7982975371,1.39317457575
ridge,7,12,52092,-0.000931506374052,-0.000927670774409,-0.000984772637783,-0.000887441797373,-8.1599958367,-8.12639598382,-8.62660830698,-7.77399014499,0,-0.000931506374052,-8.1599958367,-48.5240300371,1.39317457575
ridge,7.1,12,52092,-0.00094543811981,-0.000941579148055,-0.000998764229582,-0.00090139710721,-8.28203792953,-8.24823333697,-8.74917465114,-7.89623865916,0,-0.00094543811981,-8.28203792953,-49.2497625371,1.39317457575
ridge,7.2,12,52092,-0.000959369865567,-0.000955487521702,-0.00101275582138,-0.000915352417046,-8.40408002237,-8.37007069011,-8.8717409953,-8.01848717332,0,-0.000959369865567,-8.40408002237,-49.9754950371,1.39317457575
ridge,7.3,12,52092,-0.000973301611325,-0.000969395895349,-0.00102674741318,-0.000929307726882,-8.5261221152,-8.49190804325,-8.99430733946,-8.14073568749,0,-0.000973301611325,-8.5261221152,-50.7012275371,1.39317457575
ridge,7.4,12,52092,-0.000987233357082,-0.000983304268995,-0.00104073900498,-0.000943263036719,-8.64816420804,-8.6137453964,-9.11687368362,-8.26298420166,0,-0.000987233357082,-8.64816420804,-51.4269600371,1.39317457575
ridge,7.5,12,52092,-0.00100116510284,-0.000997212642642,-0.00105473059678,-0.000957218346555,-8.77020630087,-8.73558274954,-9.23944002778,-8.38523271582,0,-0.00100116510284,-8.77020630087,-52.1526925371,1.39317457575
ridge,7.6,12,52092,-0.0010150968486,-0.00101112101629,-0.00106872218858,-0.000971173656392,-8.89224839371,-8.85742010269,-9.36200637194,-8.50748122999,0,-0.0010150968486,-8.89224839371,-52.8784250371,1.39317457575
ridge,7.7,12,52092,-0.00102902859435,-0.00102502938993,-0.00108271378038,-0.000985128966228,-9.01429048655,-8.97925745583,-9.4845727161,-8.62972974416,0,-0.00102902859435,-9.01429048655,-53.6041575371,1.39317457575
ridge,7.8,12,52092,-0.00104296034011,-0.00103893776358,-0.00109670537218,-0.000999084276064,-9.13633257938,-9.10109480897,-9.60713906026,-8.75197825832,0,-0.00104296034011,-9.13633257938,-54.3298900371,1.39317457575
ridge,7.9,12,52092,-0.00105689208587,-0.00105284613723,-0.00111069696398,-0.0010130395859,-9.25837467222,-9.22293216212,-9.72970540442,-8.87422677249,0,-0.00105689208587,-9.25837467222,-55.0556225371,1.39317457575
ridge,8,12,52092,-0.00107082383163,-0.00106675451087,-0.00112468855577,-0.00102699489574,-9.38041676505,-9.34476951526,-9.85227174858,-8.99647528666,0,-0.00107082383163,-9.38041676505,-55.7813550371,1.39317457575
ridge,8.1,12,52092,-0.00108475557738,-0.00108066288452,-0.00113868014757,-0.00104095020557,-9.50245885789,-9.46660686841,-9.97483809274,-9.11872380082,0,-0.00108475557738,-9.50245885789,-56.5070875371,1.39317457575
ridge,8.2,12,52092,-0.00109868732314,-0.00109457125817,-0.00115267173937,-0.00105490551541,-9.62450095072,-9.58844422155,-10.0974044369,-9.24097231499,0,-0.00109868732314,-9.62450095072,-57.2328200371,1.39317457575
ridge,8.3,12,52092,-0.0011126190689,-0.00110847963181,-0.00116666333117,-0.00106886082525,-9.74654304356,-9.7102815747,-10.2199707811,-9.36322082916,0,-0.0011126190689,-9.74654304356,-57.9585525371,1.39317457575
ridge,8.4,12,52092,-0.00112655081466,-0.00112238800546,-0.00118065492297,-0.00108281613508,-9.86858513639,-9.83211892784,-10.3425371252,-9.48546934332,0,-0.00112655081466,-9.86858513639,-58.6842850371,1.39317457575
ridge,8.5,12,52092,-0.00114048256041,-0.00113629637911,-0.00119464651477,-0.00109677144492,-9.99062722923,-9.95395628098,-10.4651034694,-9.60771785749,0,-0.00114048256041,-9.99062722923,-59.4100175371,1.39317457575
ridge,8.6,12,52092,-0.00115441430617,-0.00115020475275,-0.00120863810657,-0.00111072675476,-10.1126693221,-10.0757936341,-10.5876698135,-9.72996637166,0,-0.00115441430617,-10.1126693221,-60.1357500371,1.39317457575
ridge,8.7,12,52092,-0.00116834605193,-0.0011641131264,-0.00122262969837,-0.00112468206459,-10.2347114149,-10.1976309873,-10.7102361577,-9.85221488583,0,-0.00116834605193,-10.2347114149,-60.8614825371,1.39317457575
ridge,8.8,12,52092,-0.00118227779769,-0.00117802150005,-0.00123662129017,-0.00113863737443,-10.3567535077,-10.3194683404,-10.8328025019,-9.97446339999,0,-0.00118227779769,-10.3567535077,-61.5872150371,1.39317457575
ridge,8.9,12,52092,-0.00119620954344,-0.00119192987369,-0.00125061288197,-0.00115259268426,-10.4787956006,-10.4413056936,-10.955368846,-10.0967119142,0,-0.00119620954344,-10.4787956006,-62.3129475371,1.39317457575
ridge,9,12,52092,-0.0012101412892,-0.00120583824734,-0.00126460447377,-0.0011665479941,-10.6008376934,-10.5631430467,-11.0779351902,-10.2189604283,0,-0.0012101412892,-10.6008376934,-63.0386800371,1.39317457575
ridge,9.1,12,52092,-0.00122407303496,-0.00121974662099,-0.00127859606556,-0.00118050330394,-10.7228797862,-10.6849803998,-11.2005015343,-10.3412089425,0,-0.00122407303496,-10.7228797862,-63.7644125371,1.39317457575
ridge,9.2,12,52092,-0.00123800478072,-0.00123365499463,-0.00129258765736,-0.00119445861377,-10.8449218791,-10.806817753,-11.3230678785,-10.4634574567,0,-0.00123800478072,-10.8449218791,-64.4901450371,1.39317457575
ridge,9.3,12,52092,-0.00125193652647,-0.00124756336828,-0.00130657924916,-0.00120841392361,-10.9669639719,-10.9286551061,-11.4456342227,-10.5857059708,0,-0.00125193652647,-10.9669639719,-65.2158775371,1.39317457575
ridge,9.4,12,52092,-0.00126586827223,-0.00126147174193,-0.00132057084096,-0.00122236923345,-11.0890060648,-11.0504924593,-11.5682005668,-10.707954485,0,-0.00126586827223,-11.0890060648,-65.9416100371,1.39317457575
ridge,9.5,12,52092,-0.00127980001799,-0.00127538011557,-0.00133456243276,-0.00123632454328,-11.2110481576,-11.1723298124,-11.690766911,-10.8302029992,0,-0.00127980001799,-11.2110481576,-66.6673425371,1.39317457575
ridge,9.6,12,52092,-0.00129373176375,-0.00128928848922,-0.00134855402456,-0.00125027985312,-11.3330902504,-11.2941671656,-11.8133332551,-10.9524515133,0,-0.00129373176375,-11.3330902504,-67.3930750371,1.39317457575
ridge,9.7,12,52092,-0.0013076635095,-0.00130319686287,-0.00136254561636,-0.00126423516296,-11.4551323433,-11.4160045187,-11.9358995993,-11.0747000275,0,-0.0013076635095,-11.4551323433,-68.1188075371,1.39317457575
ridge,9.8,12,52092,-0.00132159525526,-0.00131710523651,-0.00137653720816,-0.00127819047279,-11.5771744361,-11.5378418719,-12.0584659435,-11.1969485417,0,-0.00132159525526,-11.5771744361,-68.8445400371,1.39317457575
ridge,9.9,12,52092,-0.00133552700102,-0.00133101361016,-0.00139052879996,-0.00129214578263,-11.6992165289,-11.659679225,-12.1810322876,-11.3191970558,0,-0.00133552700102,-11.6992165289,-69.5702725371,1.39317457575
ridge,10,12,52092,-0.00134945874678,-0.00134492198381,-0.00140452039176,-0.00130610109247,-11.8212586218,-11.7815165781,-12.3035986318,-11.44144557,0,-0.00134945874678,-11.8212586218,-70.2960050371,1.39317457575
tcn,0,12,52092,-6.12833407866e-06,-2.75123618892e-06,-4.17589904757e-05,2.83094820482e-05,-0.0536842065291,-0.0241008290149,-0.365808756567,0.247991062742,0.416666666667,-6.12833407866e-06,-0.0536842065291,-0.319237178826,1.40961184059
tcn,0.1,12,52092,-2.02244524846e-05,-1.68695269054e-05,-5.58951342214e-05,1.42378395695e-05,-0.177166203765,-0.147777055691,-0.489641375779,0.124723474629,0.25,-2.02244524846e-05,-0.177166203765,-1.05353217883,1.40961184059
tcn,0.2,12,52092,-3.43205708905e-05,-3.09878176218e-05,-7.00312779671e-05,1.661970908e-07,-0.300648201001,-0.271453282367,-0.613473994992,0.00145588651541,0.0833333333333,-3.43205708905e-05,-0.300648201001,-1.78782717883,1.40961184059
tcn,0.3,12,52092,-4.84166892964e-05,-4.51061083383e-05,-8.41674217128e-05,-1.39054453879e-05,-0.424130198236,-0.395129509043,-0.737306614204,-0.121811701598,0,-4.84166892964e-05,-0.424130198236,-2.52212217883,1.40961184059
tcn,0.4,12,52092,-6.25128077023e-05,-5.92243990547e-05,-9.83035654585e-05,-2.79770878666e-05,-0.547612195472,-0.518805735719,-0.861139233416,-0.245079289711,0,-6.25128077023e-05,-0.547612195472,-3.25641717883,1.40961184059
tcn,0.5,12,52092,-7.66089261082e-05,-7.33426897712e-05,-0.000112439709204,-4.20487303453e-05,-0.671094192708,-0.642481962395,-0.984971852629,-0.368346877825,0,-7.66089261082e-05,-0.671094192708,-3.99071217883,1.40961184059
tcn,0.6,12,52092,-9.07050445141e-05,-8.74609804876e-05,-0.00012657585295,-5.6120372824e-05,-0.794576189944,-0.766158189072,-1.10880447184,-0.491614465938,0,-9.07050445141e-05,-0.794576189944,-4.72500717883,1.40961184059
tcn,0.7,12,52092,-0.00010480116292,-0.000101579271204,-0.000140711996696,-7.01920153027e-05,-0.918058187179,-0.889834415748,-1.23263709105,-0.614882054052,0,-0.00010480116292,-0.918058187179,-5.45930217883,1.40961184059
tcn,0.8,12,52092,-0.000118897281326,-0.000115697561921,-0.000154848140441,-8.42636577814e-05,-1.04154018442,-1.01351064242,-1.35646971027,-0.738149642165,0,-0.000118897281326,-1.04154018442,-6.19359717883,1.40961184059
tcn,0.9,12,52092,-0.000132993399732,-0.000129815852637,-0.000168984284187,-9.83353002601e-05,-1.16502218165,-1.1371868691,-1.48030232948,-0.861417230278,0,-0.000132993399732,-1.16502218165,-6.92789217883,1.40961184059
tcn,1,12,52092,-0.000147089518138,-0.000143934143353,-0.000183120427933,-0.000112406942739,-1.28850417889,-1.26086309578,-1.60413494869,-0.984684818392,0,-0.000147089518138,-1.28850417889,-7.66218717883,1.40961184059
tcn,1.1,12,52092,-0.000161185636544,-0.00015805243407,-0.000197256571678,-0.000126478585217,-1.41198617612,-1.38453932245,-1.7279675679,-1.10795240651,0,-0.000161185636544,-1.41198617612,-8.39648217883,1.40961184059
tcn,1.2,12,52092,-0.00017528175495,-0.000172170724786,-0.000211392715424,-0.000140550227696,-1.53546817336,-1.50821554913,-1.85180018712,-1.23121999462,0,-0.00017528175495,-1.53546817336,-9.13077717883,1.40961184059
tcn,1.3,12,52092,-0.000189377873355,-0.000186289015503,-0.00022552885917,-0.000154621870175,-1.65895017059,-1.6318917758,-1.97563280633,-1.35448758273,0,-0.000189377873355,-1.65895017059,-9.86507217883,1.40961184059
tcn,1.4,12,52092,-0.000203473991761,-0.000200407306219,-0.000239665002916,-0.000168693512654,-1.78243216783,-1.75556800248,-2.09946542554,-1.47775517085,0,-0.000203473991761,-1.78243216783,-10.5993671788,1.40961184059
tcn,1.5,12,52092,-0.000217570110167,-0.000214525596936,-0.000253801146661,-0.000182765155132,-1.90591416507,-1.87924422916,-2.22329804475,-1.60102275896,0,-0.000217570110167,-1.90591416507,-11.3336621788,1.40961184059
tcn,1.6,12,52092,-0.000231666228573,-0.000228643887652,-0.000267937290407,-0.000196836797611,-2.0293961623,-2.00292045583,-2.34713066396,-1.72429034707,0,-0.000231666228573,-2.0293961623,-12.0679571788,1.40961184059
tcn,1.7,12,52092,-0.000245762346979,-0.000242762178369,-0.000282073434153,-0.00021090844009,-2.15287815954,-2.12659668251,-2.47096328318,-1.84755793519,0,-0.000245762346979,-2.15287815954,-12.8022521788,1.40961184059
tcn,1.8,12,52092,-0.000259858465385,-0.000256880469085,-0.000296209577898,-0.000224980082568,-2.27636015677,-2.25027290918,-2.59479590239,-1.9708255233,0,-0.000259858465385,-2.27636015677,-13.5365471788,1.40961184059
tcn,1.9,12,52092,-0.000273954583791,-0.000270998759801,-0.000310345721644,-0.000239051725047,-2.39984215401,-2.37394913586,-2.7186285216,-2.09409311141,0,-0.000273954583791,-2.39984215401,-14.2708421788,1.40961184059
tcn,2,12,52092,-0.000288050702197,-0.000285117050518,-0.00032448186539,-0.000253123367526,-2.52332415124,-2.49762536254,-2.84246114081,-2.21736069953,0,-0.000288050702197,-2.52332415124,-15.0051371788,1.40961184059
tcn,2.1,12,52092,-0.000302146820603,-0.000299235341234,-0.000338618009135,-0.000267195010005,-2.64680614848,-2.62130158921,-2.96629376003,-2.34062828764,0,-0.000302146820603,-2.64680614848,-15.7394321788,1.40961184059
tcn,2.2,12,52092,-0.000316242939009,-0.000313353631951,-0.000352754152881,-0.000281266652483,-2.77028814572,-2.74497781589,-3.09012637924,-2.46389587575,0,-0.000316242939009,-2.77028814572,-16.4737271788,1.40961184059
tcn,2.3,12,52092,-0.000330339057415,-0.000327471922667,-0.000366890296627,-0.000295338294962,-2.89377014295,-2.86865404257,-3.21395899845,-2.58716346387,0,-0.000330339057415,-2.89377014295,-17.2080221788,1.40961184059
tcn,2.4,12,52092,-0.00034443517582,-0.000341590213384,-0.000381026440373,-0.000309409937441,-3.01725214019,-2.99233026924,-3.33779161766,-2.71043105198,0,-0.00034443517582,-3.01725214019,-17.9423171788,1.40961184059
tcn,2.5,12,52092,-0.000358531294226,-0.0003557085041,-0.000395162584118,-0.000323481579919,-3.14073413742,-3.11600649592,-3.46162423688,-2.83369864009,0,-0.000358531294226,-3.14073413742,-18.6766121788,1.40961184059
tcn,2.6,12,52092,-0.000372627412632,-0.000369826794817,-0.000409298727864,-0.000337553222398,-3.26421613466,-3.23968272259,-3.58545685609,-2.95696622821,0,-0.000372627412632,-3.26421613466,-19.4109071788,1.40961184059
tcn,2.7,12,52092,-0.000386723531038,-0.000383945085533,-0.00042343487161,-0.000351624864877,-3.38769813189,-3.36335894927,-3.7092894753,-3.08023381632,0,-0.000386723531038,-3.38769813189,-20.1452021788,1.40961184059
tcn,2.8,12,52092,-0.000400819649444,-0.00039806337625,-0.000437571015355,-0.000365696507355,-3.51118012913,-3.48703517595,-3.83312209451,-3.20350140443,0,-0.000400819649444,-3.51118012913,-20.8794971788,1.40961184059
tcn,2.9,12,52092,-0.00041491576785,-0.000412181666966,-0.000451707159101,-0.000379768149834,-3.63466212637,-3.61071140262,-3.95695471372,-3.32676899255,0,-0.00041491576785,-3.63466212637,-21.6137921788,1.40961184059
tcn,3,12,52092,-0.000429011886256,-0.000426299957682,-0.000465843302847,-0.000393839792313,-3.7581441236,-3.7343876293,-4.08078733294,-3.45003658066,0,-0.000429011886256,-3.7581441236,-22.3480871788,1.40961184059
tcn,3.1,12,52092,-0.000443108004662,-0.000440418248399,-0.000479979446592,-0.000407911434792,-3.88162612084,-3.85806385597,-4.20461995215,-3.57330416877,0,-0.000443108004662,-3.88162612084,-23.0823821788,1.40961184059
tcn,3.2,12,52092,-0.000457204123068,-0.000454536539115,-0.000494115590338,-0.00042198307727,-4.00510811807,-3.98174008265,-4.32845257136,-3.69657175689,0,-0.000457204123068,-4.00510811807,-23.8166771788,1.40961184059
tcn,3.3,12,52092,-0.000471300241474,-0.000468654829832,-0.000508251734084,-0.000436054719749,-4.12859011531,-4.10541630933,-4.45228519057,-3.819839345,0,-0.000471300241474,-4.12859011531,-24.5509721788,1.40961184059
tcn,3.4,12,52092,-0.00048539635988,-0.000482773120548,-0.00052238787783,-0.000450126362228,-4.25207211254,-4.229092536,-4.57611780979,-3.94310693311,0,-0.00048539635988,-4.25207211254,-25.2852671788,1.40961184059
tcn,3.5,12,52092,-0.000499492478285,-0.000496891411265,-0.000536524021575,-0.000464198004706,-4.37555410978,-4.35276876268,-4.699950429,-4.06637452123,0,-0.000499492478285,-4.37555410978,-26.0195621788,1.40961184059
tcn,3.6,12,52092,-0.000513588596691,-0.000511009701981,-0.000550660165321,-0.000478269647185,-4.49903610702,-4.47644498935,-4.82378304821,-4.18964210934,0,-0.000513588596691,-4.49903610702,-26.7538571788,1.40961184059
tcn,3.7,12,52092,-0.000527684715097,-0.000525127992698,-0.000564796309067,-0.000492341289664,-4.62251810425,-4.60012121603,-4.94761566742,-4.31290969745,0,-0.000527684715097,-4.62251810425,-27.4881521788,1.40961184059
tcn,3.8,12,52092,-0.000541780833503,-0.000539246283414,-0.000578932452812,-0.000506412932142,-4.74600010149,-4.72379744271,-5.07144828664,-4.43617728557,0,-0.000541780833503,-4.74600010149,-28.2224471788,1.40961184059
tcn,3.9,12,52092,-0.000555876951909,-0.00055336457413,-0.000593068596558,-0.000520484574621,-4.86948209872,-4.84747366938,-5.19528090585,-4.55944487368,0,-0.000555876951909,-4.86948209872,-28.9567421788,1.40961184059
tcn,4,12,52092,-0.000569973070315,-0.000567482864847,-0.000607204740304,-0.0005345562171,-4.99296409596,-4.97114989606,-5.31911352506,-4.68271246179,0,-0.000569973070315,-4.99296409596,-29.6910371788,1.40961184059
tcn,4.1,12,52092,-0.000584069188721,-0.000581601155563,-0.000621340884049,-0.000548627859579,-5.1164460932,-5.09482612274,-5.44294614427,-4.80598004991,0,-0.000584069188721,-5.1164460932,-30.4253321788,1.40961184059
tcn,4.2,12,52092,-0.000598165307127,-0.00059571944628,-0.000635477027795,-0.000562699502057,-5.23992809043,-5.21850234941,-5.56677876349,-4.92924763802,0,-0.000598165307127,-5.23992809043,-31.1596271788,1.40961184059
tcn,4.3,12,52092,-0.000612261425533,-0.000609837736996,-0.000649613171541,-0.000576771144536,-5.36341008767,-5.34217857609,-5.6906113827,-5.05251522613,0,-0.000612261425533,-5.36341008767,-31.8939221789,1.40961184059
tcn,4.4,12,52092,-0.000626357543939,-0.000623956027713,-0.000663749315286,-0.000590842787015,-5.4868920849,-5.46585480276,-5.81444400191,-5.17578281425,0,-0.000626357543939,-5.4868920849,-32.6282171789,1.40961184059
tcn,4.5,12,52092,-0.000640453662345,-0.000638118553805,-0.000677885459032,-0.000604914429493,-5.61037408214,-5.58991853134,-5.93827662112,-5.29905040236,0,-0.000640453662345,-5.61037408214,-33.3625121789,1.40961184059
tcn,4.6,12,52092,-0.00065454978075,-0.000652322078339,-0.000692021602778,-0.000618986071972,-5.73385607937,-5.71434140625,-6.06210924033,-5.42231799047,0,-0.00065454978075,-5.73385607937,-34.0968071789,1.40961184059
tcn,4.7,12,52092,-0.000668645899156,-0.000666525602873,-0.000706157746524,-0.000633057714451,-5.85733807661,-5.83876428116,-6.18594185955,-5.54558557859,0,-0.000668645899156,-5.85733807661,-34.8311021789,1.40961184059
tcn,4.8,12,52092,-0.000682742017562,-0.000680729127406,-0.000720293890269,-0.000647129356929,-5.98082007385,-5.96318715608,-6.30977447876,-5.6688531667,0,-0.000682742017562,-5.98082007385,-35.5653971789,1.40961184059
tcn,4.9,12,52092,-0.000696838135968,-0.00069493265194,-0.000734430034015,-0.000661200999408,-6.10430207108,-6.08761003099,-6.43360709797,-5.79212075481,0,-0.000696838135968,-6.10430207108,-36.2996921789,1.40961184059
tcn,5,12,52092,-0.000710934254374,-0.000709136176473,-0.000748566177761,-0.000675272641887,-6.22778406832,-6.21203290591,-6.55743971718,-5.91538834293,0,-0.000710934254374,-6.22778406832,-37.0339871789,1.40961184059
tcn,5.1,12,52092,-0.00072503037278,-0.000723339701007,-0.000762702321506,-0.000689344284366,-6.35126606555,-6.33645578082,-6.6812723364,-6.03865593104,0,-0.00072503037278,-6.35126606555,-37.7682821789,1.40961184059
tcn,5.2,12,52092,-0.000739126491186,-0.00073754322554,-0.000776838465252,-0.000703415926844,-6.47474806279,-6.46087865573,-6.80510495561,-6.16192351916,0,-0.000739126491186,-6.47474806279,-38.5025771789,1.40961184059
tcn,5.3,12,52092,-0.000753222609592,-0.000751746750074,-0.000790974608998,-0.000717487569323,-6.59823006002,-6.58530153065,-6.92893757482,-6.28519110727,0,-0.000753222609592,-6.59823006002,-39.2368721789,1.40961184059
tcn,5.4,12,52092,-0.000767318727998,-0.000765950274607,-0.000805110752744,-0.000731559211802,-6.72171205726,-6.70972440556,-7.05277019403,-6.40845869538,0,-0.000767318727998,-6.72171205726,-39.9711671789,1.40961184059
tcn,5.5,12,52092,-0.000781414846404,-0.000780153799141,-0.000819246896489,-0.00074563085428,-6.8451940545,-6.83414728047,-7.17660281325,-6.5317262835,0,-0.000781414846404,-6.8451940545,-40.7054621789,1.40961184059
tcn,5.6,12,52092,-0.00079551096481,-0.000794357323675,-0.000833383040235,-0.000759702496759,-6.96867605173,-6.95857015539,-7.30043543246,-6.65499387161,0,-0.00079551096481,-6.96867605173,-41.4397571789,1.40961184059
tcn,5.7,12,52092,-0.000809607083215,-0.000808560848208,-0.000847519183981,-0.000773774139238,-7.09215804897,-7.0829930303,-7.42426805167,-6.77826145972,0,-0.000809607083215,-7.09215804897,-42.1740521789,1.40961184059
tcn,5.8,12,52092,-0.000823703201621,-0.000822764372742,-0.000861655327726,-0.000787845781716,-7.2156400462,-7.20741590522,-7.54810067088,-6.90152904784,0,-0.000823703201621,-7.2156400462,-42.9083471789,1.40961184059
tcn,5.9,12,52092,-0.000837799320027,-0.000836967897275,-0.000875791471472,-0.000801917424195,-7.33912204344,-7.33183878013,-7.67193329009,-7.02479663595,0,-0.000837799320027,-7.33912204344,-43.6426421789,1.40961184059
tcn,6,12,52092,-0.000851895438433,-0.000851171421809,-0.000889927615218,-0.000815989066674,-7.46260404067,-7.45626165504,-7.79576590931,-7.14806422406,0,-0.000851895438433,-7.46260404067,-44.3769371789,1.40961184059
tcn,6.1,12,52092,-0.000865991556839,-0.000865374946342,-0.000904063758963,-0.000830060709153,-7.58608603791,-7.58068452996,-7.91959852852,-7.27133181218,0,-0.000865991556839,-7.58608603791,-45.1112321789,1.40961184059
tcn,6.2,12,52092,-0.000880087675245,-0.000879578470876,-0.000918199902709,-0.000844132351631,-7.70956803515,-7.70510740487,-8.04343114773,-7.39459940029,0,-0.000880087675245,-7.70956803515,-45.8455271789,1.40961184059
tcn,6.3,12,52092,-0.000894183793651,-0.000893781995409,-0.000932336046455,-0.00085820399411,-7.83305003238,-7.82953027979,-8.16726376694,-7.5178669884,0,-0.000894183793651,-7.83305003238,-46.5798221789,1.40961184059
tcn,6.4,12,52092,-0.000908279912057,-0.000907985519943,-0.0009464721902,-0.000872275636589,-7.95653202962,-7.9539531547,-8.29109638616,-7.64113457652,0,-0.000908279912057,-7.95653202962,-47.3141171789,1.40961184059
tcn,6.5,12,52092,-0.000922376030463,-0.000922189044476,-0.000960608333946,-0.000886347279067,-8.08001402685,-8.07837602961,-8.41492900537,-7.76440216463,0,-0.000922376030463,-8.08001402685,-48.0484121789,1.40961184059
tcn,6.6,12,52092,-0.000936472148869,-0.00093639256901,-0.000974744477692,-0.000900418921546,-8.20349602409,-8.20279890453,-8.53876162458,-7.88766975274,0,-0.000936472148869,-8.20349602409,-48.7827071789,1.40961184059
tcn,6.7,12,52092,-0.000950568267275,-0.000950596093544,-0.000988880621438,-0.000914490564025,-8.32697802132,-8.32722177944,-8.66259424379,-8.01093734086,0,-0.000950568267275,-8.32697802132,-49.5170021789,1.40961184059
tcn,6.8,12,52092,-0.00096466438568,-0.000964799618077,-0.00100301676518,-0.000928562206503,-8.45046001856,-8.45164465436,-8.78642686301,-8.13420492897,0,-0.00096466438568,-8.45046001856,-50.2512971789,1.40961184059
tcn,6.9,12,52092,-0.000978760504086,-0.000979003142611,-0.00101715290893,-0.000942633848982,-8.5739420158,-8.57606752927,-8.91025948222,-8.25747251708,0,-0.000978760504086,-8.5739420158,-50.9855921789,1.40961184059
tcn,7,12,52092,-0.000992856622492,-0.000993206667144,-0.00103128905267,-0.000956705491461,-8.69742401303,-8.70049040418,-9.03409210143,-8.3807401052,0,-0.000992856622492,-8.69742401303,-51.7198871789,1.40961184059
tcn,7.1,12,52092,-0.0010069527409,-0.00100741019168,-0.00104542519642,-0.00097077713394,-8.82090601027,-8.8249132791,-9.15792472064,-8.50400769331,0,-0.0010069527409,-8.82090601027,-52.4541821789,1.40961184059
tcn,7.2,12,52092,-0.0010210488593,-0.00102161371621,-0.00105956134017,-0.000984848776418,-8.9443880075,-8.94933615401,-9.28175733986,-8.62727528142,0,-0.0010210488593,-8.9443880075,-53.1884771789,1.40961184059
tcn,7.3,12,52092,-0.00103514497771,-0.00103581724074,-0.00107369748391,-0.000998920418897,-9.06787000474,-9.07375902893,-9.40558995907,-8.75054286954,0,-0.00103514497771,-9.06787000474,-53.9227721789,1.40961184059
tcn,7.4,12,52092,-0.00104924109612,-0.00105002076528,-0.00108783362766,-0.00101299206138,-9.19135200198,-9.19818190384,-9.52942257828,-8.87381045765,0,-0.00104924109612,-9.19135200198,-54.6570671789,1.40961184059
tcn,7.5,12,52092,-0.00106333721452,-0.00106422428981,-0.0011019697714,-0.00102706370385,-9.31483399921,-9.32260477875,-9.65325519749,-8.99707804576,0,-0.00106333721452,-9.31483399921,-55.3913621789,1.40961184059
tcn,7.6,12,52092,-0.00107743333293,-0.00107842781435,-0.00111610591515,-0.00104113534633,-9.43831599645,-9.44702765367,-9.7770878167,-9.12034563388,0,-0.00107743333293,-9.43831599645,-56.1256571789,1.40961184059
tcn,7.7,12,52092,-0.00109152945133,-0.00109263133888,-0.00113024205889,-0.00105520698881,-9.56179799368,-9.57145052858,-9.90092043592,-9.24361322199,0,-0.00109152945133,-9.56179799368,-56.8599521789,1.40961184059
tcn,7.8,12,52092,-0.00110562556974,-0.00110683486341,-0.00114437820264,-0.00106927863129,-9.68527999092,-9.69587340349,-10.0247530551,-9.3668808101,0,-0.00110562556974,-9.68527999092,-57.5942471789,1.40961184059
tcn,7.9,12,52092,-0.00111972168815,-0.00112103838795,-0.00115851434639,-0.00108335027377,-9.80876198815,-9.82029627841,-10.1485856743,-9.49014839822,0,-0.00111972168815,-9.80876198815,-58.3285421789,1.40961184059
tcn,8,12,52092,-0.00113381780655,-0.00113524191248,-0.00117265049013,-0.00109742191625,-9.93224398539,-9.94471915332,-10.2724182936,-9.61341598633,0,-0.00113381780655,-9.93224398539,-59.0628371789,1.40961184059
tcn,8.1,12,52092,-0.00114791392496,-0.00114944543701,-0.00118678663388,-0.00111149355873,-10.0557259826,-10.0691420282,-10.3962509128,-9.73668357444,0,-0.00114791392496,-10.0557259826,-59.7971321789,1.40961184059
tcn,8.2,12,52092,-0.00116201004336,-0.00116364896155,-0.00120092277762,-0.00112556520121,-10.1792079799,-10.1935649032,-10.520083532,-9.85995116256,0,-0.00116201004336,-10.1792079799,-60.5314271789,1.40961184059
tcn,8.3,12,52092,-0.00117610616177,-0.00117785248608,-0.00121505892137,-0.00113963684368,-10.3026899771,-10.3179877781,-10.6439161512,-9.98321875067,0,-0.00117610616177,-10.3026899771,-61.2657221789,1.40961184059
tcn,8.4,12,52092,-0.00119020228017,-0.00119205601061,-0.00122919506511,-0.00115370848616,-10.4261719743,-10.442410653,-10.7677487704,-10.1064863388,0,-0.00119020228017,-10.4261719743,-62.0000171789,1.40961184059
tcn,8.5,12,52092,-0.00120429839858,-0.00120625953515,-0.00124333120886,-0.00116778012864,-10.5496539716,-10.5668335279,-10.8915813896,-10.2297539269,0,-0.00120429839858,-10.5496539716,-62.7343121789,1.40961184059
tcn,8.6,12,52092,-0.00121839451699,-0.00122046305968,-0.00125746735261,-0.00118185177112,-10.6731359688,-10.6912564028,-11.0154140088,-10.353021515,0,-0.00121839451699,-10.6731359688,-63.4686071789,1.40961184059
tcn,8.7,12,52092,-0.00123249063539,-0.00123466658421,-0.00127160349635,-0.0011959234136,-10.796617966,-10.8156792777,-11.139246628,-10.4762891031,0,-0.00123249063539,-10.796617966,-64.2029021789,1.40961184059
tcn,8.8,12,52092,-0.0012465867538,-0.00124887010875,-0.0012857396401,-0.00120999505608,-10.9200999633,-10.9401021526,-11.2630792473,-10.5995566912,0,-0.0012465867538,-10.9200999633,-64.9371971789,1.40961184059
tcn,8.9,12,52092,-0.0012606828722,-0.00126307363328,-0.00129987578384,-0.00122392355366,-11.0435819605,-11.0645250275,-11.3869118665,-10.7215703301,0,-0.0012606828722,-11.0435819605,-65.6714921789,1.40961184059
tcn,9,12,52092,-0.00127477899061,-0.00127727715782,-0.00131401192759,-0.00123780284415,-11.1670639577,-11.1889479025,-11.5107444857,-10.8431529147,0,-0.00127477899061,-11.1670639577,-66.4057871789,1.40961184059
tcn,9.1,12,52092,-0.00128887510902,-0.00129148068235,-0.00132814807133,-0.00125168213463,-11.290545955,-11.3133707774,-11.6345771049,-10.9647354994,0,-0.00128887510902,-11.290545955,-67.1400821789,1.40961184059
tcn,9.2,12,52092,-0.00130297122742,-0.00130568420688,-0.00134228421508,-0.00126556142512,-11.4140279522,-11.4377936523,-11.7584097241,-11.086318084,0,-0.00130297122742,-11.4140279522,-67.8743771789,1.40961184059
tcn,9.3,12,52092,-0.00131706734583,-0.00131988773142,-0.00135642035883,-0.0012794407156,-11.5375099495,-11.5622165272,-11.8822423433,-11.2079006687,0,-0.00131706734583,-11.5375099495,-68.6086721789,1.40961184059
tcn,9.4,12,52092,-0.00133116346423,-0.00133409125595,-0.00137055650257,-0.00129332000609,-11.6609919467,-11.6866394021,-12.0060749625,-11.3294832533,0,-0.00133116346423,-11.6609919467,-69.3429671789,1.40961184059
tcn,9.5,12,52092,-0.00134525958264,-0.00134829478048,-0.00138469264632,-0.00130719929658,-11.7844739439,-11.811062277,-12.1299075817,-11.451065838,0,-0.00134525958264,-11.7844739439,-70.0772621789,1.40961184059
tcn,9.6,12,52092,-0.00135935570105,-0.00136249830502,-0.00139882879006,-0.00132107858706,-11.9079559412,-11.9354851519,-12.253740201,-11.5726484227,0,-0.00135935570105,-11.9079559412,-70.8115571789,1.40961184059
tcn,9.7,12,52092,-0.00137345181945,-0.00137670182955,-0.00141296493381,-0.00133495787755,-12.0314379384,-12.0599080269,-12.3775728202,-11.6942310073,0,-0.00137345181945,-12.0314379384,-71.5458521789,1.40961184059
tcn,9.8,12,52092,-0.00138754793786,-0.00139090535408,-0.00142710107755,-0.00134883716803,-12.1549199356,-12.1843309018,-12.5014054394,-11.815813592,0,-0.00138754793786,-12.1549199356,-72.2801471789,1.40961184059
tcn,9.9,12,52092,-0.00140164405626,-0.00140510887862,-0.0014412372213,-0.00136271645852,-12.2784019329,-12.3087537767,-12.6252380586,-11.9373961766,0,-0.00140164405626,-12.2784019329,-73.0144421789,1.40961184059
tcn,10,12,52092,-0.00141574017467,-0.00141931240315,-0.00145537336505,-0.00137659574901,-12.4018839301,-12.4331766516,-12.7490706778,-12.0589787613,0,-0.00141574017467,-12.4018839301,-73.7487371789,1.40961184059
transformer,0,12,52092,2.72387105824e-05,3.2252050963e-05,-1.6385579447e-05,4.56044470734e-05,0.238611104701,0.282527966436,-0.143537675956,0.399494956363,0.916666666667,2.72387105824e-05,0.238611104701,1.41891891166,1.00893131383
transformer,0.1,12,52092,1.71493974441e-05,2.21020279269e-05,-2.64955771434e-05,3.55733482482e-05,0.15022872161,0.193613764639,-0.232101255776,0.311622530654,0.833333333333,1.71493974441e-05,0.15022872161,0.893346411656,1.00893131383
transformer,0.2,12,52092,7.06008430575e-06,1.19520048907e-05,-3.66055748398e-05,2.5542249423e-05,0.0618463385184,0.104699562843,-0.320664835597,0.223750104945,0.75,7.06008430575e-06,0.0618463385184,0.367773911655,1.00893131383
transformer,0.3,12,52092,-3.02922883255e-06,1.80198185455e-06,-4.67155725362e-05,1.55111505978e-05,-0.0265360445731,0.0157853610459,-0.409228415417,0.135877679237,0.5,-3.02922883255e-06,-0.0265360445731,-0.157798588345,1.00893131383
transformer,0.4,12,52092,-1.31185419708e-05,-8.3480411816e-06,-5.68255702326e-05,5.4800517726e-06,-0.114918427665,-0.0731288407508,-0.497791995238,0.048005253528,0.166666666667,-1.31185419708e-05,-0.114918427665,-0.683371088345,1.00893131383
transformer,0.5,12,52092,-2.32078551092e-05,-1.84980642177e-05,-6.6935567929e-05,-4.5510470526e-06,-0.203300810756,-0.162043042547,-0.586355575058,-0.0398671721808,0,-2.32078551092e-05,-0.203300810756,-1.20894358835,1.00893131383
transformer,0.6,12,52092,-3.32971682475e-05,-2.86480872539e-05,-7.70455656254e-05,-1.45821458778e-05,-0.291683193848,-0.250957244344,-0.674919154879,-0.12773959789,0,-3.32971682475e-05,-0.291683193848,-1.73451608835,1.00893131383
transformer,0.7,12,52092,-4.33864813858e-05,-3.87981102901e-05,-8.71555633218e-05,-2.4613244703e-05,-0.380065576939,-0.339871446141,-0.763482734699,-0.215612023598,0,-4.33864813858e-05,-0.380065576939,-2.26008858835,1.00893131383
transformer,0.8,12,52092,-5.34757945241e-05,-4.89481333262e-05,-9.72655610182e-05,-3.46443435282e-05,-0.468447960031,-0.428785647938,-0.852046314519,-0.303484449307,0,-5.34757945241e-05,-0.468447960031,-2.78566108835,1.00893131383
transformer,0.9,12,52092,-6.35651076624e-05,-5.90981563623e-05,-0.000107375558715,-4.46754423534e-05,-0.556830343122,-0.517699849734,-0.94060989434,-0.391356875016,0,-6.35651076624e-05,-0.556830343122,-3.31123358835,1.00893131383
transformer,1,12,52092,-7.36544208007e-05,-6.92481793985e-05,-0.000117485556411,-5.47065411786e-05,-0.645212726214,-0.606614051531,-1.02917347416,-0.479229300725,0,-7.36544208007e-05,-0.645212726214,-3.83680608835,1.00893131383
transformer,1.1,12,52092,-8.3743733939e-05,-7.93982024347e-05,-0.000127595554107,-6.47376400038e-05,-0.733595109305,-0.695528253328,-1.11773705398,-0.567101726433,0,-8.3743733939e-05,-0.733595109305,-4.36237858835,1.00893131383
transformer,1.2,12,52092,-9.38330470773e-05,-8.95482254708e-05,-0.000137705551804,-7.4768738829e-05,-0.821977492397,-0.784442455124,-1.2063006338,-0.654974152142,0,-9.38330470773e-05,-0.821977492397,-4.88795108835,1.00893131383
transformer,1.3,12,52092,-0.000103922360216,-9.96982485069e-05,-0.0001478155495,-8.47998376542e-05,-0.910359875488,-0.873356656921,-1.29486421362,-0.742846577851,0,-0.000103922360216,-0.910359875488,-5.41352358835,1.00893131383
transformer,1.4,12,52092,-0.000114011673354,-0.000109848271543,-0.000157925547197,-9.48309364794e-05,-0.99874225858,-0.962270858718,-1.38342779344,-0.83071900356,0,-0.000114011673354,-0.99874225858,-5.93909608835,1.00893131383
transformer,1.5,12,52092,-0.000124100986492,-0.000119998294579,-0.000168035544893,-0.000104862035305,-1.08712464167,-1.05118506051,-1.47199137326,-0.918591429268,0,-0.000124100986492,-1.08712464167,-6.46466858835,1.00893131383
transformer,1.6,12,52092,-0.00013419029963,-0.000130148317615,-0.000178145542589,-0.00011489313413,-1.17550702476,-1.14009926231,-1.56055495308,-1.00646385498,0,-0.00013419029963,-1.17550702476,-6.99024108835,1.00893131383
transformer,1.7,12,52092,-0.000144279612769,-0.000140298340652,-0.000188255540286,-0.000124924232955,-1.26388940785,-1.22901346411,-1.6491185329,-1.09433628069,0,-0.000144279612769,-1.26388940785,-7.51581358835,1.00893131383
transformer,1.8,12,52092,-0.000154368925907,-0.000150448363688,-0.000198365537982,-0.00013495533178,-1.35227179095,-1.3179276659,-1.73768211272,-1.18220870639,0,-0.000154368925907,-1.35227179095,-8.04138608835,1.00893131383
transformer,1.9,12,52092,-0.000164458239045,-0.000160598386724,-0.000208475535679,-0.000144986430605,-1.44065417404,-1.4068418677,-1.82624569254,-1.2700811321,0,-0.000164458239045,-1.44065417404,-8.56695858835,1.00893131383
transformer,2,12,52092,-0.000174547552184,-0.00017074840976,-0.000218585533375,-0.000155017529431,-1.52903655713,-1.4957560695,-1.91480927236,-1.35795355781,0,-0.000174547552184,-1.52903655713,-9.09253108835,1.00893131383
transformer,2.1,12,52092,-0.000184636865322,-0.000180898432796,-0.000228695531071,-0.000165048628256,-1.61741894022,-1.58467027129,-2.00337285219,-1.44582598352,0,-0.000184636865322,-1.61741894022,-9.61810358835,1.00893131383
transformer,2.2,12,52092,-0.00019472617846,-0.000191048455832,-0.000238805528768,-0.000175079727081,-1.70580132331,-1.67358447309,-2.09193643201,-1.53369840923,0,-0.00019472617846,-1.70580132331,-10.1436760884,1.00893131383
transformer,2.3,12,52092,-0.000204815491599,-0.000201198478868,-0.000248915526464,-0.000185110825906,-1.7941837064,-1.76249867489,-2.18050001183,-1.62157083494,0,-0.000204815491599,-1.7941837064,-10.6692485884,1.00893131383
transformer,2.4,12,52092,-0.000214904804737,-0.000211348501905,-0.000259025524161,-0.000195141924731,-1.8825660895,-1.85141287668,-2.26906359165,-1.70944326065,0,-0.000214904804737,-1.8825660895,-11.1948210884,1.00893131383
transformer,2.5,12,52092,-0.000224994117875,-0.000221498524941,-0.000269135521857,-0.000205173023557,-1.97094847259,-1.94032707848,-2.35762717147,-1.79731568636,0,-0.000224994117875,-1.97094847259,-11.7203935884,1.00893131383
transformer,2.6,12,52092,-0.000235083431013,-0.000231648547977,-0.000279245519553,-0.000215204122382,-2.05933085568,-2.02924128028,-2.44619075129,-1.88518811206,0,-0.000235083431013,-2.05933085568,-12.2459660884,1.00893131383
transformer,2.7,12,52092,-0.000245172744152,-0.000241798571013,-0.00028935551725,-0.000225235221207,-2.14771323877,-2.11815548207,-2.53475433111,-1.97306053777,0,-0.000245172744152,-2.14771323877,-12.7715385884,1.00893131383
transformer,2.8,12,52092,-0.00025526205729,-0.000251948594049,-0.000299465514946,-0.000235266320032,-2.23609562186,-2.20706968387,-2.62331791093,-2.06093296348,0,-0.00025526205729,-2.23609562186,-13.2971110884,1.00893131383
transformer,2.9,12,52092,-0.000265351370428,-0.000262098617085,-0.000309575512643,-0.000245297418857,-2.32447800495,-2.29598388567,-2.71188149075,-2.14880538919,0,-0.000265351370428,-2.32447800495,-13.8226835884,1.00893131383
transformer,3,12,52092,-0.000275440683567,-0.000272248640121,-0.000319685510339,-0.000255328517683,-2.41286038804,-2.38489808746,-2.80044507057,-2.2366778149,0,-0.000275440683567,-2.41286038804,-14.3482560884,1.00893131383
transformer,3.1,12,52092,-0.000285529996705,-0.000282398663158,-0.000329795508035,-0.000265359616508,-2.50124277114,-2.47381228926,-2.88900865039,-2.32455024061,0,-0.000285529996705,-2.50124277114,-14.8738285884,1.00893131383
transformer,3.2,12,52092,-0.000295619309843,-0.000292548686194,-0.000339905505732,-0.000275390715333,-2.58962515423,-2.56272649106,-2.97757223021,-2.41242266632,0,-0.000295619309843,-2.58962515423,-15.3994010884,1.00893131383
transformer,3.3,12,52092,-0.000305708622982,-0.00030269870923,-0.000350015503428,-0.000285421814158,-2.67800753732,-2.65164069285,-3.06613581003,-2.50029509203,0,-0.000305708622982,-2.67800753732,-15.9249735884,1.00893131383
transformer,3.4,12,52092,-0.00031579793612,-0.000312848732266,-0.000360125501125,-0.000295452912983,-2.76638992041,-2.74055489465,-3.15469938985,-2.58816751773,0,-0.00031579793612,-2.76638992041,-16.4505460884,1.00893131383
transformer,3.5,12,52092,-0.000325887249258,-0.000322998755302,-0.000370235498821,-0.000305484011809,-2.8547723035,-2.82946909645,-3.24326296967,-2.67603994344,0,-0.000325887249258,-2.8547723035,-16.9761185884,1.00893131383
transformer,3.6,12,52092,-0.000335976562397,-0.000333148778338,-0.000380345496517,-0.000315515110634,-2.94315468659,-2.91838329824,-3.33182654949,-2.76391236915,0,-0.000335976562397,-2.94315468659,-17.5016910884,1.00893131383
transformer,3.7,12,52092,-0.000346065875535,-0.000343298801375,-0.000390455494214,-0.000325546209459,-3.03153706968,-3.00729750004,-3.42039012931,-2.85178479486,0,-0.000346065875535,-3.03153706968,-18.0272635884,1.00893131383
transformer,3.8,12,52092,-0.000356155188673,-0.000353448824411,-0.00040056549191,-0.000335577308284,-3.11991945278,-3.09621170184,-3.50895370913,-2.93965722057,0,-0.000356155188673,-3.11991945278,-18.5528360884,1.00893131383
transformer,3.9,12,52092,-0.000366244501811,-0.000363547841193,-0.000410675489607,-0.000345608407109,-3.20830183587,-3.18467908885,-3.59751728895,-3.02752964628,0,-0.000366244501811,-3.20830183587,-19.0784085884,1.00893131383
transformer,4,12,52092,-0.00037633381495,-0.000373637970195,-0.000420785487303,-0.000355639505935,-3.29668421896,-3.27306861891,-3.68608086877,-3.11540207199,0,-0.00037633381495,-3.29668421896,-19.6039810884,1.00893131383
transformer,4.1,12,52092,-0.000386423128088,-0.000383728099198,-0.000430895484999,-0.00036567060476,-3.38506660205,-3.36145814897,-3.77464444859,-3.2032744977,0,-0.000386423128088,-3.38506660205,-20.1295535884,1.00893131383
transformer,4.2,12,52092,-0.000396512441226,-0.0003938182282,-0.000441005482696,-0.000375701703585,-3.47344898514,-3.44984767904,-3.86320802842,-3.2911469234,0,-0.000396512441226,-3.47344898514,-20.6551260884,1.00893131383
transformer,4.3,12,52092,-0.000406601754365,-0.000403908357203,-0.000451115480392,-0.00038573280241,-3.56183136823,-3.5382372091,-3.95177160824,-3.37901934911,0,-0.000406601754365,-3.56183136823,-21.1806985884,1.00893131383
transformer,4.4,12,52092,-0.000416691067503,-0.000413998486206,-0.000461225478089,-0.000395763901235,-3.65021375133,-3.62662673916,-4.04033518806,-3.46689177482,0,-0.000416691067503,-3.65021375133,-21.7062710884,1.00893131383
transformer,4.5,12,52092,-0.000426780380641,-0.000424088615208,-0.000471335475785,-0.000405795000061,-3.73859613442,-3.71501626922,-4.12889876788,-3.55476420053,0,-0.000426780380641,-3.73859613442,-22.2318435884,1.00893131383
transformer,4.6,12,52092,-0.00043686969378,-0.000434178744211,-0.000481445473481,-0.000415826098886,-3.82697851751,-3.80340579928,-4.2174623477,-3.64263662624,0,-0.00043686969378,-3.82697851751,-22.7574160884,1.00893131383
transformer,4.7,12,52092,-0.000446959006918,-0.000444268873213,-0.000491555471178,-0.000425857197711,-3.9153609006,-3.89179532935,-4.30602592752,-3.73050905195,0,-0.000446959006918,-3.9153609006,-23.2829885884,1.00893131383
transformer,4.8,12,52092,-0.000457048320056,-0.000454359002216,-0.000501665468874,-0.000435888296536,-4.00374328369,-3.98018485941,-4.39458950734,-3.81838147766,0,-0.000457048320056,-4.00374328369,-23.8085610884,1.00893131383
transformer,4.9,12,52092,-0.000467137633194,-0.000464449131218,-0.000511775466571,-0.000445919395361,-4.09212566678,-4.06857438947,-4.48315308716,-3.90625390337,0,-0.000467137633194,-4.09212566678,-24.3341335884,1.00893131383
transformer,5,12,52092,-0.000477226946333,-0.000474539260221,-0.000521885464267,-0.000455950494187,-4.18050804987,-4.15696391953,-4.57171666698,-3.99412632907,0,-0.000477226946333,-4.18050804987,-24.8597060884,1.00893131383
transformer,5.1,12,52092,-0.000487316259471,-0.000484629389223,-0.000531995461963,-0.000465981593012,-4.26889043297,-4.2453534496,-4.6602802468,-4.08199875478,0,-0.000487316259471,-4.26889043297,-25.3852785884,1.00893131383
transformer,5.2,12,52092,-0.000497405572609,-0.000494719518226,-0.00054210545966,-0.000476012691837,-4.35727281606,-4.33374297966,-4.74884382662,-4.16987118049,0,-0.000497405572609,-4.35727281606,-25.9108510884,1.00893131383
transformer,5.3,12,52092,-0.000507494885748,-0.000504809647228,-0.000552215457356,-0.000486043790662,-4.44565519915,-4.42213250972,-4.83740740644,-4.2577436062,0,-0.000507494885748,-4.44565519915,-26.4364235884,1.00893131383
transformer,5.4,12,52092,-0.000517584198886,-0.000514899776231,-0.000562325455053,-0.000496074889487,-4.53403758224,-4.51052203978,-4.92597098626,-4.34561603191,0,-0.000517584198886,-4.53403758224,-26.9619960884,1.00893131383
transformer,5.5,12,52092,-0.000527673512024,-0.000524989905234,-0.000572435452749,-0.000506105988313,-4.62241996533,-4.59891156985,-5.01453456608,-4.43348845762,0,-0.000527673512024,-4.62241996533,-27.4875685884,1.00893131383
transformer,5.6,12,52092,-0.000537762825163,-0.000535080034236,-0.000582545450445,-0.000516137087138,-4.71080234842,-4.68730109991,-5.1030981459,-4.52136088333,0,-0.000537762825163,-4.71080234842,-28.0131410884,1.00893131383
transformer,5.7,12,52092,-0.000547852138301,-0.000545170163239,-0.000592655448142,-0.000526168185963,-4.79918473152,-4.77569062997,-5.19166172572,-4.60923330904,0,-0.000547852138301,-4.79918473152,-28.5387135884,1.00893131383
transformer,5.8,12,52092,-0.000557941451439,-0.000555260292241,-0.000602765445838,-0.000536199284788,-4.88756711461,-4.86408016003,-5.28022530554,-4.69710573474,0,-0.000557941451439,-4.88756711461,-29.0642860884,1.00893131383
transformer,5.9,12,52092,-0.000568030764577,-0.000565350421244,-0.000612875443535,-0.000546230383613,-4.9759494977,-4.9524696901,-5.36878888536,-4.78497816045,0,-0.000568030764577,-4.9759494977,-29.5898585884,1.00893131383
transformer,6,12,52092,-0.000578120077716,-0.000575440550246,-0.000622985441231,-0.000556261482439,-5.06433188079,-5.04085922016,-5.45735246518,-4.87285058616,0,-0.000578120077716,-5.06433188079,-30.1154310884,1.00893131383
transformer,6.1,12,52092,-0.000588209390854,-0.000585530679249,-0.000633095438927,-0.000566292581264,-5.15271426388,-5.12924875022,-5.545916045,-4.96072301187,0,-0.000588209390854,-5.15271426388,-30.6410035884,1.00893131383
transformer,6.2,12,52092,-0.000598298703992,-0.000595620808251,-0.000643205436624,-0.000576323680089,-5.24109664697,-5.21763828028,-5.63447962482,-5.04859543758,0,-0.000598298703992,-5.24109664697,-31.1665760884,1.00893131383
transformer,6.3,12,52092,-0.000608388017131,-0.000605710937254,-0.00065331543432,-0.000586354778914,-5.32947903006,-5.30602781034,-5.72304320464,-5.13646786329,0,-0.000608388017131,-5.32947903006,-31.6921485884,1.00893131383
transformer,6.4,12,52092,-0.000618477330269,-0.000615801066257,-0.000663425432017,-0.000596385877739,-5.41786141316,-5.39441734041,-5.81160678447,-5.224340289,0,-0.000618477330269,-5.41786141316,-32.2177210884,1.00893131383
transformer,6.5,12,52092,-0.000628566643407,-0.000625891195259,-0.000673535429713,-0.000606416976565,-5.50624379625,-5.48280687047,-5.90017036429,-5.31221271471,0,-0.000628566643407,-5.50624379625,-32.7432935884,1.00893131383
transformer,6.6,12,52092,-0.000638655956546,-0.000635981324262,-0.000683645427409,-0.00061644807539,-5.59462617934,-5.57119640053,-5.98873394411,-5.40008514041,0,-0.000638655956546,-5.59462617934,-33.2688660884,1.00893131383
transformer,6.7,12,52092,-0.000648745269684,-0.000646071453264,-0.000693755425106,-0.000626479174215,-5.68300856243,-5.65958593059,-6.07729752393,-5.48795756612,0,-0.000648745269684,-5.68300856243,-33.7944385884,1.00893131383
transformer,6.8,12,52092,-0.000658834582822,-0.000656161582267,-0.000703865422802,-0.00063651027304,-5.77139094552,-5.74797546066,-6.16586110375,-5.57582999183,0,-0.000658834582822,-5.77139094552,-34.3200110884,1.00893131383
transformer,6.9,12,52092,-0.00066892389596,-0.000666251711269,-0.000713975420499,-0.000646541371865,-5.85977332861,-5.83636499072,-6.25442468357,-5.66370241754,0,-0.00066892389596,-5.85977332861,-34.8455835884,1.00893131383
transformer,7,12,52092,-0.000679013209099,-0.000676341840272,-0.000724085418195,-0.000656572470691,-5.94815571171,-5.92475452078,-6.34298826339,-5.75157484325,0,-0.000679013209099,-5.94815571171,-35.3711560884,1.00893131383
transformer,7.1,12,52092,-0.000689102522237,-0.000686431969274,-0.000734195415891,-0.000666603569516,-6.0365380948,-6.01314405084,-6.43155184321,-5.83944726896,0,-0.000689102522237,-6.0365380948,-35.8967285884,1.00893131383
transformer,7.2,12,52092,-0.000699191835375,-0.000696522098277,-0.000744305413588,-0.000676634668341,-6.12492047789,-6.10153358091,-6.52011542303,-5.92731969467,0,-0.000699191835375,-6.12492047789,-36.4223010884,1.00893131383
transformer,7.3,12,52092,-0.000709281148514,-0.000706612227279,-0.000754415411284,-0.000686665767166,-6.21330286098,-6.18992311097,-6.60867900285,-6.01519212038,0,-0.000709281148514,-6.21330286098,-36.9478735884,1.00893131383
transformer,7.4,12,52092,-0.000719370461652,-0.000716702356282,-0.000764525408981,-0.000696696865991,-6.30168524407,-6.27831264103,-6.69724258267,-6.10306454608,0,-0.000719370461652,-6.30168524407,-37.4734460884,1.00893131383
transformer,7.5,12,52092,-0.00072945977479,-0.000726792485285,-0.000774635406677,-0.000706727964817,-6.39006762716,-6.36670217109,-6.78580616249,-6.19093697179,0,-0.00072945977479,-6.39006762716,-37.9990185884,1.00893131383
transformer,7.6,12,52092,-0.000739549087929,-0.000736882614287,-0.000784745404373,-0.000716759063642,-6.47845001025,-6.45509170115,-6.87436974231,-6.2788093975,0,-0.000739549087929,-6.47845001025,-38.5245910884,1.00893131383
transformer,7.7,12,52092,-0.000749638401067,-0.00074697274329,-0.00079485540207,-0.000726790162467,-6.56683239335,-6.54348123122,-6.96293332213,-6.36668182321,0,-0.000749638401067,-6.56683239335,-39.0501635884,1.00893131383
transformer,7.8,12,52092,-0.000759727714205,-0.000757062872292,-0.000804965399766,-0.000736821261292,-6.65521477644,-6.63187076128,-7.05149690195,-6.45455424892,0,-0.000759727714205,-6.65521477644,-39.5757360884,1.00893131383
transformer,7.9,12,52092,-0.000769817027343,-0.000767153001295,-0.000815075397463,-0.000746852360117,-6.74359715953,-6.72026029134,-7.14006048177,-6.54242667463,0,-0.000769817027343,-6.74359715953,-40.1013085884,1.00893131383
transformer,8,12,52092,-0.000779906340482,-0.000777243130297,-0.000825185395159,-0.000756883458943,-6.83197954262,-6.8086498214,-7.22862406159,-6.63029910034,0,-0.000779906340482,-6.83197954262,-40.6268810884,1.00893131383
transformer,8.1,12,52092,-0.00078999565362,-0.0007873332593,-0.000835295392855,-0.000766914557768,-6.92036192571,-6.89703935147,-7.31718764141,-6.71817152605,0,-0.00078999565362,-6.92036192571,-41.1524535884,1.00893131383
transformer,8.2,12,52092,-0.000800084966758,-0.000797423388302,-0.000845405390552,-0.000776945656593,-7.0087443088,-6.98542888153,-7.40575122123,-6.80604395175,0,-0.000800084966758,-7.0087443088,-41.6780260884,1.00893131383
transformer,8.3,12,52092,-0.000810174279897,-0.000807513517305,-0.000855515388248,-0.000786976755418,-7.09712669189,-7.07381841159,-7.49431480105,-6.89391637746,0,-0.000810174279897,-7.09712669189,-42.2035985884,1.00893131383
transformer,8.4,12,52092,-0.000820263593035,-0.000817603646308,-0.000865625385945,-0.000797007854243,-7.18550907499,-7.16220794165,-7.58287838087,-6.98178880317,0,-0.000820263593035,-7.18550907499,-42.7291710884,1.00893131383
transformer,8.5,12,52092,-0.000830352906173,-0.00082769377531,-0.000875735383641,-0.000807038953069,-7.27389145808,-7.25059747172,-7.6714419607,-7.06966122888,0,-0.000830352906173,-7.27389145808,-43.2547435884,1.00893131383
transformer,8.6,12,52092,-0.000840442219312,-0.000837783904313,-0.000885845381337,-0.000817070051894,-7.36227384117,-7.33898700178,-7.76000554052,-7.15753365459,0,-0.000840442219312,-7.36227384117,-43.7803160884,1.00893131383
transformer,8.7,12,52092,-0.00085053153245,-0.000847874033315,-0.000895955379034,-0.000827101150719,-7.45065622426,-7.42737653184,-7.84856912034,-7.2454060803,0,-0.00085053153245,-7.45065622426,-44.3058885884,1.00893131383
transformer,8.8,12,52092,-0.000860620845588,-0.000857964162318,-0.00090606537673,-0.000837132249544,-7.53903860735,-7.5157660619,-7.93713270016,-7.33327850601,0,-0.000860620845588,-7.53903860735,-44.8314610884,1.00893131383
transformer,8.9,12,52092,-0.000870710158726,-0.00086805429132,-0.000916175374427,-0.000847163348369,-7.62742099044,-7.60415559197,-8.02569627998,-7.42115093172,0,-0.000870710158726,-7.62742099044,-45.3570335884,1.00893131383
transformer,9,12,52092,-0.000880799471865,-0.000878144420323,-0.000926285372123,-0.000857194447195,-7.71580337354,-7.69254512203,-8.1142598598,-7.50902335742,0,-0.000880799471865,-7.71580337354,-45.8826060884,1.00893131383
transformer,9.1,12,52092,-0.000890888785003,-0.000888234549325,-0.000936395369819,-0.00086722554602,-7.80418575663,-7.78093465209,-8.20282343962,-7.59689578313,0,-0.000890888785003,-7.80418575663,-46.4081785884,1.00893131383
transformer,9.2,12,52092,-0.000900978098141,-0.000898324678328,-0.000946505367516,-0.000877256644845,-7.89256813972,-7.86932418215,-8.29138701944,-7.68476820884,0,-0.000900978098141,-7.89256813972,-46.9337510884,1.00893131383
transformer,9.3,12,52092,-0.00091106741128,-0.00090841480733,-0.000956615365212,-0.00088728774367,-7.98095052281,-7.95771371221,-8.37995059926,-7.77264063455,0,-0.00091106741128,-7.98095052281,-47.4593235884,1.00893131383
transformer,9.4,12,52092,-0.000921156724418,-0.000918504936333,-0.000966725362909,-0.000897318842495,-8.0693329059,-8.04610324228,-8.46851417908,-7.86051306026,0,-0.000921156724418,-8.0693329059,-47.9848960884,1.00893131383
transformer,9.5,12,52092,-0.000931246037556,-0.000928595065336,-0.000976835360605,-0.000907349941321,-8.15771528899,-8.13449277234,-8.5570777589,-7.94838548597,0,-0.000931246037556,-8.15771528899,-48.5104685884,1.00893131383
transformer,9.6,12,52092,-0.000941335350695,-0.000938685194338,-0.000986945358301,-0.000917381040146,-8.24609767208,-8.2228823024,-8.64564133872,-8.03625791168,0,-0.000941335350695,-8.24609767208,-49.0360410884,1.00893131383
transformer,9.7,12,52092,-0.000951424663833,-0.000948775323341,-0.000997055355998,-0.000927412138971,-8.33448005518,-8.31127183246,-8.73420491854,-8.12413033739,0,-0.000951424663833,-8.33448005518,-49.5616135884,1.00893131383
transformer,9.8,12,52092,-0.000961513976971,-0.000958865452343,-0.00100716535369,-0.000937443237796,-8.42286243827,-8.39966136253,-8.82276849836,-8.21200276309,0,-0.000961513976971,-8.42286243827,-50.0871860884,1.00893131383
transformer,9.9,12,52092,-0.00097160329011,-0.000968955581346,-0.00101727535139,-0.000947474336621,-8.51124482136,-8.48805089259,-8.91133207818,-8.2998751888,0,-0.00097160329011,-8.51124482136,-50.6127585884,1.00893131383
transformer,10,12,52092,-0.000981692603248,-0.000979045710348,-0.00102738534909,-0.000957505435447,-8.59962720445,-8.57644042265,-8.999895658,-8.38774761451,0,-0.000981692603248,-8.59962720445,-51.1383310884,1.00893131383
