model,horizon_bars,horizon_minutes,cost_bps,cohort,period_count,mean_net_return,annualized_net_return,annualized_volatility,annualized_sharpe,positive_fraction,mean_turnover,cumulative_net_log_return
lightgbm,3,15,0,0,17364,9.29011866428e-06,0.325525757996,0.223375785794,1.45730100888,0.512842662981,0.213516470859,0.161313620487
lightgbm,3,15,0,1,17364,3.12975274962e-06,0.109666536347,0.226887905463,0.483351177856,0.505816632112,0.212033517623,0.0543450267444
lightgbm,3,15,0,2,17364,1.52464447123e-05,0.534235422718,0.223138084332,2.39419202831,0.51059663672,0.207354296245,0.264739265984
lightgbm,3,15,0.25,0,17364,3.9522068928e-06,0.138485329524,0.223377123316,0.619962006262,0.510423865469,0.213516470859,0.0686261204865
lightgbm,3,15,0.25,1,17364,-2.17108519095e-06,-0.0760748250908,0.2268959235,-0.335285111857,0.503685786685,0.212033517623,-0.0376987232556
lightgbm,3,15,0.25,2,17364,1.00625873062e-05,0.352593059208,0.223141455068,1.58013247292,0.508293020041,0.207354296245,0.174726765984
lightgbm,3,15,0.5,0,17364,-1.38570487868e-06,-0.0485550989491,0.223389399988,-0.217356324658,0.508465791292,0.213516470859,-0.0240613795135
lightgbm,3,15,0.5,1,17364,-7.47192313151e-06,-0.261816186528,0.226914340236,-1.15381066819,0.501727712509,0.212033517623,-0.129742473256
lightgbm,3,15,0.5,2,17364,4.87872990002e-06,0.170950695697,0.223155097592,0.766062247924,0.506450126699,0.207354296245,0.084714265984
lightgbm,3,15,1,0,17364,-1.20615284216e-05,-0.422635955894,0.22344676197,-1.89143916058,0.504434462106,0.213516470859,-0.209436379513
lightgbm,3,15,1,1,17364,-1.80735990126e-05,-0.633298909403,0.226982358246,-2.79007987359,0.497293250403,0.212033517623,-0.313829973256
lightgbm,3,15,1,2,17364,-5.48898491223e-06,-0.192334031325,0.223213189049,-0.861660693724,0.501151808339,0.207354296245,-0.095310734016
lightgbm,3,15,2,0,17364,-3.34131755076e-05,-1.17079766979,0.223692569007,-5.23395870941,0.495335176227,0.213516470859,-0.580186379513
lightgbm,3,15,2,1,17364,-3.92769507749e-05,-1.37626435515,0.227242971794,-6.05635608568,0.488251554941,0.212033517623,-0.682004973256
lightgbm,3,15,2,2,17364,-2.62244145367e-05,-0.918903485367,0.223452455752,-4.11229978331,0.491361437457,0.207354296245,-0.455360734016
lightgbm,3,15,5,0,17364,-9.74681167653e-05,-3.41528281146,0.225471223979,-15.1473112674,0.469822621516,0.213516470859,-1.69243637951
lightgbm,3,15,5,1,17364,-0.000102887006062,-3.6051606924,0.229014296154,-15.742077036,0.463775627736,0.212033517623,-1.78652997326
lightgbm,3,15,5,2,17364,-8.84307034103e-05,-3.0986118475,0.225148198764,-13.7625433581,0.467922137756,0.207354296245,-1.53551073402
lightgbm,3,15,10,0,17364,-0.000204226352195,-7.15609138091,0.231803170748,-30.8714128362,0.431755355909,0.213516470859,-3.54618637951
lightgbm,3,15,10,1,17364,-0.000208903764873,-7.31998792115,0.23516945627,-31.1264397905,0.42870306381,0.212033517623,-3.62740497326
lightgbm,3,15,10,2,17364,-0.000192107851533,-6.73145911771,0.231141831723,-29.1226346504,0.432158488827,0.207354296245,-3.33576073402
mlp,3,15,0,0,17364,1.8342193262e-05,0.6427104519,0.179450228365,3.58155271106,0.516413268832,1.41655148583,0.318493843801
mlp,3,15,0,1,17364,1.01932275586e-05,0.357170693652,0.177670193202,2.01030171249,0.50662289795,1.41348479613,0.176995203327
mlp,3,15,0,2,17364,-3.85646829771e-07,-0.0135130649152,0.174854783186,-0.0772816429091,0.502937111265,1.40948226215,-0.00669637155214
mlp,3,15,0.25,0,17364,-1.70715938838e-05,-0.598188649689,0.179431395141,-3.33380147447,0.495853489979,1.41655148583,-0.296431156199
mlp,3,15,0.25,1,17364,-2.51438923447e-05,-0.881041987757,0.177651695771,-4.9593784283,0.484623358673,1.41348479613,-0.436598546673
mlp,3,15,0.25,2,17364,-3.56227033836e-05,-1.24821952656,0.17485378016,-7.13864764845,0.482434922829,1.40948226215,-0.618552621552
mlp,3,15,0.5,0,17364,-5.24853810296e-05,-1.83908775128,0.179425089628,-10.2498917799,0.472990094448,1.41655148583,-0.911356156199
mlp,3,15,0.5,1,17364,-6.04810122479e-05,-2.11925466917,0.177646124154,-11.92964203,0.464812255241,1.41348479613,-1.05019229667
mlp,3,15,0.5,2,17364,-7.08597599373e-05,-2.4829259882,0.174865662088,-14.1990483355,0.460838516471,1.40948226215,-1.23040887155
mlp,3,15,1,0,17364,-0.000123312955321,-4.32088595446,0.179450064389,-24.0784865091,0.43325270675,1.41655148583,-2.1412061562
mlp,3,15,1,1,17364,-0.000131155252054,-4.59568003199,0.177673760401,-25.8658342211,0.427896797973,1.41348479613,-2.27737979667
mlp,3,15,1,2,17364,-0.000141333873045,-4.95233891149,0.174928067457,-28.310716419,0.421273900023,1.40948226215,-2.45412137155
mlp,3,15,2,0,17364,-0.000264968103905,-9.28448236082,0.179650228868,-51.6808824532,0.353950702603,1.41655148583,-4.6009061562
mlp,3,15,2,1,17364,-0.000272503731667,-9.54853075763,0.1778840073,-53.6784104571,0.348018889657,1.41348479613,-4.73175479667
mlp,3,15,2,2,17364,-0.00028228209926,-9.89116475807,0.175207191908,-56.4541024278,0.344793826307,1.40948226215,-4.90154637155
mlp,3,15,5,0,17364,-0.000689933549654,-24.1752715799,0.181442745636,-133.239119013,0.180891499654,1.41655148583,-11.9800061562
mlp,3,15,5,1,17364,-0.000696549170506,-24.4070829345,0.179744009131,-135.788019042,0.181006680488,1.41348479613,-12.0948797967
mlp,3,15,5,2,17364,-0.000705126777906,-24.7076422978,0.177266298036,-139.381498749,0.173001612532,1.40948226215,-12.2438213716
mlp,3,15,10,0,17364,-0.00139820929257,-48.9932536117,0.188252502698,-260.252867344,0.0612762036397,1.41655148583,-24.2785061562
mlp,3,15,10,1,17364,-0.00140329156857,-49.1713365627,0.186778755386,-263.259793444,0.0611610228058,1.41348479613,-24.3667547967
mlp,3,15,10,2,17364,-0.00140986790898,-49.4017715307,0.184593956869,-267.623991428,0.0585118636259,1.40948226215,-24.4809463716
momentum_12,3,15,0,0,17364,-4.198389154e-05,-1.47111555956,0.229415116397,-6.41246131755,0.466712739,0.838732434923,-0.7290082927
momentum_12,3,15,0,1,17364,-5.48076731574e-05,-1.92046086743,0.229039263725,-8.38485435292,0.462623819396,0.842691776088,-0.951680436705
momentum_12,3,15,0,2,17364,-4.990967488e-05,-1.7488350078,0.229622430006,-7.61613317894,0.469995392767,0.835521769178,-0.866631594616
momentum_12,3,15,0.25,0,17364,-6.2952202413e-05,-2.20584517255,0.229420707749,-9.61484773627,0.456864777701,0.838732434923,-1.0931020427
momentum_12,3,15,0.25,1,17364,-7.58749675596e-05,-2.65865886329,0.229054944361,-11.6070791255,0.452084773094,0.842691776088,-1.3174929367
momentum_12,3,15,0.25,2,17364,-7.07977191094e-05,-2.48075207759,0.229640620539,-10.8027581173,0.460147431467,0.835521769178,-1.22933159462
momentum_12,3,15,0.5,0,17364,-8.39205132861e-05,-2.94057478555,0.22943703339,-12.8164784128,0.447131997236,0.838732434923,-1.4571957927
momentum_12,3,15,0.5,1,17364,-9.69422619618e-05,-3.39685685914,0.229081489757,-14.8281594587,0.441833678876,0.842691776088,-1.6833054367
momentum_12,3,15,0.5,2,17364,-9.16857633389e-05,-3.21266914739,0.229669836076,-13.9882067331,0.449032480995,0.835521769178,-1.59203159462
momentum_12,3,15,1,0,17364,-0.000125857135032,-4.41003401153,0.229501876873,-19.2156773253,0.428645473393,0.838732434923,-2.1853832927
momentum_12,3,15,1,1,17364,-0.000139076850766,-4.87325285085,0.229167158182,-21.26505774,0.423577516701,0.842691776088,-2.4149304367
momentum_12,3,15,1,2,17364,-0.000133461851798,-4.67650328699,0.229761323751,-20.3537445322,0.429682100898,0.835521769178,-2.31743159462
momentum_12,3,15,2,0,17364,-0.000209730378525,-7.3489524635,0.229760173871,-31.985319038,0.390808569454,0.838732434923,-3.6417582927
momentum_12,3,15,2,1,17364,-0.000223346028375,-7.82604483426,0.229468602916,-34.1050790166,0.386316516932,0.842691776088,-3.8781804367
momentum_12,3,15,2,2,17364,-0.000217014028716,-7.60417156619,0.230076308231,-33.0506501285,0.390923750288,0.835521769178,-3.76823159462
momentum_12,3,15,5,0,17364,-0.000461350109001,-16.1657078194,0.231556637651,-69.8131912063,0.29330799355,0.838732434923,-8.0108832927
momentum_12,3,15,5,1,17364,-0.000476153561202,-16.6844207845,0.231405504189,-72.1003627072,0.286224372264,0.842691776088,-8.2679304367
momentum_12,3,15,5,2,17364,-0.000467670559469,-16.3871764038,0.232068631843,-70.6134916798,0.291119557706,0.835521769178,-8.12063159462
momentum_12,3,15,10,0,17364,-0.000880716326463,-30.8603000793,0.237856913002,-129.743128715,0.181179451739,0.838732434923,-15.2927582927
momentum_12,3,15,10,1,17364,-0.000897499449246,-31.4483807016,0.237969141374,-132.153188098,0.180315595485,0.842691776088,-15.5841804367
momentum_12,3,15,10,2,17364,-0.000885431444058,-31.0255177998,0.23877006532,-129.93889229,0.184404515089,0.835521769178,-15.3746315946
reversal_12,3,15,0,0,17364,4.19958801564e-05,1.47153564068,0.229334605058,6.41654424682,0.533402441834,0.838545266068,0.729216463036
reversal_12,3,15,0,1,17364,5.48162628626e-05,1.9207618507,0.22900946614,8.38725963202,0.537836903939,0.842432619212,0.951829588346
reversal_12,3,15,0,2,17364,4.98823060959e-05,1.7478760056,0.229616982427,7.612137339,0.530753282654,0.835118636259,0.866156363049
reversal_12,3,15,0.25,0,17364,2.10322485048e-05,0.736969987606,0.229339297557,3.21344835123,0.522978576365,0.838545266068,0.365203963036
reversal_12,3,15,0.25,1,17364,3.37554473823e-05,1.18279087627,0.229004948287,5.16491405588,0.528046533057,0.842432619212,0.586129588346
reversal_12,3,15,0.25,2,17364,2.90043401894e-05,1.01631208024,0.229610295247,4.42624786988,0.52326652845,0.835118636259,0.503631363049
reversal_12,3,15,0.5,0,17364,6.86168530573e-08,0.00240433453113,0.229354727625,0.010483038898,0.514397604239,0.838545266068,0.00119146303649
reversal_12,3,15,0.5,1,17364,1.2694631902e-05,0.444819901845,0.22901129446,1.94234918803,0.518083390924,0.842432619212,0.220429588346
reversal_12,3,15,0.5,2,17364,8.12637428295e-06,0.284748154875,0.229614631169,1.24011328644,0.512497120479,0.835118636259,0.141106363049
reversal_12,3,15,1,0,17364,-4.18586464503e-05,-1.46672697162,0.229417790299,-6.39325733941,0.492743607464,0.838545266068,-0.726833536964
reversal_12,3,15,1,1,17364,-2.94269990586e-05,-1.03112204701,0.229056573721,-4.50160425551,0.496199032481,0.842432619212,-0.510970411654
reversal_12,3,15,1,2,17364,-3.362955753e-05,-1.17837969585,0.229656368235,-5.13105604215,0.493492282884,0.835118636259,-0.583943636951
reversal_12,3,15,2,0,17364,-0.000125713173057,-4.40498958392,0.229672570396,-19.1794325997,0.451624049758,0.838545266068,-2.18288353696
reversal_12,3,15,2,1,17364,-0.00011367026098,-3.98300594473,0.229277357391,-17.3719986572,0.455252246026,0.842432619212,-1.97377041165
reversal_12,3,15,2,2,17364,-0.000117141421156,-4.1046353973,0.229871985914,-17.8561793034,0.453639714352,0.835118636259,-2.03404363695
reversal_12,3,15,5,0,17364,-0.000377276752877,-13.2197774208,0.231458905214,-57.1150088547,0.341568762958,0.838545266068,-6.55103353696
reversal_12,3,15,5,1,17364,-0.000366400046744,-12.8386576379,0.230974825771,-55.5846620733,0.343066113799,0.842432619212,-6.36217041165
reversal_12,3,15,5,2,17364,-0.000367677012034,-12.8834025017,0.231569295738,-55.6351931745,0.340704906704,0.835118636259,-6.38434363695
reversal_12,3,15,10,0,17364,-0.000796549385911,-27.9110904823,0.237744043014,-117.399746923,0.211817553559,0.838545266068,-13.831283537
reversal_12,3,15,10,1,17364,-0.00078761635635,-27.5980771265,0.237157671818,-116.370163845,0.211817553559,0.842432619212,-13.6761704117
reversal_12,3,15,10,2,17364,-0.000785236330163,-27.5146810089,0.237801510636,-115.704399586,0.217691776088,0.835118636259,-13.634843637
ridge,3,15,0,0,17364,2.17641091253e-05,0.762614383751,0.224853137301,3.39161104401,0.508062658374,1.35739173002,0.377911990852
ridge,3,15,0,1,17364,3.492882269e-05,1.22390594706,0.224256943389,5.45760558653,0.514052061737,1.37137180373,0.60650407719
ridge,3,15,0,2,17364,1.9458329382e-05,0.681819861544,0.216866935907,3.14395488041,0.509790370882,1.37314270905,0.337874431388
ridge,3,15,0.25,0,17364,-1.21706841251e-05,-0.426460771743,0.224849017774,-1.89665392344,0.489864086616,1.35739173002,-0.211331759148
ridge,3,15,0.25,1,17364,6.44527596743e-07,0.0225842469899,0.224291237688,0.100691615164,0.496141442064,1.37137180373,0.0111915771898
ridge,3,15,0.25,2,17364,-1.48702383444e-05,-0.521053151586,0.216883991327,-2.40245095269,0.491879751209,1.37314270905,-0.258206818612
ridge,3,15,0.5,0,17364,-4.61054773755e-05,-1.61553592724,0.224855189153,-7.18478383054,0.471377562774,1.35739173002,-0.800575509148
ridge,3,15,0.5,1,17364,-3.36397674966e-05,-1.17873745308,0.22433590427,-5.25434150595,0.479267449896,1.37137180373,-0.58412092281
ridge,3,15,0.5,2,17364,-4.91988060707e-05,-1.72392616472,0.216911484013,-7.94760209474,0.47258696153,1.37314270905,-0.854288068612
ridge,3,15,1,0,17364,-0.000113975063876,-3.99368623823,0.224898399829,-17.7577352318,0.43665054135,1.35739173002,-1.97906300915
ridge,3,15,1,1,17364,-0.000102208357683,-3.58138085322,0.224456328075,-15.955802556,0.442179221378,1.37137180373,-1.77474592281
ridge,3,15,1,2,17364,-0.000117855941523,-4.12967219098,0.216997763812,-19.030943538,0.43607463718,1.37314270905,-2.04645056861
ridge,3,15,2,0,17364,-0.000249714236878,-8.7499868602,0.225108180272,-38.8701416787,0.3699032481,1.35739173002,-4.33603800915
ridge,3,15,2,1,17364,-0.000239345538056,-8.38666765349,0.224821275009,-37.3037100389,0.376410965215,1.37137180373,-4.15599592281
ridge,3,15,2,2,17364,-0.000255170212429,-8.9411642435,0.217295295601,-41.147527924,0.365411195577,1.37314270905,-4.43077556861
ridge,3,15,5,0,17364,-0.000656931755883,-23.0188887261,0.226718271635,-101.530805436,0.222990094448,1.35739173002,-11.4069630091
ridge,3,15,5,1,17364,-0.000650757079176,-22.8025280543,0.226899688675,-100.496074664,0.225696844045,1.37137180373,-11.2997459228
ridge,3,15,5,2,17364,-0.000667113025145,-23.3756404011,0.219179423651,-106.650706584,0.211759963142,1.37314270905,-11.5837505686
ridge,3,15,10,0,17364,-0.00133562762089,-46.800391836,0.232582368711,-201.220720622,0.0984796129924,1.35739173002,-23.1918380091
ridge,3,15,10,1,17364,-0.00133644298104,-46.8289620557,0.233534063909,-200.523046924,0.100092144667,1.37137180373,-23.2059959228
ridge,3,15,10,2,17364,-0.00135368437967,-47.4331006637,0.225520134685,-210.327564454,0.0941603317208,1.37314270905,-23.5053755686
tcn,3,15,0,0,17364,1.4596347661e-06,0.0511456022041,0.193939761134,0.263719012053,0.502937111265,1.36375547109,0.0253450980786
tcn,3,15,0,1,17364,-4.76737214979e-06,-0.167048720128,0.192419965947,-0.86814650084,0.499193734163,1.36552637641,-0.0827806500089
tcn,3,15,0,2,17364,3.60750244713e-06,0.126406885747,0.193762288085,0.652381260549,0.500921446671,1.36541119558,0.062640672492
tcn,3,15,0.25,0,17364,-3.26342520111e-05,-1.14350419047,0.193948151239,-5.89592725253,0.483413959917,1.36375547109,-0.566661151921
tcn,3,15,0.25,1,17364,-3.89055315601e-05,-1.36324982586,0.19242270861,-7.08466186612,0.479843354066,1.36552637641,-0.675555650009
tcn,3,15,0.25,2,17364,-3.05277774423e-05,-1.06969332158,0.193765998755,-5.52054193436,0.480879981571,1.36541119558,-0.530084327508
tcn,3,15,0.5,0,17364,-6.67281387884e-05,-2.33815398314,0.193969456305,-12.0542379594,0.463602856485,1.36375547109,-1.15866740192
tcn,3,15,0.5,1,17364,-7.30436909703e-05,-2.5594509316,0.192438653734,-13.3000874925,0.460608154803,1.36552637641,-1.26833065001
tcn,3,15,0.5,2,17364,-6.46630573317e-05,-2.2657935289,0.193782143913,-11.692478384,0.46141442064,1.36541119558,-1.12280932751
tcn,3,15,1,0,17364,-0.000134915912343,-4.72745356849,0.194050791723,-24.3619390908,0.425420410044,1.36375547109,-2.34267990192
tcn,3,15,1,1,17364,-0.000141320009791,-4.95185314307,0.192510135529,-25.7225580849,0.418970283345,1.36552637641,-2.45388065001
tcn,3,15,1,2,17364,-0.000132933617111,-4.65799394355,0.193851722877,-24.0286435139,0.42265607003,1.36541119558,-2.30825932751
tcn,3,15,2,0,17364,-0.000271291459452,-9.50605273919,0.194368082833,-48.9074780212,0.351243953006,1.36375547109,-4.71070490192
tcn,3,15,2,1,17364,-0.000277872647432,-9.73665756602,0.1928112029,-50.4984016465,0.345657682562,1.36552637641,-4.82498065001
tcn,3,15,2,2,17364,-0.000269474736668,-9.44239477286,0.194139798156,-48.6370896774,0.347903708823,1.36541119558,-4.67915932751
tcn,3,15,5,0,17364,-0.000680418100779,-23.8418502513,0.196544283582,-121.305233695,0.193388620134,1.36375547109,-11.8147799019
tcn,3,15,5,1,17364,-0.000687530560355,-24.0910708348,0.194966600192,-123.565117364,0.189990785533,1.36552637641,-11.93828065
tcn,3,15,5,2,17364,-0.000679098095341,-23.7955972608,0.196184099887,-121.292180531,0.189990785533,1.36541119558,-11.7918593275
tcn,3,15,10,0,17364,-0.00136229583632,-47.7348461048,0.204085167942,-233.896694141,0.076192121631,1.36375547109,-23.6549049019
tcn,3,15,10,1,17364,-0.00137029374856,-48.0150929496,0.202561038938,-237.040119864,0.0757313982953,1.36552637641,-23.79378065
tcn,3,15,10,2,17364,-0.00136180369313,-47.7176014073,0.203372054356,-234.632046957,0.0734277816171,1.36541119558,-23.6463593275
transformer,3,15,0,0,17364,1.84671309016e-05,0.647088266791,0.217788259831,2.97118066554,0.512727482147,1.04522287491,0.320663260975
transformer,3,15,0,1,17364,7.91095311525e-06,0.277199797158,0.212002706877,1.3075295181,0.51059663672,1.04817438378,0.137365789893
transformer,3,15,0,2,17364,3.94465387061e-06,0.138220671626,0.214964046892,0.642994368707,0.510423865469,1.05484047455,0.0684949698092
transformer,3,15,0.25,0,17364,-7.66344097127e-06,-0.268526971633,0.217792934425,-1.23294620343,0.500403132919,1.04522287491,-0.133067989025
transformer,3,15,0.25,1,17364,-1.82934064793e-05,-0.641000963035,0.212028564082,-3.0231821161,0.497466021654,1.04817438378,-0.317646710107
transformer,3,15,0.25,2,17364,-2.2426357993e-05,-0.785819584075,0.215008159088,-3.65483611138,0.496774936651,1.05484047455,-0.389411280191
transformer,3,15,0.5,0,17364,-3.37940128441e-05,-1.18414221006,0.217813884688,-5.43648634592,0.4867542041,1.04522287491,-0.586799239025
transformer,3,15,0.5,1,17364,-4.44977660739e-05,-1.55920172323,0.212071112526,-7.352258894,0.484162635337,1.04817438378,-0.772659210107
transformer,3,15,0.5,2,17364,-4.87973698566e-05,-1.70985983978,0.215068857423,-7.9502902478,0.485544805344,1.05484047455,-0.847317530191
transformer,3,15,1,0,17364,-8.60551565898e-05,-3.01537268691,0.217904589796,-13.83804118,0.460147431467,1.04522287491,-1.49426173903
transformer,3,15,1,1,17364,-9.6906485263e-05,-3.39560324362,0.21220623903,-16.0014298313,0.458822851877,1.04817438378,-1.68268421011
transformer,3,15,1,2,17364,-0.000101539393584,-3.55794035118,0.215239952552,-16.5301112038,0.460435383552,1.05484047455,-1.76313003019
transformer,3,15,2,0,17364,-0.000190577444081,-6.6778336406,0.218280858029,-30.5928504263,0.413844736236,1.04522287491,-3.30918673903
transformer,3,15,2,1,17364,-0.000201723923641,-7.06840628439,0.212676083108,-33.2355485445,0.408719189127,1.04817438378,-3.50273421011
transformer,3,15,2,2,17364,-0.000207023441038,-7.25410137399,0.215780304825,-33.6179957659,0.406818705367,1.05484047455,-3.59475503019
transformer,3,15,5,0,17364,-0.000504144306555,-17.6652165017,0.220951426176,-79.950678787,0.290428472702,1.04522287491,-8.75396173903
transformer,3,15,5,1,17364,-0.000516176238776,-18.0868154067,0.215661149377,-83.8668228329,0.288643169777,1.04817438378,-8.96288421011
transformer,3,15,5,2,17364,-0.000523475583402,-18.3425844424,0.218963674203,-83.7699883745,0.27873761806,1.05484047455,-9.08963003019
transformer,3,15,10,0,17364,-0.00102675574401,-35.9775212702,0.230311320146,-156.212561534,0.156645934117,1.04522287491,-17.828586739
transformer,3,15,10,1,17364,-0.00104026343067,-36.4508306106,0.225624737215,-161.555116077,0.155436535361,1.04817438378,-18.0631342101
transformer,3,15,10,2,17364,-0.00105089582067,-36.8233895564,0.229206928807,-160.655656215,0.151577977425,1.05484047455,-18.2477550302
lightgbm,6,30,0,0,8682,9.82617688743e-06,0.172154619068,0.221537494163,0.777090215442,0.509560009214,0.268832066344,0.0853108677367
lightgbm,6,30,0,1,8682,1.12632625683e-05,0.197332360197,0.220111361552,0.896511469491,0.512900253398,0.267939414881,0.0977876456179
lightgbm,6,30,0,2,8682,1.57612819918e-05,0.276137660497,0.218171054814,1.26569338326,0.509444828381,0.2649447132,0.136839450253
lightgbm,6,30,0,3,8682,1.10399289574e-05,0.193419555333,0.219299969892,0.88198623752,0.50794747754,0.265750979037,0.0958486632078
lightgbm,6,30,0,4,8682,-2.65179633787e-06,-0.0464594718395,0.219069835829,-0.212076079136,0.508868924211,0.263101819857,-0.0230228958054
lightgbm,6,30,0,5,8682,1.88281709884e-05,0.329869555717,0.222139601809,1.48496509866,0.519350380097,0.260539046303,0.163466180521
lightgbm,6,30,0.25,0,8682,3.10537522883e-06,0.0544061740091,0.22154198914,0.245579513935,0.507486754204,0.268832066344,0.0269608677367
lightgbm,6,30,0.25,1,8682,4.56477719626e-06,0.0799748964785,0.220096064414,0.363363591673,0.51059663672,0.267939414881,0.0396313956179
lightgbm,6,30,0.25,2,8682,9.13766416183e-06,0.160091876115,0.218152810114,0.733852000492,0.50737157337,0.2649447132,0.079333200253
lightgbm,6,30,0.25,3,8682,4.39615448143e-06,0.0770206265146,0.219283389009,0.351237851908,0.506104584197,0.265750979037,0.0381674132078
lightgbm,6,30,0.25,4,8682,-9.2293418343e-06,-0.161698068937,0.21907219781,-0.738104015724,0.50737157337,0.263101819857,-0.0801291458054
lightgbm,6,30,0.25,5,8682,1.23146948308e-05,0.215753453436,0.222127262009,0.971305599705,0.51796821009,0.260539046303,0.106916180521
lightgbm,6,30,0.5,0,8682,-3.61542642977e-06,-0.0633422710497,0.221553388263,-0.285900710192,0.505413499194,0.268832066344,-0.0313891322633
lightgbm,6,30,0.5,1,8682,-2.13370817577e-06,-0.0373825672395,0.220087653228,-0.169853086673,0.509099285879,0.267939414881,-0.0185248543821
lightgbm,6,30,0.5,2,8682,2.51404633184e-06,0.0440460917338,0.2181414002,0.201915325076,0.505183137526,0.2649447132,0.021826950253
lightgbm,6,30,0.5,3,8682,-2.2476199945e-06,-0.0393783023036,0.219273664892,-0.179585187866,0.50472241419,0.265750979037,-0.0195138367922
lightgbm,6,30,0.5,4,8682,-1.58068873307e-05,-0.276936666034,0.219081121033,-1.26408275039,0.505759041695,0.263101819857,-0.137235395805
lightgbm,6,30,0.5,5,8682,5.80121867326e-06,0.101637351155,0.22212131611,0.457575855103,0.516240497581,0.260539046303,0.0503661805212
lightgbm,6,30,1,0,8682,-1.7057029747e-05,-0.298839161167,0.221596894039,-1.348571073,0.500691085003,0.268832066344,-0.148089132263
lightgbm,6,30,1,1,8682,-1.55306789198e-05,-0.272097494676,0.220091491228,-1.23629265792,0.504607233356,0.267939414881,-0.134837354382
lightgbm,6,30,1,2,8682,-1.07331893281e-05,-0.188045477029,0.218139088374,-0.862043930004,0.501497350841,0.2649447132,-0.093185549747
lightgbm,6,30,1,3,8682,-1.55351689464e-05,-0.27217615994,0.219274789959,-1.24125605133,0.501382170007,0.265750979037,-0.134876336792
lightgbm,6,30,1,4,8682,-2.89619783236e-05,-0.507413860229,0.21911864741,-2.31570368943,0.501151808339,0.263101819857,-0.251447895805
lightgbm,6,30,1,5,8682,-7.22573364188e-06,-0.126594853406,0.222128607519,-0.569916927044,0.512209168394,0.260539046303,-0.0627338194788
lightgbm,6,30,2,0,8682,-4.39402363814e-05,-0.769832941402,0.221766665309,-3.47136455485,0.492858788298,0.268832066344,-0.381489132263
lightgbm,6,30,2,1,8682,-4.2324620408e-05,-0.741527349548,0.220181790095,-3.36779598907,0.496544574983,0.267939414881,-0.367462354382
lightgbm,6,30,2,2,8682,-3.72276606481e-05,-0.652228614555,0.218216486283,-2.9889062264,0.494586500806,0.2649447132,-0.323210549747
lightgbm,6,30,2,3,8682,-4.21102668501e-05,-0.737771875213,0.219359318317,-3.36330309956,0.493780234969,0.265750979037,-0.365601336792
lightgbm,6,30,2,4,8682,-5.52721603093e-05,-0.968368248619,0.219272360369,-4.41628049696,0.49205252246,0.263101819857,-0.479872895805
lightgbm,6,30,2,5,8682,-3.32796382721e-05,-0.583059262528,0.222219902762,-2.62379406741,0.503340244183,0.260539046303,-0.288933819479
lightgbm,6,30,5,0,8682,-0.000124589856285,-2.18281428211,0.222934866331,-9.79126467757,0.471319972357,0.268832066344,-1.08168913226
lightgbm,6,30,5,1,8682,-0.000122706444872,-2.14981691416,0.221111528725,-9.72277170059,0.474199493204,0.267939414881,-1.06533735438
lightgbm,6,30,5,2,8682,-0.000116711074608,-2.04477802713,0.219102888298,-9.33250147007,0.470168164018,0.2649447132,-1.01328554975
lightgbm,6,30,5,3,8682,-0.000121835560561,-2.13455902103,0.220269070498,-9.69068882981,0.470628887353,0.265750979037,-1.05777633679
lightgbm,6,30,5,4,8682,-0.000134202706266,-2.35123141379,0.220359963233,-10.6699573702,0.467403824004,0.263101819857,-1.16514789581
lightgbm,6,30,5,5,8682,-0.000111441352163,-1.9524524899,0.223105566524,-8.75124955559,0.480073715734,0.260539046303,-0.967533819479
lightgbm,6,30,10,0,8682,-0.000259005889457,-4.53778318328,0.22703469911,-19.9871790571,0.436996083852,0.268832066344,-2.24868913226
lightgbm,6,30,10,1,8682,-0.000256676152313,-4.49696618852,0.224820336222,-20.0024884941,0.442064040544,0.267939414881,-2.22846235438
lightgbm,6,30,10,2,8682,-0.000249183431208,-4.36569371476,0.222725277958,-19.6012493723,0.438263073025,0.2649447132,-2.16341054975
lightgbm,6,30,10,3,8682,-0.00025471105008,-4.4625375974,0.223936280305,-19.9277115406,0.434116563004,0.265750979037,-2.21140133679
lightgbm,6,30,10,4,8682,-0.000265753616195,-4.65600335574,0.22422171277,-20.7651761206,0.430891499654,0.263101819857,-2.30727289581
lightgbm,6,30,10,5,8682,-0.000241710875314,-4.23477453551,0.226588763875,-18.6892521195,0.446786454734,0.260539046303,-2.09853381948
mlp,6,30,0,0,8682,1.48164868173e-05,0.259584849039,0.178941765021,1.45066664011,0.515434231744,1.45384128081,0.128636738548
mlp,6,30,0,1,8682,2.50076458502e-05,0.438133955295,0.173903167509,2.51941331243,0.523612070951,1.45769983875,0.217116381271
mlp,6,30,0,2,8682,9.27243861463e-06,0.162453124528,0.170359462439,0.953590262625,0.498733010827,1.45461875144,0.0805033120522
mlp,6,30,0,3,8682,1.04813147617e-06,0.0183632634624,0.173352217386,0.105930363853,0.506910850035,1.44762151578,0.00909987747607
mlp,6,30,0,4,8682,2.38142440606e-06,0.0417225555942,0.174898544487,0.238552903436,0.510366275052,1.44073946095,0.0206755266934
mlp,6,30,0,5,8682,6.34075290433e-06,0.111089990884,0.170127471678,0.652980907716,0.511287721723,1.43889656761,0.0550504167154
mlp,6,30,0.25,0,8682,-2.1529545203e-05,-0.377197631956,0.178943618566,-2.10791329123,0.500806265837,1.45384128081,-0.186919511452
mlp,6,30,0.25,1,8682,-1.14348501185e-05,-0.200338574076,0.173895399227,-1.15206368292,0.508638562543,1.45769983875,-0.0992773687286
mlp,6,30,0.25,2,8682,-2.70930301714e-05,-0.474669888602,0.170331137943,-2.78674759257,0.485487214927,1.45461875144,-0.235221687948
mlp,6,30,0.25,3,8682,-3.51424064183e-05,-0.615694960449,0.173343565736,-3.55187663202,0.491361437457,1.44762151578,-0.305106372524
mlp,6,30,0.25,4,8682,-3.36370621178e-05,-0.589321328303,0.174901324086,-3.36945035369,0.493549873301,1.44073946095,-0.292036973307
mlp,6,30,0.25,5,8682,-2.96316612859e-05,-0.51914670573,0.170118800063,-3.05167157032,0.493204330799,1.43889656761,-0.257262083285
mlp,6,30,0.5,0,8682,-5.78755772233e-05,-1.01398011295,0.178951511622,-5.66622826352,0.486178299931,1.45384128081,-0.502475761452
mlp,6,30,0.5,1,8682,-4.78773460871e-05,-0.838811103447,0.173893879982,-4.82369536832,0.491476618291,1.45769983875,-0.415671118729
mlp,6,30,0.5,2,8682,-6.34584989574e-05,-1.11179290173,0.170309026477,-6.52809146251,0.469822621516,1.45461875144,-0.550946687948
mlp,6,30,0.5,3,8682,-7.13329443128e-05,-1.24975318436,0.173341200906,-7.20978727403,0.478115641557,1.44762151578,-0.619312622524
mlp,6,30,0.5,4,8682,-6.96555486416e-05,-1.2203652122,0.174910455404,-6.9770855572,0.479612992398,1.44073946095,-0.604749473307
mlp,6,30,0.5,5,8682,-6.56040754762e-05,-1.14938340234,0.170116844684,-6.75643499313,0.475927205713,1.43889656761,-0.569574583285
mlp,6,30,1,0,8682,-0.000130567641264,-2.28754507494,0.178985412455,-12.7806229768,0.454733932274,1.45384128081,-1.13358826145
mlp,6,30,1,1,8682,-0.000120762338024,-2.11575616219,0.17390958858,-12.1658396151,0.461068878139,1.45769983875,-1.04845861873
mlp,6,30,1,2,8682,-0.000136189436529,-2.38603892799,0.170283451636,-14.0121597552,0.440105966367,1.45461875144,-1.18239668795
mlp,6,30,1,3,8682,-0.000143714020102,-2.51786963218,0.173355332052,-14.5243275899,0.448974890578,1.44762151578,-1.24772512252
mlp,6,30,1,4,8682,-0.000141692521689,-2.48245298,0.174947768526,-14.1896807311,0.447592720571,1.44073946095,-1.23017447331
mlp,6,30,1,5,8682,-0.000137548903857,-2.40985679557,0.170133082765,-14.1645396439,0.443446210551,1.43889656761,-1.19419958328
mlp,6,30,2,0,8682,-0.000275951769345,-4.83467499892,0.17912561219,-26.9904171705,0.39864086616,1.45384128081,-2.39581326145
mlp,6,30,2,1,8682,-0.000266532321899,-4.66964627967,0.174015956305,-26.8345867749,0.403248099516,1.45769983875,-2.31403361873
mlp,6,30,2,2,8682,-0.000281651311673,-4.93453098052,0.170306919233,-28.9743423388,0.385625431928,1.45461875144,-2.44529668795
mlp,6,30,2,3,8682,-0.00028847617168,-5.05410252783,0.173459001698,-29.1371590887,0.390347846118,1.44762151578,-2.50455012252
mlp,6,30,2,4,8682,-0.000285766467785,-5.00662851559,0.175098525371,-28.5932077668,0.387468325271,1.44073946095,-2.48102447331
mlp,6,30,2,5,8682,-0.000281438560618,-4.93080358203,0.170246110686,-28.9627972244,0.387237963603,1.43889656761,-2.44344958328
mlp,6,30,5,0,8682,-0.000712104153588,-12.4760647709,0.180122494319,-69.2643349073,0.246256622898,1.45384128081,-6.18248826145
mlp,6,30,5,1,8682,-0.000703842273523,-12.3313166321,0.174932059681,-70.4920336193,0.246832527067,1.45769983875,-6.11075861873
mlp,6,30,5,2,8682,-0.000718036937105,-12.5800071381,0.170972914591,-73.578947684,0.237618060355,1.45461875144,-6.23399668795
mlp,6,30,5,3,8682,-0.000722762626414,-12.6628012148,0.174370677208,-72.6200151169,0.238193964524,1.44762151578,-6.27502512252
mlp,6,30,5,4,8682,-0.000717988306071,-12.5791551224,0.176156508174,-71.4089717873,0.235199262843,1.44073946095,-6.23357447331
mlp,6,30,5,5,8682,-0.000713107530901,-12.4936439414,0.171226557483,-72.965573361,0.231628656991,1.43889656761,-6.19119958328
mlp,6,30,10,0,8682,-0.00143902479399,-25.2117143908,0.183664591964,-137.270412991,0.113222759733,1.45384128081,-12.4936132615
mlp,6,30,10,1,8682,-0.0014326921929,-25.1007672195,0.178408260165,-140.69285355,0.103086846349,1.45769983875,-12.4386336187
mlp,6,30,10,2,8682,-0.00144534631283,-25.3224674007,0.174035235157,-145.501957566,0.105390463027,1.45461875144,-12.5484966879
mlp,6,30,10,3,8682,-0.0014465733843,-25.343965693,0.177851429232,-142.50077046,0.0995162404976,1.44762151578,-12.5591501225
mlp,6,30,10,4,8682,-0.00143835803655,-25.2000328003,0.179893039186,-140.083423541,0.100437687169,1.44073946095,-12.4878244733
mlp,6,30,10,5,8682,-0.00143255581471,-25.0983778737,0.174950819896,-143.459618472,0.100207325501,1.43889656761,-12.4374495833
momentum_12,6,30,0,0,8682,-7.56143147979e-05,-1.32476279526,0.222820566646,-5.94542422721,0.460032250633,1.13838977194,-0.656483481075
momentum_12,6,30,0,1,8682,-0.000108105374988,-1.89400616979,0.222963676684,-8.49468486508,0.45139368809,1.14178760654,-0.938570865646
momentum_12,6,30,0,2,8682,-8.18476805428e-05,-1.43397136311,0.224382905394,-6.39073355697,0.456576825616,1.1399447132,-0.710601562473
momentum_12,6,30,0,3,8682,-7.0773635742e-05,-1.2399540982,0.226166660895,-5.48247957188,0.464869845658,1.13954158028,-0.614456705512
momentum_12,6,30,0,4,8682,-7.207345713e-05,-1.26272696892,0.222699757803,-5.67008685316,0.463602856485,1.13671964985,-0.625741754803
momentum_12,6,30,0,5,8682,-6.49987353722e-05,-1.13877784372,0.22408069321,-5.08199893264,0.469246717346,1.12710205022,-0.564319020501
momentum_12,6,30,0.25,0,8682,-0.000104074059096,-1.82337751537,0.222844273721,-8.18229468017,0.449665975582,1.13838977194,-0.903570981075
momentum_12,6,30,0.25,1,8682,-0.000136650065152,-2.39410914146,0.222999353971,-10.7359465345,0.440336328035,1.14178760654,-1.18639586565
momentum_12,6,30,0.25,2,8682,-0.000110346298373,-1.93326714749,0.224404722782,-8.61509117777,0.447477539737,1.1399447132,-0.958026562473
momentum_12,6,30,0.25,3,8682,-9.92621752491e-05,-1.73907331036,0.226192516813,-7.68846527228,0.454388389772,1.13954158028,-0.861794205512
momentum_12,6,30,0.25,4,8682,-0.000100491448376,-1.76061017555,0.222713657352,-7.90526363084,0.453697304768,1.13671964985,-0.872466754803
momentum_12,6,30,0.25,5,8682,-9.31762866276e-05,-1.63244854172,0.224119441756,-7.28383280327,0.458074176457,1.12710205022,-0.808956520501
momentum_12,6,30,0.5,0,8682,-0.000132533803395,-2.32199223548,0.222874147164,-10.4184009901,0.442064040544,1.13838977194,-1.15065848108
momentum_12,6,30,0.5,1,8682,-0.000165194755315,-2.89421211312,0.223041198925,-12.9761323337,0.431697765492,1.14178760654,-1.43422086565
momentum_12,6,30,0.5,2,8682,-0.000138844916203,-2.43256293187,0.224432778572,-10.8387150368,0.437917530523,1.1399447132,-1.20545156247
momentum_12,6,30,0.5,3,8682,-0.000127750714756,-2.23819252253,0.226224504989,-9.89367850592,0.444943561391,1.13954158028,-1.10913170551
momentum_12,6,30,0.5,4,8682,-0.000128909439623,-2.25849338219,0.222733827857,-10.1398759404,0.444943561391,1.13671964985,-1.1191917548
momentum_12,6,30,0.5,5,8682,-0.000121353837883,-2.12611923971,0.224164502783,-9.48463834958,0.447016816402,1.12710205022,-1.0535940205
momentum_12,6,30,1,0,8682,-0.000189453291992,-3.3192216757,0.222952382733,-14.8875810835,0.423750287952,1.13838977194,-1.64483348108
momentum_12,6,30,1,1,8682,-0.000222284135642,-3.89441805645,0.223143377445,-17.4525370237,0.411425938724,1.14178760654,-1.92987086565
momentum_12,6,30,1,2,8682,-0.000195842151863,-3.43115450064,0.224507595482,-15.2830219097,0.419373416264,1.1399447132,-1.70030156247
momentum_12,6,30,1,3,8682,-0.00018472779377,-3.23643094685,0.226306867221,-14.3010726391,0.424671734623,1.13954158028,-1.60380670551
momentum_12,6,30,1,4,8682,-0.000185745422115,-3.25425979546,0.222792974393,-14.606653573,0.424556553789,1.13671964985,-1.6126417548
momentum_12,6,30,1,5,8682,-0.000177708940394,-3.1134606357,0.224273546527,-13.8824247617,0.428933425478,1.12710205022,-1.5428690205
momentum_12,6,30,2,0,8682,-0.000303292269186,-5.31368055614,0.223182707137,-23.8086571505,0.385049527759,1.13838977194,-2.63318348108
momentum_12,6,30,2,1,8682,-0.000336462896296,-5.89482994311,0.223421559846,-26.3843379626,0.375259156876,1.14178760654,-2.92117086565
momentum_12,6,30,2,2,8682,-0.000309836623183,-5.42833763816,0.224731952538,-24.1547211105,0.383667357752,1.1399447132,-2.69000156247
momentum_12,6,30,2,3,8682,-0.000298681951798,-5.23290779551,0.226545031171,-23.0987533403,0.387353144437,1.13954158028,-2.59315670551
momentum_12,6,30,2,4,8682,-0.0002994173871,-5.24579262199,0.222986408632,-23.525167539,0.388850495278,1.13671964985,-2.5995417548
momentum_12,6,30,2,5,8682,-0.000290419145416,-5.08814342769,0.224567180981,-22.6575557723,0.389887122783,1.12710205022,-2.5214190205
momentum_12,6,30,5,0,8682,-0.000644809200769,-11.2970571975,0.224461049358,-50.3296996507,0.287836903939,1.13838977194,-5.59823348108
momentum_12,6,30,5,1,8682,-0.000678999178259,-11.8960656031,0.224842694569,-52.9083928027,0.285648468095,1.14178760654,-5.89507086565
momentum_12,6,30,5,2,8682,-0.000651820037143,-11.4198870507,0.225999397957,-50.5306082847,0.291522690624,1.1399447132,-5.65910156247
momentum_12,6,30,5,3,8682,-0.000640544425883,-11.2223383415,0.227843565232,-49.2545766215,0.290370882285,1.13954158028,-5.56120670551
momentum_12,6,30,5,4,8682,-0.000640433282055,-11.2203911016,0.224164750838,-50.0542170866,0.287721723105,1.13671964985,-5.5602417548
momentum_12,6,30,5,5,8682,-0.000628549760482,-11.0121918036,0.22604816982,-48.7161290109,0.29405666897,1.12710205022,-5.4570690205
momentum_12,6,30,10,0,8682,-0.00121400408674,-21.2693515997,0.228509111985,-93.0787897907,0.183137525916,1.13838977194,-10.5399834811
momentum_12,6,30,10,1,8682,-0.00124989298153,-21.8981250364,0.2291226565,-95.5738091157,0.176111495047,1.14178760654,-10.8515708656
momentum_12,6,30,10,2,8682,-0.00122179239374,-21.4058027384,0.230052633497,-93.0474144676,0.181064270905,1.1399447132,-10.6076015625
momentum_12,6,30,10,3,8682,-0.00121031521602,-21.2047225847,0.23191454373,-91.4333454197,0.185210780926,1.13954158028,-10.5079567055
momentum_12,6,30,10,4,8682,-0.00120879310698,-21.1780552343,0.228083386017,-92.8522484874,0.178760654227,1.13671964985,-10.4947417548
momentum_12,6,30,10,5,8682,-0.00119210078559,-20.8856057636,0.230470400674,-90.6216403603,0.182331260078,1.12710205022,-10.3498190205
reversal_12,6,30,0,0,8682,7.5630249352e-05,1.32504196865,0.222689719641,5.95017125524,0.539507026031,1.13841856715,0.656621824874
reversal_12,6,30,0,1,8682,0.000107694091481,1.88680048275,0.222949965137,8.46288754337,0.548721492744,1.14184519696,0.935000102241
reversal_12,6,30,0,2,8682,8.19923784507e-05,1.43650647046,0.224383133251,6.40202518632,0.543653536052,1.1399447132,0.711857829709
reversal_12,6,30,0,3,8682,7.10164758301e-05,1.24420865654,0.226166158006,5.50130341123,0.536051601014,1.13931121861,0.616565043157
reversal_12,6,30,0,4,8682,7.28216608018e-05,1.27583549725,0.222647447133,5.73029474928,0.536973047685,1.13640290256,0.632237659081
reversal_12,6,30,0,5,8682,6.48706198764e-05,1.13653326023,0.224102437979,5.07148994221,0.530868463488,1.1270444598,0.563206721767
reversal_12,6,30,0.25,0,8682,4.71697851733e-05,0.826414636236,0.222672009217,3.71135392877,0.528680027643,1.13841856715,0.409528074874
reversal_12,6,30,0.25,1,8682,7.91479615574e-05,1.38667228649,0.222920523085,6.2204783449,0.538240036858,1.14184519696,0.687162602241
reversal_12,6,30,0.25,2,8682,5.34937606207e-05,0.937210686075,0.224367408193,4.1771248936,0.534439069339,1.1399447132,0.464432829709
reversal_12,6,30,0.25,3,8682,4.25336953647e-05,0.74519034279,0.226146533133,3.29516589296,0.526376410965,1.13931121861,0.369277543157
reversal_12,6,30,0.25,4,8682,4.44115882379e-05,0.778091025928,0.222639670827,3.49484448588,0.525685325962,1.13640290256,0.385581409081
reversal_12,6,30,0.25,5,8682,3.66945083813e-05,0.642887786841,0.224069936501,2.86913897009,0.521999539277,1.1270444598,0.318581721767
reversal_12,6,30,0.5,0,8682,1.87093209945e-05,0.327787303824,0.222660456579,1.47213972728,0.518083390924,1.13841856715,0.162434324874
reversal_12,6,30,0.5,1,8682,5.06018316334e-05,0.886544090217,0.222897256533,3.97736654101,0.527758580972,1.14184519696,0.439325102241
reversal_12,6,30,0.5,2,8682,2.49951427907e-05,0.437914901694,0.224357923232,1.95185842062,0.523727251785,1.1399447132,0.217007829709
reversal_12,6,30,0.5,3,8682,1.40509148994e-05,0.246172029038,0.226133045969,1.08861589859,0.515779774246,1.13931121861,0.121990043157
reversal_12,6,30,0.5,4,8682,1.6001515674e-05,0.280346554608,0.222638163462,1.25920260142,0.516586040083,1.13640290256,0.138925159081
reversal_12,6,30,0.5,5,8682,8.5183968863e-06,0.149242313448,0.224043748682,0.666130228251,0.511863625893,1.1270444598,0.0739567217669
reversal_12,6,30,1,0,8682,-3.8211607363e-05,-0.669467361,0.222655827982,-3.0067363027,0.5,1.13841856715,-0.331753175126
reversal_12,6,30,1,1,8682,-6.49042821455e-06,-0.113712302319,0.222869257148,-0.510219775369,0.508062658374,1.14184519696,-0.0563498977587
reversal_12,6,30,1,2,8682,-3.20020928693e-05,-0.560676667069,0.224357676245,-2.49903046088,0.504607233356,1.1399447132,-0.277842170291
reversal_12,6,30,1,3,8682,-4.29146460313e-05,-0.751864598468,0.226124488663,-3.32500297917,0.494125777471,1.13931121861,-0.372584956843
reversal_12,6,30,1,4,8682,-4.08186294539e-05,-0.715142388032,0.222653955536,-3.21190066581,0.495507947478,1.13640290256,-0.354387340919
reversal_12,6,30,1,5,8682,-4.78338261038e-05,-0.838048633338,0.224010322345,-3.74111614397,0.492282884128,1.1270444598,-0.415293278233
reversal_12,6,30,2,0,8682,-0.000152053464078,-2.66397669065,0.222720472152,-11.9610768822,0.459571527298,1.13841856715,-1.32012817513
reversal_12,6,30,2,1,8682,-0.00012067494791,-2.11422508739,0.222887415069,-9.48561894683,0.467864547339,1.14184519696,-1.04769989776
reversal_12,6,30,2,2,8682,-0.000145996564189,-2.5578598046,0.224432063369,-11.3970337669,0.46463948399,1.1399447132,-1.26754217029
reversal_12,6,30,2,3,8682,-0.000156845767893,-2.74793785348,0.226181041393,-12.1492846463,0.455425017277,1.13931121861,-1.36173495684
reversal_12,6,30,2,4,8682,-0.00015445891971,-2.70612027331,0.22276073712,-12.1481025261,0.45461875144,1.13640290256,-1.34101234092
reversal_12,6,30,2,5,8682,-0.000160538272084,-2.81263052691,0.224019295232,-12.5553047741,0.450932964755,1.1270444598,-1.39379327823
reversal_12,6,30,5,0,8682,-0.000493579034223,-8.64750467959,0.223504113046,-38.6905840869,0.349573830915,1.13841856715,-4.28525317513
reversal_12,6,30,5,1,8682,-0.000463228506998,-8.11576344261,0.22353418746,-36.306587081,0.354526606773,1.14184519696,-4.02174989776
reversal_12,6,30,5,2,8682,-0.000487979978149,-8.54940921717,0.225252636509,-37.9547575987,0.351186362589,1.1399447132,-4.23664217029
reversal_12,6,30,5,3,8682,-0.000498639133477,-8.73615761851,0.226938660043,-38.4956781574,0.346348767565,1.13931121861,-4.32918495684
reversal_12,6,30,5,4,8682,-0.000495379790477,-8.67905392915,0.223680610631,-38.8011008405,0.34473623589,1.13640290256,-4.30088734092
reversal_12,6,30,5,5,8682,-0.000498651610025,-8.73637620763,0.224651941585,-38.8884963379,0.345888044229,1.1270444598,-4.32929327823
reversal_12,6,30,10,0,8682,-0.0010627883178,-18.6200513278,0.22674782887,-82.1178814397,0.219304307763,1.13841856715,-9.22712817513
reversal_12,6,30,10,1,8682,-0.00103415110548,-18.118327368,0.226561820824,-79.9707881145,0.218152499424,1.14184519696,-8.97849989776
reversal_12,6,30,10,2,8682,-0.00105795233475,-18.5353249048,0.228582379908,-81.0881613545,0.214005989403,1.1399447132,-9.18514217029
reversal_12,6,30,10,3,8682,-0.00106829474278,-18.7165238936,0.230134360715,-81.3286804951,0.214581893573,1.13931121861,-9.27493495684
reversal_12,6,30,10,4,8682,-0.00106358124176,-18.6339433556,0.227179978345,-82.0228238917,0.214121170237,1.13640290256,-9.23401234092
reversal_12,6,30,10,5,8682,-0.00106217383993,-18.6092856755,0.227700559447,-81.7270090186,0.214581893573,1.1270444598,-9.22179327823
ridge,6,30,0,0,8682,4.09941889127e-05,0.71821818975,0.218448681212,3.2878119738,0.51059663672,1.35467058282,0.35591154814
ridge,6,30,0,1,8682,5.28189817255e-05,0.925388559831,0.216946683798,4.2655114318,0.514973508408,1.36667818475,0.458574399341
ridge,6,30,0,2,8682,3.17297412946e-05,0.555905067482,0.209886353439,2.64860034191,0.514052061737,1.37073830915,0.27547761392
ridge,6,30,0,3,8682,1.67919060103e-05,0.294194193301,0.220903600514,1.33177636134,0.505989403363,1.36978806727,0.145787327982
ridge,6,30,0,4,8682,4.50383727288e-05,0.789072290208,0.217889761167,3.62142895555,0.516010135913,1.37764915918,0.391023152031
ridge,6,30,0,5,8682,4.38938370189e-05,0.769020024571,0.210584972239,3.6518276513,0.507601935038,1.37681409813,0.381086292998
ridge,6,30,0.25,0,8682,7.12742434231e-06,0.124872474477,0.218445273295,0.571641915587,0.494816862474,1.35467058282,0.06188029814
ridge,6,30,0.25,1,8682,1.86520271068e-05,0.326783514911,0.216967828591,1.50613810828,0.501842893343,1.36667818475,0.161936899341
ridge,6,30,0.25,2,8682,-2.53871643402e-06,-0.044478311924,0.209874424632,-0.211928213749,0.501842893343,1.37073830915,-0.0220411360801
ridge,6,30,0.25,3,8682,-1.74527956713e-05,-0.305772980162,0.220893746943,-1.38425367125,0.494816862474,1.36978806727,-0.151525172018
ridge,6,30,0.25,4,8682,1.05971437493e-05,0.185661958487,0.217879281445,0.852132232379,0.505067956692,1.37764915918,0.0920044020312
ridge,6,30,0.25,5,8682,9.47348456555e-06,0.165975449588,0.210613963305,0.788055297873,0.49470168164,1.37681409813,0.0822487929981
ridge,6,30,0.5,0,8682,-2.67393402281e-05,-0.468473240796,0.218447095838,-2.14456154246,0.484911310758,1.35467058282,-0.23215095186
ridge,6,30,0.5,1,8682,-1.5514927512e-05,-0.27182153001,0.21699420045,-1.25266725768,0.489748905782,1.36667818475,-0.134700600659
ridge,6,30,0.5,2,8682,-3.68071741626e-05,-0.64486169133,0.209867881216,-3.07270311014,0.486523842433,1.37073830915,-0.31955988608
ridge,6,30,0.5,3,8682,-5.1697497353e-05,-0.905740153624,0.220889012667,-4.10043099331,0.482722874914,1.36978806727,-0.448837672018
ridge,6,30,0.5,4,8682,-2.38440852302e-05,-0.417748373234,0.217874049266,-1.91738472131,0.491822160792,1.37764915918,-0.207014347969
ridge,6,30,0.5,5,8682,-2.49468678878e-05,-0.437069125394,0.210648187026,-2.07487722333,0.481340704907,1.37681409813,-0.216588707002
ridge,6,30,1,0,8682,-9.44728693688e-05,-1.65516467134,0.218466431403,-7.57628831446,0.460492973969,1.35467058282,-0.82021345186
ridge,6,30,1,1,8682,-8.38488367495e-05,-1.46903161985,0.21706261737,-6.76777806169,0.462566228979,1.36667818475,-0.727975600659
ridge,6,30,1,2,8682,-0.00010534408962,-1.84562845014,0.209870952154,-8.79411100585,0.460723335637,1.37073830915,-0.91459738608
ridge,6,30,1,3,8682,-0.000120186900716,-2.10567450055,0.220894902967,-9.53247210445,0.456231283114,1.36978806727,-1.04346267202
ridge,6,30,1,4,8682,-9.27265431892e-05,-1.62456903668,0.217879328668,-7.45627887972,0.464985026492,1.37764915918,-0.805051847969
ridge,6,30,1,5,8682,-9.37875727945e-05,-1.64315827536,0.210732321847,-7.79737185526,0.455079474775,1.37681409813,-0.814263707002
ridge,6,30,2,0,8682,-0.00022993992765,-4.02854753243,0.218567837137,-18.4315660767,0.41131075789,1.35467058282,-1.99633845186
ridge,6,30,2,1,8682,-0.000220516655224,-3.86345179953,0.217262067002,-17.7824497982,0.411886662059,1.36667818475,-1.91452560066
ridge,6,30,2,2,8682,-0.000242417920534,-4.24716196776,0.2099417131,-20.2301958246,0.410274130385,1.37073830915,-2.10467238608
ridge,6,30,2,3,8682,-0.000257165707443,-4.5055431944,0.220968105763,-20.3900159204,0.407049067035,1.36978806727,-2.23271267202
ridge,6,30,2,4,8682,-0.000230491459107,-4.03821036356,0.217952849214,-18.5279081146,0.415687629578,1.37764915918,-2.00112684797
ridge,6,30,2,5,8682,-0.000231468982608,-4.05533657529,0.21096324525,-19.2229531286,0.405321354527,1.37681409813,-2.009613707
ridge,6,30,5,0,8682,-0.000636341102495,-11.1486961157,0.219372348984,-50.8208813341,0.285072563925,1.35467058282,-5.52471345186
ridge,6,30,5,1,8682,-0.000630520110649,-11.0467123386,0.218358744624,-50.5897410136,0.286915457268,1.36667818475,-5.47417560066
ridge,6,30,5,2,8682,-0.000653639413278,-11.4517625206,0.210669572519,-54.3588824135,0.279659064732,1.37073830915,-5.67489738608
ridge,6,30,5,3,8682,-0.000668102127622,-11.7051492759,0.221677850974,-52.8025205248,0.277125086386,1.36978806727,-5.80046267202
ridge,6,30,5,4,8682,-0.000643786206861,-11.2791343442,0.218675798888,-51.5792529468,0.282768947247,1.37764915918,-5.58935184797
ridge,6,30,5,5,8682,-0.000644513212048,-11.2918714751,0.212154235404,-53.2248222788,0.274706288874,1.37681409813,-5.595663707
ridge,6,30,10,0,8682,-0.0013136763939,-23.0156104212,0.222357122732,-103.507412483,0.159179912463,1.35467058282,-11.4053384519
ridge,6,30,10,1,8682,-0.00131385920302,-23.018813237,0.221817403164,-103.773702643,0.158604008293,1.36667818475,-11.4069256007
ridge,6,30,10,2,8682,-0.00133900856785,-23.4594301087,0.213577467916,-109.840379407,0.148813637411,1.37073830915,-11.6252723861
ridge,6,30,10,3,8682,-0.00135299616126,-23.7044927452,0.22447370175,-105.60031113,0.146394839899,1.36978806727,-11.746712672
ridge,6,30,10,4,8682,-0.00133261078645,-23.3473409786,0.221533251498,-105.389781537,0.15261460493,1.37764915918,-11.569726848
ridge,6,30,10,5,8682,-0.00133292026112,-23.3527629747,0.215766701813,-108.23154258,0.146049297397,1.37681409813,-11.572413707
tcn,6,30,0,0,8682,-1.58267577369e-05,-0.27728479555,0.187336007804,-1.48014681641,0.493780234969,1.36313637411,-0.137407910671
tcn,6,30,0,1,8682,-2.50414396101e-06,-0.0438726021968,0.188497536957,-0.232748941472,0.504146510021,1.37563349459,-0.0217409778695
tcn,6,30,0,2,8682,1.28308941564e-05,0.22479726562,0.189975358979,1.18329696456,0.502418797512,1.38291868233,0.111397823066
tcn,6,30,0,3,8682,7.83845033991e-06,0.137329649955,0.189929231858,0.723056943955,0.5,1.3807878369,0.0680534258511
tcn,6,30,0,4,8682,-2.24835879393e-05,-0.393912460697,0.185411969345,-2.1245255206,0.498272287491,1.38695001152,-0.195202510489
tcn,6,30,0,5,8682,3.76741969099e-06,0.0660051929862,0.187055426086,0.352864358802,0.498157106657,1.38297627275,0.0327087377572
tcn,6,30,0.25,0,8682,-4.99051670895e-05,-0.874338527409,0.187337690515,-4.66717895905,0.480879981571,1.36313637411,-0.433276660671
tcn,6,30,0.25,1,8682,-3.68949813257e-05,-0.646400072826,0.188500774965,-3.42916400713,0.490439990786,1.37563349459,-0.320322227869
tcn,6,30,0.25,2,8682,-2.17420729019e-05,-0.380921117241,0.189982946598,-2.00502794626,0.488251554941,1.38291868233,-0.188764676934
tcn,6,30,0.25,3,8682,-2.66812455827e-05,-0.467455422609,0.189927079278,-2.46123630387,0.485026491592,1.3807878369,-0.231646574149
tcn,6,30,0.25,4,8682,-5.71573382273e-05,-1.00139656574,0.185410361829,-5.40097411958,0.484565768256,1.38695001152,-0.496240010489
tcn,6,30,0.25,5,8682,-3.08069871277e-05,-0.539738414478,0.187046920289,-2.88557765957,0.482722874914,1.38297627275,-0.267466262243
tcn,6,30,0.5,0,8682,-8.39835764422e-05,-1.47139225927,0.187346109959,-7.85387142327,0.46728864317,1.36313637411,-0.729145410671
tcn,6,30,0.5,1,8682,-7.12858186903e-05,-1.24892754345,0.188510820749,-6.62522999207,0.472356599862,1.37563349459,-0.618903477869
tcn,6,30,0.5,2,8682,-5.63150399602e-05,-0.986639500102,0.189997136345,-5.19291774119,0.474429854872,1.38291868233,-0.488927176934
tcn,6,30,0.5,3,8682,-6.12009415053e-05,-1.07224049517,0.189931317231,-5.6454117773,0.46993780235,1.3807878369,-0.531346574149
tcn,6,30,0.5,4,8682,-9.18310885152e-05,-1.60888067079,0.185415293205,-8.67717351127,0.467634185672,1.38695001152,-0.797277510489
tcn,6,30,0.5,5,8682,-6.53813939464e-05,-1.14548202194,0.18704483324,-6.12410405624,0.467519004838,1.38297627275,-0.567641262243
tcn,6,30,1,0,8682,-0.000152140395148,-2.66549972299,0.187383154688,-14.2248631016,0.439069338862,1.36313637411,-1.32088291067
tcn,6,30,1,1,8682,-0.00014006749342,-2.45398248471,0.188551330556,-13.0149306158,0.443906933886,1.37563349459,-1.21606597787
tcn,6,30,1,2,8682,-0.000125460974077,-2.19807626582,0.190045315621,-11.5660639076,0.447823082239,1.38291868233,-1.08925217693
tcn,6,30,1,3,8682,-0.00013024033335,-2.2818106403,0.189958962375,-12.0121241544,0.439990785533,1.3807878369,-1.13074657415
tcn,6,30,1,4,8682,-0.000161178589091,-2.82384888088,0.185444769854,-15.2274387846,0.437917530523,1.38695001152,-1.39935251049
tcn,6,30,1,5,8682,-0.000134530207584,-2.35696923687,0.187059915578,-12.6000764492,0.437111264686,1.38297627275,-1.16799126224
tcn,6,30,2,0,8682,-0.000288454032558,-5.05371465042,0.187537996391,-26.9476839237,0.385164708592,1.36313637411,-2.50435791067
tcn,6,30,2,1,8682,-0.000277630842878,-4.86409236723,0.188713946303,-25.7749491361,0.388504952776,1.37563349459,-2.41039097787
tcn,6,30,2,2,8682,-0.00026375284231,-4.62094979727,0.190220788665,-24.2925593448,0.3933425478,1.38291868233,-2.28990217693
tcn,6,30,2,3,8682,-0.000268319117041,-4.70095093056,0.190090877067,-24.7300186263,0.39069338862,1.3807878369,-2.32954657415
tcn,6,30,2,4,8682,-0.000299873590243,-5.25378530106,0.185582120613,-28.3097600335,0.382170006911,1.38695001152,-2.60350251049
tcn,6,30,2,5,8682,-0.000272827834859,-4.77994366672,0.187167070414,-25.5383794605,0.378944943561,1.38297627275,-2.36869126224
tcn,6,30,5,0,8682,-0.000697394944791,-12.2183594327,0.188645116321,-64.7690206405,0.253052292099,1.36313637411,-6.05478291067
tcn,6,30,5,1,8682,-0.000690320891254,-12.0944220148,0.189850994483,-63.7048125438,0.252821930431,1.37563349459,-5.99336597787
tcn,6,30,5,2,8682,-0.000678628447009,-11.8895703916,0.191376531145,-62.126585326,0.256277355448,1.38291868233,-5.89185217693
tcn,6,30,5,3,8682,-0.000682555468112,-11.9583718013,0.191096790461,-62.5775648688,0.25662289795,1.3807878369,-5.92594657415
tcn,6,30,5,4,8682,-0.000715958593698,-12.5435945616,0.186618287354,-67.2152485133,0.245795899562,1.38695001152,-6.21595251049
tcn,6,30,5,5,8682,-0.000687720716683,-12.0488669563,0.188101931942,-64.054987803,0.241764570375,1.38297627275,-5.97079126224
tcn,6,30,10,0,8682,-0.00137896313184,-24.1594340699,0.192584643012,-125.448393455,0.125316747293,1.36313637411,-11.9721579107
tcn,6,30,10,1,8682,-0.00137813763855,-24.1449714274,0.193861136498,-124.547765806,0.126583736466,1.37563349459,-11.9649909779
tcn,6,30,10,2,8682,-0.00137008778817,-24.0039380488,0.195353150296,-122.874588981,0.127390002304,1.38291868233,-11.8951021769
tcn,6,30,10,3,8682,-0.00137294938656,-24.0540732526,0.194766143504,-123.502333721,0.12462566229,1.3807878369,-11.9199465741
tcn,6,30,10,4,8682,-0.00140943359946,-24.6932766625,0.190381420693,-129.7042357,0.115871918913,1.38695001152,-12.2367025105
tcn,6,30,10,5,8682,-0.00137920885306,-24.1637391056,0.191664960946,-126.072804264,0.11875143976,1.38297627275,-11.9742912622
transformer,6,30,0,0,8682,7.66546017316e-06,0.134298862234,0.212923950703,0.630736287722,0.513706519235,1.03731859019,0.0665515252234
transformer,6,30,0,1,8682,1.32447189441e-05,0.2320474759,0.208856396593,1.11103839617,0.513130615066,1.06395415803,0.114990649873
transformer,6,30,0,2,8682,5.79994072777e-06,0.10161496155,0.209906131095,0.484097158194,0.504376871689,1.0509387238,0.0503550853985
transformer,6,30,0,3,8682,2.24984801578e-05,0.394173372364,0.214249579994,1.83978597472,0.516701220917,1.05456692006,0.19533180473
transformer,6,30,0,4,8682,8.91184873336e-06,0.156135589808,0.209433683419,0.745513268255,0.50207325501,1.04463257314,0.077372670703
transformer,6,30,0,5,8682,2.90831912475e-05,0.509537510656,0.212935353798,2.39292114516,0.512439530062,1.0557187284,0.25250026641
transformer,6,30,0.25,0,8682,-1.82675045815e-05,-0.320046680268,0.212945374015,-1.50295202114,0.503685786685,1.03731859019,-0.158598474777
transformer,6,30,0.25,1,8682,-1.33541350066e-05,-0.233964445316,0.208857796688,-1.12020929564,0.503340244183,1.06395415803,-0.115940600127
transformer,6,30,0.25,2,8682,-2.04735273671e-05,-0.358696199472,0.209921323289,-1.708717313,0.494356139138,1.0509387238,-0.177751164602
transformer,6,30,0.25,3,8682,-3.86569284386e-06,-0.0677269386244,0.214257624336,-0.316100483398,0.507256392536,1.05456692006,-0.0335619452704
transformer,6,30,0.25,4,8682,-1.72039655951e-05,-0.301413477227,0.209454467406,-1.43904057507,0.490555171619,1.04463257314,-0.149364829297
transformer,6,30,0.25,5,8682,2.69022303737e-06,0.0471327076148,0.212954083354,0.221328029369,0.502533978346,1.0557187284,0.0233565164105
transformer,6,30,0.5,0,8682,-4.42004693362e-05,-0.77439222277,0.212974907333,-3.63607258933,0.493434692467,1.03731859019,-0.383748474777
transformer,6,30,0.5,1,8682,-3.99529889573e-05,-0.699976366532,0.208867501794,-3.35129381316,0.493319511633,1.06395415803,-0.346871850127
transformer,6,30,0.5,2,8682,-4.67469954621e-05,-0.819007360495,0.209944883329,-3.90105892322,0.485026491592,1.0509387238,-0.405857414602
transformer,6,30,0.5,3,8682,-3.02298658455e-05,-0.529627249613,0.214274062803,-2.47172822825,0.496199032481,1.05456692006,-0.26245569527
transformer,6,30,0.5,4,8682,-4.33197799236e-05,-0.758962544262,0.209483547407,-3.62301743338,0.481916609076,1.04463257314,-0.376102329297
transformer,6,30,0.5,5,8682,-2.37027451727e-05,-0.415272095426,0.212981172382,-1.94980659925,0.492743607464,1.0557187284,-0.20578723359
transformer,6,30,1,0,8682,-9.60663988455e-05,-1.68308330777,0.213058289572,-7.89963775244,0.474314674038,1.03731859019,-0.834048474777
transformer,6,30,1,1,8682,-9.31506968587e-05,-1.63200020896,0.208911821419,-7.81190933994,0.473738769869,1.06395415803,-0.808734350127
transformer,6,30,1,2,8682,-9.92939316519e-05,-1.73962968254,0.210017094682,-8.28327658362,0.46936189818,1.0509387238,-0.862069914602
transformer,6,30,1,3,8682,-8.29582118487e-05,-1.45342787159,0.214332113399,-6.78119507404,0.478115641557,1.05456692006,-0.72024319527
transformer,6,30,1,4,8682,-9.55514085806e-05,-1.67406067833,0.209566580653,-7.98820438408,0.465330568993,1.04463257314,-0.829577329297
transformer,6,30,1,5,8682,-7.64886815929e-05,-1.34008170151,0.213060415117,-6.2896793887,0.475696844045,1.0557187284,-0.66407473359
transformer,6,30,2,0,8682,-0.000199798257864,-3.50046547778,0.213322163998,-16.4092910562,0.437456807187,1.03731859019,-1.73464847478
transformer,6,30,2,1,8682,-0.000199546112662,-3.49604789383,0.209100003635,-16.7195018319,0.438378253859,1.06395415803,-1.73245935013
transformer,6,30,2,2,8682,-0.000204387804032,-3.58087432663,0.21026174088,-17.0305558759,0.430315595485,1.0509387238,-1.7744949146
transformer,6,30,2,3,8682,-0.000188414903855,-3.30102911554,0.214548793206,-15.3859132285,0.43872379636,1.05456692006,-1.63581819527
transformer,6,30,2,4,8682,-0.000200014665895,-3.50425694647,0.209831981684,-16.7002995365,0.431812946326,1.04463257314,-1.7365273293
transformer,6,30,2,5,8682,-0.000182060554433,-3.18970091367,0.21331900833,-14.9527270853,0.439760423865,1.0557187284,-1.58064973359
transformer,6,30,5,0,8682,-0.00051099383492,-8.9526119878,0.214885057405,-41.662329135,0.339553098364,1.03731859019,-4.43644847478
transformer,6,30,5,1,8682,-0.00051873236007,-9.08819094843,0.210456277313,-43.1832733357,0.343354065883,1.06395415803,-4.50363435013
transformer,6,30,5,2,8682,-0.00051966942117,-9.10460825891,0.211791876913,-42.9884676958,0.338862013361,1.0509387238,-4.5117699146
transformer,6,30,5,3,8682,-0.000504784979874,-8.8438328474,0.215998424341,-40.9439692644,0.334485141672,1.05456692006,-4.38254319527
transformer,6,30,5,4,8682,-0.000513404437837,-8.9948457509,0.21141697183,-42.5455235359,0.335752130845,1.04463257314,-4.4573773293
transformer,6,30,5,5,8682,-0.000498776172954,-8.73855855016,0.214889914108,-40.6652801106,0.341856715043,1.0557187284,-4.33037473359
transformer,6,30,10,0,8682,-0.00102965313001,-18.0395228378,0.219992477458,-82.0006349594,0.218843584428,1.03731859019,-8.93944847478
transformer,6,30,10,1,8682,-0.00105070943908,-18.4084293728,0.215291398914,-85.5047134516,0.217691776088,1.06395415803,-9.12225935013
transformer,6,30,10,2,8682,-0.00104513878307,-18.3108314794,0.216925333182,-84.4107565069,0.216079244414,1.0509387238,-9.0738949146
transformer,6,30,10,3,8682,-0.00103206843991,-18.0818390672,0.221012882555,-81.8135072406,0.214236351071,1.05456692006,-8.96041819527
transformer,6,30,10,4,8682,-0.00103572072441,-18.1458270916,0.216615846766,-83.7696196399,0.219649850265,1.04463257314,-8.9921273293
transformer,6,30,10,5,8682,-0.00102663553716,-17.986654611,0.220087406014,-81.7250515908,0.215618521078,1.0557187284,-8.91324973359
lightgbm,12,60,0,0,4341,4.62908565932e-05,0.405507903756,0.216265499537,1.87504666544,0.515779774246,0.334830684174,0.200948608471
lightgbm,12,60,0,1,4341,2.51775660738e-05,0.220555478806,0.217649715318,1.01335064227,0.515549412578,0.336155263764,0.109295814326
lightgbm,12,60,0,2,4341,1.67512252526e-05,0.146740733213,0.213862744838,0.686144439621,0.518774475927,0.334427551255,0.0727170688214
lightgbm,12,60,0,3,4341,3.94859017352e-05,0.3458964992,0.21496291169,1.60909850207,0.514858327574,0.331778392076,0.171408299432
lightgbm,12,60,0,4,4341,9.45626758514e-06,0.0828369040458,0.210450559986,0.393616933362,0.509099285879,0.331605620825,0.0410496575871
lightgbm,12,60,0,5,4341,9.5497008746e-06,0.0836553796615,0.21501372363,0.389069954462,0.511633264225,0.328783690394,0.0414552514967
lightgbm,12,60,0,6,4341,-1.10091076615e-05,-0.0964397831151,0.21492284461,-0.448718158789,0.51739230592,0.343757198802,-0.0477905363587
lightgbm,12,60,0,7,4341,-3.76171445307e-06,-0.0329526186089,0.211467584603,-0.155828226207,0.514627965906,0.340820087537,-0.0163296024408
lightgbm,12,60,0,8,4341,1.49178621623e-07,0.00130680472542,0.211284532963,0.00618504680438,0.5132457959,0.335176226676,0.000647584396466
lightgbm,12,60,0,9,4341,-5.33555524248e-07,-0.00467394639241,0.213065619168,-0.021936652242,0.514397604239,0.333851647086,-0.00231616453076
lightgbm,12,60,0,10,4341,-5.68538292645e-06,-0.0498039544357,0.214051917641,-0.232672311393,0.512554710896,0.33529140751,-0.0246802472837
lightgbm,12,60,0,11,4341,4.12831372473e-05,0.361640282287,0.2168930765,1.66736664961,0.52269062428,0.334312370422,0.179210098791
lightgbm,12,60,0.25,0,4341,3.79200894888e-05,0.332179983922,0.216250884664,1.53608612717,0.514397604239,0.334830684174,0.164611108471
lightgbm,12,60,0.25,1,4341,1.67736844797e-05,0.146937476042,0.217646518935,0.675119807847,0.513936880903,0.336155263764,0.0728145643263
lightgbm,12,60,0.25,2,4341,8.39053647119e-06,0.0735010994877,0.213869353947,0.343672892498,0.517161944252,0.334427551255,0.0364233188214
lightgbm,12,60,0.25,3,4341,3.11914419333e-05,0.273237031336,0.214930274713,1.27128219466,0.513015434232,0.331778392076,0.135402049432
lightgbm,12,60,0.25,4,4341,1.16612706452e-06,0.0102152730852,0.21046379579,0.048536961176,0.507256392536,0.331605620825,0.00506215758709
lightgbm,12,60,0.25,5,4341,1.33010861476e-06,0.0116517514653,0.21504268736,0.0541834349649,0.510942179221,0.328783690394,0.00577400149666
lightgbm,12,60,0.25,6,4341,-1.96030376316e-05,-0.171722609653,0.214936348105,-0.79894634466,0.516240497581,0.343757198802,-0.0850967863587
lightgbm,12,60,0.25,7,4341,-1.22822166415e-05,-0.10759221778,0.21145969782,-0.508807204818,0.512785072564,0.340820087537,-0.0533171024408
lightgbm,12,60,0.25,8,4341,-8.23022704527e-06,-0.0720967889166,0.211281495196,-0.341235700029,0.512554710896,0.335176226676,-0.0357274156035
lightgbm,12,60,0.25,9,4341,-8.8798467014e-06,-0.0777874571042,0.213070322809,-0.365078796891,0.512554710896,0.333851647086,-0.0385474145308
lightgbm,12,60,0.25,10,4341,-1.40676681142e-05,-0.12323277268,0.214057242905,-0.57570008381,0.510711817554,0.33529140751,-0.0610677472837
lightgbm,12,60,0.25,11,4341,3.29253279868e-05,0.288425873164,0.216899404635,1.32976793389,0.520156645934,0.334312370422,0.142928848791
lightgbm,12,60,0.5,0,4341,2.95493223845e-05,0.258852064088,0.216240595095,1.19705582559,0.513015434232,0.334830684174,0.128273608471
lightgbm,12,60,0.5,1,4341,8.36980288559e-06,0.0733194732778,0.217647598828,0.336872419786,0.511172540889,0.336155263764,0.0363333143263
lightgbm,12,60,0.5,2,4341,2.98476898065e-08,0.000261465762705,0.213880291817,0.00122248646888,0.515779774246,0.334427551255,0.00012956882145
lightgbm,12,60,0.5,3,4341,2.28969821314e-05,0.200577563471,0.214901886344,0.933344824855,0.511402902557,0.331778392076,0.0993957994324
lightgbm,12,60,0.5,4,4341,-7.1240134561e-06,-0.0624063578754,0.210481229428,-0.296493697063,0.505413499194,0.331605620825,-0.0309253424129
lightgbm,12,60,0.5,5,4341,-6.88948364509e-06,-0.060351876731,0.215075766585,-0.280607516547,0.509790370882,0.328783690394,-0.0299072485033
lightgbm,12,60,0.5,6,4341,-2.81969676016e-05,-0.24700543619,0.214954351955,-1.14910646816,0.513706519235,0.343757198802,-0.122403036359
lightgbm,12,60,0.5,7,4341,-2.08027188299e-05,-0.18223181695,0.211456361298,-0.861793969362,0.511172540889,0.340820087537,-0.0903046024408
lightgbm,12,60,0.5,8,4341,-1.66096327122e-05,-0.145500382559,0.211282770228,-0.688652379945,0.511402902557,0.335176226676,-0.0721024156035
lightgbm,12,60,0.5,9,4341,-1.72261378785e-05,-0.150900967816,0.213079302288,-0.708191580299,0.510711817554,0.333851647086,-0.0747786645308
lightgbm,12,60,0.5,10,4341,-2.24499533019e-05,-0.196661590925,0.214066836069,-0.918692472577,0.509329647547,0.33529140751,-0.0974552472837
lightgbm,12,60,0.5,11,4341,2.45675187262e-05,0.215211464042,0.216909898342,0.992169862632,0.51739230592,0.334312370422,0.106647598791
lightgbm,12,60,1,0,4341,1.28077881758e-05,0.11219622442,0.216232994077,0.518867275082,0.507717115872,0.334830684174,0.055598608471
lightgbm,12,60,1,1,4341,-8.43796030262e-06,-0.0739165322509,0.217662586933,-0.339592271196,0.507717115872,0.336155263764,-0.0366291856737
lightgbm,12,60,1,2,4341,-1.6691529873e-05,-0.146217801687,0.213915150917,-0.68353176977,0.511402902557,0.334427551255,-0.0724579311786
lightgbm,12,60,1,3,4341,6.30806252761e-06,0.0552586277419,0.214857861913,0.257186901377,0.508408200875,0.331778392076,0.0273832994324
lightgbm,12,60,1,4,4341,-2.37042944973e-05,-0.207649619797,0.210528685781,-0.986324590526,0.501266989173,0.331605620825,-0.102900342413
lightgbm,12,60,1,5,4341,-2.33286681648e-05,-0.204359133124,0.215154263689,-0.949826090449,0.505643860862,0.328783690394,-0.101269748503
lightgbm,12,60,1,6,4341,-4.53848275417e-05,-0.397571089266,0.215003855918,-1.84913469374,0.510481455886,0.343757198802,-0.197015536359
lightgbm,12,60,1,7,4341,-3.78437232068e-05,-0.331511015292,0.211463339604,-1.56769970583,0.507717115872,0.340820087537,-0.164279602441
lightgbm,12,60,1,8,4341,-3.3368444046e-05,-0.292307569843,0.211298258108,-1.38338845033,0.506795669201,0.335176226676,-0.144852415604
lightgbm,12,60,1,9,4341,-3.39187202328e-05,-0.29712798924,0.21311008634,-1.39424648707,0.506334945865,0.333851647086,-0.147241164531
lightgbm,12,60,1,10,4341,-3.92145236774e-05,-0.343519227414,0.214098823552,-1.60448909394,0.505413499194,0.33529140751,-0.170230247284
lightgbm,12,60,1,11,4341,7.85190020517e-06,0.0687826457973,0.216943379817,0.317053444338,0.515088689242,0.334312370422,0.0340850987906
lightgbm,12,60,2,0,4341,-2.06752802416e-05,-0.181115454917,0.216269705461,-0.837451803665,0.501727712509,0.334830684174,-0.089751391529
lightgbm,12,60,2,1,4341,-4.2053486679e-05,-0.368388543308,0.217743858769,-1.69184355137,0.501727712509,0.336155263764,-0.182554185674
lightgbm,12,60,2,2,4341,-5.01342849985e-05,-0.439176336587,0.21403676745,-2.05187333849,0.503570605851,0.334427551255,-0.217632931179
lightgbm,12,60,2,3,4341,-2.68697766799e-05,-0.235379243716,0.214820853568,-1.09570016042,0.50057590417,0.331778392076,-0.116641700568
lightgbm,12,60,2,4,4341,-5.68648565798e-05,-0.498136143639,0.210673909829,-2.36448900599,0.493434692467,0.331605620825,-0.246850342413
lightgbm,12,60,2,5,4341,-5.62070372042e-05,-0.492373645909,0.215360544604,-2.28627600666,0.497581202488,0.328783690394,-0.243994748503
lightgbm,12,60,2,6,4341,-7.9760547422e-05,-0.698702395416,0.215156799496,-3.2474102471,0.500115180834,0.343757198802,-0.346240536359
lightgbm,12,60,2,7,4341,-7.19257319606e-05,-0.630069411974,0.211531889139,-2.97860249127,0.499654457498,0.340820087537,-0.312229602441
lightgbm,12,60,2,8,4341,-6.68860667136e-05,-0.585921944411,0.211380966329,-2.77187655345,0.500345542502,0.335176226676,-0.290352415604
lightgbm,12,60,2,9,4341,-6.73038849414e-05,-0.589582032087,0.213222923504,-2.76509684043,0.499654457498,0.333851647086,-0.292166164531
lightgbm,12,60,2,10,4341,-7.27436644284e-05,-0.637234500393,0.214213971019,-2.97475695615,0.498272287491,0.33529140751,-0.315780247284
lightgbm,12,60,2,11,4341,-2.5579336837e-05,-0.224074990692,0.217060286989,-1.03231684524,0.510942179221,0.334312370422,-0.111039901209
lightgbm,12,60,5,0,4341,-0.000121124485494,-1.06105049293,0.216794457562,-4.89426946084,0.483759502419,0.334830684174,-0.525801391529
lightgbm,12,60,5,1,4341,-0.000142900065808,-1.25180457648,0.218396990662,-5.73178491465,0.47938263073,0.336155263764,-0.620329185674
lightgbm,12,60,5,2,4341,-0.000150462550375,-1.31805194129,0.214815369803,-6.13574318493,0.485602395761,0.334427551255,-0.653157931179
lightgbm,12,60,5,3,4341,-0.000126403294303,-1.10729285809,0.215118105472,-5.14737174568,0.478691545727,0.331778392076,-0.548716700568
lightgbm,12,60,5,4,4341,-0.000156346542827,-1.36959571517,0.211510470114,-6.47530930469,0.47408431237,0.331605620825,-0.678700342413
lightgbm,12,60,5,5,4341,-0.000154842144322,-1.35641718426,0.216371652624,-6.26892279008,0.473623589035,0.328783690394,-0.672169748503
lightgbm,12,60,5,6,4341,-0.000182887707063,-1.60209631387,0.216045336931,-7.41555608941,0.475466482377,0.343757198802,-0.793915536359
lightgbm,12,60,5,7,4341,-0.000174171758222,-1.52574460202,0.21217322477,-7.19103272185,0.476387929049,0.340820087537,-0.756079602441
lightgbm,12,60,5,8,4341,-0.000167438934716,-1.46676506811,0.212041845592,-6.91733777368,0.475696844045,0.335176226676,-0.726852415604
lightgbm,12,60,5,9,4341,-0.000167459379067,-1.46694416063,0.213970245608,-6.85583248485,0.481686247408,0.333851647086,-0.726941164531
lightgbm,12,60,5,10,4341,-0.000173331086681,-1.51838031933,0.2149674412,-7.06330368383,0.478921907395,0.33529140751,-0.752430247284
lightgbm,12,60,5,11,4341,-0.000125873047963,-1.10264790016,0.217809253663,-5.0624474471,0.48790601244,0.334312370422,-0.546414901209
lightgbm,12,60,10,0,4341,-0.000288539827581,-2.52760888961,0.219037247403,-11.5396304491,0.451739230592,0.334830684174,-1.25255139153
lightgbm,12,60,10,1,4341,-0.00031097769769,-2.72416463177,0.22083403318,-12.3358007484,0.446901635568,0.336155263764,-1.34995418567
lightgbm,12,60,10,2,4341,-0.000317676326003,-2.78284461579,0.217473467882,-12.7962488614,0.456116102281,0.334427551255,-1.37903293118
lightgbm,12,60,10,3,4341,-0.00029229249034,-2.56048221538,0.216965013666,-11.8013599157,0.445749827229,0.331778392076,-1.26884170057
lightgbm,12,60,10,4,4341,-0.00032214935324,-2.82202833438,0.214221625734,-13.1734054614,0.439990785533,0.331605620825,-1.39845034241
lightgbm,12,60,10,5,4341,-0.000319233989519,-2.79648974819,0.219342794761,-12.7494032856,0.442524763879,0.328783690394,-1.3857947485
lightgbm,12,60,10,6,4341,-0.000354766306464,-3.10775284462,0.218936933187,-14.1947400074,0.443906933886,0.343757198802,-1.54004053636
lightgbm,12,60,10,7,4341,-0.000344581801991,-3.01853658544,0.214676971231,-14.0608308759,0.438147892191,0.340820087537,-1.49582960244
lightgbm,12,60,10,8,4341,-0.000335027048054,-2.93483694096,0.214502472244,-13.6820658067,0.441603317208,0.335176226676,-1.4543524156
lightgbm,12,60,10,9,4341,-0.00033438520261,-2.92921437487,0.216560519068,-13.5260775485,0.447823082239,0.333851647086,-1.45156616453
lightgbm,12,60,10,10,4341,-0.000340976790436,-2.98695668422,0.217565361269,-13.7290084543,0.448283805575,0.33529140751,-1.48018024728
lightgbm,12,60,10,11,4341,-0.000293029233174,-2.56693608261,0.220367882273,-11.6484129,0.454733932274,0.334312370422,-1.27203990121
mlp,12,60,0,0,4341,1.22092249475e-05,0.10695281054,0.176595084077,0.60563866259,0.500806265837,1.48951854411,0.0530002454972
mlp,12,60,0,1,4341,1.39818324663e-05,0.122480852404,0.173587358439,0.705586244909,0.511172540889,1.49798433541,0.060695134736
mlp,12,60,0,2,4341,-9.32126155772e-06,-0.0816542512456,0.167070961848,-0.488739936265,0.499654457498,1.49585348998,-0.0404635964221
mlp,12,60,0,3,4341,-2.06597846136e-05,-0.180979713215,0.173224470671,-1.04476990182,0.502418797512,1.48900023036,-0.0896841250076
mlp,12,60,0,4,4341,-5.70198894939e-06,-0.0499494231966,0.172735552587,-0.28916700962,0.510251094218,1.48139829532,-0.0247523340293
mlp,12,60,0,5,4341,4.43694545721e-06,0.0388676422051,0.180351300388,0.215510739992,0.507486754204,1.48329877908,0.0192607802297
mlp,12,60,0,6,4341,1.08735940097e-05,0.0952526835246,0.176392792907,0.540003261782,0.509560009214,1.48468094909,0.0472022715959
mlp,12,60,0,7,4341,2.78768746972e-05,0.244201422347,0.169842728074,1.43780911386,0.514858327574,1.48462335867,0.121013513061
mlp,12,60,0,8,4341,5.92222865803e-06,0.0518787230443,0.1719561536,0.301697391796,0.505413499194,1.48825155494,0.0257083946045
mlp,12,60,0,9,4341,3.18586889537e-05,0.279082115235,0.169815206926,1.64344595686,0.512554710896,1.47500575904,0.138298568748
mlp,12,60,0,10,4341,1.62229139325e-05,0.142112726049,0.168607577357,0.842860850481,0.510711817554,1.48398986409,0.0704236693812
mlp,12,60,0,11,4341,6.3005425106e-06,0.0551927523928,0.161564893868,0.341613521795,0.51531905091,1.48076480074,0.0273506550385
mlp,12,60,0.25,0,4341,-2.50287386553e-05,-0.219251750621,0.176580589637,-1.24165261353,0.489518544114,1.48951854411,-0.108649754503
mlp,12,60,0.25,1,4341,-2.34677759189e-05,-0.20557771705,0.173582752861,-1.18432110138,0.498272287491,1.49798433541,-0.101873615264
mlp,12,60,0.25,2,4341,-4.67175988072e-05,-0.409246165551,0.167079745979,-2.44940619913,0.48997926745,1.49585348998,-0.202801096422
mlp,12,60,0.25,3,4341,-5.78847903726e-05,-0.507070763664,0.173232574783,-2.92710977886,0.490439990786,1.48900023036,-0.251277875008
mlp,12,60,0.25,4,4341,-4.27369463325e-05,-0.374375649872,0.172728001987,-2.167428822,0.499654457498,1.48139829532,-0.185521084029
mlp,12,60,0.25,5,4341,-3.26455240199e-05,-0.285974790414,0.180355724881,-1.58561526451,0.495507947478,1.48329877908,-0.14171421977
mlp,12,60,0.25,6,4341,-2.62434297176e-05,-0.229892444326,0.176389313778,-1.30332410395,0.498963372495,1.48468094909,-0.113922728404
mlp,12,60,0.25,7,4341,-9.23870926963e-06,-0.0809310932019,0.169837626452,-0.476520397113,0.50472241419,1.48462335867,-0.0401052369394
mlp,12,60,0.25,8,4341,-3.12840602155e-05,-0.274048367488,0.171957992943,-1.59369368529,0.496659755817,1.48825155494,-0.135804105396
mlp,12,60,0.25,9,4341,-5.01645502231e-06,-0.0439441459954,0.169827553784,-0.258757457292,0.498963372495,1.47500575904,-0.0217764312518
mlp,12,60,0.25,10,4341,-2.08768326696e-05,-0.182881054186,0.168612110115,-1.08462585553,0.50264915918,1.48398986409,-0.0906263306188
mlp,12,60,0.25,11,4341,-3.07185775078e-05,-0.269094738969,0.16155861778,-1.66561674435,0.501266989173,1.48076480074,-0.133349344962
mlp,12,60,0.5,0,4341,-6.22667022582e-05,-0.545456311782,0.176568988665,-3.08919655657,0.481455885741,1.48951854411,-0.270299754503
mlp,12,60,0.5,1,4341,-6.09173843041e-05,-0.533636286504,0.173581103615,-3.07427637796,0.48997926745,1.49798433541,-0.264442365264
mlp,12,60,0.5,2,4341,-8.41139360567e-05,-0.736838079857,0.167091608518,-4.40978506575,0.479612992398,1.49585348998,-0.365138596422
mlp,12,60,0.5,3,4341,-9.51097961317e-05,-0.833161814114,0.173243589701,-4.80919274157,0.481225524073,1.48900023036,-0.412871625008
mlp,12,60,0.5,4,4341,-7.97719037156e-05,-0.698801876548,0.172723478909,-4.0457839372,0.486984565768,1.48139829532,-0.346289834029
mlp,12,60,0.5,5,4341,-6.9727993497e-05,-0.610817223033,0.180362930688,-3.38660067622,0.485372034094,1.48329877908,-0.30268921977
mlp,12,60,0.5,6,4341,-6.33604534448e-05,-0.555037572177,0.176388688986,-3.14667326668,0.489057820779,1.48468094909,-0.275047728404
mlp,12,60,0.5,7,4341,-4.63542932365e-05,-0.406063608751,0.16983557041,-2.39092204166,0.495047224142,1.48462335867,-0.201223986939
mlp,12,60,0.5,8,4341,-6.8490349089e-05,-0.59997545802,0.17196285675,-3.48898284989,0.487675650772,1.48825155494,-0.297316605396
mlp,12,60,0.5,9,4341,-4.18915989984e-05,-0.366970407226,0.16984289801,-2.16064617082,0.486523842433,1.47500575904,-0.181851431252
mlp,12,60,0.5,10,4341,-5.79765792718e-05,-0.507874834421,0.168619705591,-3.01195422351,0.493434692467,1.48398986409,-0.251676330619
mlp,12,60,0.5,11,4341,-6.77376975263e-05,-0.59338223033,0.161555551933,-3.67292998123,0.488597097443,1.48076480074,-0.294049344962
mlp,12,60,1,0,4341,-0.000136742629464,-1.1978654341,0.176554469267,-6.78467919321,0.457958995623,1.48951854411,-0.593599754503
mlp,12,60,1,1,4341,-0.000135816601074,-1.18975342541,0.173586674304,-6.85394446425,0.466252015665,1.49798433541,-0.589579865264
mlp,12,60,1,2,4341,-0.000158906610556,-1.39202190847,0.167124566029,-8.32924770752,0.45934116563,1.49585348998,-0.689813596422
mlp,12,60,1,3,4341,-0.00016955980765,-1.48534391501,0.173274349588,-8.57220886151,0.457958995623,1.48900023036,-0.736059125008
mlp,12,60,1,4,4341,-0.000153841818482,-1.3476543299,0.172723516112,-7.80237897096,0.467634185672,1.48139829532,-0.667827334029
mlp,12,60,1,5,4341,-0.000143892932451,-1.26050208827,0.180385684781,-6.98781663191,0.464869845658,1.48329877908,-0.62463921977
mlp,12,60,1,6,4341,-0.000137594500899,-1.20532782788,0.176396002397,-6.83307904658,0.471319972357,1.48468094909,-0.597297728404
mlp,12,60,1,7,4341,-0.00012058546117,-1.05632863985,0.169840595341,-6.21952977574,0.475696844045,1.48462335867,-0.523461486939
mlp,12,60,1,8,4341,-0.000142902926836,-1.25182963908,0.171981656576,-7.27885557102,0.466943100668,1.48825155494,-0.620341605396
mlp,12,60,1,9,4341,-0.00011564188695,-1.01302292969,0.169882575154,-5.96307731248,0.466943100668,1.47500575904,-0.502001431252
mlp,12,60,1,10,4341,-0.000132176072476,-1.15786239489,0.168644082877,-6.8657160995,0.473623589035,1.48398986409,-0.573776330619
mlp,12,60,1,11,4341,-0.000141775937563,-1.24195721305,0.161559051503,-7.6873267174,0.463948398986,1.48076480074,-0.615449344962
mlp,12,60,2,0,4341,-0.000285694483875,-2.50268367875,0.176560167657,-14.1746788755,0.416493895416,1.48951854411,-1.2401997545
mlp,12,60,2,1,4341,-0.000285615034615,-2.50198770323,0.173633285251,-14.4096087315,0.417645703755,1.49798433541,-1.23985486526
mlp,12,60,2,2,4341,-0.000308491959554,-2.70238956569,0.16722738174,-16.1599705597,0.415342087077,1.49585348998,-1.33916359642
mlp,12,60,2,3,4341,-0.000318459830686,-2.78970811681,0.173370764804,-16.0909950416,0.416493895416,1.48900023036,-1.38243412501
mlp,12,60,2,4,4341,-0.000301981648014,-2.6453592366,0.172759920579,-15.3123434402,0.422483298779,1.48139829532,-1.31090233403
mlp,12,60,2,5,4341,-0.000292222810359,-2.55987181875,0.180464545457,-14.1849015953,0.417645703755,1.48329877908,-1.26853921977
mlp,12,60,2,6,4341,-0.000286062595808,-2.50590833928,0.17644487332,-14.2022167725,0.430085233817,1.48468094909,-1.2417977284
mlp,12,60,2,7,4341,-0.000269047797037,-2.35685870205,0.169887186042,-13.8730810543,0.431006680488,1.48462335867,-1.16793648694
mlp,12,60,2,8,4341,-0.00029172808233,-2.55553800121,0.172055527842,-14.8529839946,0.4266298088,1.48825155494,-1.2663916054
mlp,12,60,2,9,4341,-0.000263142462855,-2.30512797461,0.169997851514,-13.5597476914,0.419718958765,1.47500575904,-1.14230143125
mlp,12,60,2,10,4341,-0.000280575058885,-2.45783751583,0.168729560701,-14.5667274046,0.428242340475,1.48398986409,-1.21797633062
mlp,12,60,2,11,4341,-0.000289852417637,-2.5391071785,0.161604568755,-15.7118526912,0.414651002073,1.48076480074,-1.25824934496
mlp,12,60,5,0,4341,-0.00073255004711,-6.41713841268,0.176854915343,-36.2847614398,0.299700529832,1.48951854411,-3.1799997545
mlp,12,60,5,1,4341,-0.000735010335237,-6.43869053668,0.174056315858,-36.9919959809,0.293020041465,1.49798433541,-3.19067986526
mlp,12,60,5,2,4341,-0.000757248006547,-6.63349253735,0.167829977169,-39.5250756107,0.286800276434,1.49585348998,-3.28721359642
mlp,12,60,5,3,4341,-0.000765159899794,-6.7028007222,0.173938267623,-38.5355150065,0.297396913154,1.48900023036,-3.32155912501
mlp,12,60,5,4,4341,-0.000746401136611,-6.53847395671,0.173159270841,-37.7598838627,0.298318359825,1.48139829532,-3.24012733403
mlp,12,60,5,5,4341,-0.000737212444084,-6.45798101018,0.180967239772,-35.6859120928,0.293020041465,1.48329877908,-3.20023921977
mlp,12,60,5,6,4341,-0.000731466880535,-6.40764987349,0.176864899351,-36.2290646534,0.310527528219,1.48468094909,-3.1752977284
mlp,12,60,5,7,4341,-0.000714434804639,-6.25844888864,0.170318689834,-36.7455203814,0.307763188205,1.48462335867,-3.10136148694
mlp,12,60,5,8,4341,-0.000738203548813,-6.4666630876,0.172566526861,-37.4734498353,0.300852338171,1.48825155494,-3.2045416054
mlp,12,60,5,9,4341,-0.000705644190567,-6.18144310937,0.170629956633,-36.2271856088,0.302464869846,1.47500575904,-3.06320143125
mlp,12,60,5,10,4341,-0.000725772018111,-6.35776287865,0.169278873629,-37.5579228663,0.302464869846,1.48398986409,-3.15057633062
mlp,12,60,5,11,4341,-0.000734081857858,-6.43055707484,0.162048601264,-39.6828915813,0.288412808109,1.48076480074,-3.18664934496
mlp,12,60,10,0,4341,-0.00147730931917,-12.9412296359,0.178264916962,-72.5954935857,0.159640635798,1.48951854411,-6.4129997545
mlp,12,60,10,1,4341,-0.00148400250294,-12.9998619258,0.175696258625,-73.990544975,0.156415572449,1.49798433541,-6.44205486526
mlp,12,60,10,2,4341,-0.00150517475154,-13.1853308235,0.169801811156,-77.6512967306,0.155494125777,1.49585348998,-6.53396359642
mlp,12,60,10,3,4341,-0.00150966001498,-13.2246217312,0.175800445348,-75.2251890204,0.165860400829,1.48900023036,-6.55343412501
mlp,12,60,10,4,4341,-0.00148710028427,-13.0269984902,0.174782940457,-74.5324369539,0.155724487445,1.48139829532,-6.45550233403
mlp,12,60,10,5,4341,-0.00147886183363,-12.9548296626,0.182682843909,-70.9143200605,0.158258465791,1.48329877908,-6.41973921977
mlp,12,60,10,6,4341,-0.00147380735508,-12.9105524305,0.178467791315,-72.3410781035,0.167472932504,1.48468094909,-6.3977977284
mlp,12,60,10,7,4341,-0.00145674648398,-12.7610991996,0.172000509238,-74.1922175474,0.162404975812,1.48462335867,-6.32373648694
mlp,12,60,10,8,4341,-0.00148232932628,-12.9852048982,0.174371927877,-74.4684368425,0.167012209168,1.48825155494,-6.4347916054
mlp,12,60,10,9,4341,-0.00144314707009,-12.641968334,0.172624862695,-73.2337632982,0.163096060815,1.47500575904,-6.26470143125
mlp,12,60,10,10,4341,-0.00146776695015,-12.8576384833,0.171158755026,-75.1211264733,0.162174614144,1.48398986409,-6.37157633062
mlp,12,60,10,11,4341,-0.00147446425823,-12.9163069021,0.16380237061,-78.8529912843,0.147892190739,1.48076480074,-6.40064934496
momentum_12,12,60,0,0,4341,-9.90355475304e-05,-0.867551396366,0.217679995207,-3.98544384172,0.464409122322,1.56139138447,-0.429913311829
momentum_12,12,60,0,1,4341,-0.000128418857414,-1.12494919095,0.216916868905,-5.1860844047,0.450587422253,1.56444367657,-0.557466260033
momentum_12,12,60,0,2,4341,-8.82221741751e-05,-0.772826245774,0.216003934727,-3.57783411099,0.460723335637,1.55712969362,-0.382972458094
momentum_12,12,60,0,3,4341,-8.10041475099e-05,-0.709596332187,0.223905119646,-3.16918314913,0.470859249021,1.55684174153,-0.35163900434
momentum_12,12,60,0,4,4341,-9.05698645121e-05,-0.793392013126,0.214812733234,-3.69341240243,0.46463948399,1.55632342778,-0.393163781847
momentum_12,12,60,0,5,4341,-7.95495878764e-05,-0.696854389798,0.221028836071,-3.15277591008,0.461875143976,1.55021884358,-0.345324760972
momentum_12,12,60,0,6,4341,-8.65439427831e-05,-0.75812493878,0.221717696777,-3.41932533938,0.458419718959,1.55327113568,-0.375687255622
momentum_12,12,60,0,7,4341,-0.000125146765911,-1.09628566938,0.221406702609,-4.95145655691,0.45934116563,1.55810873071,-0.543262110818
momentum_12,12,60,0,8,4341,-8.58069608268e-05,-0.751668976843,0.221525094292,-3.39315497978,0.467403824004,1.55217691776,-0.372488016949
momentum_12,12,60,0,9,4341,-9.16524767694e-05,-0.8028756965,0.220050023827,-3.64860536045,0.452660677263,1.56225524073,-0.397863401656
momentum_12,12,60,0,10,4341,-0.000104080169934,-0.911742288623,0.215998054665,-4.22106712968,0.463487675651,1.56357982032,-0.451812017684
momentum_12,12,60,0,11,4341,-6.74723282593e-05,-0.591057595551,0.218943615185,-2.6995881796,0.463026952315,1.55954849113,-0.292897376974
momentum_12,12,60,0.25,0,4341,-0.000138070332142,-1.20949610957,0.217696714533,-5.55587672583,0.456346463948,1.56139138447,-0.599363311829
momentum_12,12,60,0.25,1,4341,-0.000167529949328,-1.46756235611,0.216932308075,-6.76507049197,0.440451508869,1.56444367657,-0.727247510033
momentum_12,12,60,0.25,2,4341,-0.000127150416516,-1.11383764868,0.21600647289,-5.1565012556,0.449665975582,1.55712969362,-0.551959958094
momentum_12,12,60,0.25,3,4341,-0.000119925191048,-1.05054467358,0.223919690475,-4.69161363771,0.460032250633,1.55684174153,-0.52059525434
momentum_12,12,60,0.25,4,4341,-0.000129477950207,-1.13422684381,0.214825546095,-5.27975775891,0.456116102281,1.55632342778,-0.562063781847
momentum_12,12,60,0.25,5,4341,-0.000118305058966,-1.03635231654,0.221053721743,-4.68823735865,0.452199953928,1.55021884358,-0.513562260972
momentum_12,12,60,0.25,6,4341,-0.000125375721175,-1.09829131749,0.22172791611,-4.95332900233,0.449665975582,1.55327113568,-0.544256005622
momentum_12,12,60,0.25,7,4341,-0.000164099484178,-1.4375114814,0.221414819865,-6.49239053772,0.451048145589,1.55810873071,-0.712355860818
momentum_12,12,60,0.25,8,4341,-0.000124611383771,-1.09159572183,0.221535744,-4.92740224273,0.457958995623,1.55217691776,-0.540938016949
momentum_12,12,60,0.25,9,4341,-0.000130708857788,-1.14500959422,0.220077232406,-5.20276260158,0.444828380557,1.56225524073,-0.567407151656
momentum_12,12,60,0.25,10,4341,-0.000143169665442,-1.25416626927,0.216005697956,-5.80617215721,0.452199953928,1.56357982032,-0.621499517684
momentum_12,12,60,0.25,11,4341,-0.000106461040538,-0.932598715109,0.218963070699,-4.25915983062,0.453812485602,1.55954849113,-0.462147376974
momentum_12,12,60,0.5,0,4341,-0.000177105116754,-1.55144082277,0.21771588223,-7.12598826909,0.448053443907,1.56139138447,-0.768813311829
momentum_12,12,60,0.5,1,4341,-0.000206641041242,-1.81017552128,0.216950144963,-8.34373962549,0.431697765492,1.56444367657,-0.897028760033
momentum_12,12,60,0.5,2,4341,-0.000166078658856,-1.45484905158,0.216011457042,-6.73505503596,0.442524763879,1.55712969362,-0.720947458094
momentum_12,12,60,0.5,3,4341,-0.000158846234587,-1.39149301498,0.223936549137,-6.21378252163,0.451278507256,1.55684174153,-0.68955150434
momentum_12,12,60,0.5,4,4341,-0.000168386035901,-1.47506167449,0.214840849231,-6.86583431306,0.446440912232,1.55632342778,-0.730963781847
momentum_12,12,60,0.5,5,4341,-0.000157060530056,-1.37585024329,0.221081092091,-6.22328318661,0.441833678876,1.55021884358,-0.681799760972
momentum_12,12,60,0.5,6,4341,-0.000164207499567,-1.43845769621,0.221740547158,-6.48712071222,0.439760423865,1.55327113568,-0.712824755622
momentum_12,12,60,0.5,7,4341,-0.000203052202446,-1.77873729343,0.221425359771,-8.03312364613,0.442064040544,1.55810873071,-0.881449610818
momentum_12,12,60,0.5,8,4341,-0.000163415806715,-1.43152246682,0.221548866196,-6.4614298931,0.450587422253,1.55217691776,-0.709388016949
momentum_12,12,60,0.5,9,4341,-0.000169765238806,-1.48714349194,0.220106875561,-6.75646086996,0.437226445519,1.56225524073,-0.736950901656
momentum_12,12,60,0.5,10,4341,-0.00018225916095,-1.59659024992,0.216015838018,-7.39107958274,0.443215848883,1.56357982032,-0.791187017684
momentum_12,12,60,0.5,11,4341,-0.000145449752816,-1.27413983467,0.218985023844,-5.81838799888,0.446210550564,1.55954849113,-0.631397376974
momentum_12,12,60,1,0,4341,-0.000255174685978,-2.23533024916,0.217761560068,-10.26503598,0.427320893803,1.56139138447,-1.10771331183
momentum_12,12,60,1,1,4341,-0.000284863225071,-2.49540185162,0.216993009447,-11.4999181678,0.415111725409,1.56444367657,-1.23659126003
momentum_12,12,60,1,2,4341,-0.000243935143537,-2.13687185738,0.216028762553,-9.89160809947,0.422483298779,1.55712969362,-1.05892245809
momentum_12,12,60,1,3,4341,-0.000236688321663,-2.07338969777,0.223977127824,-9.25714923622,0.428242340475,1.55684174153,-1.02746400434
momentum_12,12,60,1,4,4341,-0.00024620220729,-2.15673133586,0.214878924107,-10.03696079,0.427551255471,1.55632342778,-1.06876378185
momentum_12,12,60,1,5,4341,-0.000234571472235,-2.05484609678,0.221143283045,-9.29192181868,0.424095830454,1.55021884358,-1.01827476097
momentum_12,12,60,1,6,4341,-0.000241871056351,-2.11879045364,0.221773042675,-9.55386835156,0.419949320433,1.55327113568,-1.04996225562
momentum_12,12,60,1,7,4341,-0.000280957638981,-2.46118891748,0.221453706067,-11.1137851842,0.425708362129,1.55810873071,-1.21963711082
momentum_12,12,60,1,8,4341,-0.000241024652603,-2.1113759568,0.221582526211,-9.52862119998,0.432388850495,1.55217691776,-1.04628801695
momentum_12,12,60,1,9,4341,-0.000247878000842,-2.17141128738,0.220173461586,-9.8622752794,0.419949320433,1.56225524073,-1.07603840166
momentum_12,12,60,1,10,4341,-0.000260438151966,-2.28143821122,0.216043606958,-10.5600820285,0.424326192122,1.56357982032,-1.13056201768
momentum_12,12,60,1,11,4341,-0.000223427177372,-1.95722207378,0.219036419938,-8.93560109472,0.424556553789,1.55954849113,-0.969897376974
momentum_12,12,60,2,0,4341,-0.000411313824425,-3.60310910196,0.21788226224,-16.5369547063,0.387237963603,1.56139138447,-1.78551331183
momentum_12,12,60,2,1,4341,-0.000441307592728,-3.8658545123,0.217107479704,-17.8061783849,0.3800967519,1.56444367657,-1.91571626003
momentum_12,12,60,2,2,4341,-0.000399648112899,-3.50091746899,0.216092712427,-16.2009973852,0.388159410274,1.55712969362,-1.73487245809
momentum_12,12,60,2,3,4341,-0.000392372495817,-3.43718306335,0.22408571179,-15.3386980183,0.396913153651,1.55684174153,-1.70328900434
momentum_12,12,60,2,4,4341,-0.000401834550068,-3.5200706586,0.214984927951,-16.3735694969,0.392997005298,1.55632342778,-1.74436378185
momentum_12,12,60,2,5,4341,-0.000389593356593,-3.41283780376,0.221297434913,-15.4219492201,0.389771941949,1.55021884358,-1.69122476097
momentum_12,12,60,2,6,4341,-0.00039719816992,-3.4794559685,0.221866950903,-15.6826239976,0.383091453582,1.55327113568,-1.72423725562
momentum_12,12,60,2,7,4341,-0.000436768512052,-3.82609216558,0.221539449918,-17.270477863,0.389541580281,1.55810873071,-1.89601211082
momentum_12,12,60,2,8,4341,-0.000396242344379,-3.47108293676,0.221679491234,-15.6581148641,0.396913153651,1.55217691776,-1.72008801695
momentum_12,12,60,2,9,4341,-0.000404103524915,-3.53994687826,0.220335799915,-16.0661448554,0.386777240267,1.56225524073,-1.75421340166
momentum_12,12,60,2,10,4341,-0.000416796133998,-3.65113413382,0.216129084824,-16.8933030776,0.384703985257,1.56357982032,-1.80931201768
momentum_12,12,60,2,11,4341,-0.000379382026486,-3.32338655201,0.219169144964,-15.1635694548,0.389311218613,1.55954849113,-1.64689737697
momentum_12,12,60,5,0,4341,-0.000879731239767,-7.70644566036,0.218478438797,-35.2732548932,0.290255701451,1.56139138447,-3.81891331183
momentum_12,12,60,5,1,4341,-0.0009106406957,-7.97721249433,0.217680162849,-36.6464834918,0.292098594794,1.56444367657,-3.95309126003
momentum_12,12,60,5,2,4341,-0.000866787020985,-7.59305430383,0.216518841662,-35.0687923763,0.289564616448,1.55712969362,-3.76272245809
momentum_12,12,60,5,3,4341,-0.000859425018277,-7.52856316011,0.224630298667,-33.5153503547,0.297396913154,1.55684174153,-3.73076400434
momentum_12,12,60,5,4,4341,-0.000868731578403,-7.61008862681,0.215541119595,-35.3068994033,0.295093296475,1.55632342778,-3.77116378185
momentum_12,12,60,5,5,4341,-0.000854659009669,-7.4868129247,0.221997186247,-33.724809991,0.296245104815,1.55021884358,-3.71007476097
momentum_12,12,60,5,6,4341,-0.000863179510625,-7.56145251307,0.222379460739,-34.0024770631,0.292098594794,1.55327113568,-3.74706225562
momentum_12,12,60,5,7,4341,-0.000904201131264,-7.92080190987,0.222028573599,-35.6746961955,0.290255701451,1.55810873071,-3.92513711082
momentum_12,12,60,5,8,4341,-0.000861895419707,-7.55020387664,0.222206961884,-33.9782507831,0.295554019811,1.55217691776,-3.74148801695
momentum_12,12,60,5,9,4341,-0.000872780097133,-7.64555365089,0.221055258604,-34.5866173878,0.293711126469,1.56225524073,-3.78873840166
momentum_12,12,60,5,10,4341,-0.000885870080093,-7.76022190162,0.21662448885,-35.8233824016,0.289794978116,1.56357982032,-3.84556201768
momentum_12,12,60,5,11,4341,-0.000847246573825,-7.42187998671,0.219806009775,-33.7655917338,0.296014743147,1.55954849113,-3.67789737697
momentum_12,12,60,10,0,4341,-0.001660426932,-14.5453399244,0.220244720175,-66.041719015,0.180142824234,1.56139138447,-7.20791331183
momentum_12,12,60,10,1,4341,-0.00169286253399,-14.8294757977,0.219391693374,-67.5936065292,0.173923059203,1.56444367657,-7.34871626003
momentum_12,12,60,10,2,4341,-0.00164535186779,-14.4132823619,0.218004150899,-66.1147152585,0.184058972587,1.55712969362,-7.14247245809
momentum_12,12,60,10,3,4341,-0.00163784588904,-14.347529988,0.226261068091,-63.4113951157,0.180833909238,1.55684174153,-7.10988900434
momentum_12,12,60,10,4,4341,-0.00164689329229,-14.4267852405,0.217254636265,-66.4049591231,0.180833909238,1.55632342778,-7.14916378185
momentum_12,12,60,10,5,4341,-0.00162976843146,-14.2767714596,0.223945752545,-63.7510258504,0.187744759272,1.55021884358,-7.07482476097
momentum_12,12,60,10,6,4341,-0.00163981507847,-14.3647800874,0.223996458403,-64.1294964653,0.184058972587,1.55327113568,-7.11843725562
momentum_12,12,60,10,7,4341,-0.00168325549662,-14.7453181504,0.223610478799,-65.9419819212,0.176917760885,1.55810873071,-7.30701211082
momentum_12,12,60,10,8,4341,-0.00163798387859,-14.3487387764,0.223867840869,-64.0946851533,0.187744759272,1.55217691776,-7.11048801695
momentum_12,12,60,10,9,4341,-0.0016539077175,-14.4882316053,0.223020459026,-64.9636883923,0.179221377563,1.56225524073,-7.17961340166
momentum_12,12,60,10,10,4341,-0.00166765999025,-14.6087015146,0.218239997459,-66.9386990685,0.178069569224,1.56357982032,-7.23931201768
momentum_12,12,60,10,11,4341,-0.00162702081939,-14.2527023779,0.22165494046,-64.3013070146,0.184519695923,1.55954849113,-7.06289737697
reversal_12,12,60,0,0,4341,0.00010069024326,0.882046530958,0.217608086518,4.053372028,0.536051601014,1.56121861322,0.437096345992
reversal_12,12,60,0,1,4341,0.000127242392218,1.11464335583,0.216766623555,5.14213552596,0.548951854411,1.56455885741,0.552359224617
reversal_12,12,60,0,2,4341,8.84250275843e-05,0.774603241638,0.216074484642,3.5848899185,0.539507026031,1.55712969362,0.383853044743
reversal_12,12,60,0,3,4341,8.03829801251e-05,0.704154905896,0.223998038053,3.14357622065,0.529371112647,1.55649619903,0.348942516723
reversal_12,12,60,0,4,4341,8.93772857889e-05,0.782945023511,0.214730156302,3.64618103481,0.534899792674,1.55574752361,0.38798679761
reversal_12,12,60,0,5,4341,7.71212947834e-05,0.675582542303,0.221081786358,3.055803707,0.536973047685,1.54987330108,0.334783540655
reversal_12,12,60,0,6,4341,8.60640657198e-05,0.753921215706,0.221682547617,3.4009046892,0.541580281041,1.55315595485,0.37360410929
reversal_12,12,60,0,7,4341,0.000124502867611,1.09064512028,0.221457000043,4.9248618019,0.540428472702,1.55805114029,0.540466948301
reversal_12,12,60,0,8,4341,8.71179929957e-05,0.763153618642,0.221524916979,3.44500126239,0.533517622668,1.55229209859,0.378179207594
reversal_12,12,60,0,9,4341,9.34276001568e-05,0.818425777373,0.220022869696,3.71973049212,0.548260769408,1.56202487906,0.405569212281
reversal_12,12,60,0,10,4341,0.000104788397553,0.917946362562,0.215960553821,4.25052791504,0.536742686017,1.56357982032,0.454886433776
reversal_12,12,60,0,11,4341,6.65883223191e-05,0.583313703515,0.218997615605,2.66356189269,0.536512324349,1.55966367196,0.289059907187
reversal_12,12,60,0.25,0,4341,6.16597779294e-05,0.540139654662,0.21759312957,2.48233781889,0.526146049297,1.56121861322,0.267665095992
reversal_12,12,60,0.25,1,4341,8.81284207825e-05,0.772004966055,0.216753178654,3.56167771494,0.53858557936,1.56455885741,0.382565474617
reversal_12,12,60,0.25,2,4341,4.94967852438e-05,0.433591838736,0.216075899538,2.00666450846,0.530292559318,1.55712969362,0.214865544743
reversal_12,12,60,0.25,3,4341,4.14705751493e-05,0.363282238308,0.223985507346,1.62190064264,0.518544114259,1.55649619903,0.180023766723
reversal_12,12,60,0.25,4,4341,5.04835976986e-05,0.44223631584,0.214718725535,2.05960758541,0.524994240958,1.55574752361,0.21914929761
reversal_12,12,60,0.25,5,4341,3.83744622563e-05,0.336160289366,0.221058008207,1.5206881311,0.524994240958,1.54987330108,0.166583540655
reversal_12,12,60,0.25,6,4341,4.72351668486e-05,0.413780061594,0.22167483353,1.86660819816,0.53006219765,1.55315595485,0.20504785929
reversal_12,12,60,0.25,7,4341,8.55515891041e-05,0.749431920552,0.221451681418,3.38417805525,0.527297857636,1.55805114029,0.371379448301
reversal_12,12,60,0.25,8,4341,4.83106905308e-05,0.42320164905,0.221516348954,1.91047591317,0.525224602626,1.55229209859,0.209716707594
reversal_12,12,60,0.25,9,4341,5.43769781803e-05,0.476342328859,0.219997369648,2.16521829157,0.540198111034,1.56202487906,0.236050462281
reversal_12,12,60,0.25,10,4341,6.56989020448e-05,0.575522381912,0.215955843142,2.66500027756,0.526606772633,1.56357982032,0.285198933776
reversal_12,12,60,0.25,11,4341,2.759673052e-05,0.241747359355,0.218981013424,1.10396493091,0.527297857636,1.55966367196,0.119797407187
reversal_12,12,60,0.5,0,4341,2.26293125989e-05,0.198232778366,0.217580620769,0.911077363717,0.516931582585,1.56121861322,0.0982338459917
reversal_12,12,60,0.5,1,4341,4.90144493474e-05,0.429366576283,0.216742132207,1.98100190263,0.52591568763,1.56455885741,0.212771724617
reversal_12,12,60,0.5,2,4341,1.05685429033e-05,0.092580435833,0.216079768427,0.428454901201,0.521308454273,1.55712969362,0.0458780447433
reversal_12,12,60,0.5,3,4341,2.55817017352e-06,0.0224095707201,0.22397526317,0.100053775595,0.510251094218,1.55649619903,0.0111050167233
reversal_12,12,60,0.5,4,4341,1.15899096083e-05,0.101527608169,0.214709777346,0.472859733841,0.515779774246,1.55574752361,0.0503117976098
reversal_12,12,60,0.5,5,4341,-3.72370270718e-07,-0.00326196357149,0.221036712766,-0.0147575646175,0.516010135913,1.54987330108,-0.00161645934519
reversal_12,12,60,0.5,6,4341,8.40626797736e-06,0.0736389074817,0.221669534571,0.33220129967,0.520156645934,1.55315595485,0.0364916092897
reversal_12,12,60,0.5,7,4341,4.66003105968e-05,0.408218720828,0.221448784453,1.84340014255,0.515549412578,1.55805114029,0.202291948301
reversal_12,12,60,0.5,8,4341,9.50338806598e-06,0.083249679458,0.221510245189,0.375827670575,0.516010135913,1.55229209859,0.0412542075944
reversal_12,12,60,0.5,9,4341,1.53263562038e-05,0.134258880345,0.219974316802,0.610338889999,0.530522920986,1.56202487906,0.0665317122806
reversal_12,12,60,0.5,10,4341,2.66094065368e-05,0.233098401263,0.215953627929,1.07939099471,0.516701220917,1.56357982032,0.115511433776
reversal_12,12,60,0.5,11,4341,-1.13948612791e-05,-0.0998189848052,0.218966903447,-0.455863343884,0.516701220917,1.55966367196,-0.0494650928127
reversal_12,12,60,1,0,4341,-5.54316180623e-05,-0.485580974225,0.217562949212,-2.23191024016,0.500806265837,1.56121861322,-0.240628654008
reversal_12,12,60,1,1,4341,-2.92134935229e-05,-0.255910203261,0.216727236062,-1.18079392286,0.507717115872,1.56455885741,-0.126815775383
reversal_12,12,60,1,2,4341,-6.72879417776e-05,-0.589442369972,0.216094867576,-2.72770184958,0.505183137526,1.55712969362,-0.292096955257
reversal_12,12,60,1,3,4341,-7.52666397781e-05,-0.659335764456,0.223961635594,-2.94396744652,0.491591799125,1.55649619903,-0.326732483277
reversal_12,12,60,1,4,4341,-6.61974665723e-05,-0.579889807173,0.214699329864,-2.7009390646,0.495507947478,1.55574752361,-0.28736320239
reversal_12,12,60,1,5,4341,-7.78660353249e-05,-0.682106469446,0.2210015728,-3.08643264753,0.496659755817,1.54987330108,-0.338016459345
reversal_12,12,60,1,6,4341,-6.92515297651e-05,-0.606643400742,0.22166618265,-2.73674312198,0.500806265837,1.55315595485,-0.30062089071
reversal_12,12,60,1,7,4341,-3.13022464177e-05,-0.274207678619,0.221450255804,-1.23823599852,0.498272287491,1.55805114029,-0.135883051699
reversal_12,12,60,1,8,4341,-6.81112168638e-05,-0.596654259727,0.221505431168,-2.69363264178,0.495968670813,1.55229209859,-0.295670792406
reversal_12,12,60,1,9,4341,-6.27748877492e-05,-0.549908016683,0.219935555709,-2.50031430757,0.508408200875,1.56202487906,-0.272505787719
reversal_12,12,60,1,10,4341,-5.15695844791e-05,-0.451749560037,0.215956684125,-2.09185264104,0.496429394149,1.56357982032,-0.223863566224
reversal_12,12,60,1,11,4341,-8.93780448774e-05,-0.782951673126,0.218946161943,-3.57600090441,0.501497350841,1.55966367196,-0.387990092813
reversal_12,12,60,2,0,4341,-0.000211553479385,-1.85320847941,0.217556996896,-8.51826650418,0.46463948399,1.56121861322,-0.918353654008
reversal_12,12,60,2,1,4341,-0.000185669379264,-1.62646376235,0.216726236022,-7.50469251994,0.467403824004,1.56455885741,-0.805990775383
reversal_12,12,60,2,2,4341,-0.00022300091114,-1.95348798158,0.216154502397,-9.03746144504,0.465560930661,1.55712969362,-0.968046955257
reversal_12,12,60,2,3,4341,-0.000230916259681,-2.02282643481,0.223961827917,-9.03201431076,0.453812485602,1.55649619903,-1.00240748328
reversal_12,12,60,2,4,4341,-0.000221772218933,-1.94272463786,0.214708233741,-9.04820743951,0.461184058973,1.55574752361,-0.96271320239
reversal_12,12,60,2,5,4341,-0.000232853365433,-2.03979548119,0.22096111136,-9.23146823727,0.462105505644,1.54987330108,-1.01081645935
reversal_12,12,60,2,6,4341,-0.00022456712525,-1.96720801719,0.221688462673,-8.87375009718,0.459571527298,1.55315595485,-0.97484589071
reversal_12,12,60,2,7,4341,-0.000187107360447,-1.63906047751,0.221482257291,-7.40041436077,0.460723335637,1.55805114029,-0.812233051699
reversal_12,12,60,2,8,4341,-0.000223340426723,-1.9564621381,0.221525377689,-8.83177430282,0.462796590647,1.55229209859,-0.969520792406
reversal_12,12,60,2,9,4341,-0.000218977375655,-1.91824181074,0.219887428335,-8.72374480553,0.46993780235,1.56202487906,-0.950580787719
reversal_12,12,60,2,10,4341,-0.000207927566511,-1.82144548264,0.215992739699,-8.4329014261,0.461184058973,1.56357982032,-0.902613566224
reversal_12,12,60,2,11,4341,-0.000245344412074,-2.14921704977,0.218934600874,-9.81670800866,0.456346463948,1.55966367196,-1.06504009281
reversal_12,12,60,5,0,4341,-0.000679919063351,-5.95609099496,0.217774176254,-27.349849727,0.359364201797,1.56121861322,-2.95152865401
reversal_12,12,60,5,1,4341,-0.000655037036485,-5.73812443961,0.216953464046,-26.448641716,0.355678415112,1.56455885741,-2.84351577538
reversal_12,12,60,5,2,4341,-0.000690139819225,-6.04562481641,0.216568487215,-27.9155332992,0.356139138447,1.55712969362,-2.99589695526
reversal_12,12,60,5,3,4341,-0.000697865119391,-6.11329844587,0.224181883035,-27.269368796,0.348076480074,1.55649619903,-3.02943248328
reversal_12,12,60,5,4,4341,-0.000688496476017,-6.03122912991,0.214973167756,-28.0557298982,0.345542501728,1.55574752361,-2.98876320239
reversal_12,12,60,5,5,4341,-0.000697815355758,-6.11286251644,0.221078350795,-27.6502086001,0.354065883437,1.54987330108,-3.02921645935
reversal_12,12,60,5,6,4341,-0.000690513911705,-6.04890186653,0.221986955415,-27.2489068343,0.349228288413,1.55315595485,-2.99752089071
reversal_12,12,60,5,7,4341,-0.000654522702534,-5.7336188742,0.221810466883,-25.8491808559,0.356139138447,1.55805114029,-2.8412830517
reversal_12,12,60,5,8,4341,-0.000689028056302,-6.0358857732,0.221821599718,-27.2105411775,0.352914075098,1.55229209859,-2.99107079241
reversal_12,12,60,5,9,4341,-0.000687584839373,-6.02324319291,0.21997831838,-27.3810766319,0.350149735084,1.56202487906,-2.98480578772
reversal_12,12,60,5,10,4341,-0.000677001512606,-5.93053325043,0.216340147895,-27.4130035877,0.35798203179,1.56357982032,-2.93886356622
reversal_12,12,60,5,11,4341,-0.000713243513663,-6.24801317969,0.219139227421,-28.5116145257,0.346694310067,1.55966367196,-3.09619009281
reversal_12,12,60,10,0,4341,-0.00146052836996,-12.7942285209,0.218916002798,-58.4435507562,0.217000691085,1.56121861322,-6.34015365401
reversal_12,12,60,10,1,4341,-0.00143731646519,-12.5908922351,0.218095990742,-57.7309660404,0.212623819396,1.56455885741,-6.23939077538
reversal_12,12,60,10,2,4341,-0.00146870466603,-12.8658528745,0.218036332427,-59.0078393415,0.212163096061,1.55712969362,-6.37564695526
reversal_12,12,60,10,3,4341,-0.00147611321891,-12.9307517976,0.225277022369,-57.3993373209,0.21008984105,1.55649619903,-6.40780748328
reversal_12,12,60,10,4,4341,-0.00146637023782,-12.8454032833,0.216204567548,-59.4131910763,0.20801658604,1.55574752361,-6.36551320239
reversal_12,12,60,10,5,4341,-0.0014727520063,-12.9013075752,0.222066620495,-58.0965637539,0.216539967749,1.54987330108,-6.39321645935
reversal_12,12,60,10,6,4341,-0.00146709188913,-12.8517249488,0.223252319843,-57.5659189469,0.2133149044,1.55315595485,-6.36864589071
reversal_12,12,60,10,7,4341,-0.00143354827268,-12.5578828687,0.223126876126,-56.2813547463,0.221147201106,1.55805114029,-6.2230330517
reversal_12,12,60,10,8,4341,-0.0014651741056,-12.834925165,0.223098853822,-57.5302156203,0.220225754434,1.55229209859,-6.36032079241
reversal_12,12,60,10,9,4341,-0.0014685972789,-12.8649121632,0.220911821542,-58.2355080564,0.215848882746,1.56202487906,-6.37518078772
reversal_12,12,60,10,10,4341,-0.00145879142277,-12.7790128634,0.217711501054,-58.6970040698,0.219765031099,1.56357982032,-6.33261356622
reversal_12,12,60,10,11,4341,-0.00149307534965,-13.0793400629,0.22027444784,-59.3774729259,0.215157797742,1.55966367196,-6.48144009281
ridge,12,60,0,0,4341,4.19305564733e-05,0.367311674706,0.211887881794,1.73351902712,0.497581202488,1.36103432389,0.182020545651
ridge,12,60,0,1,4341,8.94298911749e-05,0.783405846692,0.212587204929,3.68510347062,0.513015434232,1.39553098364,0.38821515759
ridge,12,60,0,2,4341,1.39777294214e-05,0.122444909732,0.208340400876,0.587715628926,0.506795669201,1.38971435153,0.0606773234184
ridge,12,60,0,3,4341,3.59122457001e-05,0.314591272333,0.212620957759,1.47958731655,0.499654457498,1.38372494817,0.155895058584
ridge,12,60,0,4,4341,5.16012797141e-05,0.452027210295,0.211775684403,2.13446228055,0.509560009214,1.39518544114,0.224001155239
ridge,12,60,0,5,4341,7.05266370072e-05,0.617813340183,0.213707074321,2.89093537098,0.516470859249,1.40520617369,0.306156131248
ridge,12,60,0,6,4341,4.02294819923e-05,0.352410262252,0.210277196135,1.67593190669,0.503109882516,1.38648928818,0.174636181329
ridge,12,60,0,7,4341,4.79627424167e-05,0.420153623571,0.213488000577,1.96804327379,0.508638562543,1.38896567611,0.208206264831
ridge,12,60,0,8,4341,2.97264876047e-05,0.260404031417,0.20945459526,1.24324811825,0.501727712509,1.40031098825,0.129042682692
ridge,12,60,0,9,4341,-5.36121184622e-06,-0.0469642157729,0.210763287372,-0.222829205022,0.503800967519,1.39915917991,-0.0232730206244
ridge,12,60,0,10,4341,3.27199201974e-05,0.286626500929,0.205859433388,1.39234086198,0.503109882516,1.41038931122,0.142037173577
ridge,12,60,0,11,4341,7.59341878128e-05,0.66518348524,0.20616952558,3.22639091966,0.51002073255,1.40238424326,0.329630309295
ridge,12,60,0.25,0,4341,7.90469837607e-06,0.0692451577744,0.211893871337,0.326791696888,0.488136374107,1.36103432389,0.0343142956505
ridge,12,60,0.25,1,4341,5.45416165838e-05,0.477784561274,0.212579739959,2.24755454761,0.501958074176,1.39553098364,0.23676515759
ridge,12,60,0.25,2,4341,-2.07651293669e-05,-0.181902533254,0.208329717075,-0.873147315747,0.495738309145,1.38971435153,-0.0901414265816
ridge,12,60,0.25,3,4341,1.31912199589e-06,0.011555508684,0.212647632682,0.0543411113411,0.491822160792,1.38372494817,0.00572630858417
ridge,12,60,0.25,4,4341,1.67216436855e-05,0.146481598685,0.211783935681,0.691655852998,0.502188435844,1.39518544114,0.0725886552387
ridge,12,60,0.25,5,4341,3.53964826649e-05,0.310073188144,0.213731919395,1.45075751447,0.506565307533,1.40520617369,0.153656131248
ridge,12,60,0.25,6,4341,5.56724978773e-06,0.0487691081405,0.210281005308,0.231923506686,0.494356139138,1.38648928818,0.0241674313285
ridge,12,60,0.25,7,4341,1.32386005139e-05,0.115970140502,0.213500347131,0.54318478663,0.498041925824,1.38896567611,0.057468764831
ridge,12,60,0.25,8,4341,-5.28128710159e-06,-0.0462640750099,0.209488172478,-0.220843374892,0.488366735775,1.40031098825,-0.022926067308
ridge,12,60,0.25,9,4341,-4.0340191344e-05,-0.353380076174,0.210726703148,-1.67695916509,0.495047224142,1.39915917991,-0.175116770624
ridge,12,60,0.25,10,4341,-2.53981258311e-06,-0.022248758228,0.205859228702,-0.108077536131,0.493434692467,1.41038931122,-0.0110253264233
ridge,12,60,0.25,11,4341,4.08745817313e-05,0.358061335966,0.20616711148,1.73675293502,0.500806265837,1.40238424326,0.177436559295
ridge,12,60,0.5,0,4341,-2.61211597211e-05,-0.228821359157,0.211902427236,-1.07984303031,0.477079014052,1.36103432389,-0.113391954349
ridge,12,60,0.5,1,4341,1.96533419927e-05,0.172163275856,0.212574874776,0.809894753732,0.493204330799,1.39553098364,0.0853151575903
ridge,12,60,0.5,2,4341,-5.55079881552e-05,-0.486249976239,0.208321657941,-2.33413069502,0.487675650772,1.38971435153,-0.240960176582
ridge,12,60,0.5,3,4341,-3.32740017083e-05,-0.291480254965,0.212676958667,-1.37053048338,0.485602395761,1.38372494817,-0.144442441416
ridge,12,60,0.5,4,4341,-1.81579923431e-05,-0.159064012925,0.211794793649,-0.751028909563,0.493204330799,1.39518544114,-0.0788238447613
ridge,12,60,0.5,5,4341,2.66328322564e-07,0.00233303610566,0.213759326531,0.0109143125754,0.496429394149,1.40520617369,0.00115613124825
ridge,12,60,0.5,6,4341,-2.90949824168e-05,-0.254872045971,0.210287430035,-1.21201750351,0.482838055748,1.38648928818,-0.126301318671
ridge,12,60,0.5,7,4341,-2.14855413888e-05,-0.188213342566,0.21351530658,-0.881498125736,0.489057820779,1.38896567611,-0.093268735169
ridge,12,60,0.5,8,4341,-4.02890618079e-05,-0.352932181437,0.209524349397,-1.68444470752,0.479152269062,1.40031098825,-0.174894817308
ridge,12,60,0.5,9,4341,-7.53191708418e-05,-0.659795936575,0.21069283791,-3.13155370215,0.486523842433,1.39915917991,-0.326960520624
ridge,12,60,0.5,10,4341,-3.77995453636e-05,-0.331124017385,0.205861656111,-1.60847835211,0.484450587422,1.41038931122,-0.164087826423
ridge,12,60,0.5,11,4341,5.81497564972e-06,0.0509391866915,0.206167403904,0.247076820714,0.488597097443,1.40238424326,0.0252428092954
ridge,12,60,1,0,4341,-9.41728759156e-05,-0.82495439302,0.211927236767,-3.89263034617,0.460492973969,1.36103432389,-0.408804454349
ridge,12,60,1,1,4341,-5.01232071895e-05,-0.43907929498,0.212572944387,-2.0655464704,0.474775397374,1.39553098364,-0.21758484241
ridge,12,60,1,2,4341,-0.000124993705732,-1.09494486221,0.208313414799,-5.25623788207,0.469016355678,1.38971435153,-0.542597676582
ridge,12,60,1,3,4341,-0.000102460249117,-0.897551782263,0.212743559334,-4.21893750895,0.463487675651,1.38372494817,-0.444779941416
ridge,12,60,1,4,4341,-8.79172644002e-05,-0.770155236146,0.211824327953,-3.63582051028,0.471089610689,1.39518544114,-0.381648844761
ridge,12,60,1,5,4341,-6.99939803621e-05,-0.613147267972,0.213821822959,-2.86756168986,0.476848652384,1.40520617369,-0.303843868752
ridge,12,60,1,6,4341,-9.8419446826e-05,-0.862154354195,0.2103081251,-4.09948190915,0.463257313983,1.38648928818,-0.427238818671
ridge,12,60,1,7,4341,-9.09338251944e-05,-0.796580308703,0.213553061866,-3.73012824889,0.470628887353,1.38896567611,-0.394743735169
ridge,12,60,1,8,4341,-0.00011030461122,-0.966268394291,0.209604496858,-4.6099602288,0.461875143976,1.40031098825,-0.478832317308
ridge,12,60,1,9,4341,-0.000145277129837,-1.27262765738,0.210633269534,-6.0419118983,0.467864547339,1.39915917991,-0.630648020624
ridge,12,60,1,10,4341,-0.000108319010925,-0.948874535699,0.20587440674,-4.60899706149,0.465560930661,1.41038931122,-0.470212826423
ridge,12,60,1,11,4341,-6.43042365134e-05,-0.563305111857,0.206176108177,-2.73215513106,0.469707440682,1.40238424326,-0.279144690705
ridge,12,60,2,0,4341,-0.000230276308304,-2.01722046075,0.212007632193,-9.51484830939,0.424786915457,1.36103432389,-0.999629454349
ridge,12,60,2,1,4341,-0.000189676305554,-1.66156443665,0.21260028251,-7.815438517,0.436765722184,1.39553098364,-0.82338484241
ridge,12,60,2,2,4341,-0.000263965140885,-2.31233463415,0.20832843129,-11.0994674123,0.43400138217,1.38971435153,-1.14587267658
ridge,12,60,2,3,4341,-0.000240832743934,-2.10969483686,0.212908518573,-9.908926383,0.428472702142,1.38372494817,-1.04545494142
ridge,12,60,2,4,4341,-0.000227435808514,-1.99233768259,0.21191465276,-9.40160416773,0.433079935499,1.39518544114,-0.987298844761
ridge,12,60,2,5,4341,-0.000210514597731,-1.84410787613,0.213977511092,-8.61823219981,0.436535360516,1.40520617369,-0.913843868752
ridge,12,60,2,6,4341,-0.000237068375644,-2.07671897064,0.210380884813,-9.87123413084,0.430085233817,1.38648928818,-1.02911381867
ridge,12,60,2,7,4341,-0.000229830392806,-2.01331424098,0.213659896596,-9.42298612445,0.438608615526,1.38896567611,-0.997693735169
ridge,12,60,2,8,4341,-0.000250335710046,-2.19294082,0.209795922563,-10.4527332715,0.425938723796,1.40031098825,-1.08670731731
ridge,12,60,2,9,4341,-0.000285193047829,-2.49829109898,0.210546811296,-11.8657275482,0.423865468786,1.39915917991,-1.23802302062
ridge,12,60,2,10,4341,-0.000249357942046,-2.18437557233,0.205931482272,-10.6072930094,0.426860170468,1.41038931122,-1.08246282642
ridge,12,60,2,11,4341,-0.00020454266084,-1.79179370895,0.206225987376,-8.68849620627,0.431237042156,1.40238424326,-0.887919690705
ridge,12,60,5,0,4341,-0.000638586605471,-5.59401866393,0.212494476468,-26.3254779932,0.325040313292,1.36103432389,-2.77210445435
ridge,12,60,5,1,4341,-0.000608335600647,-5.32901986167,0.212931606743,-25.0269086078,0.335406588344,1.39553098364,-2.64078484241
ridge,12,60,5,2,4341,-0.000680879446345,-5.96450394998,0.208625278626,-28.5895553466,0.329186823313,1.38971435153,-2.95569767658
ridge,12,60,5,3,4341,-0.000655950228384,-5.74612400065,0.21365643521,-26.8942238739,0.320202718268,1.38372494817,-2.84747994142
ridge,12,60,5,4,4341,-0.000645991440857,-5.65888502191,0.21243506038,-26.6381877444,0.328726099977,1.39518544114,-2.80424884476
ridge,12,60,5,5,4341,-0.000632076449839,-5.53698970059,0.214689204711,-25.7907224914,0.336558396683,1.40520617369,-2.74384386875
ridge,12,60,5,6,4341,-0.000653015162099,-5.72041281999,0.210849590913,-27.1303007761,0.331720801659,1.38648928818,-2.83473881867
ridge,12,60,5,7,4341,-0.000646520095639,-5.6635160378,0.214230294287,-26.4365787138,0.336328035015,1.38896567611,-2.80654373517
ridge,12,60,5,8,4341,-0.000670429006521,-5.87295809712,0.21061808932,-27.8843954766,0.318590186593,1.40031098825,-2.91033231731
ridge,12,60,5,9,4341,-0.000704940801802,-6.17528142379,0.210549195615,-29.3293992682,0.326192121631,1.39915917991,-3.06014802062
ridge,12,60,5,10,4341,-0.000672474735412,-5.89087868221,0.206354843755,-28.5473244777,0.329647546648,1.41038931122,-2.91921282642
ridge,12,60,5,11,4341,-0.000625257933818,-5.47725950025,0.206634954972,-26.5069358715,0.32204561161,1.40238424326,-2.7142446907
ridge,12,60,10,0,4341,-0.00131910376742,-11.5553490026,0.214117748902,-53.9672636287,0.207095139369,1.36103432389,-5.72622945435
ridge,12,60,10,1,4341,-0.00130610109247,-11.44144557,0.214309542262,-53.387476121,0.206404054365,1.39553098364,-5.66978484241
ridge,12,60,10,2,4341,-0.00137573662211,-12.0514528097,0.209954280466,-57.4003672748,0.194655609307,1.38971435153,-5.97207267658
ridge,12,60,10,3,4341,-0.00134781270247,-11.8068392736,0.215736169905,-54.7281398331,0.21008984105,1.38372494817,-5.85085494142
ridge,12,60,10,4,4341,-0.00134358416143,-11.7697972541,0.214126335574,-54.9666028821,0.205252246026,1.39518544114,-5.83249884476
ridge,12,60,10,5,4341,-0.00133467953669,-11.6917927414,0.216681375882,-53.9584571759,0.207555862704,1.40520617369,-5.79384386875
ridge,12,60,10,6,4341,-0.00134625980619,-11.7932359022,0.212458523809,-55.508414964,0.211932734393,1.38648928818,-5.84411381867
ridge,12,60,10,7,4341,-0.00134100293369,-11.7471856992,0.216005891273,-54.383635696,0.213775627736,1.38896567611,-5.82129373517
ridge,12,60,10,8,4341,-0.00137058450065,-12.0063202257,0.212803645323,-56.4197112668,0.205482607694,1.40031098825,-5.94970731731
ridge,12,60,10,9,4341,-0.00140452039176,-12.3035986318,0.211424049685,-58.1939408035,0.200875374338,1.39915917991,-6.09702302062
ridge,12,60,10,10,4341,-0.00137766939102,-12.0683838653,0.207894232451,-58.0505948774,0.196037779314,1.41038931122,-5.98046282642
ridge,12,60,10,11,4341,-0.00132645005545,-11.6197024857,0.208174291125,-55.817182914,0.203178991016,1.40238424326,-5.7581196907
tcn,12,60,0,0,4341,1.13332996035e-05,0.0992797045268,0.188262577742,0.527346994382,0.500115180834,1.38792904861,0.0491978535789
tcn,12,60,0,1,4341,-3.90592257686e-05,-0.342158817733,0.183919790344,-1.86036976822,0.499884819166,1.39426399447,-0.169556099062
tcn,12,60,0,2,4341,-1.1779718848e-06,-0.0103190337108,0.183934629645,-0.0561016363843,0.508868924211,1.40774015204,-0.00511357595191
tcn,12,60,0,3,4341,6.40460090159e-06,0.0561043038979,0.192564201054,0.291353759374,0.507717115872,1.42478691546,0.0278023725138
tcn,12,60,0,4,4341,-3.8917594538e-05,-0.340918128153,0.186718737863,-1.82583779247,0.498041925824,1.41188666206,-0.168941277889
tcn,12,60,0,5,4341,2.25547448882e-05,0.19757956522,0.183236524074,1.07827610363,0.509099285879,1.41430545957,0.0979101475596
tcn,12,60,0,6,4341,-2.07178397264e-05,-0.181488276003,0.185917003833,-0.976179006013,0.49942409583,1.40157797742,-0.0899361422522
tcn,12,60,0,7,4341,2.83094820482e-05,0.247991062742,0.179703826817,1.37999878542,0.504031329187,1.40716424787,0.122891461571
tcn,12,60,0,8,4341,-4.32450049304e-06,-0.037882624319,0.18815114418,-0.201341450695,0.500806265837,1.41591799125,-0.0187726566403
tcn,12,60,0,9,4341,-1.74825944134e-05,-0.153147527062,0.178820994155,-0.856429234083,0.50057590417,1.41177148123,-0.0758919423487
tcn,12,60,0,10,4341,-4.17589904757e-05,-0.365808756567,0.178319576473,-2.05142230484,0.48997926745,1.41361437457,-0.181275777655
tcn,12,60,0,11,4341,2.12965809145e-05,0.186558048811,0.179378013572,1.04002739854,0.499654457498,1.42438378254,0.0924484577498
tcn,12,60,0.25,0,4341,-2.33649266116e-05,-0.204676757118,0.188274884395,-1.08711662618,0.489288182446,1.38792904861,-0.101427146421
tcn,12,60,0.25,1,4341,-7.39158256304e-05,-0.647502632522,0.183914130082,-3.5206790921,0.489748905782,1.39426399447,-0.320868599062
tcn,12,60,0.25,2,4341,-3.63714756858e-05,-0.318614127007,0.183944198403,-1.73212381675,0.499654457498,1.40774015204,-0.157888575952
tcn,12,60,0.25,3,4341,-2.92150719848e-05,-0.255924030587,0.192573828087,-1.32896579524,0.49527758581,1.42478691546,-0.126822627486
tcn,12,60,0.25,4,4341,-7.42147610895e-05,-0.650121307144,0.186716276332,-3.48186735466,0.487445289104,1.41188666206,-0.322166277889
tcn,12,60,0.25,5,4341,-1.28028916011e-05,-0.112153330426,0.183231266225,-0.612086205244,0.496199032481,1.41430545957,-0.0555773524404
tcn,12,60,0.25,6,4341,-5.5757289162e-05,-0.488433853059,0.185903947294,-2.62734525096,0.48997926745,1.40157797742,-0.242042392252
tcn,12,60,0.25,7,4341,-6.86962414854e-06,-0.0601779075413,0.179720398067,-0.33484183314,0.493665054135,1.40716424787,-0.0298210384288
tcn,12,60,0.25,8,4341,-3.97224502742e-05,-0.347968664402,0.188136382858,-1.84955540824,0.489518544114,1.41591799125,-0.17243515664
tcn,12,60,0.25,9,4341,-5.27768814441e-05,-0.46232548145,0.178822735175,-2.58538424098,0.486523842433,1.41177148123,-0.229104442349
tcn,12,60,0.25,10,4341,-7.70993498399e-05,-0.675390304597,0.178337182931,-3.78715360137,0.477539737388,1.41361437457,-0.334688277655
tcn,12,60,0.25,11,4341,-1.4313013649e-05,-0.125381999565,0.179375363355,-0.698992309868,0.4867542041,1.42438378254,-0.0621327922502
tcn,12,60,0.5,0,4341,-5.80631528268e-05,-0.508633218763,0.188290327333,-2.70132420484,0.479612992398,1.38792904861,-0.252052146421
tcn,12,60,0.5,1,4341,-0.000108772425492,-0.952846447312,0.183911767098,-5.18099772704,0.478691545727,1.39426399447,-0.472181099062
tcn,12,60,0.5,2,4341,-7.15649794867e-05,-0.626909220304,0.183956985864,-3.40791200378,0.488366735775,1.40774015204,-0.310663575952
tcn,12,60,0.5,3,4341,-6.48347448713e-05,-0.567952365072,0.192586463385,-2.94907728762,0.482377332412,1.42478691546,-0.281447627486
tcn,12,60,0.5,4,4341,-0.000109511927641,-0.959324486135,0.186716960181,-5.13785402894,0.476387929049,1.41188666206,-0.475391277889
tcn,12,60,0.5,5,4341,-4.81605280904e-05,-0.421886226072,0.18322910731,-2.3025065846,0.483759502419,1.41430545957,-0.20906485244
tcn,12,60,0.5,6,4341,-9.07967385976e-05,-0.795379430115,0.185894009068,-4.27867166943,0.479843354066,1.40157797742,-0.394148642252
tcn,12,60,0.5,7,4341,-4.20487303453e-05,-0.368346877825,0.179740267162,-2.04932864316,0.483298779083,1.40716424787,-0.182533538429
tcn,12,60,0.5,8,4341,-7.51204000554e-05,-0.658054704485,0.188124793473,-3.49796904669,0.478000460723,1.41591799125,-0.32609765664
tcn,12,60,0.5,9,4341,-8.80711684747e-05,-0.771503435838,0.178827760616,-4.31422634371,0.477539737388,1.41177148123,-0.382316942349
tcn,12,60,0.5,10,4341,-0.000112439709204,-0.984971852628,0.178358010163,-5.52244248366,0.466482377332,1.41361437457,-0.488100777655
tcn,12,60,0.5,11,4341,-4.99226082124e-05,-0.437322047941,0.179375891029,-2.43802021237,0.473162865699,1.42438378254,-0.21671404225
tcn,12,60,1,0,4341,-0.000127459605257,-1.11654614205,0.188330618822,-5.92864903771,0.460953697305,1.38792904861,-0.553302146421
tcn,12,60,1,1,4341,-0.000178485625216,-1.56353407689,0.183916933292,-8.50130571939,0.459571527298,1.39426399447,-0.774806099062
tcn,12,60,1,2,4341,-0.000141951987089,-1.2434994069,0.183992214041,-6.75843493365,0.463487675651,1.40774015204,-0.616213575952
tcn,12,60,1,3,4341,-0.000136074090644,-1.19200903404,0.192620756264,-6.18837272349,0.460723335637,1.42478691546,-0.590697627486
tcn,12,60,1,4,4341,-0.000180106260744,-1.57773084412,0.186727763718,-8.44936399763,0.458419718959,1.41188666206,-0.781841277889
tcn,12,60,1,5,4341,-0.000118875801069,-1.04135201736,0.183234086564,-5.6831784789,0.465100207326,1.41430545957,-0.51603985244
tcn,12,60,1,6,4341,-0.000160875637469,-1.40927058423,0.185883489396,-7.58147261389,0.45726791062,1.40157797742,-0.698361142252
tcn,12,60,1,7,4341,-0.000112406942739,-0.984684818391,0.179789894333,-5.47686410322,0.464869845658,1.40716424787,-0.487958538429
tcn,12,60,1,8,4341,-0.000145916299618,-1.27822678465,0.188111132698,-6.79506186753,0.455425017277,1.41591799125,-0.63342265664
tcn,12,60,1,9,4341,-0.000158659742536,-1.38985934462,0.178847663472,-7.77119095455,0.457958995623,1.41177148123,-0.688741942349
tcn,12,60,1,10,4341,-0.000183120427932,-1.60413494869,0.178409322263,-8.99131798909,0.442294402211,1.41361437457,-0.794925777655
tcn,12,60,1,11,4341,-0.000121141797339,-1.06120214469,0.179386479767,-5.91573091836,0.451048145589,1.42438378254,-0.52587654225
tcn,12,60,2,0,4341,-0.000266252510118,-2.33237198863,0.18844879281,-12.3766884035,0.421561852108,1.38792904861,-1.15580214642
tcn,12,60,2,1,4341,-0.000317912024663,-2.78490933605,0.183966826719,-15.138106069,0.415572448745,1.39426399447,-1.38005609906
tcn,12,60,2,2,4341,-0.000282726002293,-2.47667978008,0.184101254016,-13.4528131996,0.420870767104,1.40774015204,-1.22731357595
tcn,12,60,2,3,4341,-0.00027855278219,-2.44012237198,0.192725405723,-12.6611349595,0.418336788758,1.42478691546,-1.20919762749
tcn,12,60,2,4,4341,-0.00032129492695,-2.81454356008,0.186787103177,-15.0681899993,0.414420640405,1.41188666206,-1.39474127789
tcn,12,60,2,5,4341,-0.000260306347026,-2.28028359995,0.183281226568,-12.4414466372,0.421561852108,1.41430545957,-1.12998985244
tcn,12,60,2,6,4341,-0.000301033435211,-2.63705289245,0.185899881292,-14.1853393027,0.419949320433,1.40157797742,-1.30678614225
tcn,12,60,2,7,4341,-0.000253123367526,-2.21736069952,0.179928662606,-12.32355461,0.417645703755,1.40716424787,-1.09880853843
tcn,12,60,2,8,4341,-0.000287508098742,-2.51857094498,0.188121889429,-13.3879738963,0.41395991707,1.41591799125,-1.24807265664
tcn,12,60,2,9,4341,-0.000299836890659,-2.62657116217,0.178926857937,-14.6795802064,0.414420640405,1.41177148123,-1.30159194235
tcn,12,60,2,10,4341,-0.000324481865389,-2.84246114081,0.178550534494,-15.9196450958,0.402902557015,1.41361437457,-1.40857577765
tcn,12,60,2,11,4341,-0.000263580175593,-2.3089623382,0.179445779385,-12.8671866572,0.410043768717,1.42438378254,-1.14420154225
tcn,12,60,5,0,4341,-0.0006826312247,-5.97984952837,0.189102972993,-31.6221867574,0.311679336558,1.38792904861,-2.96330214642
tcn,12,60,5,1,4341,-0.000736191223004,-6.44903511352,0.184432355449,-34.966940035,0.302925593181,1.39426399447,-3.19580609906
tcn,12,60,5,2,4341,-0.000705048047904,-6.17622089964,0.18473598128,-33.4326905719,0.306841741534,1.40774015204,-3.06061357595
tcn,12,60,5,3,4341,-0.000705988856827,-6.1844623858,0.193326959108,-31.9896532503,0.302234508178,1.42478691546,-3.06469762749
tcn,12,60,5,4,4341,-0.000744860925568,-6.52498170797,0.187266322118,-34.8433270552,0.301773784842,1.41188666206,-3.23344127789
tcn,12,60,5,5,4341,-0.000684597984898,-5.9970783477,0.183719529349,-32.6425740854,0.310527528219,1.41430545957,-2.97183985244
tcn,12,60,5,6,4341,-0.000721506828439,-6.32039981712,0.186248162625,-33.9353673509,0.301543423174,1.40157797742,-3.13206114225
tcn,12,60,5,7,4341,-0.000675272641886,-5.91538834292,0.180659726965,-32.7432596201,0.309606081548,1.40716424787,-2.93135853843
tcn,12,60,5,8,4341,-0.000712283496116,-6.23960342598,0.188458476825,-33.1086376751,0.309606081548,1.41591799125,-3.09202265664
tcn,12,60,5,9,4341,-0.000723368335026,-6.33670661483,0.179478666345,-35.3061828677,0.309836443216,1.41177148123,-3.14014194235
tcn,12,60,5,10,4341,-0.00074856617776,-6.55743971718,0.179281532081,-36.5762141871,0.30200414651,1.41361437457,-3.24952577765
tcn,12,60,5,11,4341,-0.000690895310355,-6.05224291871,0.179927960755,-33.637033918,0.303616678185,1.42438378254,-2.99917654225
tcn,12,60,10,0,4341,-0.001376595749,-12.0589787613,0.191179532258,-63.0767248921,0.193964524303,1.38792904861,-5.97580214642
tcn,12,60,10,1,4341,-0.00143332322024,-12.5559114093,0.186250492455,-67.4141111995,0.172771250864,1.39426399447,-6.22205609906
tcn,12,60,10,2,4341,-0.00140891812392,-12.3421227656,0.186806233848,-66.0691161709,0.185671504262,1.40774015204,-6.11611357595
tcn,12,60,10,3,4341,-0.00141838231456,-12.4250290755,0.195277254132,-63.6276310354,0.178760654227,1.42478691546,-6.15719762749
tcn,12,60,10,4,4341,-0.0014508042566,-12.7090452878,0.189058988495,-67.2226451066,0.174153420871,1.41188666206,-6.29794127789
tcn,12,60,10,5,4341,-0.00139175071468,-12.1917362606,0.185430249396,-65.7483679192,0.178069569224,1.41430545957,-6.04158985244
tcn,12,60,10,6,4341,-0.00142229581715,-12.4593113582,0.187817722332,-66.3372508385,0.173001612532,1.40157797742,-6.17418614225
tcn,12,60,10,7,4341,-0.00137885476582,-12.0787677486,0.182912078099,-66.0359221444,0.183367887584,1.40716424787,-5.98560853843
tcn,12,60,10,8,4341,-0.00142024249174,-12.4413242276,0.190026019633,-65.4716877809,0.173462335867,1.41591799125,-6.16527265664
tcn,12,60,10,9,4341,-0.00142925407564,-12.5202657026,0.181433486338,-69.0074691023,0.178530292559,1.41177148123,-6.20439194235
tcn,12,60,10,10,4341,-0.00145537336504,-12.7490706778,0.181509417539,-70.2391691333,0.164478230822,1.41361437457,-6.31777577765
tcn,12,60,10,11,4341,-0.00140308720162,-12.2910438862,0.181735251161,-67.6315894013,0.17530522921,1.42438378254,-6.09080154225
transformer,12,60,0,0,4341,2.43725979316e-05,0.213503957881,0.212610411747,1.00420273931,0.505183137526,1.0023612071,0.105801447621
transformer,12,60,0,1,4341,2.66745798428e-05,0.233669319423,0.204634444747,1.14188654658,0.510481455886,1.02401520387,0.115794351098
transformer,12,60,0,2,4341,-1.6385579447e-05,-0.143537675956,0.205025770492,-0.700095776308,0.504261690855,1.01099976964,-0.0711298003793
transformer,12,60,0,3,4341,3.77777389653e-05,0.330932993336,0.210116882392,1.5749947818,0.515549412578,1.00673807878,0.163993164848
transformer,12,60,0,4,4341,4.56044470734e-05,0.399494956363,0.207357424814,1.92660068344,0.510251094218,1.00310988252,0.197968904745
transformer,12,60,0,5,4341,2.89423200442e-05,0.253534723587,0.209212724254,1.21185135603,0.504952775858,1.01434001382,0.125638611312
transformer,12,60,0,6,4341,3.68727843519e-05,0.323005590922,0.213124599822,1.5155716008,0.513476157567,0.997696383322,0.160064756871
transformer,12,60,0,7,4341,1.6582380175e-05,0.145261650333,0.204556166383,0.710130879462,0.504492052522,1.01238193965,0.0719841123396
transformer,12,60,0,8,4341,3.91419034475e-05,0.3428830742,0.205972250176,1.66470519163,0.509790370882,1.00817783921,0.169915002865
transformer,12,60,0,9,4341,3.55617818818e-05,0.311521209284,0.208358144735,1.49512374321,0.509560009214,1.01566459341,0.154373695149
transformer,12,60,0,10,4341,7.22425711509e-06,0.0632844923282,0.202366673964,0.312721907658,0.506795669201,1,0.0313605001366
transformer,12,60,0,11,4341,4.44953156067e-05,0.389778964715,0.204499673611,1.90601264947,0.50794747754,1.01169085464,0.193154165049
transformer,12,60,0.25,0,4341,-6.86432245778e-07,-0.00601314647302,0.212607765742,-0.028282816726,0.498733010827,1.0023612071,-0.00297980237892
transformer,12,60,0.25,1,4341,1.07419974605e-06,0.00940998977537,0.204657188085,0.0459792781452,0.503109882516,1.02401520387,0.00466310109759
transformer,12,60,0.25,2,4341,-4.16605736879e-05,-0.364946625506,0.205057035767,-1.77973227859,0.496199032481,1.01099976964,-0.180848550379
transformer,12,60,0.25,3,4341,1.26092869957e-05,0.110457354082,0.210146280704,0.525621265874,0.508868924211,1.00673807878,0.0547369148483
transformer,12,60,0.25,4,4341,2.05267000105e-05,0.179813892092,0.207376005882,0.867091114651,0.503570605851,1.00310988252,0.0891064047454
transformer,12,60,0.25,5,4341,3.58381969866e-06,0.0313942605602,0.209235085219,0.150043003196,0.500345542502,1.01434001382,0.0155573613119
transformer,12,60,0.25,6,4341,1.19303747688e-05,0.104510082975,0.213130613996,0.490356974135,0.50794747754,0.997696383322,0.0517897568714
transformer,12,60,0.25,7,4341,-8.72716831614e-06,-0.0764499944494,0.204564851452,-0.373720088798,0.498733010827,1.01238193965,-0.0378846376604
transformer,12,60,0.25,8,4341,1.39374574673e-05,0.122092127413,0.205986708107,0.592718474581,0.50264915918,1.00817783921,0.0605025028655
transformer,12,60,0.25,9,4341,1.01701670465e-05,0.0890906633273,0.208376802616,0.42754597541,0.504031329187,1.01566459341,0.0441486951488
transformer,12,60,0.25,10,4341,-1.77757428849e-05,-0.155715507672,0.2023955342,-0.769362369024,0.502418797512,1,-0.0771644998634
transformer,12,60,0.25,11,4341,1.92030442407e-05,0.168218667548,0.204526881419,0.822477057203,0.500806265837,1.01169085464,0.0833604150488
transformer,12,60,0.5,0,4341,-2.57454624232e-05,-0.225530250827,0.212608936708,-1.06077502818,0.491591799125,1.0023612071,-0.111761052379
transformer,12,60,0.5,1,4341,-2.45261803507e-05,-0.214849339872,0.20468384297,-1.04966438364,0.496199032481,1.02401520387,-0.106468148902
transformer,12,60,0.5,2,4341,-6.69355679289e-05,-0.586355575057,0.205092288538,-2.85898401758,0.491361437457,1.01099976964,-0.290567300379
transformer,12,60,0.5,3,4341,-1.25591649739e-05,-0.110018285171,0.210179580005,-0.523448972393,0.501727712509,1.00673807878,-0.0545193351517
transformer,12,60,0.5,4,4341,-4.55104705242e-06,-0.0398671721792,0.207398471083,-0.192225005185,0.496659755817,1.00310988252,-0.0197560952546
transformer,12,60,0.5,5,4341,-2.17746806469e-05,-0.190746202467,0.209261124467,-0.911522400313,0.494125777471,1.01434001382,-0.0945238886881
transformer,12,60,0.5,6,4341,-1.30120348142e-05,-0.113985424973,0.213140401089,-0.534790327832,0.502418797512,0.997696383322,-0.0564852431286
transformer,12,60,0.5,7,4341,-3.40367168073e-05,-0.298161639232,0.204577556863,-1.45745038607,0.491591799125,1.01238193965,-0.14775338766
transformer,12,60,0.5,8,4341,-1.12669885129e-05,-0.0986988193731,0.206005190406,-0.479108410709,0.49735084082,1.00817783921,-0.0489099971345
transformer,12,60,0.5,9,4341,-1.52214477888e-05,-0.13333988263,0.208399221402,-0.639829082531,0.496659755817,1.01566459341,-0.0660763048512
transformer,12,60,0.5,10,4341,-4.27757428849e-05,-0.374715507672,0.202428451246,-1.85110099576,0.496199032481,1,-0.185689499863
transformer,12,60,0.5,11,4341,-6.08922712536e-06,-0.0533416296182,0.204557858923,-0.260765486591,0.496199032481,1.01169085464,-0.0264333349512
transformer,12,60,1,0,4341,-7.58635227779e-05,-0.664564459535,0.212622729089,-3.12555700128,0.479152269062,1.0023612071,-0.329323552379
transformer,12,60,1,1,4341,-7.57269405442e-05,-0.663367999167,0.204748881044,-3.2399102539,0.485602395761,1.02401520387,-0.328730648902
transformer,12,60,1,2,4341,-0.000117485556411,-1.02917347416,0.205174748108,-5.01608255231,0.479612992398,1.01099976964,-0.510004800379
transformer,12,60,1,3,4341,-6.28960689131e-05,-0.550969563679,0.210257873942,-2.62044675592,0.48997926745,1.00673807878,-0.273031835152
transformer,12,60,1,4,4341,-5.47065411782e-05,-0.479229300721,0.207455048621,-2.31003922974,0.481916609076,1.00310988252,-0.237481095255
transformer,12,60,1,5,4341,-7.2491681338e-05,-0.635027128521,0.209324232129,-3.03370098178,0.481686247408,1.01434001382,-0.314686388688
transformer,12,60,1,6,4341,-6.28968539803e-05,-0.550976440868,0.213171291751,-2.58466530058,0.488597097443,0.997696383322,-0.273035243129
transformer,12,60,1,7,4341,-8.46558137895e-05,-0.741584928796,0.204615025481,-3.62429360724,0.478691545727,1.01238193965,-0.36749088766
transformer,12,60,1,8,4341,-6.16758804733e-05,-0.540280712946,0.206054223534,-2.62203173359,0.485372034094,1.00817783921,-0.267734997135
transformer,12,60,1,9,4341,-6.60046774594e-05,-0.578200974544,0.20845533663,-2.77374033158,0.484450587422,1.01566459341,-0.286526304851
transformer,12,60,1,10,4341,-9.27757428849e-05,-0.812715507672,0.202506447611,-4.01328213131,0.481916609076,1,-0.402739499863
transformer,12,60,1,11,4341,-5.66737698575e-05,-0.496462223951,0.204631115965,-2.42613261239,0.485372034094,1.01169085464,-0.246020834951
transformer,12,60,2,0,4341,-0.000176099643487,-1.54263287695,0.212696100943,-7.25275578682,0.459801888966,1.0023612071,-0.764448552379
transformer,12,60,2,1,4341,-0.000178128460931,-1.56040531776,0.204925813601,-7.61448882569,0.461184058973,1.02401520387,-0.773255648902
transformer,12,60,2,2,4341,-0.000218585533375,-1.91480927236,0.205387411307,-9.32291448718,0.453351762267,1.01099976964,-0.948879800379
transformer,12,60,2,3,4341,-0.000163569876791,-1.43287212069,0.210461177698,-6.80824908598,0.463487675651,1.00673807878,-0.710056835152
transformer,12,60,2,4,4341,-0.00015501752943,-1.3579535578,0.207614743229,-6.54073760218,0.458189357291,1.00310988252,-0.672931095255
transformer,12,60,2,5,4341,-0.00017392568272,-1.52358898063,0.209494513537,-7.27269156076,0.457728633955,1.01434001382,-0.755011388688
transformer,12,60,2,6,4341,-0.000162666492313,-1.42495847266,0.21327831183,-6.68121601502,0.465560930661,0.997696383322,-0.706135243129
transformer,12,60,2,7,4341,-0.000185894007754,-1.62843150793,0.204738158035,-7.95372745146,0.455425017277,1.01238193965,-0.80696588766
transformer,12,60,2,8,4341,-0.000162493664394,-1.42344450009,0.206200518799,-6.90320523141,0.459110803962,1.00817783921,-0.705384997135
transformer,12,60,2,9,4341,-0.000167571136801,-1.46792315837,0.208612630971,-7.03659769564,0.460262612301,1.01566459341,-0.727426304851
transformer,12,60,2,10,4341,-0.000192775742885,-1.68871550767,0.202711018811,-8.33065472997,0.46141442064,1,-0.836839499863
transformer,12,60,2,11,4341,-0.000157842855322,-1.38270341262,0.204822777218,-6.75073071168,0.460262612301,1.01169085464,-0.685195834951
transformer,12,60,5,0,4341,-0.000476808005616,-4.1768381292,0.213281651304,-19.5836730617,0.384703985257,1.0023612071,-2.06982355238
transformer,12,60,5,1,4341,-0.000485333022092,-4.25151727353,0.205829692542,-20.6555100045,0.38539507026,1.02401520387,-2.1068306489
transformer,12,60,5,2,4341,-0.000521885464266,-4.57171666697,0.206405251173,-22.1492265385,0.3800967519,1.01099976964,-2.26550480038
transformer,12,60,5,3,4341,-0.000465591300427,-4.07857979174,0.211442889348,-19.2892738286,0.390002303617,1.00673807878,-2.02113183515
transformer,12,60,5,4,4341,-0.000455950494184,-3.99412632906,0.208464548161,-19.1597389786,0.386546878599,1.00310988252,-1.97928109525
transformer,12,60,5,5,4341,-0.000478227686867,-4.18927453695,0.210356325347,-19.9151346176,0.387929048606,1.01434001382,-2.07598638869
transformer,12,60,5,6,4341,-0.000461975407309,-4.04690456803,0.213960180565,-18.9142884313,0.399907855333,0.997696383322,-2.00543524313
transformer,12,60,5,7,4341,-0.000489608589648,-4.28897124531,0.205491739489,-20.8717452876,0.384934346925,1.01238193965,-2.12539088766
transformer,12,60,5,8,4341,-0.000464947016156,-4.07293586153,0.207023672656,-19.6737687496,0.387237963603,1.00817783921,-2.01833499713
transformer,12,60,5,9,4341,-0.000472270514824,-4.13708970986,0.209443515838,-19.752770542,0.395300621977,1.01566459341,-2.05012630485
transformer,12,60,5,10,4341,-0.000492775742885,-4.31671550767,0.203711256438,-21.1903631795,0.392997005298,1,-2.13913949986
transformer,12,60,5,11,4341,-0.000461350111714,-4.04142697862,0.205757127215,-19.6417350559,0.392305920295,1.01169085464,-2.00272083495
transformer,12,60,10,0,4341,-0.000977988609164,-8.56718021627,0.215462654781,-39.7617871412,0.291177148123,1.0023612071,-4.24544855238
transformer,12,60,10,1,4341,-0.000997340624027,-8.73670386648,0.208560256712,-41.8905500224,0.286109191431,1.02401520387,-4.3294556489
transformer,12,60,10,2,4341,-0.00102738534909,-8.99989565799,0.209345905212,-42.9905502516,0.280810873071,1.01099976964,-4.45987980038
transformer,12,60,10,3,4341,-0.000968960339818,-8.48809257681,0.21429815331,-39.6087994494,0.284266298088,1.00673807878,-4.20625683515
transformer,12,60,10,4,4341,-0.000957505435442,-8.38774761447,0.211098448439,-39.7338193459,0.288643169777,1.00310988252,-4.15653109525
transformer,12,60,10,5,4341,-0.000985397693777,-8.63208379749,0.21294547474,-40.5365918577,0.288412808109,1.01434001382,-4.27761138869
transformer,12,60,10,6,4341,-0.00096082359897,-8.41681472698,0.216284939404,-38.9153990573,0.293020041465,0.997696383322,-4.17093524313
transformer,12,60,10,7,4341,-0.00099579955947,-8.72320414096,0.20801085592,-41.9362927111,0.284266298088,1.01238193965,-4.32276588766
transformer,12,60,10,8,4341,-0.00096903593576,-8.48875479726,0.20965788158,-40.488603306,0.28403593642,1.00817783921,-4.20658499713
transformer,12,60,10,9,4341,-0.00098010281153,-8.585700629,0.212007888168,-40.4970810435,0.28726099977,1.01566459341,-4.25462630485
transformer,12,60,10,10,4341,-0.000992775742885,-8.69671550767,0.206644409622,-42.0854138932,0.289103893112,1,-4.30963949986
transformer,12,60,10,11,4341,-0.000967195539035,-8.47263292195,0.208493063671,-40.6374810403,0.28933425478,1.01169085464,-4.19859583495
lightgbm,24,120,0,0,2169,5.88656954542e-05,0.25783174609,0.216702590033,1.189795406,0.516828031351,0.39499769479,0.12767969344
lightgbm,24,120,0,1,2169,4.15516481272e-05,0.181996218797,0.214493180306,0.848494197053,0.510373443983,0.390848317197,0.0901255247878
lightgbm,24,120,0,2,2169,5.91429419693e-05,0.259046085826,0.214079766314,1.21004469636,0.51959428308,0.391194098663,0.128281041131
lightgbm,24,120,0,3,2169,0.000105023938172,0.460004849192,0.214733294944,2.14221483125,0.515905947441,0.394882434302,0.227796921895
lightgbm,24,120,0,4,2169,8.83692127669e-05,0.387057151919,0.208647804337,1.85507416745,0.511295527893,0.392231443061,0.191672822491
lightgbm,24,120,0,5,2169,9.5699191167e-05,0.419162457311,0.211736329332,1.97964354362,0.522821576763,0.391770401107,0.207571545641
lightgbm,24,120,0,6,2169,5.43907982628e-05,0.238231696391,0.209913365007,1.13490485174,0.519133241125,0.401913324112,0.117973641432
lightgbm,24,120,0,7,2169,3.92887887811e-05,0.172084894861,0.207727319064,0.828417252175,0.515444905486,0.399838635316,0.0852173828661
lightgbm,24,120,0,8,2169,3.55910451766e-05,0.155888777874,0.211851566172,0.735839629088,0.520516366989,0.402835408022,0.0771969769882
lightgbm,24,120,0,9,2169,-1.37002153694e-06,-0.00600069433181,0.217905191818,-0.0275380971043,0.516828031351,0.400414937759,-0.00297157671363
lightgbm,24,120,0,10,2169,2.51303479587e-05,0.110070924059,0.213447883109,0.51568056078,0.516366989396,0.399953895805,0.0545077247224
lightgbm,24,120,0,11,2169,7.58246097447e-05,0.332111790682,0.210066168672,1.58098656619,0.525587828492,0.393153526971,0.164463578536
lightgbm,24,120,0,12,2169,4.78674882709e-05,0.209659598627,0.207431380668,1.01074195212,0.526509912402,0.390502535731,0.10382458206
lightgbm,24,120,0,13,2169,4.17175553865e-05,0.182722892593,0.208686983964,0.875583561189,0.525126786538,0.395689257722,0.0904853776334
lightgbm,24,120,0,14,2169,1.04355562344e-05,0.0457077363067,0.207739322563,0.220024479443,0.529276164131,0.402259105579,0.0226347214724
lightgbm,24,120,0,15,2169,-4.04408418088e-05,-0.177130887123,0.205539631036,-0.861784592245,0.504379898571,0.3959197787,-0.0877161858833
lightgbm,24,120,0,16,2169,-2.16717087411e-06,-0.00949220842859,0.208513928167,-0.0455231384879,0.513600737667,0.400875979714,-0.00470059362594
lightgbm,24,120,0,17,2169,-7.13156978669e-06,-0.0312362756657,0.214040024867,-0.145936610151,0.507607192254,0.397072383587,-0.0154683748673
lightgbm,24,120,0,18,2169,-3.94441022206e-05,-0.172765167726,0.218863421904,-0.789374333194,0.497003227294,0.408944213923,-0.0855542577164
lightgbm,24,120,0,19,2169,-2.07584910322e-05,-0.0909221907211,0.214694662877,-0.423495346846,0.502074688797,0.40122176118,-0.0450251670489
lightgbm,24,120,0,20,2169,1.76731636211e-05,0.0774084566606,0.20968993558,0.369156757315,0.509451360074,0.393499308437,0.0383330918942
lightgbm,24,120,0,21,2169,1.47919741137e-05,0.0647888466179,0.211208735521,0.306752684533,0.497464269249,0.381396957123,0.0320837918526
lightgbm,24,120,0,22,2169,-1.82140380113e-05,-0.0797774864895,0.216075190749,-0.369211690676,0.501613646842,0.378054402951,-0.0395062484465
lightgbm,24,120,0,23,2169,6.28812468117e-05,0.275419861035,0.216652419361,1.27125218286,0.514061779622,0.389580451821,0.136389424335
lightgbm,24,120,0.25,0,2169,4.89907530845e-05,0.21457949851,0.216725092149,0.990099929742,0.515444905486,0.39499769479,0.10626094344
lightgbm,24,120,0.25,1,2169,3.17804401972e-05,0.139198328064,0.214513822601,0.648901438499,0.509912402029,0.390848317197,0.0689317747878
lightgbm,24,120,0.25,2,2169,4.93630895027e-05,0.216210332022,0.214078863283,1.00995646514,0.51959428308,0.391194098663,0.107068541131
lightgbm,24,120,0.25,3,2169,9.51518773142e-05,0.416765222636,0.214727898929,1.94089927166,0.514061779622,0.394882434302,0.206384421895
lightgbm,24,120,0.25,4,2169,7.85634266904e-05,0.344107808904,0.208644727531,1.64925235819,0.510373443983,0.392231443061,0.170404072491
lightgbm,24,120,0.25,5,2169,8.59049311393e-05,0.37626359839,0.211735237591,1.77704761225,0.522360534809,0.391770401107,0.186327795641
lightgbm,24,120,0.25,6,2169,4.434296516e-05,0.194222187401,0.20991460291,0.925243812048,0.51775011526,0.401913324112,0.0961798914321
lightgbm,24,120,0.25,7,2169,2.92928228982e-05,0.128302564294,0.207724546941,0.617657210877,0.514061779622,0.399838635316,0.0635361328661
lightgbm,24,120,0.25,8,2169,2.55201599761e-05,0.111778300695,0.211843741271,0.527645046414,0.519133241125,0.402835408022,0.0553532269882
lightgbm,24,120,0.25,9,2169,-1.13803949809e-05,-0.0498461300165,0.217917882168,-0.228738135304,0.514983863532,0.400414937759,-0.0246840767136
lightgbm,24,120,0.25,10,2169,1.51315005636e-05,0.0662759724685,0.213445151817,0.31050586956,0.514522821577,0.399953895805,0.0328202247224
lightgbm,24,120,0.25,11,2169,6.59957715704e-05,0.289061479478,0.210065606758,1.37605333848,0.524204702628,0.393153526971,0.143144828536
lightgbm,24,120,0.25,12,2169,3.81049248776e-05,0.166899570964,0.20743097941,0.804602916301,0.525126786538,0.390502535731,0.0826495820596
lightgbm,24,120,0.25,13,2169,3.18253239435e-05,0.139394918872,0.208676732941,0.667994543079,0.524204702628,0.395689257722,0.0690291276334
lightgbm,24,120,0.25,14,2169,3.79078594936e-07,0.00166036424582,0.207746466402,0.00799226227324,0.528354080221,0.402259105579,0.000822221472417
lightgbm,24,120,0.25,15,2169,-5.03388362763e-05,-0.22048410289,0.205544628265,-1.07268238898,0.502074688797,0.3959197787,-0.109184935883
lightgbm,24,120,0.25,16,2169,-1.2189070367e-05,-0.0533881282073,0.208525219569,-0.256027200535,0.513600737667,0.400875979714,-0.0264380936259
lightgbm,24,120,0.25,17,2169,-1.70583793764e-05,-0.0747157016685,0.214059589059,-0.349041600972,0.50622406639,0.397072383587,-0.0369996248673
lightgbm,24,120,0.25,18,2169,-4.96677075687e-05,-0.217544559151,0.218877952343,-0.993908051598,0.495620101429,0.408944213923,-0.107729257716
lightgbm,24,120,0.25,19,2169,-3.07890350617e-05,-0.13485597357,0.214716004837,-0.628066704541,0.498847395113,0.40122176118,-0.0667814170489
lightgbm,24,120,0.25,20,2169,7.83568091021e-06,0.0343202823867,0.20971778119,0.163649845006,0.507607192254,0.393499308437,0.0169955918942
lightgbm,24,120,0.25,21,2169,5.2570501856e-06,0.0230258798129,0.211225035829,0.109011129872,0.495620101429,0.381396957123,0.0114025418526
lightgbm,24,120,0.25,22,2169,-2.76653980851e-05,-0.121174443613,0.216101533678,-0.560729216262,0.500691562932,0.378054402951,-0.0600062484465
lightgbm,24,120,0.25,23,2169,5.31417355161e-05,0.232760801561,0.216666453952,1.07428167727,0.512217611803,0.389580451821,0.115264424335
lightgbm,24,120,0.5,0,2169,3.91158107147e-05,0.17132725093,0.216750075212,0.790436869574,0.513139695712,0.39499769479,0.0848421934402
lightgbm,24,120,0.5,1,2169,2.20092322673e-05,0.0964004373309,0.214536928096,0.449341930019,0.508529276164,0.390848317197,0.0477380247878
lightgbm,24,120,0.5,2,2169,3.95832370362e-05,0.173374578218,0.214080395897,0.809857331832,0.517289073306,0.391194098663,0.0858560411314
lightgbm,24,120,0.5,3,2169,8.52798164567e-05,0.37352559608,0.214724959554,1.73955369164,0.512678653757,0.394882434302,0.184971921895
lightgbm,24,120,0.5,4,2169,6.87576406138e-05,0.301158465889,0.208644091841,1.44340759056,0.509912402029,0.392231443061,0.149135322491
lightgbm,24,120,0.5,5,2169,7.61106711116e-05,0.333364739469,0.211736561992,1.57443162547,0.520977408944,0.391770401107,0.165084045641
lightgbm,24,120,0.5,6,2169,3.42951320572e-05,0.150212678411,0.20991850293,0.71557617034,0.515905947441,0.401913324112,0.0743861414321
lightgbm,24,120,0.5,7,2169,1.92968570153e-05,0.0845202337269,0.207724458081,0.406886288249,0.512678653757,0.399838635316,0.0418548828661
lightgbm,24,120,0.5,8,2169,1.54492747755e-05,0.0676678235169,0.211838552678,0.319431107612,0.516828031351,0.402835408022,0.0335094769882
lightgbm,24,120,0.5,9,2169,-2.13907684249e-05,-0.0936915657011,0.21793314423,-0.429909668087,0.511295527893,0.400414937759,-0.0463965767136
lightgbm,24,120,0.5,10,2169,5.13265316847e-06,0.0224810208779,0.213445030322,0.105324639529,0.512678653757,0.399953895805,0.0111327247224
lightgbm,24,120,0.5,11,2169,5.61669333961e-05,0.246011168275,0.210067641097,1.17110454037,0.522360534809,0.393153526971,0.121826078536
lightgbm,24,120,0.5,12,2169,2.83423614844e-05,0.124139543302,0.207433350085,0.598455085698,0.523743660673,0.390502535731,0.0614745820596
lightgbm,24,120,0.5,13,2169,2.19330925004e-05,0.0960669451518,0.208669150509,0.460379241098,0.522821576763,0.395689257722,0.0475728776334
lightgbm,24,120,0.5,14,2169,-9.67739904453e-06,-0.042387007815,0.207756340603,-0.204022691639,0.527893038266,0.402259105579,-0.0209902785276
lightgbm,24,120,0.5,15,2169,-6.02368307438e-05,-0.263837318658,0.20555231715,-1.28355312319,0.501152604887,0.3959197787,-0.130653685883
lightgbm,24,120,0.5,16,2169,-2.22109698598e-05,-0.097284047986,0.208539184001,-0.466502487061,0.511756569848,0.400875979714,-0.0481755936259
lightgbm,24,120,0.5,17,2169,-2.6985188966e-05,-0.118195127671,0.214081676377,-0.552102962156,0.505763024435,0.397072383587,-0.0585308748673
lightgbm,24,120,0.5,18,2169,-5.98913129167e-05,-0.262323950575,0.218895139739,-1.19840006904,0.49469801752,0.408944213923,-0.129904257716
lightgbm,24,120,0.5,19,2169,-4.08195790912e-05,-0.17878975642,0.214739854887,-0.832587674579,0.496542185339,0.40122176118,-0.0885376670489
lightgbm,24,120,0.5,20,2169,-2.00180180072e-06,-0.00876789188715,0.209748060608,-0.0418020164846,0.50530198248,0.393499308437,-0.00434190810576
lightgbm,24,120,0.5,21,2169,-4.27787374247e-06,-0.018737086992,0.211243726903,-0.0886989037107,0.49377593361,0.381396957123,-0.00927870814743
lightgbm,24,120,0.5,22,2169,-3.71167581588e-05,-0.162571400736,0.216130121915,-0.752192240931,0.499308437068,0.378054402951,-0.0805062484465
lightgbm,24,120,0.5,23,2169,4.34022242206e-05,0.190101742086,0.216682797776,0.877327337645,0.510834485938,0.389580451821,0.0941394243345
lightgbm,24,120,1,0,2169,1.93659259752e-05,0.0848227557714,0.216807480661,0.391235373949,0.510373443983,0.39499769479,0.0420046934402
lightgbm,24,120,1,1,2169,2.46681640748e-06,0.0108046558648,0.214590525413,0.0503501067625,0.50622406639,0.390848317197,0.00535052478782
lightgbm,24,120,1,2,2169,2.0023532103e-05,0.0877030706112,0.214090767764,0.409653678797,0.514061779622,0.391194098663,0.0434310411314
lightgbm,24,120,1,3,2169,6.55356947416e-05,0.287046342968,0.21472645105,1.33680010807,0.508990318119,0.394882434302,0.142146921895
lightgbm,24,120,1,4,2169,4.91460684608e-05,0.215259779858,0.208650143817,1.03167808045,0.508529276164,0.392231443061,0.106597822491
lightgbm,24,120,1,5,2169,5.65221510563e-05,0.247567021627,0.211746458952,1.16916723355,0.515905947441,0.391770401107,0.122596545641
lightgbm,24,120,1,6,2169,1.41994658516e-05,0.0621936604299,0.209934288629,0.296252988666,0.512678653757,0.401913324112,0.0307986414321
lightgbm,24,120,1,7,2169,-6.95074750511e-07,-0.00304442740724,0.207732330062,-0.014655530058,0.508068234209,0.399838635316,-0.00150761713386
lightgbm,24,120,1,8,2169,-4.69249562556e-06,-0.02055313084,0.211836085096,-0.0970237475387,0.513600737667,0.402835408022,-0.0101780230118
lightgbm,24,120,1,9,2169,-4.14115153129e-05,-0.18138243707,0.217971381235,-0.832138769975,0.508068234209,0.400414937759,-0.0898215767136
lightgbm,24,120,1,10,2169,-1.48650416218e-05,-0.0651088823033,0.213452616645,-0.305027332654,0.508068234209,0.399953895805,-0.0322422752776
lightgbm,24,120,1,11,2169,3.65092570476e-05,0.159910545868,0.210079498144,0.761190631553,0.519133241125,0.393153526971,0.0791885785362
lightgbm,24,120,1,12,2169,8.81723469784e-06,0.0386194879765,0.207446406745,0.186166097463,0.522360534809,0.390502535731,0.0191245820596
lightgbm,24,120,1,13,2169,2.14862961429e-06,0.00941099771059,0.208661992476,0.0451016382952,0.520516366989,0.395689257722,0.0046603776334
lightgbm,24,120,1,14,2169,-2.97903543235e-05,-0.130481751937,0.207784278431,-0.627967394462,0.521899492854,0.402259105579,-0.0646152785276
lightgbm,24,120,1,15,2169,-8.00328196788e-05,-0.350543750193,0.205575768575,-1.70518029739,0.499769479023,0.3959197787,-0.173591185883
lightgbm,24,120,1,16,2169,-4.22547688455e-05,-0.185075887543,0.2085751297,-0.887334399887,0.505763024435,0.400875979714,-0.0916505936259
lightgbm,24,120,1,17,2169,-4.68388081454e-05,-0.205153979677,0.214133417184,-0.958066155084,0.502074688797,0.397072383587,-0.101593374867
lightgbm,24,120,1,18,2169,-8.03385236129e-05,-0.351882733425,0.218937482804,-1.60722928262,0.491931765791,0.408944213923,-0.174254257716
lightgbm,24,120,1,19,2169,-6.08806671502e-05,-0.266657322118,0.214795075824,-1.24144988471,0.49469801752,0.40122176118,-0.132050167049
lightgbm,24,120,1,20,2169,-2.16767672226e-05,-0.0949442404349,0.209815916567,-0.452512097216,0.501613646842,0.393499308437,-0.0470169081058
lightgbm,24,120,1,21,2169,-2.33477215986e-05,-0.102263020602,0.211288278728,-0.483997603736,0.491470723836,0.381396957123,-0.0506412081474
lightgbm,24,120,1,22,2169,-5.60194783064e-05,-0.245365314982,0.216194030675,-1.13493103494,0.495159059474,0.378054402951,-0.121506248447
lightgbm,24,120,1,23,2169,2.39232016296e-05,0.104783623137,0.21672241096,0.483492328612,0.506685108345,0.389580451821,0.0518894243345
lightgbm,24,120,2,0,2169,-2.01338435038e-05,-0.0881862345467,0.216952019511,-0.406478053284,0.50622406639,0.39499769479,-0.0436703065598
lightgbm,24,120,2,1,2169,-3.66180153122e-05,-0.160386907067,0.214727237772,-0.746933219707,0.501613646842,0.390848317197,-0.0794244752122
lightgbm,24,120,2,2,2169,-1.90958777633e-05,-0.0836399446032,0.214140731361,-0.390584005535,0.508068234209,0.391194098663,-0.0414189588686
lightgbm,24,120,2,3,2169,2.60474513115e-05,0.114087836744,0.21475891253,0.531236796649,0.503918856616,0.394882434302,0.0564969218946
lightgbm,24,120,2,4,2169,9.92292415464e-06,0.0434624077973,0.20869153641,0.208261477897,0.502535730751,0.392231443061,0.0215228224914
lightgbm,24,120,2,5,2169,1.73451109457e-05,0.075971585942,0.211795239033,0.358702992044,0.511295527893,0.391770401107,0.0376215456411
lightgbm,24,120,2,6,2169,-2.59918665597e-05,-0.113844375531,0.209997792129,-0.542121773649,0.508529276164,0.401913324112,-0.0563763585679
lightgbm,24,120,2,7,2169,-4.06789382821e-05,-0.178173749676,0.207780266375,-0.857510449783,0.502535730751,0.399838635316,-0.0882326171339
lightgbm,24,120,2,8,2169,-4.49760364278e-05,-0.196995039554,0.211862787569,-0.929823693034,0.5071461503,0.402835408022,-0.0975530230118
lightgbm,24,120,2,9,2169,-8.14530090888e-05,-0.356764179809,0.218078685927,-1.63594245028,0.500230520977,0.400414937759,-0.176671576714
lightgbm,24,120,2,10,2169,-5.48604312022e-05,-0.240288688666,0.213499100635,-1.12547869266,0.501613646842,0.399953895805,-0.118992275278
lightgbm,24,120,2,11,2169,-2.80609564953e-06,-0.0122906989449,0.210134357528,-0.0584897162441,0.513139695712,0.393153526971,-0.00608642146382
lightgbm,24,120,2,12,2169,-3.02330188752e-05,-0.132420622674,0.207505771649,-0.638153925172,0.514061779622,0.390502535731,-0.0655754179404
lightgbm,24,120,2,13,2169,-3.7420296158e-05,-0.163900897172,0.208679705431,-0.785418480602,0.511295527893,0.395689257722,-0.0811646223666
lightgbm,24,120,2,14,2169,-7.00162648813e-05,-0.30667124018,0.207872894118,-1.47528248683,0.514983863532,0.402259105579,-0.151865278528
lightgbm,24,120,2,15,2169,-0.000119624797549,-0.523956613264,0.205654950932,-2.54774616847,0.4928538497,0.3959197787,-0.259466185883
lightgbm,24,120,2,16,2169,-8.23423668169e-05,-0.360659566658,0.208679066954,-1.72829777286,0.501152604887,0.400875979714,-0.178600593626
lightgbm,24,120,2,17,2169,-8.65460465041e-05,-0.379071683688,0.214267136029,-1.76915457364,0.495620101429,0.397072383587,-0.187718374867
lightgbm,24,120,2,18,2169,-0.000121232945005,-0.531000299123,0.219054018432,-2.42406098241,0.485938220378,0.408944213923,-0.262954257716
lightgbm,24,120,2,19,2169,-0.000101002843268,-0.442392453515,0.214935572158,-2.05825610472,0.489626556017,0.40122176118,-0.219075167049
lightgbm,24,120,2,20,2169,-6.10266980663e-05,-0.26729693753,0.20998078219,-1.27295905245,0.497464269249,0.393499308437,-0.132366908106
lightgbm,24,120,2,21,2169,-6.14874173109e-05,-0.269314887822,0.211406038238,-1.27392240102,0.486399262333,0.381396957123,-0.133366208147
lightgbm,24,120,2,22,2169,-9.38249186014e-05,-0.410953143474,0.216348748039,-1.89949397535,0.485938220378,0.378054402951,-0.203506248447
lightgbm,24,120,2,23,2169,-1.50348435526e-05,-0.0658526147602,0.21682932021,-0.303707149459,0.502074688797,0.389580451821,-0.0326105756655
lightgbm,24,120,5,0,2169,-0.000138633151941,-0.607213205501,0.217622627033,-2.79021172467,0.491470723836,0.39499769479,-0.30069530656
lightgbm,24,120,5,1,2169,-0.000153872510471,-0.673961595864,0.215372720747,-3.1292802242,0.485477178423,0.390848317197,-0.333749475212
lightgbm,24,120,5,2,2169,-0.000136454107362,-0.597668990246,0.214524016651,-2.78602367966,0.489626556017,0.391194098663,-0.295968958869
lightgbm,24,120,5,3,2169,-9.2417278979e-05,-0.404787681928,0.21509184352,-1.88192948325,0.486399262333,0.394882434302,-0.200453078105
lightgbm,24,120,5,4,2169,-0.000107746508764,-0.471929708385,0.209049691455,-2.25750014315,0.479944674965,0.392231443061,-0.233702177509
lightgbm,24,120,5,5,2169,-0.000100186009386,-0.438814721112,0.212173109847,-2.06819196564,0.489626556017,0.391770401107,-0.217303454359
lightgbm,24,120,5,6,2169,-0.000146565863793,-0.641958483415,0.210443267198,-3.05050616237,0.486399262333,0.401913324112,-0.317901358568
lightgbm,24,120,5,7,2169,-0.000160630528877,-0.703561716481,0.208181197928,-3.37956416565,0.481788842785,0.399838635316,-0.348407617134
lightgbm,24,120,5,8,2169,-0.000165826658834,-0.726320765695,0.212195711237,-3.42288145911,0.484555094514,0.402835408022,-0.359678023012
lightgbm,24,120,5,9,2169,-0.000201577490417,-0.882909408025,0.218646570348,-4.03806657758,0.480866758875,0.400414937759,-0.437221576714
lightgbm,24,120,5,10,2169,-0.000174846599944,-0.765828107753,0.213888660879,-3.58049886613,0.481788842785,0.399953895805,-0.379242275278
lightgbm,24,120,5,11,2169,-0.000120752153741,-0.528894433385,0.210547667656,-2.51199378874,0.492392807746,0.393153526971,-0.261911421464
lightgbm,24,120,5,12,2169,-0.000147383779594,-0.645540954624,0.207949377777,-3.10431779852,0.487321346243,0.390502535731,-0.31967541794
lightgbm,24,120,5,13,2169,-0.000156127073475,-0.683836581819,0.208988831481,-3.27212022275,0.487782388197,0.395689257722,-0.338639622367
lightgbm,24,120,5,14,2169,-0.000190693996555,-0.83523970491,0.208400005937,-4.00786795161,0.500230520977,0.402259105579,-0.413615278528
lightgbm,24,120,5,15,2169,-0.000238400731159,-1.04419520248,0.206150136094,-5.06521713862,0.475334255417,0.3959197787,-0.517091185883
lightgbm,24,120,5,16,2169,-0.000202605160731,-0.887410604003,0.209246525289,-4.24098131511,0.481788842785,0.400875979714,-0.439450593626
lightgbm,24,120,5,17,2169,-0.00020566776158,-0.900824795721,0.214909385481,-4.19164939541,0.477178423237,0.397072383587,-0.446093374867
lightgbm,24,120,5,18,2169,-0.000243916209182,-1.06835299622,0.219657674471,-4.86371805033,0.46887966805,0.408944213923,-0.529054257716
lightgbm,24,120,5,19,2169,-0.000221369371622,-0.969597847706,0.21559666608,-4.49727662924,0.471645919779,0.40122176118,-0.480150167049
lightgbm,24,120,5,20,2169,-0.000179076490597,-0.784355028817,0.210707666505,-3.72247978362,0.479483633011,0.393499308437,-0.388416908106
lightgbm,24,120,5,21,2169,-0.000175906504448,-0.770470489482,0.211987874368,-3.63450264208,0.468418626095,0.381396957123,-0.381541208147
lightgbm,24,120,5,22,2169,-0.000207241239487,-0.907716628951,0.217027308489,-4.18249959082,0.470723835869,0.378054402951,-0.449506248447
lightgbm,24,120,5,23,2169,-0.000131908979099,-0.577761328453,0.217370915102,-2.65795140155,0.48132780083,0.389580451821,-0.286110575665
lightgbm,24,120,10,0,2169,-0.000336131999336,-1.47225815709,0.219521757333,-6.70666167663,0.459658828953,0.39499769479,-0.72907030656
lightgbm,24,120,10,1,2169,-0.00034929666907,-1.52991941053,0.217224744,-7.0430254968,0.465652374366,0.390848317197,-0.757624475212
lightgbm,24,120,10,2,2169,-0.000332051156694,-1.45438406632,0.215935403124,-6.73527381465,0.455048409405,0.391194098663,-0.720218958869
lightgbm,24,120,10,3,2169,-0.00028985849613,-1.26958021305,0.216426978523,-5.8660903632,0.461502996773,0.394882434302,-0.628703078105
lightgbm,24,120,10,4,2169,-0.000303862230294,-1.33091656869,0.210421257468,-6.32501005223,0.451821115722,0.392231443061,-0.659077177509
lightgbm,24,120,10,5,2169,-0.00029607120994,-1.29679189954,0.213569311665,-6.07199550079,0.459197786999,0.391770401107,-0.642178454359
lightgbm,24,120,10,6,2169,-0.00034752252585,-1.52214866322,0.212028717839,-7.17897405002,0.453204241586,0.401913324112,-0.753776358568
lightgbm,24,120,10,7,2169,-0.000360549846535,-1.57920832782,0.209700000308,-7.53079792799,0.447671738128,0.399838635316,-0.782032617134
lightgbm,24,120,10,8,2169,-0.000367244362845,-1.60853030926,0.213587867978,-7.5310003536,0.452282157676,0.402835408022,-0.796553023012
lightgbm,24,120,10,9,2169,-0.000401784959296,-1.75981812172,0.220405235611,-7.98446605334,0.449054863993,0.400414937759,-0.871471576714
lightgbm,24,120,10,10,2169,-0.000374823547846,-1.64172713956,0.215365645967,-7.62297594953,0.449515905947,0.399953895805,-0.812992275278
lightgbm,24,120,10,11,2169,-0.000317328917226,-1.38990065745,0.212059317954,-6.55430127223,0.452743199631,0.393153526971,-0.688286421464
lightgbm,24,120,10,12,2169,-0.00034263504746,-1.50074150787,0.20956645726,-7.16117229588,0.45643153527,0.390502535731,-0.74317541794
lightgbm,24,120,10,13,2169,-0.000353971702336,-1.55039605623,0.210352012739,-7.3704835815,0.459658828953,0.395689257722,-0.767764622367
lightgbm,24,120,10,14,2169,-0.000391823549344,-1.71618714613,0.210141230709,-8.16682733005,0.462425080682,0.402259105579,-0.849865278528
lightgbm,24,120,10,15,2169,-0.000436360620509,-1.91125951783,0.20782650283,-9.19641860783,0.446288612264,0.3959197787,-0.946466185883
lightgbm,24,120,10,16,2169,-0.000403043150588,-1.76532899958,0.211036022034,-8.36506006209,0.451360073767,0.400875979714,-0.874200593626
lightgbm,24,120,10,17,2169,-0.000404203953374,-1.77041331578,0.216774960789,-8.16705633036,0.453665283541,0.397072383587,-0.876718374867
lightgbm,24,120,10,18,2169,-0.000448388316144,-1.96394082471,0.221502218087,-8.86646121051,0.446288612264,0.408944213923,-0.972554257716
lightgbm,24,120,10,19,2169,-0.000421980252212,-1.84827350469,0.217488569465,-8.49825583587,0.447671738128,0.40122176118,-0.915275167049
lightgbm,24,120,10,20,2169,-0.000375826144816,-1.64611851429,0.212684224735,-7.73973018612,0.45458736745,0.393499308437,-0.815166908106
lightgbm,24,120,10,21,2169,-0.000366604983009,-1.60572982558,0.21371201534,-7.51352151646,0.444444444444,0.381396957123,-0.795166208147
lightgbm,24,120,10,22,2169,-0.000396268440962,-1.73565577141,0.218865239596,-7.93024865263,0.44398340249,0.378054402951,-0.859506248447
lightgbm,24,120,10,23,2169,-0.000326699205009,-1.43094251794,0.219003221384,-6.53388798985,0.453665283541,0.389580451821,-0.708610575665
mlp,24,120,0,0,2169,-2.77825181215e-05,-0.121687429372,0.172881066893,-0.703879444748,0.50530198248,1.51567542646,-0.0602602818056
mlp,24,120,0,1,2169,-1.0062056884e-05,-0.044071809152,0.16458817337,-0.267770206386,0.503457814661,1.53653757492,-0.0218246013814
mlp,24,120,0,2,2169,-1.50760407746e-06,-0.00660330585928,0.173251826759,-0.0381139176585,0.513139695712,1.52558782849,-0.00326999324401
mlp,24,120,0,3,2169,-4.08195212307e-05,-0.17878950299,0.174414994306,-1.02508103561,0.511295527893,1.52455048409,-0.0885375415493
mlp,24,120,0,4,2169,-4.55701550191e-05,-0.199597278983,0.169608552184,-1.17681140729,0.499769479023,1.50968188105,-0.0988416662363
mlp,24,120,0,5,2169,1.20473495835e-05,0.0527673911759,0.174466164998,0.302450570724,0.50622406639,1.50737667128,0.0261307012467
mlp,24,120,0,6,2169,-4.81389732868e-05,-0.210848702996,0.174180578246,-1.21051787242,0.503918856616,1.51694329184,-0.104413433059
mlp,24,120,0,7,2169,5.17272659027e-06,0.0226565424654,0.168650698146,0.134340045517,0.508529276164,1.52985246657,0.0112196439743
mlp,24,120,0,8,2169,4.30370708137e-05,0.188502370164,0.169336547802,1.11318184179,0.535269709544,1.52201475334,0.093347406595
mlp,24,120,0,9,2169,5.06818345833e-05,0.221986435475,0.167495981231,1.32532395012,0.518211157215,1.52512678654,0.109928899211
mlp,24,120,0,10,2169,9.4695232848e-06,0.0414765119874,0.162202202163,0.255708686038,0.506685108345,1.51648224988,0.0205393960047
mlp,24,120,0,11,2169,7.86544894817e-06,0.034450666393,0.157924676709,0.218146189125,0.50622406639,1.50841401568,0.0170601587686
mlp,24,120,0,12,2169,3.22093329707e-05,0.141076878412,0.174533762049,0.808307096321,0.517289073306,1.5296219456,0.0698620432135
mlp,24,120,0,13,2169,8.94697026038e-06,0.0391877297404,0.16670700726,0.235069481389,0.502535730751,1.51406177962,0.0194059784948
mlp,24,120,0,14,2169,-7.31878239693e-05,-0.320562668986,0.156067317751,-2.05400255227,0.489626556017,1.51152604887,-0.158744390189
mlp,24,120,0,15,2169,4.6179808919e-06,0.0202267563065,0.173702179649,0.116445034526,0.508068234209,1.52201475334,0.0100164005545
mlp,24,120,0,16,2169,-5.10637484806e-06,-0.0223659218345,0.169288955422,-0.132116839984,0.503457814661,1.515329645,-0.0110757270454
mlp,24,120,0,17,2169,4.37541069783e-05,0.191642988565,0.172033000612,1.11398968735,0.520516366989,1.50357307515,0.094902658036
mlp,24,120,0,18,2169,1.17040821369e-05,0.0512638797595,0.167806579753,0.305493859865,0.507607192254,1.51844167819,0.0253861541549
mlp,24,120,0,19,2169,2.01423358633e-05,0.0882234310814,0.170412790989,0.517704278943,0.508990318119,1.51821115722,0.0436887264876
mlp,24,120,0,20,2169,6.97148152527e-05,0.305350890807,0.167745127726,1.82032643777,0.516828031351,1.51048870447,0.151211434283
mlp,24,120,0,21,2169,2.78585077981e-05,0.122020264156,0.164617984064,0.741232890499,0.512678653757,1.52846934071,0.0604251034142
mlp,24,120,0,22,2169,1.19676923871e-05,0.0524184926553,0.164949536905,0.317785024673,0.517289073306,1.50011526049,0.0259579247875
mlp,24,120,0,23,2169,5.22542699882e-07,0.00228873702548,0.158477636038,0.0144420189669,0.50622406639,1.50472568004,0.00113339511604
mlp,24,120,0.25,0,2169,-6.56744037831e-05,-0.28765388857,0.172867118386,-1.66401737505,0.498386353158,1.51567542646,-0.142447781806
mlp,24,120,0.25,1,2169,-4.8475496257e-05,-0.212322673606,0.164570400906,-1.29016319118,0.498386353158,1.53653757492,-0.105143351381
mlp,24,120,0.25,2,2169,-3.96472997898e-05,-0.173655173079,0.173249789862,-1.00233987711,0.503918856616,1.52558782849,-0.085994993244
mlp,24,120,0.25,3,2169,-7.8933283333e-05,-0.345727780999,0.174396014538,-1.98242936866,0.502535730751,1.52455048409,-0.171206291549
mlp,24,120,0.25,4,2169,-8.33122020453e-05,-0.364907444959,0.169594675045,-2.15164447152,0.491009681881,1.50968188105,-0.180704166236
mlp,24,120,0.25,5,2169,-2.56370671984e-05,-0.112290354329,0.174451746904,-0.643675723067,0.499308437068,1.50737667128,-0.0556067987533
mlp,24,120,0.25,6,2169,-8.60625555828e-05,-0.376953993453,0.174171334644,-2.16427114269,0.49469801752,1.51694329184,-0.186669683059
mlp,24,120,0.25,7,2169,-3.30735850741e-05,-0.144862302625,0.168649420539,-0.858955234838,0.499769479023,1.52985246657,-0.0717366060257
mlp,24,120,0.25,8,2169,4.98670198016e-06,0.0218417546731,0.169327446791,0.128991224323,0.525587828492,1.52201475334,0.010816156595
mlp,24,120,0.25,9,2169,1.25536649199e-05,0.054985052349,0.167501077147,0.328266858252,0.50622406639,1.52512678654,0.0272288992112
mlp,24,120,0.25,10,2169,-2.84425329623e-05,-0.124578294375,0.16219563974,-0.768074250173,0.497464269249,1.51648224988,-0.0616918539953
mlp,24,120,0.25,11,2169,-2.98449014437e-05,-0.130720668323,0.157948962468,-0.827613339659,0.497003227294,1.50841401568,-0.0647335912314
mlp,24,120,0.25,12,2169,-6.03121566922e-06,-0.0264167246312,0.17450917213,-0.151377284693,0.510373443983,1.5296219456,-0.0130817067865
mlp,24,120,0.25,13,2169,-2.89045742302e-05,-0.126602035128,0.166711496276,-0.759407947,0.49377593361,1.51406177962,-0.0626940215052
mlp,24,120,0.25,14,2169,-0.000110975975191,-0.486074771337,0.156045034285,-3.11496468673,0.485016136468,1.51152604887,-0.240706890189
mlp,24,120,0.25,15,2169,-3.34323879417e-05,-0.146433859184,0.173707908083,-0.842989019904,0.499308437068,1.52201475334,-0.0725148494455
mlp,24,120,0.25,16,2169,-4.2989615973e-05,-0.188294517962,0.169288131017,-1.1122724129,0.497003227294,1.515329645,-0.0932444770454
mlp,24,120,0.25,17,2169,6.16478009959e-06,0.0270017368362,0.172051508801,0.156939843332,0.513139695712,1.50357307515,0.013371408036
mlp,24,120,0.25,18,2169,-2.6256959818e-05,-0.115005484003,0.167799033404,-0.685376319932,0.502074688797,1.51844167819,-0.0569513458451
mlp,24,120,0.25,19,2169,-1.78129430671e-05,-0.0780206906337,0.170416533727,-0.457823480666,0.500691562932,1.51821115722,-0.0386362735124
mlp,24,120,0.25,20,2169,3.19525976409e-05,0.139952377667,0.167749653632,0.83429309472,0.509451360074,1.51048870447,0.069305184283
mlp,24,120,0.25,21,2169,-1.03532257196e-05,-0.0453471286519,0.164630235931,-0.275448360961,0.502996772706,1.52846934071,-0.0224561465858
mlp,24,120,0.25,22,2169,-2.55351891252e-05,-0.111844128368,0.164947397195,-0.678059370866,0.508529276164,1.50011526049,-0.0553858252125
mlp,24,120,0.25,23,2169,-3.7095599301e-05,-0.162478724939,0.158482047478,-1.02521848704,0.499769479023,1.50472568004,-0.080460354884
mlp,24,120,0.5,0,2169,-0.000103566289445,-0.453620347768,0.172854603931,-2.62428849132,0.488243430152,1.51567542646,-0.224635281806
mlp,24,120,0.5,1,2169,-8.688893563e-05,-0.380573538059,0.164554049301,-2.31275705263,0.487321346243,1.53653757492,-0.188462101381
mlp,24,120,0.5,2,2169,-7.77869955021e-05,-0.340707040299,0.173249193871,-1.96657215359,0.4928538497,1.52558782849,-0.168719993244
mlp,24,120,0.5,3,2169,-0.000117047045435,-0.512666059007,0.1743783823,-2.93996338448,0.494236975565,1.52455048409,-0.253875041549
mlp,24,120,0.5,4,2169,-0.000121054249072,-0.530217610934,0.16958233097,-3.12660881533,0.484094052559,1.50968188105,-0.262566666236
mlp,24,120,0.5,5,2169,-6.33214839803e-05,-0.277348099834,0.174438799816,-1.58994501296,0.490087597971,1.50737667128,-0.137344298753
mlp,24,120,0.5,6,2169,-0.000123986137879,-0.543059283909,0.174163473963,-3.11810089425,0.486860304288,1.51694329184,-0.268925933059
mlp,24,120,0.5,7,2169,-7.13198967385e-05,-0.312381147714,0.168649650664,-1.85224900547,0.491009681881,1.52985246657,-0.154692856026
mlp,24,120,0.5,8,2169,-3.30636668534e-05,-0.144818860818,0.169319790252,-0.85529789874,0.516828031351,1.52201475334,-0.071715093405
mlp,24,120,0.5,9,2169,-2.55745047436e-05,-0.112016330777,0.167507658899,-0.668723636358,0.499308437068,1.52512678654,-0.0554711007888
mlp,24,120,0.5,10,2169,-6.63545892094e-05,-0.290633100737,0.162190548252,-1.79192378267,0.487782388197,1.51648224988,-0.143923103995
mlp,24,120,0.5,11,2169,-6.75552518356e-05,-0.29589200304,0.157974832371,-1.87303254955,0.488243430152,1.50841401568,-0.146527341231
mlp,24,120,0.5,12,2169,-4.42717643091e-05,-0.193910327674,0.174485916866,-1.11132365956,0.502074688797,1.5296219456,-0.0960254567865
mlp,24,120,0.5,13,2169,-6.67561187207e-05,-0.292391799997,0.166717385922,-1.7538170862,0.487321346243,1.51406177962,-0.144794021505
mlp,24,120,0.5,14,2169,-0.000148764126413,-0.651586873688,0.156024343654,-4.17618724379,0.474412171508,1.51152604887,-0.322669390189
mlp,24,120,0.5,15,2169,-7.14827567752e-05,-0.313094474675,0.17371505018,-1.80234512986,0.491470723836,1.52201475334,-0.155046099445
mlp,24,120,0.5,16,2169,-8.08728570979e-05,-0.354223114089,0.169288850039,-2.09241845524,0.490087597971,1.515329645,-0.175413227045
mlp,24,120,0.5,17,2169,-3.14245467792e-05,-0.137639514893,0.172071497565,-0.799897233652,0.506685108345,1.50357307515,-0.068159841964
mlp,24,120,0.5,18,2169,-6.42180017728e-05,-0.281274847765,0.167792989044,-1.67632062202,0.4928538497,1.51844167819,-0.139288845845
mlp,24,120,0.5,19,2169,-5.57682219974e-05,-0.244264812349,0.170421746411,-1.43329602878,0.488704472107,1.51821115722,-0.120961273512
mlp,24,120,0.5,20,2169,-5.80961997095e-06,-0.0254461354728,0.167755624208,-0.151685736874,0.50622406639,1.51048870447,-0.012601065717
mlp,24,120,0.5,21,2169,-4.85649592374e-05,-0.21271452146,0.164643964587,-1.29196671128,0.497003227294,1.52846934071,-0.105337396586
mlp,24,120,0.5,22,2169,-6.30380706374e-05,-0.276106749392,0.164946843506,-1.67391350767,0.500230520977,1.50011526049,-0.136729575212
mlp,24,120,0.5,23,2169,-7.4713741302e-05,-0.327246186903,0.158488052329,-2.0648003562,0.489626556017,1.50472568004,-0.162054104884
mlp,24,120,1,0,2169,-0.000179350060768,-0.785553266163,0.172833878384,-4.54513474737,0.470723835869,1.51567542646,-0.389010281806
mlp,24,120,1,1,2169,-0.000163715814376,-0.717075266967,0.164525610328,-4.35844161609,0.469801751959,1.53653757492,-0.355099601381
mlp,24,120,1,2,2169,-0.000154066386927,-0.674810774739,0.17325232463,-3.8949594251,0.479483633011,1.52558782849,-0.334169993244
mlp,24,120,1,3,2169,-0.00019327456964,-0.846542615023,0.174347162017,-4.85549982708,0.480866758875,1.52455048409,-0.419212541549
mlp,24,120,1,4,2169,-0.000196538343124,-0.860837942884,0.169562243309,-5.07682563101,0.466113416321,1.50968188105,-0.426291666236
mlp,24,120,1,5,2169,-0.000138690317544,-0.607463590844,0.17441731993,-3.48281690767,0.470723835869,1.50737667128,-0.300819298753
mlp,24,120,1,6,2169,-0.000199833302471,-0.875269864822,0.174151902082,-5.02589896726,0.467035500231,1.51694329184,-0.433438433059
mlp,24,120,1,7,2169,-0.000147812520067,-0.647418837894,0.168654634041,-3.8387254615,0.474412171508,1.52985246657,-0.320605356026
mlp,24,120,1,8,2169,-0.000109164404521,-0.4781400918,0.169308811335,-2.82407092714,0.500691562932,1.52201475334,-0.236777593405
mlp,24,120,1,9,2169,-0.00010183084407,-0.446019097029,0.167525279171,-2.66239876893,0.482710926694,1.52512678654,-0.220871100789
mlp,24,120,1,10,2169,-0.000142178701704,-0.622742713462,0.162184778593,-3.83971121621,0.469801751959,1.51648224988,-0.308385603995
mlp,24,120,1,11,2169,-0.000142975952619,-0.626234672473,0.158031321452,-3.96272502639,0.470262793914,1.50841401568,-0.310114841231
mlp,24,120,1,12,2169,-0.000120752861589,-0.52889753376,0.174443412404,-3.03191462763,0.485938220378,1.5296219456,-0.261912956787
mlp,24,120,1,13,2169,-0.000142459207702,-0.623971329734,0.166733366476,-3.7423303021,0.470262793914,1.51406177962,-0.308994021505
mlp,24,120,1,14,2169,-0.000224340428856,-0.982611078391,0.155987743384,-6.29928388651,0.45643153527,1.51152604887,-0.486594390189
mlp,24,120,1,15,2169,-0.000147583494442,-0.646415705658,0.173733574633,-3.72072989936,0.470723835869,1.52201475334,-0.320108599445
mlp,24,120,1,16,2169,-0.000156639339348,-0.686080306344,0.169294918244,-4.05257472261,0.471645919779,1.515329645,-0.339750727045
mlp,24,120,1,17,2169,-0.000106603200537,-0.466922018351,0.172115914717,-2.71283465633,0.485477178423,1.50357307515,-0.231222341964
mlp,24,120,1,18,2169,-0.000140140085682,-0.613813575289,0.167785406898,-3.65832515854,0.476256339327,1.51844167819,-0.303963845845
mlp,24,120,1,19,2169,-0.000131678779858,-0.576753055779,0.170436581041,-3.38397456846,0.470262793914,1.51821115722,-0.285611273512
mlp,24,120,1,20,2169,-8.13340551946e-05,-0.356243161752,0.167771898713,-2.12337801792,0.486399262333,1.51048870447,-0.176413565717
mlp,24,120,1,21,2169,-0.000124988426273,-0.547449307075,0.16467585075,-3.32440551897,0.48040571692,1.52846934071,-0.271099896586
mlp,24,120,1,22,2169,-0.000138043833662,-0.604631991439,0.164950494207,-3.66553610127,0.479483633011,1.50011526049,-0.299417075212
mlp,24,120,1,23,2169,-0.000149950025304,-0.656781110831,0.158504841488,-4.14360283676,0.470262793914,1.50472568004,-0.325241604884
mlp,24,120,2,0,2169,-0.000330917603414,-1.44941910295,0.17280964722,-8.38737377383,0.433840479484,1.51567542646,-0.717760281806
mlp,24,120,2,1,2169,-0.000317369571868,-1.39007872478,0.164485798876,-8.45105616583,0.433840479484,1.53653757492,-0.688374601381
mlp,24,120,2,2,2169,-0.000306625169776,-1.34301824362,0.173275875264,-7.7507514625,0.44213923467,1.52558782849,-0.665069993244
mlp,24,120,2,3,2169,-0.000345729618049,-1.51429572706,0.174300907708,-8.68782467615,0.452743199631,1.52455048409,-0.749887541549
mlp,24,120,2,4,2169,-0.000347506531229,-1.52207860678,0.169540476703,-8.977670916,0.431996311664,1.50968188105,-0.753741666236
mlp,24,120,2,5,2169,-0.000289427984672,-1.26769457286,0.174392024148,-7.26922334354,0.431996311664,1.50737667128,-0.627769298753
mlp,24,120,2,6,2169,-0.000351527631655,-1.53969102665,0.174145359414,-8.84141289683,0.439834024896,1.51694329184,-0.762463433059
mlp,24,120,2,7,2169,-0.000300797766725,-1.31749421825,0.168682690591,-7.81048851925,0.439372982941,1.52985246657,-0.652430356026
mlp,24,120,2,8,2169,-0.000261365879855,-1.14478255376,0.169304193304,-6.7616904899,0.466113416321,1.52201475334,-0.566902593405
mlp,24,120,2,9,2169,-0.000254343522724,-1.11402462953,0.167578339393,-6.64778415616,0.448593822038,1.52512678654,-0.551671100789
mlp,24,120,2,10,2169,-0.000293826926692,-1.28696193891,0.162190893898,-7.93485939921,0.435684647303,1.51648224988,-0.637310603995
mlp,24,120,2,11,2169,-0.000293817354187,-1.28692001134,0.158163271971,-8.1366552127,0.437528815122,1.50841401568,-0.637289841231
mlp,24,120,2,12,2169,-0.000273715056149,-1.19887194593,0.174374440771,-6.87527335217,0.452282157676,1.5296219456,-0.593687956787
mlp,24,120,2,13,2169,-0.000293865385664,-1.28713038921,0.166782126256,-7.7174360233,0.438911940987,1.51406177962,-0.637394021505
mlp,24,120,2,14,2169,-0.000375493033743,-1.6446594878,0.155933681497,-10.5471728238,0.427385892116,1.51152604887,-0.814444390189
mlp,24,120,2,15,2169,-0.000299784969777,-1.31305816762,0.173787577517,-7.55553524817,0.44306131858,1.52201475334,-0.650233599445
mlp,24,120,2,16,2169,-0.000308172303848,-1.34979469085,0.169325572088,-7.9715938603,0.437067773167,1.515329645,-0.668425727045
mlp,24,120,2,17,2169,-0.000256960508052,-1.12548702527,0.172222490684,-6.5350757662,0.449515905947,1.50357307515,-0.557347341964
mlp,24,120,2,18,2169,-0.000291984253502,-1.27889103034,0.167788270907,-7.62205262276,0.446749654219,1.51844167819,-0.633313845845
mlp,24,120,2,19,2169,-0.00028349989558,-1.24172954264,0.170483881179,-7.28355979495,0.446288612264,1.51821115722,-0.614911273512
mlp,24,120,2,20,2169,-0.000232382925642,-1.01783721431,0.167821774475,-6.06498898904,0.448593822038,1.51048870447,-0.504038565717
mlp,24,120,2,21,2169,-0.000277835360344,-1.21691887831,0.164757325645,-7.38612910561,0.449976947902,1.52846934071,-0.602624896586
mlp,24,120,2,22,2169,-0.000288055359711,-1.26168247553,0.164976825494,-7.6476345799,0.451821115722,1.50011526049,-0.624792075212
mlp,24,120,2,23,2169,-0.000300422593307,-1.31585095869,0.158557529545,-8.29888660895,0.436145689258,1.50472568004,-0.651616604884
mlp,24,120,5,0,2169,-0.000785620231353,-3.44101661333,0.172874748609,-19.9046803597,0.348086675888,1.51567542646,-1.70401028181
mlp,24,120,5,1,2169,-0.000778330844344,-3.40908909823,0.164502992039,-20.7235689514,0.335638543107,1.53653757492,-1.68819960138
mlp,24,120,5,2,2169,-0.000764301518324,-3.34764065026,0.173484703908,-19.296460004,0.350391885662,1.52558782849,-1.65776999324
mlp,24,120,5,3,2169,-0.000803094763278,-3.51755506316,0.174291744384,-20.18199471,0.3540802213,1.52455048409,-1.74191254155
mlp,24,120,5,4,2169,-0.000800411095545,-3.50580059849,0.169622471711,-20.6682555862,0.33010603965,1.50968188105,-1.73609166624
mlp,24,120,5,5,2169,-0.000741640986055,-3.24838751892,0.174457487274,-18.6199375543,0.351313969571,1.50737667128,-1.60861929875
mlp,24,120,5,6,2169,-0.000806610619207,-3.53295451212,0.174258515145,-20.2742144864,0.352236053481,1.51694329184,-1.74953843306
mlp,24,120,5,7,2169,-0.000759753506697,-3.32772035933,0.168911412303,-19.7009800224,0.353619179345,1.52985246657,-1.64790535603
mlp,24,120,5,8,2169,-0.000717970305858,-3.14470993966,0.16942902141,-18.560633317,0.370216689719,1.52201475334,-1.55727759341
mlp,24,120,5,9,2169,-0.000711881558685,-3.11804122704,0.167879817993,-18.5730557986,0.350391885662,1.52512678654,-1.54407110079
mlp,24,120,5,10,2169,-0.000748771601658,-3.27961961526,0.16235039527,-20.2008723773,0.338865836791,1.51648224988,-1.624085604
mlp,24,120,5,11,2169,-0.00074634155889,-3.26897602794,0.158710266484,-20.5971302321,0.332872291379,1.50841401568,-1.61881484123
mlp,24,120,5,12,2169,-0.000732601639828,-3.20879518245,0.174296008404,-18.4100325178,0.3540802213,1.5296219456,-1.58901295679
mlp,24,120,5,13,2169,-0.000748083919551,-3.27660756763,0.167062567783,-19.6130564202,0.344859382204,1.51406177962,-1.62259402151
mlp,24,120,5,14,2169,-0.000828950848405,-3.63080471601,0.155924773466,-23.2856180278,0.333794375288,1.51152604887,-1.79799439019
mlp,24,120,5,15,2169,-0.000756389395779,-3.31298555351,0.174084979137,-19.0308524603,0.345781466113,1.52201475334,-1.64060859945
mlp,24,120,5,16,2169,-0.000762771197347,-3.34093784438,0.169565491916,-19.7029348756,0.345320424159,1.515329645,-1.65445072705
mlp,24,120,5,17,2169,-0.000708032430597,-3.10118204601,0.172683703018,-17.9587418605,0.3540802213,1.50357307515,-1.53572234196
mlp,24,120,5,18,2169,-0.000747516756959,-3.27412339548,0.167941020225,-19.495674083,0.369755647764,1.51844167819,-1.62136384585
mlp,24,120,5,19,2169,-0.000738963242744,-3.23665900322,0.170766598185,-18.9537007683,0.358690640848,1.51821115722,-1.60281127351
mlp,24,120,5,20,2169,-0.000685529536983,-3.00261937199,0.16810977713,-17.8610633078,0.349008759797,1.51048870447,-1.48691356572
mlp,24,120,5,21,2169,-0.000736376162557,-3.225327592,0.16514299953,-19.530513562,0.356846473029,1.52846934071,-1.59719989659
mlp,24,120,5,22,2169,-0.000738089937857,-3.23283392781,0.165207883485,-19.5682788231,0.356846473029,1.50011526049,-1.60091707521
mlp,24,120,5,23,2169,-0.000751840297319,-3.29306050226,0.158868174502,-20.7282579572,0.348547717842,1.50472568004,-1.63074160488
mlp,24,120,10,0,2169,-0.00154345794459,-6.76034579728,0.173441502611,-38.9776708315,0.226371599816,1.51567542646,-3.34776028181
mlp,24,120,10,1,2169,-0.0015465996318,-6.7741063873,0.164986364286,-41.0585833358,0.217611802674,1.53653757492,-3.35457460138
mlp,24,120,10,2,2169,-0.00152709543257,-6.68867799466,0.174291137498,-38.3764664725,0.225449515906,1.52558782849,-3.31226999324
mlp,24,120,10,3,2169,-0.00156537000532,-6.85632062332,0.174708058144,-39.2444441095,0.221761180267,1.52455048409,-3.39528754155
mlp,24,120,10,4,2169,-0.00155525203607,-6.81200391799,0.170248766236,-40.012060402,0.217611802674,1.50968188105,-3.37334166624
mlp,24,120,10,5,2169,-0.00149532932169,-6.54954242902,0.175036661346,-37.4181178883,0.229137851544,1.50737667128,-3.24336929875
mlp,24,120,10,6,2169,-0.00156508226513,-6.85506032125,0.174888357273,-39.1967791803,0.223144306132,1.51694329184,-3.39466343306
mlp,24,120,10,7,2169,-0.00152467973998,-6.67809726113,0.169771892548,-39.3357060518,0.226371599816,1.52985246657,-3.30703035603
mlp,24,120,10,8,2169,-0.00147897768253,-6.47792224948,0.170097759181,-38.0835249134,0.217150760719,1.52201475334,-3.20790259341
mlp,24,120,10,9,2169,-0.00147444495195,-6.45806888956,0.168853468555,-38.2465870843,0.220378054403,1.52512678654,-3.19807110079
mlp,24,120,10,10,2169,-0.0015070127266,-6.60071574251,0.163084757679,-40.4741426266,0.206085753804,1.51648224988,-3.268710604
mlp,24,120,10,11,2169,-0.00150054856673,-6.57240272227,0.160119857348,-41.046768534,0.213923467036,1.50841401568,-3.25468984123
mlp,24,120,10,12,2169,-0.00149741261263,-6.5586672433,0.174593667331,-37.5653214893,0.219917012448,1.5296219456,-3.24788795679
mlp,24,120,10,13,2169,-0.00150511480936,-6.592402865,0.16797440196,-39.2464732011,0.220839096358,1.51406177962,-3.26459402151
mlp,24,120,10,14,2169,-0.00158471387284,-6.94104676304,0.15642018849,-44.3743664424,0.216689718764,1.51152604887,-3.43724439019
mlp,24,120,10,15,2169,-0.00151739677245,-6.64619786333,0.175029134221,-37.9719518862,0.228215767635,1.52201475334,-3.29123359945
mlp,24,120,10,16,2169,-0.00152043601985,-6.65950976692,0.170455827943,-39.0688300148,0.21622867681,1.515329645,-3.29782572705
mlp,24,120,10,17,2169,-0.00145981896817,-6.39400708059,0.173919677592,-36.7641383028,0.230520977409,1.50357307515,-3.16634734196
mlp,24,120,10,18,2169,-0.00150673759606,-6.59951067072,0.16867420524,-39.1257848902,0.230982019364,1.51844167819,-3.26811384585
mlp,24,120,10,19,2169,-0.00149806882135,-6.56154143752,0.171704285852,-38.2141971878,0.228215767635,1.51821115722,-3.24931127351
mlp,24,120,10,20,2169,-0.00144077388922,-6.31058963478,0.169048109012,-37.3301403468,0.235592438912,1.51048870447,-3.12503856572
mlp,24,120,10,21,2169,-0.00150061083291,-6.57267544815,0.166252743326,-39.5342375509,0.21438450899,1.52846934071,-3.25482489659
mlp,24,120,10,22,2169,-0.0014881475681,-6.51808634829,0.16609704914,-39.2426378556,0.237897648686,1.50011526049,-3.22779207521
mlp,24,120,10,23,2169,-0.00150420313734,-6.58840974154,0.159890826315,-41.2056769822,0.218072844629,1.50472568004,-3.26261660488
momentum_12,24,120,0,0,2169,-8.3497424482e-05,-0.365718719231,0.210006115603,-1.74146699577,0.479483633011,1.52224527432,-0.181105913701
momentum_12,24,120,0,1,2169,-0.00013864827705,-0.607279453478,0.208077967285,-2.91851877161,0.474873213462,1.52616413094,-0.300728112921
momentum_12,24,120,0,2,2169,-0.000107263030996,-0.469812075763,0.207231364966,-2.26708961667,0.465191332411,1.53480866759,-0.23265351423
momentum_12,24,120,0,3,2169,-0.000121552717732,-0.532400903668,0.221233314711,-2.40651325215,0.466574458276,1.53411710466,-0.263647844761
momentum_12,24,120,0,4,2169,-0.000113517260108,-0.497205599273,0.21197978019,-2.34553313919,0.467496542185,1.53653757492,-0.246218937174
momentum_12,24,120,0,5,2169,-7.04516627533e-05,-0.30857828286,0.218167822628,-1.41440785879,0.475334255417,1.52674043338,-0.152809656512
momentum_12,24,120,0,6,2169,-6.30345771977e-05,-0.276091448126,0.216933443793,-1.27270117183,0.481788842785,1.53388658368,-0.136721997942
momentum_12,24,120,0,7,2169,-6.85272799409e-05,-0.300149486141,0.216246656552,-1.38799596223,0.483633010604,1.5397648686,-0.148635670192
momentum_12,24,120,0,8,2169,-4.5877533843e-05,-0.200943598232,0.214966344642,-0.934767712439,0.484094052559,1.53100507146,-0.0995083709055
momentum_12,24,120,0,9,2169,-3.50322314839e-05,-0.1534411739,0.211992259554,-0.723805549421,0.480866758875,1.53319502075,-0.0759849100887
momentum_12,24,120,0,10,2169,-0.00012874159638,-0.563888192145,0.208316387161,-2.70688350461,0.46887966805,1.53711387736,-0.279240522549
momentum_12,24,120,0,11,2169,-3.19695579114e-05,-0.140026663652,0.212032675909,-0.660401341686,0.476717381282,1.53515444905,-0.0693419711098
momentum_12,24,120,0,12,2169,-5.09972560884e-05,-0.223367981667,0.212512278755,-1.05108270908,0.474412171508,1.54034117105,-0.110613048456
momentum_12,24,120,0,13,2169,-0.000155695908469,-0.681948079093,0.21188695731,-3.21845236607,0.453204241586,1.54656523744,-0.337704425469
momentum_12,24,120,0,14,2169,-0.000140415657656,-0.615020580533,0.212904168602,-2.88872023771,0.45550945136,1.55440295067,-0.304561561456
momentum_12,24,120,0,15,2169,-9.61747269756e-05,-0.421245304153,0.213609084607,-1.97203833783,0.463347164592,1.55036883356,-0.20860298281
momentum_12,24,120,0,16,2169,-8.76453940243e-05,-0.383886825826,0.210606947469,-1.82276430308,0.455970493315,1.55140617796,-0.190102859639
momentum_12,24,120,0,17,2169,-0.000132245871203,-0.57923691587,0.215869642983,-2.68327175543,0.463347164592,1.5458736745,-0.28684129464
momentum_12,24,120,0,18,2169,-0.000190402187165,-0.833961579784,0.222000184965,-3.75658056284,0.440756108806,1.54967727063,-0.412982343962
momentum_12,24,120,0,19,2169,-0.000248196350932,-1.08710001708,0.217746698043,-4.99249828747,0.457353619179,1.55025357308,-0.538337885172
momentum_12,24,120,0,20,2169,-0.00024147506547,-1.05766078676,0.217164243725,-4.87032657226,0.44306131858,1.55071461503,-0.523759417005
momentum_12,24,120,0,21,2169,-0.000194414865693,-0.851537111735,0.214798365323,-3.96435564328,0.455048409405,1.55025357308,-0.421685843688
momentum_12,24,120,0,22,2169,-0.000169158764277,-0.740915387532,0.209858088961,-3.53055434365,0.463347164592,1.54956201014,-0.366905359716
momentum_12,24,120,0,23,2169,-5.70561382e-05,-0.249905885316,0.209776599792,-1.19129533782,0.476256339327,1.53964960811,-0.123754763756
momentum_12,24,120,0.25,0,2169,-0.00012155355634,-0.532404576769,0.210020512958,-2.53501226747,0.473490087598,1.52224527432,-0.263649663701
momentum_12,24,120,0.25,1,2169,-0.000176802380323,-0.774394425816,0.208106262186,-3.72114907875,0.467496542185,1.52616413094,-0.383484362921
momentum_12,24,120,0.25,2,2169,-0.000145633247686,-0.637873624864,0.207261204868,-3.07763155806,0.458275703089,1.53480866759,-0.31587851423
momentum_12,24,120,0.25,3,2169,-0.000159905645349,-0.700386726628,0.221241700474,-3.16570847686,0.460119870908,1.53411710466,-0.346835344761
momentum_12,24,120,0.25,4,2169,-0.000151930699481,-0.665456463727,0.211966998077,-3.13943429762,0.461041954818,1.53653757492,-0.329537687174
momentum_12,24,120,0.25,5,2169,-0.000108620173588,-0.475756360315,0.218143298113,-2.18093502954,0.470723835869,1.52674043338,-0.235597156512
momentum_12,24,120,0.25,6,2169,-0.00010138174179,-0.444052029039,0.216924332563,-2.04703651173,0.472106961734,1.53388658368,-0.219896997942
momentum_12,24,120,0.25,7,2169,-0.000107021401656,-0.468753739253,0.216265068299,-2.16749631801,0.478561549101,1.5397648686,-0.232129420192
momentum_12,24,120,0.25,8,2169,-8.41526606296e-05,-0.368588653558,0.214982946434,-1.71450182292,0.477639465191,1.53100507146,-0.182527120906
momentum_12,24,120,0.25,9,2169,-7.33621070026e-05,-0.321326028671,0.212023207026,-1.51552291458,0.473490087598,1.53319502075,-0.159122410089
momentum_12,24,120,0.25,10,2169,-0.000167169443314,-0.732202161716,0.208318587796,-3.51481915015,0.458275703089,1.53711387736,-0.362590522549
momentum_12,24,120,0.25,11,2169,-7.03484191378e-05,-0.308126075823,0.212046382817,-1.45310696523,0.473029045643,1.53515444905,-0.15258572111
momentum_12,24,120,0.25,12,2169,-8.95057853646e-05,-0.392035339897,0.212519126033,-1.84470615523,0.467496542185,1.54034117105,-0.194138048456
momentum_12,24,120,0.25,13,2169,-0.000194360039405,-0.851296972592,0.211912011243,-4.01721906936,0.445827570309,1.54656523744,-0.421566925469
momentum_12,24,120,0.25,14,2169,-0.000179275731423,-0.785227703631,0.212909924399,-3.68807469096,0.447210696173,1.55440295067,-0.388849061456
momentum_12,24,120,0.25,15,2169,-0.000134933947815,-0.591010691428,0.213608825389,-2.76678966963,0.455048409405,1.55036883356,-0.29267173281
momentum_12,24,120,0.25,16,2169,-0.000126430548473,-0.553765802313,0.210610335668,-2.62933820678,0.450437989857,1.55140617796,-0.274227859639
momentum_12,24,120,0.25,17,2169,-0.000170892713066,-0.748510083229,0.215889198337,-3.46710298151,0.45550945136,1.5458736745,-0.37066629464
momentum_12,24,120,0.25,18,2169,-0.000229144118931,-1.00365124092,0.222009645717,-4.52075511259,0.436145689258,1.54967727063,-0.497013593962
momentum_12,24,120,0.25,19,2169,-0.000286952690259,-1.25685278333,0.217777285952,-5.77127581436,0.448593822038,1.55025357308,-0.622400385172
momentum_12,24,120,0.25,20,2169,-0.000280242930846,-1.22746403711,0.217187417833,-5.65163511473,0.436606731213,1.55071461503,-0.607846917005
momentum_12,24,120,0.25,21,2169,-0.00023317120502,-1.02128987799,0.214802686058,-4.75454891524,0.448593822038,1.55025357308,-0.505748343688
momentum_12,24,120,0.25,22,2169,-0.00020789781453,-0.910592427643,0.209896674109,-4.33828897722,0.45458736745,1.54956201014,-0.450930359716
momentum_12,24,120,0.25,23,2169,-9.55473784029e-05,-0.418497517405,0.209802964404,-1.9947168935,0.466574458276,1.53964960811,-0.207242263756
momentum_12,24,120,0.5,0,2169,-0.000159609688198,-0.699090434307,0.210036268671,-3.32842722226,0.466113416321,1.52224527432,-0.346193413701
momentum_12,24,120,0.5,1,2169,-0.000214956483597,-0.941509398153,0.208135868659,-4.52353265306,0.460119870908,1.52616413094,-0.466240612921
momentum_12,24,120,0.5,2,2169,-0.000184003464375,-0.805935173965,0.207292372175,-3.88791524506,0.453204241586,1.53480866759,-0.39910351423
momentum_12,24,120,0.5,3,2169,-0.000198258572965,-0.868372549588,0.221251324919,-3.9248241786,0.455048409405,1.53411710466,-0.430022844761
momentum_12,24,120,0.5,4,2169,-0.000190344138854,-0.833707328181,0.211955444142,-3.93340841777,0.452743199631,1.53653757492,-0.412856437174
momentum_12,24,120,0.5,5,2169,-0.000146788684422,-0.64293443777,0.218120004319,-2.94761793985,0.464269248502,1.52674043338,-0.318384656512
momentum_12,24,120,0.5,6,2169,-0.000139728906382,-0.612012609952,0.216916513284,-2.821420097,0.463347164592,1.53388658368,-0.303071997942
momentum_12,24,120,0.5,7,2169,-0.000145515523371,-0.637357992365,0.216284764361,-2.94684646072,0.473029045643,1.5397648686,-0.315623170192
momentum_12,24,120,0.5,8,2169,-0.000122427787416,-0.536233708883,0.215000898322,-2.49409985292,0.470723835869,1.53100507146,-0.265545870906
momentum_12,24,120,0.5,9,2169,-0.000111691982521,-0.489210883443,0.212055421927,-2.30699540242,0.465652374366,1.53319502075,-0.242259910089
momentum_12,24,120,0.5,10,2169,-0.000205597290248,-0.900516131288,0.208322085585,-4.32271080984,0.451360073767,1.53711387736,-0.445940522549
momentum_12,24,120,0.5,11,2169,-0.000108727280364,-0.476225487995,0.212061439029,-2.2456958237,0.464269248502,1.53515444905,-0.23582947111
momentum_12,24,120,0.5,12,2169,-0.000128014314641,-0.560702698126,0.212527206476,-2.63826315427,0.461041954818,1.54034117105,-0.277663048456
momentum_12,24,120,0.5,13,2169,-0.000233024170341,-1.02064586609,0.21193835385,-4.81576763975,0.438450899032,1.54656523744,-0.505429425469
momentum_12,24,120,0.5,14,2169,-0.000218135805189,-0.95543482673,0.212917000037,-4.48735810932,0.44213923467,1.55440295067,-0.473136561456
momentum_12,24,120,0.5,15,2169,-0.000173693168654,-0.760776078704,0.213609866985,-3.5615212417,0.445366528354,1.55036883356,-0.37674048281
momentum_12,24,120,0.5,16,2169,-0.000165215702922,-0.7236447788,0.210615013648,-3.43586511839,0.44398340249,1.55140617796,-0.358352859639
momentum_12,24,120,0.5,17,2169,-0.000209539554929,-0.917783250587,0.215910013295,-4.25076742196,0.447671738128,1.5458736745,-0.45449129464
momentum_12,24,120,0.5,18,2169,-0.000267886050697,-1.17334090205,0.222020306561,-5.28483596942,0.4306131858,1.54967727063,-0.581044843962
momentum_12,24,120,0.5,19,2169,-0.000325709029586,-1.42660554959,0.217809125519,-6.54979696643,0.444444444444,1.55025357308,-0.706462885172
momentum_12,24,120,0.5,20,2169,-0.000319010796222,-1.39726728745,0.217211894067,-6.4327383795,0.431996311664,1.55071461503,-0.691934417005
momentum_12,24,120,0.5,21,2169,-0.000271927544347,-1.19104264424,0.214808303717,-5.54467692184,0.44306131858,1.55025357308,-0.589810843688
momentum_12,24,120,0.5,22,2169,-0.000246636864784,-1.08026946775,0.209936543336,-5.14569522098,0.449054863993,1.54956201014,-0.534955359716
momentum_12,24,120,0.5,23,2169,-0.000134038618606,-0.587089149493,0.209830650131,-2.79791893666,0.461502996773,1.53964960811,-0.290729763756
momentum_12,24,120,1,0,2169,-0.000235721951914,-1.03246214938,0.210071853924,-4.91480476845,0.453204241586,1.52224527432,-0.511280913701
momentum_12,24,120,1,1,2169,-0.000291264690143,-1.27573934283,0.20819901406,-6.12749944369,0.442600276625,1.52616413094,-0.631753112921
momentum_12,24,120,1,2,2169,-0.000260743897755,-1.14205827217,0.207358686586,-5.50764615156,0.440756108806,1.53480866759,-0.56555351423
momentum_12,24,120,1,3,2169,-0.000274964428198,-1.20434419551,0.221274289181,-5.44276607991,0.441217150761,1.53411710466,-0.596397844761
momentum_12,24,120,1,4,2169,-0.0002671710176,-1.17020905709,0.211936021588,-5.52152035469,0.438450899032,1.53653757492,-0.579493937174
momentum_12,24,120,1,5,2169,-0.000223125706091,-0.97729059268,0.218077110446,-4.48139922013,0.449976947902,1.52674043338,-0.483959656512
momentum_12,24,120,1,6,2169,-0.000216423235566,-0.947933771777,0.216904751116,-4.37027666244,0.446749654219,1.53388658368,-0.469421997942
momentum_12,24,120,1,7,2169,-0.000222503766801,-0.974566498589,0.216328008007,-4.50504078306,0.458736745044,1.5397648686,-0.482610670192
momentum_12,24,120,1,8,2169,-0.000198978040989,-0.871523819533,0.215040851012,-4.05282910402,0.45458736745,1.53100507146,-0.431583370906
momentum_12,24,120,1,9,2169,-0.000188351733559,-0.824980592987,0.21212365168,-3.88914949583,0.446288612264,1.53319502075,-0.408534910089
momentum_12,24,120,1,10,2169,-0.000282452984116,-1.23714407043,0.208332972344,-5.93830182765,0.435684647303,1.53711387736,-0.612640522549
momentum_12,24,120,1,11,2169,-0.000185485002817,-0.812424312338,0.212095598193,-3.83046286325,0.451360073767,1.53515444905,-0.40231697111
momentum_12,24,120,1,12,2169,-0.000205031373193,-0.898037414586,0.212547066273,-4.22512260617,0.452743199631,1.54034117105,-0.444713048456
momentum_12,24,120,1,13,2169,-0.000310352432212,-1.35934365309,0.211994903136,-6.41215252339,0.426463808207,1.54656523744,-0.673154425469
momentum_12,24,120,1,14,2169,-0.000295855952723,-1.29584907293,0.212935110286,-6.08565243742,0.426463808207,1.55440295067,-0.641711561456
momentum_12,24,120,1,15,2169,-0.000251211610332,-1.10030685325,0.213615852519,-5.15086703668,0.431074227755,1.55036883356,-0.54487798281
momentum_12,24,120,1,16,2169,-0.000242786011821,-1.06340273177,0.210628238585,-5.04871872318,0.43153526971,1.55140617796,-0.526602859639
momentum_12,24,120,1,17,2169,-0.000286833238654,-1.2563295853,0.215955420545,-5.81754133392,0.434301521438,1.5458736745,-0.62214129464
momentum_12,24,120,1,18,2169,-0.000345369914229,-1.51272022432,0.222045227812,-6.81266712745,0.421853388658,1.54967727063,-0.749107343962
momentum_12,24,120,1,19,2169,-0.00040322170824,-1.76611108209,0.217876557408,-8.1060170176,0.427846934071,1.55025357308,-0.874587885172
momentum_12,24,120,1,20,2169,-0.000396546526973,-1.73687378814,0.217264751129,-7.99427325012,0.41724296911,1.55071461503,-0.860109417005
momentum_12,24,120,1,21,2169,-0.000349440223,-1.53054817674,0.214823429379,-7.12467993442,0.429230059935,1.55025357308,-0.757935843688
momentum_12,24,120,1,22,2169,-0.000324114965291,-1.41962354797,0.210020131078,-6.75946415558,0.435223605348,1.54956201014,-0.703005359716
momentum_12,24,120,1,23,2169,-0.000211021099011,-0.92427241367,0.20988998281,-4.40360421824,0.452282157676,1.53964960811,-0.457704763756
momentum_12,24,120,2,0,2169,-0.000387946479346,-1.69920557954,0.210159309522,-8.08532148016,0.428307976026,1.52224527432,-0.841455913701
momentum_12,24,120,2,1,2169,-0.000443881103237,-1.94419923218,0.20834101747,-9.33181212124,0.417704011065,1.52616413094,-0.962778112921
momentum_12,24,120,2,2,2169,-0.000414224764514,-1.81430446857,0.207507216253,-8.7433319252,0.415398801291,1.53480866759,-0.89845351423
momentum_12,24,120,2,3,2169,-0.000428376138664,-1.87628748735,0.221335073366,-8.47713585927,0.416781927155,1.53411710466,-0.929147844761
momentum_12,24,120,2,4,2169,-0.000420824775092,-1.8432125149,0.211911922019,-8.69801235031,0.408944213923,1.53653757492,-0.912768937174
momentum_12,24,120,2,5,2169,-0.000375799749429,-1.6460029025,0.2180061073,-7.55026050822,0.424158598432,1.52674043338,-0.815109656512
momentum_12,24,120,2,6,2169,-0.000369811893934,-1.61977609543,0.216896734797,-7.46795979637,0.422314430613,1.53388658368,-0.802121997942
momentum_12,24,120,2,7,2169,-0.000376480253661,-1.64898351104,0.216429890129,-7.61901930484,0.42969110189,1.5397648686,-0.816585670192
momentum_12,24,120,2,8,2169,-0.000352078548135,-1.54210404083,0.215136940981,-7.16801137825,0.425541724297,1.53100507146,-0.763658370906
momentum_12,24,120,2,9,2169,-0.000341671235633,-1.49652001207,0.212275293421,-7.0499019832,0.41724296911,1.53319502075,-0.741084910089
momentum_12,24,120,2,10,2169,-0.000436164371853,-1.91039994871,0.208370307226,-9.16829261399,0.411249423698,1.53711387736,-0.946040522549
momentum_12,24,120,2,11,2169,-0.000339000447722,-1.48482196102,0.212180093819,-6.99793243702,0.424619640387,1.53515444905,-0.73529197111
momentum_12,24,120,2,12,2169,-0.000359065490298,-1.5727068475,0.212601576218,-7.39743738254,0.426463808207,1.54034117105,-0.778813048456
momentum_12,24,120,2,13,2169,-0.000465008955956,-2.03673922709,0.212123443091,-9.60166965712,0.402489626556,1.54656523744,-1.00860442547
momentum_12,24,120,2,14,2169,-0.00045129624779,-1.97667756532,0.212987161448,-9.28073575836,0.397879207008,1.55440295067,-0.978861561456
momentum_12,24,120,2,15,2169,-0.000406248493688,-1.77936840236,0.213643430931,-8.32868295835,0.402028584601,1.55036883356,-0.88115298281
momentum_12,24,120,2,16,2169,-0.000397926629617,-1.74291863772,0.21067016047,-8.27321075674,0.408483171969,1.55140617796,-0.863102859639
momentum_12,24,120,2,17,2169,-0.000441420606104,-1.93342225474,0.216061332807,-8.94848805021,0.404333794375,1.5458736745,-0.95744129464
momentum_12,24,120,2,18,2169,-0.000500337641292,-2.19147886886,0.222109462507,-9.86666143858,0.399262332872,1.54967727063,-1.08523234396
momentum_12,24,120,2,19,2169,-0.000558247065547,-2.4451221471,0.21802641551,-11.2147977179,0.402489626556,1.55025357308,-1.21083788517
momentum_12,24,120,2,20,2169,-0.000551617988476,-2.41608678953,0.217386069845,-11.1142668491,0.393729829414,1.55071461503,-1.196459417
momentum_12,24,120,2,21,2169,-0.000504465580308,-2.20955924175,0.21486923775,-10.2832739804,0.40387275242,1.55025357308,-1.09418584369
momentum_12,24,120,2,22,2169,-0.000479071166305,-2.09833170842,0.210202681795,-9.98242120653,0.406177962195,1.54956201014,-1.03910535972
momentum_12,24,120,2,23,2169,-0.000364986059823,-1.59863894202,0.210024476881,-7.61167919933,0.424619640387,1.53964960811,-0.791654763756
momentum_12,24,120,5,0,2169,-0.000844620061642,-3.69943586999,0.210551675761,-17.570203878,0.351775011526,1.52224527432,-1.8319809137
momentum_12,24,120,5,1,2169,-0.000901730342518,-3.94957890023,0.208892308588,-18.9072490363,0.345320424159,1.52616413094,-1.95585311292
momentum_12,24,120,5,2,2169,-0.00087466736479,-3.83104305778,0.208079566954,-18.4114332506,0.346703550023,1.53480866759,-1.89715351423
momentum_12,24,120,5,3,2169,-0.000888611270061,-3.89211736287,0.221636094675,-17.5608461635,0.349930843707,1.53411710466,-1.92739784476
momentum_12,24,120,5,4,2169,-0.000881786047568,-3.86222288835,0.211957617227,-18.2216753466,0.337021668972,1.53653757492,-1.91259393717
momentum_12,24,120,5,5,2169,-0.000833821879443,-3.65213983196,0.217911518004,-16.7597374632,0.355463347165,1.52674043338,-1.80855965651
momentum_12,24,120,5,6,2169,-0.000829977869037,-3.63530306638,0.216996737347,-16.7528005758,0.353619179345,1.53388658368,-1.80022199794
momentum_12,24,120,5,7,2169,-0.000838409714242,-3.67223454838,0.216858401978,-16.9337895829,0.352236053481,1.5397648686,-1.81851067019
momentum_12,24,120,5,8,2169,-0.000811380069574,-3.55384470473,0.215554391424,-16.4869974639,0.344398340249,1.53100507146,-1.75988337091
momentum_12,24,120,5,9,2169,-0.000801629741857,-3.51113826934,0.212851254641,-16.4957367776,0.347164591978,1.53319502075,-1.73873491009
momentum_12,24,120,5,10,2169,-0.000897298535062,-3.93016758357,0.208606667696,-18.8400861151,0.338404794836,1.53711387736,-1.94624052255
momentum_12,24,120,5,11,2169,-0.000799546782439,-3.50201490708,0.212562730638,-16.4752066205,0.352236053481,1.53515444905,-1.73421697111
momentum_12,24,120,5,12,2169,-0.000821167841612,-3.59671514626,0.21288326171,-16.8952463307,0.355924389119,1.54034117105,-1.78111304846
momentum_12,24,120,5,13,2169,-0.000928978527187,-4.06892594908,0.212632224318,-19.1359797986,0.339326878746,1.54656523744,-2.01495442547
momentum_12,24,120,5,14,2169,-0.00091761713299,-4.0191630425,0.213269785892,-18.8454404157,0.32918395574,1.55440295067,-1.99031156146
momentum_12,24,120,5,15,2169,-0.000871359143758,-3.81655304966,0.213850918269,-17.8467928993,0.332411249424,1.55036883356,-1.88997798281
momentum_12,24,120,5,16,2169,-0.000863348483005,-3.78146635556,0.210919557455,-17.9284766249,0.331028123559,1.55140617796,-1.87260285964
momentum_12,24,120,5,17,2169,-0.000905182708455,-3.96470026304,0.216499554207,-18.3127410011,0.326878745966,1.5458736745,-1.96334129464
momentum_12,24,120,5,18,2169,-0.000965240822481,-4.22775480247,0.222417126554,-19.0082250768,0.32918395574,1.54967727063,-2.09360734396
momentum_12,24,120,5,19,2169,-0.00102332313747,-4.48215534212,0.218595543483,-20.5043308327,0.339326878746,1.55025357308,-2.21958788517
momentum_12,24,120,5,20,2169,-0.00101683237299,-4.45372579367,0.2178745164,-20.4417013392,0.319041032734,1.55071461503,-2.205509417
momentum_12,24,120,5,21,2169,-0.00096954165223,-4.24659243677,0.21513096623,-19.7395684647,0.325034578147,1.55025357308,-2.10293584369
momentum_12,24,120,5,22,2169,-0.000943939769348,-4.13445618975,0.210872822995,-19.6063965523,0.325495620101,1.54956201014,-2.04740535972
momentum_12,24,120,5,23,2169,-0.000826880942257,-3.62173852709,0.210554189103,-17.2009806241,0.34071000461,1.53964960811,-1.79350476376
momentum_12,24,120,10,0,2169,-0.0016057426988,-7.03315302075,0.211636141581,-33.2322871142,0.24112494237,1.52224527432,-3.4828559137
momentum_12,24,120,10,1,2169,-0.00166481240799,-7.29187834698,0.210225071463,-34.6860547899,0.237436606731,1.52616413094,-3.61097811292
momentum_12,24,120,10,2,2169,-0.00164207169858,-7.1922740398,0.209452176346,-34.3385023029,0.249884739511,1.53480866759,-3.56165351423
momentum_12,24,120,10,3,2169,-0.00165566982239,-7.25183382206,0.222531437711,-32.587907114,0.247579529737,1.53411710466,-3.59114784476
momentum_12,24,120,10,4,2169,-0.00165005483503,-7.22724017742,0.212426507425,-34.0223085388,0.235131396957,1.53653757492,-3.57896893717
momentum_12,24,120,10,5,2169,-0.00159719209613,-6.99570138106,0.21814879503,-32.0684850911,0.250806823421,1.52674043338,-3.46430965651
momentum_12,24,120,10,6,2169,-0.00159692116088,-6.99451468464,0.217575989487,-32.1474566249,0.251728907331,1.53388658368,-3.46372199794
momentum_12,24,120,10,7,2169,-0.00160829214854,-7.04431961062,0.217979378417,-32.3164496649,0.243430152144,1.5397648686,-3.48838567019
momentum_12,24,120,10,8,2169,-0.0015768826053,-6.90674581123,0.216677870103,-31.8756401287,0.246196403873,1.53100507146,-3.42025837091
momentum_12,24,120,10,9,2169,-0.00156822725223,-6.86883536477,0.214211047057,-32.0657382481,0.244813278008,1.53319502075,-3.40148491009
momentum_12,24,120,10,10,2169,-0.00166585547374,-7.29644697499,0.209413348427,-34.8423203668,0.234670355002,1.53711387736,-3.61324052255
momentum_12,24,120,10,11,2169,-0.00156712400697,-6.86400315051,0.213628254854,-32.1305959982,0.250806823421,1.53515444905,-3.39909197111
momentum_12,24,120,10,12,2169,-0.00159133842713,-6.97006231085,0.213744706019,-32.6092862868,0.253112033195,1.54034117105,-3.45161304846
momentum_12,24,120,10,13,2169,-0.00170226114591,-7.45590381907,0.213887446658,-34.8590061528,0.235131396957,1.54656523744,-3.69220442547
momentum_12,24,120,10,14,2169,-0.00169481860832,-7.42330550446,0.214160354057,-34.66237034,0.235131396957,1.55440295067,-3.67606156146
momentum_12,24,120,10,15,2169,-0.00164654356054,-7.21186079516,0.214611002153,-33.6043386538,0.243891194099,1.55036883356,-3.57135298281
momentum_12,24,120,10,16,2169,-0.00163905157199,-7.1790458853,0.21174550647,-33.9041238937,0.243430152144,1.55140617796,-3.55510285964
momentum_12,24,120,10,17,2169,-0.00167811954571,-7.3501636102,0.217628778985,-33.7738586067,0.242508068234,1.5458736745,-3.63984129464
momentum_12,24,120,10,18,2169,-0.0017400794578,-7.62154802515,0.223311220101,-34.1297137766,0.231904103273,1.54967727063,-3.77423234396
momentum_12,24,120,10,19,2169,-0.00179844992401,-7.87721066715,0.219939183785,-35.8154037475,0.238819732596,1.55025357308,-3.90083788517
momentum_12,24,120,10,20,2169,-0.0017921896805,-7.84979080059,0.219100433071,-35.8273632351,0.224988473951,1.55071461503,-3.887259417
momentum_12,24,120,10,21,2169,-0.00174466843877,-7.6416477618,0.215979660891,-35.3813304932,0.232365145228,1.55025357308,-3.78418584369
momentum_12,24,120,10,22,2169,-0.00171872077442,-7.52799699196,0.212393803921,-35.4435809942,0.233287229138,1.54956201014,-3.72790535972
momentum_12,24,120,10,23,2169,-0.00159670574631,-6.99357116886,0.211854277271,-33.0112342264,0.231904103273,1.53964960811,-3.46325476376
reversal_12,24,120,0,0,2169,8.47960614966e-05,0.371406749355,0.210085560489,1.76788327808,0.520516366989,1.5224757953,0.183922657386
reversal_12,24,120,0,1,2169,0.000133193517847,0.58338760817,0.208300615116,2.80070036205,0.525126786538,1.52581834947,0.28889674021
reversal_12,24,120,0,2,2169,0.000103932462713,0.455224186684,0.207238297709,2.19662191649,0.533886583679,1.53480866759,0.225429511625
reversal_12,24,120,0,3,2169,0.000119806465911,0.524752320689,0.221090119001,2.3734770376,0.533425541724,1.53388658368,0.25986022456
reversal_12,24,120,0,4,2169,0.000114604222685,0.501966495361,0.21209634509,2.366690926,0.53204241586,1.53619179345,0.248576559004
reversal_12,24,120,0,5,2169,6.70745238384e-05,0.293786414412,0.218222032441,1.34627292728,0.523282618718,1.52685569387,0.145484642205
reversal_12,24,120,0,6,2169,6.48053038755e-05,0.283847230975,0.216976814957,1.30819152743,0.518211157215,1.53411710466,0.140562704106
reversal_12,24,120,0,7,2169,6.56023816263e-05,0.287338431523,0.21640103108,1.32780527934,0.515444905486,1.53895804518,0.142291565747
reversal_12,24,120,0,8,2169,4.72509917035e-05,0.206959343661,0.21503264035,0.962455482688,0.515905947441,1.53100507146,0.102487401005
reversal_12,24,120,0,9,2169,3.57881875995e-05,0.156752261686,0.211992575681,0.739423355665,0.51867219917,1.53342554172,0.0776245789034
reversal_12,24,120,0,10,2169,0.00012810709817,0.561109089987,0.208222507277,2.69475714861,0.53112033195,1.53722913785,0.277864295932
reversal_12,24,120,0,11,2169,3.35963496937e-05,0.147152011659,0.211964857169,0.694228343432,0.523282618718,1.53596127248,0.0728704824857
reversal_12,24,120,0,12,2169,5.12965894569e-05,0.224679061821,0.212460527339,1.05750966843,0.526048870447,1.54011065007,0.111262302532
reversal_12,24,120,0,13,2169,0.000157244118563,0.688729239305,0.211826289523,3.25138697777,0.547717842324,1.54725680037,0.341062493163
reversal_12,24,120,0,14,2169,0.00014192304299,0.621622928298,0.212669511318,2.92295272814,0.54541263255,1.55440295067,0.307831080246
reversal_12,24,120,0,15,2169,9.72224318853e-05,0.425834251658,0.213686765803,1.99279655929,0.537113877363,1.55059935454,0.210875454759
reversal_12,24,120,0,16,2169,8.90875662234e-05,0.390203540059,0.210570624834,1.85307680198,0.54541263255,1.55129091747,0.193230931139
reversal_12,24,120,0,17,2169,0.000127754699993,0.559565585969,0.21587605342,2.59206881497,0.535730751498,1.54575841402,0.277099944284
reversal_12,24,120,0,18,2169,0.000188358999123,0.825012416159,0.221906090999,3.71784484349,0.558782849239,1.54910096819,0.408550669098
reversal_12,24,120,0,19,2169,0.000249392566333,1.09233944054,0.217802064438,5.01528506332,0.543107422775,1.55082987552,0.540932476376
reversal_12,24,120,0,20,2169,0.000247973920025,1.08612576971,0.217145359823,5.00183734341,0.558782849239,1.55198248041,0.537855432535
reversal_12,24,120,0,21,2169,0.000196235239808,0.859510350359,0.214734748043,4.0026607626,0.545873674504,1.5500230521,0.425634235144
reversal_12,24,120,0,22,2169,0.000171326911128,0.750411870741,0.209859828,3.57577664049,0.536652835408,1.54956201014,0.371608070237
reversal_12,24,120,0,23,2169,5.73720950173e-05,0.251289776176,0.209682512219,1.19842982382,0.523282618718,1.54011065007,0.124440074093
reversal_12,24,120,0.25,0,2169,4.67341666142e-05,0.20469564977,0.210072312021,0.974405659657,0.514522821577,1.5224757953,0.101366407386
reversal_12,24,120,0.25,1,2169,9.50480591103e-05,0.416310498903,0.208272548985,1.99887359584,0.51867219917,1.52581834947,0.20615924021
reversal_12,24,120,0.25,2,2169,6.55622460235e-05,0.287162637583,0.207210214033,1.38585174927,0.529737206086,1.53480866759,0.142204511625
reversal_12,24,120,0.25,3,2169,8.14593013187e-05,0.356791739776,0.221083160022,1.61383499195,0.527431996312,1.53388658368,0.17668522456
reversal_12,24,120,0.25,4,2169,7.61994278489e-05,0.333753493978,0.212110679999,1.57348745466,0.527431996312,1.53619179345,0.165276559004
reversal_12,24,120,0.25,5,2169,2.89031314917e-05,0.126595715934,0.218247965534,0.580054506458,0.516366989396,1.52685569387,0.0626908922055
reversal_12,24,120,0.25,6,2169,2.64523762591e-05,0.115861408015,0.21698779405,0.53395357339,0.512217611803,1.53411710466,0.057375204106
reversal_12,24,120,0.25,7,2169,2.71284304967e-05,0.118822525576,0.216383121635,0.549130286493,0.511756569848,1.53895804518,0.0588415657474
reversal_12,24,120,0.25,8,2169,8.97586491694e-06,0.0393142883362,0.215017108998,0.182842605035,0.507607192254,1.53100507146,0.0194686510048
reversal_12,24,120,0.25,9,2169,-2.54745094358e-06,-0.0111578351329,0.211963482284,-0.0526403652775,0.514061779622,1.53342554172,-0.00552542109663
reversal_12,24,120,0.25,10,2169,8.96763697242e-05,0.392782499392,0.208220733946,1.88637553979,0.523282618718,1.53722913785,0.194508045932
reversal_12,24,120,0.25,11,2169,-4.80268211817e-06,-0.0210357476776,0.211952729401,-0.0992473545259,0.518211157215,1.53596127248,-0.0104170175143
reversal_12,24,120,0.25,12,2169,1.27938232051e-05,0.0560369456385,0.212455628897,0.263758347705,0.520055325035,1.54011065007,0.0277498025319
reversal_12,24,120,0.25,13,2169,0.000118562698554,0.519304619665,0.211802837878,2.4518303195,0.543107422775,1.54725680037,0.257162493163
reversal_12,24,120,0.25,14,2169,0.000103062969224,0.4514158052,0.212665097337,2.12266051577,0.538035961272,1.55440295067,0.223543580246
reversal_12,24,120,0.25,15,2169,5.84574480218e-05,0.256043622335,0.213688055942,1.19821213781,0.529276164131,1.55059935454,0.126794204759
reversal_12,24,120,0.25,16,2169,5.03052932866e-05,0.220337184595,0.210568521622,1.04639184859,0.538958045182,1.55129091747,0.109112181139
reversal_12,24,120,0.25,17,2169,8.91107396424e-05,0.390305039634,0.215857951146,1.80815688077,0.530198248041,1.54575841402,0.193281194284
reversal_12,24,120,0.25,18,2169,0.000149631474918,0.655385860142,0.221898553112,2.95353823155,0.552789303827,1.54910096819,0.324550669098
reversal_12,24,120,0.25,19,2169,0.000210621819445,0.922523569168,0.217773150127,4.23616762961,0.535730751498,1.55082987552,0.456838726376
reversal_12,24,120,0.25,20,2169,0.000209174358015,0.916183688106,0.217122228976,4.21966784528,0.550484094053,1.55198248041,0.453699182535
reversal_12,24,120,0.25,21,2169,0.000157484663506,0.689782826155,0.214731617379,3.21230210331,0.538497003227,1.5500230521,0.341584235144
reversal_12,24,120,0.25,22,2169,0.000132587860875,0.580734830631,0.209822493436,2.7677434441,0.530198248041,1.54956201014,0.287583070237
reversal_12,24,120,0.25,23,2169,1.88693287656e-05,0.0826476599934,0.209657354193,0.394203486501,0.51959428308,1.54011065007,0.0409275740926
reversal_12,24,120,0.5,0,2169,8.67227173177e-06,0.0379845501852,0.210060418014,0.180826785666,0.508990318119,1.5224757953,0.0188101573862
reversal_12,24,120,0.5,1,2169,5.69026003736e-05,0.249233389636,0.208245790621,1.19682318136,0.513600737667,1.52581834947,0.12342174021
reversal_12,24,120,0.5,2,2169,2.71920293338e-05,0.119101088482,0.20718345895,0.57485809478,0.522821576763,1.53480866759,0.058979511625
reversal_12,24,120,0.5,3,2169,4.31121367267e-05,0.188831158863,0.221077443847,0.854140321042,0.520516366989,1.53388658368,0.0935102245603
reversal_12,24,120,0.5,4,2169,3.77946330126e-05,0.165540492595,0.212126239619,0.780386683382,0.520516366989,1.53619179345,0.0819765590042
reversal_12,24,120,0.5,5,2169,-9.26826085502e-06,-0.040594982545,0.218275137832,-0.18598078988,0.512678653757,1.52685569387,-0.0201028577945
reversal_12,24,120,0.5,6,2169,-1.19005513573e-05,-0.052124414945,0.217000062771,-0.240204607683,0.504840940526,1.53411710466,-0.025812295894
reversal_12,24,120,0.5,7,2169,-1.13455206328e-05,-0.0496933803718,0.216366500921,-0.229672246676,0.503918856616,1.53895804518,-0.0246084342526
reversal_12,24,120,0.5,8,2169,-2.92992618696e-05,-0.128330766989,0.215002925687,-0.596879166079,0.497464269249,1.53100507146,-0.0635500989952
reversal_12,24,120,0.5,9,2169,-4.08830894867e-05,-0.179067931952,0.211935661826,-0.844916473277,0.510834485938,1.53342554172,-0.0886754210966
reversal_12,24,120,0.5,10,2169,5.12456412779e-05,0.224455908797,0.20822025792,1.07797344523,0.513600737667,1.53722913785,0.111151795932
reversal_12,24,120,0.5,11,2169,-4.32017139301e-05,-0.189223507014,0.211941946308,-0.892808197291,0.512217611803,1.53596127248,-0.0937045175143
reversal_12,24,120,0.5,12,2169,-2.57089430466e-05,-0.112605170544,0.212451966632,-0.530026491771,0.512678653757,1.54011065007,-0.0557626974681
reversal_12,24,120,0.5,13,2169,7.98812785444e-05,0.349880000025,0.211780676884,1.65208651315,0.536191793453,1.54725680037,0.173262493163
reversal_12,24,120,0.5,14,2169,6.4202895457e-05,0.281208682102,0.212662004845,1.32232686467,0.530198248041,1.55440295067,0.139256080246
reversal_12,24,120,0.5,15,2169,1.96924641583e-05,0.0862529930132,0.213690649052,0.403634849703,0.523743660673,1.55059935454,0.0427129547593
reversal_12,24,120,0.5,16,2169,1.15230203497e-05,0.0504708291319,0.210567709794,0.239689310299,0.531581373905,1.55129091747,0.0249934311386
reversal_12,24,120,0.5,17,2169,5.0466779292e-05,0.221044493299,0.215841110363,1.02410746927,0.521899492854,1.54575841402,0.109462444284
reversal_12,24,120,0.5,18,2169,0.000110903950714,0.485759304126,0.22189221437,2.1891678602,0.543107422775,1.54910096819,0.240550669098
reversal_12,24,120,0.5,19,2169,0.000171851072557,0.752707697799,0.217745486477,3.45682342251,0.527431996312,1.55082987552,0.372744976376
reversal_12,24,120,0.5,20,2169,0.000170374796005,0.746241606502,0.217100406197,3.43731096396,0.54356846473,1.55198248041,0.369542932535
reversal_12,24,120,0.5,21,2169,0.000118734087203,0.52005530195,0.214729786655,2.42190573581,0.530659289995,1.5500230521,0.257534235144
reversal_12,24,120,0.5,22,2169,9.3848810621e-05,0.41105779052,0.209786445826,1.95941062303,0.526509912402,1.54956201014,0.203558070237
reversal_12,24,120,0.5,23,2169,-1.96334374861e-05,-0.0859944561892,0.209633519091,-0.410213292998,0.514522821577,1.54011065007,-0.0425849259074
reversal_12,24,120,1,0,2169,-6.74515180331e-05,-0.295437648985,0.210040694281,-1.40657337854,0.498386353158,1.5224757953,-0.146302342614
reversal_12,24,120,1,1,2169,-1.93883170999e-05,-0.0849208288976,0.208196199188,-0.407888468804,0.500230520977,1.52581834947,-0.0420532597897
reversal_12,24,120,1,2,2169,-4.95484040456e-05,-0.21702200972,0.207133936601,-1.0477375812,0.502535730751,1.53480866759,-0.107470488375
reversal_12,24,120,1,3,2169,-3.35821924572e-05,-0.147090002963,0.221069740273,-0.665355660078,0.506685108345,1.53388658368,-0.0728397754397
reversal_12,24,120,1,4,2169,-3.90149566601e-05,-0.170885510171,0.212161031893,-0.805451918509,0.502996772706,1.53619179345,-0.0846234409958
reversal_12,24,120,1,5,2169,-8.56110455484e-05,-0.374976379502,0.218333198166,-1.71745012968,0.502535730751,1.52685569387,-0.185690357795
reversal_12,24,120,1,6,2169,-8.86064065901e-05,-0.388096060865,0.2170284682,-1.78822651278,0.492392807746,1.53411710466,-0.192187295894
reversal_12,24,120,1,7,2169,-8.82934228919e-05,-0.386725192267,0.21633712685,-1.78760436499,0.490087597971,1.53895804518,-0.191508434253
reversal_12,24,120,1,8,2169,-0.000105849515443,-0.463620877639,0.214978604234,-2.15659078861,0.486860304288,1.53100507146,-0.229587598995
reversal_12,24,120,1,9,2169,-0.000117554366573,-0.514888125589,0.211883841713,-2.43004903737,0.49469801752,1.53342554172,-0.254975421097
reversal_12,24,120,1,10,2169,-2.56158156147e-05,-0.112197272392,0.208223197798,-0.538831761202,0.498847395113,1.53722913785,-0.0555607040683
reversal_12,24,120,1,11,2169,-0.000119999777554,-0.525599025686,0.211924414947,-2.48012493425,0.497003227294,1.53596127248,-0.260279517514
reversal_12,24,120,1,12,2169,-0.00010271447555,-0.449889402909,0.212448350868,-2.11764130468,0.499769479023,1.54011065007,-0.222787697468
reversal_12,24,120,1,13,2169,2.51843852601e-06,0.0110307607439,0.211740228445,0.0520957251483,0.523743660673,1.54725680037,0.00546249316291
reversal_12,24,120,1,14,2169,-1.35172520765e-05,-0.0592055640949,0.21265978453,-0.278405078919,0.514983863532,1.55440295067,-0.0293189197538
reversal_12,24,120,1,15,2169,-5.78375035688e-05,-0.253328265631,0.213699743973,-1.18544019249,0.510373443983,1.55059935454,-0.125449545241
reversal_12,24,120,1,16,2169,-6.60415255239e-05,-0.289261881795,0.210569960323,-1.37370915277,0.516828031351,1.55129091747,-0.143244068861
reversal_12,24,120,1,17,2169,-2.68211414087e-05,-0.11747659937,0.21581121443,-0.544348910138,0.505763024435,1.54575841402,-0.0581750557156
reversal_12,24,120,1,18,2169,3.34489023042e-05,0.146506192092,0.221883134711,0.6602853898,0.528354080221,1.54910096819,0.0725506690978
reversal_12,24,120,1,19,2169,9.43095787809e-05,0.41307595506,0.217693913043,1.89750806206,0.514522821577,1.55082987552,0.204557476376
reversal_12,24,120,1,20,2169,9.27756719847e-05,0.406357443293,0.217060686398,1.87209139544,0.530659289995,1.55198248041,0.201230432535
reversal_12,24,120,1,21,2169,4.12329345983e-05,0.18060025354,0.214730025138,0.841057292406,0.517289073306,1.5500230521,0.0894342351437
reversal_12,24,120,1,22,2169,1.63707101138e-05,0.0717037102986,0.209718214103,0.341905020531,0.512678653757,1.54956201014,0.0355080702369
reversal_12,24,120,1,23,2169,-9.66389699896e-05,-0.423278688554,0.209589819445,-2.0195574846,0.499769479023,1.54011065007,-0.209609925907
reversal_12,24,120,2,0,2169,-0.000219699097563,-0.962282047325,0.210017508727,-4.58191344692,0.470723835869,1.5224757953,-0.476527342614
reversal_12,24,120,2,1,2169,-0.000171970152047,-0.753229265965,0.208112730078,-3.61933297249,0.478100507146,1.52581834947,-0.37300325979
reversal_12,24,120,2,2,2169,-0.000203029270805,-0.889268206124,0.207050855984,-4.2949264899,0.468418626095,1.53480866759,-0.440370488375
reversal_12,24,120,2,3,2169,-0.000186970850825,-0.818932326614,0.221069249606,-3.70441537244,0.476256339327,1.53388658368,-0.40553977544
reversal_12,24,120,2,4,2169,-0.000192634136005,-0.843737515704,0.212245299699,-3.97529423219,0.480866758875,1.53619179345,-0.417823440996
reversal_12,24,120,2,5,2169,-0.000238296614935,-1.04373917342,0.218464167527,-4.77762181887,0.472568003688,1.52685569387,-0.516865357795
reversal_12,24,120,2,6,2169,-0.000242018117056,-1.0600393527,0.217100743441,-4.88270715201,0.467035500231,1.53411710466,-0.524937295894
reversal_12,24,120,2,7,2169,-0.00024218922741,-1.06078881606,0.21629385501,-4.90438720974,0.458275703089,1.53895804518,-0.525308434253
reversal_12,24,120,2,8,2169,-0.000258950022589,-1.13420109894,0.214946147872,-5.27667562397,0.464269248502,1.53100507146,-0.561662598995
reversal_12,24,120,2,9,2169,-0.000270896920745,-1.18652851286,0.2117954973,-5.60223672359,0.461964038728,1.53342554172,-0.587575421097
reversal_12,24,120,2,10,2169,-0.0001793387294,-0.785503634771,0.208244643991,-3.77202323055,0.468418626095,1.53722913785,-0.388985704068
reversal_12,24,120,2,11,2169,-0.000273595904801,-1.19835006303,0.211905495653,-5.65511554731,0.473029045643,1.53596127248,-0.593429517514
reversal_12,24,120,2,12,2169,-0.000256725540557,-1.12445786764,0.212455954832,-5.29266345361,0.470262793914,1.54011065007,-0.556837697468
reversal_12,24,120,2,13,2169,-0.000152207241511,-0.666667717818,0.211674835635,-3.14948971529,0.492392807746,1.54725680037,-0.330137506837
reversal_12,24,120,2,14,2169,-0.000168957547143,-0.740034056488,0.212671202641,-3.47970974583,0.487321346243,1.55440295067,-0.366468919754
reversal_12,24,120,2,15,2169,-0.000212897439023,-0.93249078292,0.213733565785,-4.36286541842,0.484555094514,1.55059935454,-0.461774545241
reversal_12,24,120,2,16,2169,-0.000221170617271,-0.968727303648,0.210589957043,-4.60006411156,0.492392807746,1.55129091747,-0.479719068861
reversal_12,24,120,2,17,2169,-0.00018139698281,-0.794518784709,0.215766571969,-3.68230712227,0.48224988474,1.54575841402,-0.393450055716
reversal_12,24,120,2,18,2169,-0.000121461194515,-0.532000031974,0.221879368348,-2.39769941629,0.496081143384,1.54910096819,-0.263449330902
reversal_12,24,120,2,19,2169,-6.0773408771e-05,-0.266187530417,0.217605793649,-1.22325571371,0.486399262333,1.55082987552,-0.131817523624
reversal_12,24,120,2,20,2169,-6.24225760558e-05,-0.273410883125,0.216996959394,-1.25997564154,0.504840940526,1.55198248041,-0.135394567465
reversal_12,24,120,2,21,2169,-0.000113769370611,-0.498309843278,0.214746101264,-2.3204604896,0.494236975565,1.5500230521,-0.246765764856
reversal_12,24,120,2,22,2169,-0.0001385854909,-0.607004450144,0.209597221751,-2.8960519852,0.487782388197,1.54956201014,-0.300591929763
reversal_12,24,120,2,23,2169,-0.000250650034996,-1.09784715328,0.209518313443,-5.23986249815,0.473490087598,1.54011065007,-0.543659925907
reversal_12,24,120,5,0,2169,-0.000676441836152,-2.96281524235,0.210078074215,-14.103400621,0.39326878746,1.5224757953,-1.46720234261
reversal_12,24,120,5,1,2169,-0.000629715656888,-2.75815457717,0.207988224203,-13.261109314,0.407561088059,1.52581834947,-1.36585325979
reversal_12,24,120,5,2,2169,-0.000663471871081,-2.90600679534,0.206929520571,-14.0434616933,0.399723374827,1.53480866759,-1.43907048838
reversal_12,24,120,5,3,2169,-0.000647136825929,-2.83445929757,0.221187080464,-12.8147597573,0.397418165053,1.53388658368,-1.40363977544
reversal_12,24,120,5,4,2169,-0.000653491674041,-2.8622935323,0.212615329265,-13.4623102774,0.39142461964,1.53619179345,-1.417423441
reversal_12,24,120,5,5,2169,-0.000696353323096,-3.05002755516,0.218975515227,-13.9286237185,0.402028584601,1.52685569387,-1.51039035779
reversal_12,24,120,5,6,2169,-0.000702253248453,-3.07586922822,0.217441066171,-14.1457604232,0.394190871369,1.53411710466,-1.52318729589
reversal_12,24,120,5,7,2169,-0.000703876640965,-3.08297968743,0.216287928145,-14.2540534457,0.384508990318,1.53895804518,-1.52670843425
reversal_12,24,120,5,8,2169,-0.000718251544027,-3.14594176284,0.214978322549,-14.6337627233,0.387736284002,1.53100507146,-1.557887599
reversal_12,24,120,5,9,2169,-0.000730924583263,-3.20144967469,0.211653027242,-15.1259337814,0.384508990318,1.53342554172,-1.5853754211
reversal_12,24,120,5,10,2169,-0.000640507470755,-2.80542272191,0.208433421535,-13.4595627767,0.398801290917,1.53722913785,-1.38926070407
reversal_12,24,120,5,11,2169,-0.000734384286544,-3.21660317506,0.211977900201,-15.1742383145,0.386814200092,1.53596127248,-1.59287951751
reversal_12,24,120,5,12,2169,-0.000718758735578,-3.14816326183,0.212597400495,-14.808098568,0.390041493776,1.54011065007,-1.55898769747
reversal_12,24,120,5,13,2169,-0.000616384281622,-2.6997631535,0.211602828146,-12.7586345474,0.404333794375,1.54725680037,-1.33693750684
reversal_12,24,120,5,14,2169,-0.000635278432344,-2.78251953367,0.212832260827,-13.0737676838,0.398340248963,1.55440295067,-1.37791891975
reversal_12,24,120,5,15,2169,-0.000678077245385,-2.96997833479,0.213959963772,-13.881000363,0.396957123098,1.55059935454,-1.47074954524
reversal_12,24,120,5,16,2169,-0.000686557892513,-3.00712356921,0.210773825404,-14.2670635856,0.417704011065,1.55129091747,-1.48914406886
reversal_12,24,120,5,17,2169,-0.000645124507015,-2.82564534073,0.215753920774,-13.0966117816,0.406639004149,1.54575841402,-1.39927505572
reversal_12,24,120,5,18,2169,-0.000586191484971,-2.56751870417,0.221983193692,-11.5662751827,0.410788381743,1.54910096819,-1.2714493309
reversal_12,24,120,5,19,2169,-0.000526022371427,-2.30397798685,0.217461843309,-10.5948609273,0.41724296911,1.55082987552,-1.14094252362
reversal_12,24,120,5,20,2169,-0.000528017320178,-2.31271586238,0.216931611174,-10.6610366736,0.41816505302,1.55198248041,-1.14526956747
reversal_12,24,120,5,21,2169,-0.000578776286241,-2.53504013373,0.214919046971,-11.7953255863,0.414937759336,1.5500230521,-1.25536576486
reversal_12,24,120,5,22,2169,-0.000603454093943,-2.64312893147,0.20935830103,-12.6249062897,0.408022130014,1.54956201014,-1.30889192976
reversal_12,24,120,5,23,2169,-0.000712683230017,-3.12155254748,0.209431100937,-14.9049139956,0.398340248963,1.54011065007,-1.54580992591
reversal_12,24,120,10,0,2169,-0.0014376797338,-6.29703723405,0.210611981042,-29.8987607586,0.293683725219,1.5224757953,-3.11832734261
reversal_12,24,120,10,1,2169,-0.00139262483162,-6.09969676251,0.208200758157,-29.2971880434,0.285384970032,1.52581834947,-3.02060325979
reversal_12,24,120,10,2,2169,-0.00143087620488,-6.26723777735,0.207154003977,-30.2540026118,0.2775472568,1.53480866759,-3.10357048838
reversal_12,24,120,10,3,2169,-0.00141408011777,-6.19367091583,0.221780186696,-27.9270705291,0.293683725219,1.53388658368,-3.06713977544
reversal_12,24,120,10,4,2169,-0.00142158757077,-6.22655355996,0.213620446826,-29.1477414848,0.271092669433,1.53619179345,-3.083423441
reversal_12,24,120,10,5,2169,-0.00145978117003,-6.39384152473,0.220219491485,-29.0339491824,0.280774550484,1.52685569387,-3.16626535779
reversal_12,24,120,10,6,2169,-0.00146931180078,-6.43558568742,0.21841765405,-29.4645857058,0.279852466574,1.53411710466,-3.18693729589
reversal_12,24,120,10,7,2169,-0.00147335566356,-6.45329780637,0.216690691949,-29.7811491039,0.269709543568,1.53895804518,-3.19570843425
reversal_12,24,120,10,8,2169,-0.00148375407976,-6.49884286934,0.215463176685,-30.1621974081,0.270170585523,1.53100507146,-3.218262599
reversal_12,24,120,10,9,2169,-0.00149763735412,-6.55965161107,0.211824590847,-30.9673753403,0.272014753343,1.53342554172,-3.2483754211
reversal_12,24,120,10,10,2169,-0.00140912203968,-6.1719545338,0.209161354043,-29.508101829,0.282618718303,1.53722913785,-3.05638570407
reversal_12,24,120,10,11,2169,-0.00150236492278,-6.58035836179,0.212528283353,-30.9622712703,0.274781005071,1.53596127248,-3.25862951751
reversal_12,24,120,10,12,2169,-0.00148881406061,-6.52100558548,0.213227472191,-30.5823894008,0.278008298755,1.54011065007,-3.22923769747
reversal_12,24,120,10,13,2169,-0.00139001268181,-6.08825554631,0.211896776947,-28.7321762701,0.283079760258,1.54725680037,-3.01493750684
reversal_12,24,120,10,14,2169,-0.00141247990768,-6.18666199563,0.213522037652,-28.974348801,0.290456431535,1.55440295067,-3.06366891975
reversal_12,24,120,10,15,2169,-0.00145337692266,-6.36579092123,0.214752055113,-29.6425145635,0.275242047026,1.55059935454,-3.15237454524
reversal_12,24,120,10,16,2169,-0.00146220335125,-6.40445067848,0.211491760227,-30.2822704374,0.288151221761,1.55129091747,-3.17151906886
reversal_12,24,120,10,17,2169,-0.00141800371402,-6.21085626742,0.216136820145,-28.735762205,0.285846011987,1.54575841402,-3.07565005572
reversal_12,24,120,10,18,2169,-0.00136074196907,-5.96004982451,0.222539149153,-26.7820284529,0.289534347626,1.54910096819,-2.9514493309
reversal_12,24,120,10,19,2169,-0.00130143730919,-5.70029541423,0.217623748909,-26.1933517955,0.297372060858,1.55082987552,-2.82281752362
reversal_12,24,120,10,20,2169,-0.00130400856038,-5.71155749447,0.217242154194,-26.2912026243,0.299677270632,1.55198248041,-2.82839456747
reversal_12,24,120,10,21,2169,-0.00135378781229,-5.92959061783,0.215621653225,-27.4999775261,0.293222683264,1.5500230521,-2.93636576486
reversal_12,24,120,10,22,2169,-0.00137823509901,-6.03666973368,0.209374669049,-28.8319010179,0.282157676349,1.54956201014,-2.98939192976
reversal_12,24,120,10,23,2169,-0.00148273855505,-6.49439487113,0.209710241448,-30.96842017,0.282618718303,1.54011065007,-3.21605992591
ridge,24,120,0,0,2169,3.3614213394e-05,0.147230254666,0.204540014959,0.719811498476,0.502996772706,1.37747810051,0.0729092288516
ridge,24,120,0,1,2169,9.82078858973e-05,0.43015054023,0.201937586016,2.13011628353,0.511756569848,1.4041032734,0.213012904511
ridge,24,120,0,2,2169,6.12601350655e-05,0.268319391587,0.202991793716,1.32182383669,0.508529276164,1.40145228216,0.132873232957
ridge,24,120,0,3,2169,0.000108943742803,0.477173593477,0.210302499029,2.26898679607,0.504840940526,1.38911940987,0.236298978139
ridge,24,120,0,4,2169,-3.91734341835e-06,-0.0171579641724,0.201090209633,-0.0853247117483,0.496542185339,1.40064545874,-0.00849671787439
ridge,24,120,0,5,2169,8.87520433703e-05,0.388733949962,0.203100382504,1.91399910315,0.505763024435,1.40998155832,0.19250318207
ridge,24,120,0,6,2169,-2.73398893445e-05,-0.119748715329,0.207362133207,-0.577485934759,0.494236975565,1.38808206547,-0.0593002199882
ridge,24,120,0,7,2169,2.00147616099e-05,0.0876646558514,0.207452614002,0.422576771439,0.491931765791,1.40421853389,0.0434120179319
ridge,24,120,0,8,2169,9.75506195293e-05,0.427271713538,0.198810432394,2.14914131212,0.50622406639,1.43003688336,0.211587293759
ridge,24,120,0,9,2169,6.44922908094e-06,0.0282476233745,0.202436303772,0.139538328098,0.493314891655,1.41401567543,0.0139883778766
ridge,24,120,0,10,2169,7.36907868231e-05,0.322765646285,0.208149518036,1.55064325554,0.498847395113,1.42715537114,0.159835316619
ridge,24,120,0,11,2169,6.10453798606e-05,0.267378763789,0.193047590231,1.38504067038,0.49377593361,1.41413093592,0.132407428918
ridge,24,120,0,12,2169,7.16650948804e-05,0.313893115576,0.204789939593,1.53275652213,0.496542185339,1.37586445367,0.155441590796
ridge,24,120,0,13,2169,7.29584691613e-05,0.319558094926,0.201746979493,1.58395479193,0.502535730751,1.40744582757,0.158246919611
ridge,24,120,0,14,2169,-1.74392651918e-05,-0.07638398154,0.204556061294,-0.373413435206,0.513600737667,1.4071000461,-0.037825766201
ridge,24,120,0,15,2169,2.25875624767e-05,0.0989335236481,0.203458938122,0.486257937651,0.499308437068,1.3938450899,0.0489924230121
ridge,24,120,0,16,2169,9.58807853995e-05,0.41995784005,0.20657628341,2.03294314874,0.5071461503,1.40905947441,0.207965423532
ridge,24,120,0,17,2169,-5.18007575643e-06,-0.0226887318132,0.202052740271,-0.112291136377,0.491009681881,1.41562932227,-0.0112355843157
ridge,24,120,0,18,2169,0.000130920463047,0.573431628146,0.204824854649,2.79961935834,0.511756569848,1.4142461964,0.283966484349
ridge,24,120,0,19,2169,3.66813848654e-05,0.16066446571,0.209433792879,0.767137258519,0.503918856616,1.42185338866,0.0795619237731
ridge,24,120,0,20,2169,6.5436328678e-05,0.28661111961,0.211576055577,1.35464818468,0.504379898571,1.40744582757,0.141931396903
ridge,24,120,0,21,2169,-1.19998790423e-05,-0.0525594702051,0.210379529139,-0.24983167526,0.497925311203,1.41436145689,-0.0260277376427
ridge,24,120,0,22,2169,1.85361962814e-05,0.0811885397127,0.207651480943,0.390984640919,0.490548639926,1.42047026279,0.0402050097345
ridge,24,120,0,23,2169,6.64350176744e-05,0.290985377414,0.197908095533,1.47030558113,0.506685108345,1.41171046565,0.144097553336
ridge,24,120,0.25,0,2169,-8.22739118655e-07,-0.00360359733971,0.204548007528,-0.0176173671074,0.497003227294,1.37747810051,-0.00178452114836
ridge,24,120,0.25,1,2169,6.31053040623e-05,0.276401231793,0.201954949046,1.36862816731,0.502996772706,1.4041032734,0.136875404511
ridge,24,120,0.25,2,2169,2.62238280116e-05,0.114860366691,0.202984538146,0.565857713795,0.497464269249,1.40145228216,0.0568794829572
ridge,24,120,0.25,3,2169,7.42157575562e-05,0.325065018096,0.210300279431,1.54571843164,0.498847395113,1.38911940987,0.160973978139
ridge,24,120,0.25,4,2169,-3.89334798868e-05,-0.170528641904,0.201095576426,-0.847997976558,0.489165514062,1.40064545874,-0.0844467178744
ridge,24,120,0.25,5,2169,5.35025044123e-05,0.234340969326,0.203107883143,1.15377584414,0.496542185339,1.40998155832,0.11604693207
ridge,24,120,0.25,6,2169,-6.20419409812e-05,-0.271743701498,0.207365250076,-1.31045920856,0.487321346243,1.38808206547,-0.134568969988
ridge,24,120,0.25,7,2169,-1.50907017373e-05,-0.0660972736092,0.207445048731,-0.318625457747,0.484555094514,1.40421853389,-0.0327317320681
ridge,24,120,0.25,8,2169,6.17996974454e-05,0.270682674811,0.198816387456,1.36147064271,0.500691562932,1.43003688336,0.134043543759
ridge,24,120,0.25,9,2169,-2.89011628047e-05,-0.126587093085,0.202396629025,-0.625440718527,0.485016136468,1.41401567543,-0.0626866221234
ridge,24,120,0.25,10,2169,3.80119025446e-05,0.166492133145,0.208139965061,0.799904684795,0.489626556017,1.42715537114,0.0824478166193
ridge,24,120,0.25,11,2169,2.56921064627e-05,0.112531426307,0.193073583854,0.582842168566,0.488704472107,1.41413093592,0.0557261789175
ridge,24,120,0.25,12,2169,3.72684835388e-05,0.1632359579,0.204782803744,0.797117506527,0.492392807746,1.37586445367,0.0808353407956
ridge,24,120,0.25,13,2169,3.7772323472e-05,0.165442776807,0.201722349088,0.820150952809,0.496081143384,1.40744582757,0.0819281696108
ridge,24,120,0.25,14,2169,-5.26167663444e-05,-0.230461436588,0.204570781671,-1.1265608642,0.503918856616,1.4071000461,-0.114125766201
ridge,24,120,0.25,15,2169,-1.22585647708e-05,-0.0536925136963,0.203464735997,-0.263891005157,0.491470723836,1.3938450899,-0.0265888269879
ridge,24,120,0.25,16,2169,6.06542985392e-05,0.265665827602,0.20657768063,1.28603354821,0.501613646842,1.40905947441,0.131559173532
ridge,24,120,0.25,17,2169,-4.05708088131e-05,-0.177700142602,0.202032799681,-0.879560857852,0.483633010604,1.41562932227,-0.0879980843157
ridge,24,120,0.25,18,2169,9.5564308137e-05,0.41857166964,0.204846242105,2.04334561054,0.504840940526,1.4142461964,0.207278984349
ridge,24,120,0.25,19,2169,1.13505014895e-06,0.00497151965241,0.209444573417,0.023736683989,0.498847395113,1.42185338866,0.00246192377307
ridge,24,120,0.25,20,2169,3.02501829887e-05,0.132495801491,0.211577823749,0.626227263062,0.496542185339,1.40744582757,0.0656126469026
ridge,24,120,0.25,21,2169,-4.73589154646e-05,-0.207432049735,0.210393775405,-0.985922940616,0.491470723836,1.41436145689,-0.102721487643
ridge,24,120,0.25,22,2169,-1.69755602884e-05,-0.0743529540632,0.207647370444,-0.358073179083,0.483171968649,1.42047026279,-0.0368199902655
ridge,24,120,0.25,23,2169,3.11422560331e-05,0.136403081425,0.197910232909,0.68921692133,0.501152604887,1.41171046565,0.0675475533357
ridge,24,120,0.5,0,2169,-3.52596916313e-05,-0.154437449345,0.204557303029,-0.754983797002,0.489165514062,1.37747810051,-0.0764782711484
ridge,24,120,0.5,1,2169,2.80027222274e-05,0.122651923356,0.201973677706,0.607266871351,0.491931765791,1.4041032734,0.0607379045112
ridge,24,120,0.5,2,2169,-8.81247904235e-06,-0.0385986582055,0.202978592558,-0.19016122695,0.491009681881,1.40145228216,-0.0191142670428
ridge,24,120,0.5,3,2169,3.94877723096e-05,0.172956442716,0.210299386496,0.82242961141,0.491470723836,1.38911940987,0.0856489781395
ridge,24,120,0.5,4,2169,-7.39496163552e-05,-0.323899319636,0.20110229594,-1.6106197004,0.48040571692,1.40064545874,-0.160396717874
ridge,24,120,0.5,5,2169,1.82529654542e-05,0.0799479886895,0.20311675262,0.39360607955,0.489626556017,1.40998155832,0.0395906820702
ridge,24,120,0.5,6,2169,-9.67439926179e-05,-0.423738687666,0.207369749234,-2.04339682732,0.479483633011,1.38808206547,-0.209837719988
ridge,24,120,0.5,7,2169,-5.01961650844e-05,-0.21985920307,0.207438881158,-1.05987460905,0.478561549101,1.40421853389,-0.108875482068
ridge,24,120,0.5,8,2169,2.60487753615e-05,0.114093636083,0.198823636762,0.573843421947,0.495159059474,1.43003688336,0.0564997937591
ridge,24,120,0.5,9,2169,-6.42515546904e-05,-0.281421809544,0.202358324505,-1.39071031663,0.479022591056,1.41401567543,-0.139361622123
ridge,24,120,0.5,10,2169,2.33301826614e-06,0.0102186200057,0.20813164618,0.0490969066611,0.481788842785,1.42715537114,0.00506031661926
ridge,24,120,0.5,11,2169,-9.6611669352e-06,-0.0423159111762,0.19310094272,-0.219138811961,0.483171968649,1.41413093592,-0.0209550710825
ridge,24,120,0.5,12,2169,2.87187219715e-06,0.0125788002235,0.204776949524,0.0614268366275,0.489165514062,1.37586445367,0.00622909079561
ridge,24,120,0.5,13,2169,2.58617778276e-06,0.0113274586885,0.201699077171,0.0561601909507,0.484555094514,1.40744582757,0.0056094196108
ridge,24,120,0.5,14,2169,-8.7794267497e-05,-0.384538891637,0.204586855909,-1.87958747364,0.496081143384,1.4071000461,-0.190425766201
ridge,24,120,0.5,15,2169,-4.71046920184e-05,-0.206318551041,0.203471914448,-1.01399031704,0.485477178423,1.3938450899,-0.102170076988
ridge,24,120,0.5,16,2169,2.54278116789e-05,0.111373815154,0.206580440888,0.539130494033,0.492392807746,1.40905947441,0.0551529235316
ridge,24,120,0.5,17,2169,-7.59615418698e-05,-0.33271155339,0.202014188854,-1.64697121167,0.474873213462,1.41562932227,-0.164760584316
ridge,24,120,0.5,18,2169,6.02081532269e-05,0.263711711134,0.204869063705,1.28722075634,0.498847395113,1.4142461964,0.130591484349
ridge,24,120,0.5,19,2169,-3.44112845675e-05,-0.150721426406,0.209456675152,-0.719582826836,0.489626556017,1.42185338866,-0.0746380762269
ridge,24,120,0.5,20,2169,-4.93596270053e-06,-0.0216195166283,0.211580912192,-0.102180846109,0.488704472107,1.40744582757,-0.0107061030974
ridge,24,120,0.5,21,2169,-8.27179518869e-05,-0.362304629265,0.210409323878,-1.72190387093,0.483633010604,1.41436145689,-0.179415237643
ridge,24,120,0.5,22,2169,-5.24873168582e-05,-0.229894447839,0.207644578113,-1.10715362726,0.476256339327,1.42047026279,-0.113844990266
ridge,24,120,0.5,23,2169,-4.15050560825e-06,-0.0181792145641,0.197913719423,-0.0918542414195,0.496081143384,1.41171046565,-0.00900244666429
ridge,24,120,1,0,2169,-0.000104133596657,-0.456105153356,0.204579802089,-2.22947304034,0.472568003688,1.37747810051,-0.225865771148
ridge,24,120,1,1,2169,-4.22024414425e-05,-0.184846693518,0.202015230371,-0.915013651092,0.479022591056,1.4041032734,-0.0915370954888
ridge,24,120,1,2,2169,-7.88850931502e-05,-0.345516707998,0.202970631768,-1.70229902222,0.479944674965,1.40145228216,-0.171101767043
ridge,24,120,1,3,2169,-2.99681981837e-05,-0.131260708045,0.210301580659,-0.624154643219,0.476256339327,1.38911940987,-0.0650010218605
ridge,24,120,1,4,2169,-0.000143981889292,-0.630640675099,0.20111979256,-3.13564700456,0.466113416321,1.40064545874,-0.312296717874
ridge,24,120,1,5,2169,-5.22461124619e-05,-0.228837972583,0.203138597339,-1.12651153242,0.473951129553,1.40998155832,-0.11332181793
ridge,24,120,1,6,2169,-0.000166148095891,-0.727728660004,0.207382894033,-3.50910649308,0.464730290456,1.38808206547,-0.360375219988
ridge,24,120,1,7,2169,-0.000120407091779,-0.527383061991,0.207430739574,-2.54245375142,0.465191332411,1.40421853389,-0.261162982068
ridge,24,120,1,8,2169,-4.54530688063e-05,-0.199084441372,0.198842017518,-1.0012191782,0.476256339327,1.43003688336,-0.0985877062409
ridge,24,120,1,9,2169,-0.000134952338462,-0.591091242462,0.20228582923,-2.92205956647,0.46887966805,1.41401567543,-0.292711622123
ridge,24,120,1,10,2169,-6.90247502908e-05,-0.302328406274,0.208118711267,-1.45267287325,0.471184877824,1.42715537114,-0.149714683381
ridge,24,120,1,11,2169,-8.0367713731e-05,-0.352010586142,0.19315975383,-1.82238058997,0.465191332411,1.41413093592,-0.174317571082
ridge,24,120,1,12,2169,-6.59213504861e-05,-0.288735515129,0.204769086388,-1.41005422362,0.476256339327,1.37586445367,-0.142983409204
ridge,24,120,1,13,2169,-6.77861135958e-05,-0.296903177549,0.201656610653,-1.47232057798,0.472568003688,1.40744582757,-0.147028080389
ridge,24,120,1,14,2169,-0.000158149269802,-0.692693801734,0.204623064665,-3.38521858652,0.483633010604,1.4071000461,-0.343025766201
ridge,24,120,1,15,2169,-0.000116796946514,-0.511570625729,0.203490412472,-2.51397901019,0.473490087598,1.3938450899,-0.253332576988
ridge,24,120,1,16,2169,-4.50251620417e-05,-0.197210209743,0.206590050273,-0.954596842791,0.475795297372,1.40905947441,-0.0976595764684
ridge,24,120,1,17,2169,-0.000146743007983,-0.642734374967,0.201980957933,-3.18215331556,0.461964038728,1.41562932227,-0.318285584316
ridge,24,120,1,18,2169,-1.05041565933e-05,-0.0460082058786,0.204919007394,-0.224518976856,0.477178423237,1.4142461964,-0.0227835156509
ridge,24,120,1,19,2169,-0.000105503954,-0.462107318522,0.209484841271,-2.20592247018,0.474873213462,1.42185338866,-0.228838076227
ridge,24,120,1,20,2169,-7.5308254079e-05,-0.329850152866,0.211591049637,-1.55890409085,0.476256339327,1.40744582757,-0.163343603097
ridge,24,120,1,21,2169,-0.000153436024732,-0.672049788324,0.210444326263,-3.1934801962,0.473490087598,1.41436145689,-0.332802737643
ridge,24,120,1,22,2169,-0.000123510829998,-0.540977435391,0.207642948136,-2.60532534453,0.461964038728,1.42047026279,-0.267894990266
ridge,24,120,1,23,2169,-7.47360288909e-05,-0.327343806542,0.197924739557,-1.65388019343,0.480866758875,1.41171046565,-0.162102446664
ridge,24,120,2,0,2169,-0.000241881406707,-1.05944056138,0.204640425909,-5.17708344612,0.449976947902,1.37747810051,-0.524640771148
ridge,24,120,2,1,2169,-0.000182612768782,-0.799843927266,0.202114704709,-3.95737622564,0.458275703089,1.4041032734,-0.396087095489
ridge,24,120,2,2,2169,-0.000219030321366,-0.959352807583,0.202970433351,-4.72656431652,0.454126325496,1.40145228216,-0.475076767043
ridge,24,120,2,3,2169,-0.00016888013917,-0.739695009566,0.210321888006,-3.51696638224,0.449054863993,1.38911940987,-0.366301021861
ridge,24,120,2,4,2169,-0.000284046435166,-1.24412338603,0.20117101066,-6.18440689811,0.445366528354,1.40064545874,-0.616096717874
ridge,24,120,2,5,2169,-0.000193244268294,-0.846409895128,0.203198703086,-4.16542961286,0.450437989857,1.40998155832,-0.41914681793
ridge,24,120,2,6,2169,-0.000304956302438,-1.33570860468,0.207425765303,-6.43945366541,0.435223605348,1.38808206547,-0.661450219988
ridge,24,120,2,7,2169,-0.000260828945167,-1.14243077983,0.207431232369,-5.50751575252,0.431996311664,1.40421853389,-0.565737982068
ridge,24,120,2,8,2169,-0.000188456757142,-0.825440596282,0.19889430205,-4.15014702672,0.449515905947,1.43003688336,-0.408762706241
ridge,24,120,2,9,2169,-0.000276353906004,-1.2104301083,0.202157313808,-5.9875652555,0.441678192716,1.41401567543,-0.599411622123
ridge,24,120,2,10,2169,-0.000211740287405,-0.927422458832,0.208107655601,-4.45645527144,0.443522360535,1.42715537114,-0.459264683381
ridge,24,120,2,11,2169,-0.000221780807322,-0.971399936072,0.193293731518,-5.02551183862,0.435223605348,1.41413093592,-0.481042571082
ridge,24,120,2,12,2169,-0.000203507795853,-0.891364145835,0.204768742892,-4.35302836383,0.451360073767,1.37586445367,-0.441408409204
ridge,24,120,2,13,2169,-0.000208530696353,-0.913364450025,0.201587998333,-4.53084735985,0.451360073767,1.40744582757,-0.452303080389
ridge,24,120,2,14,2169,-0.000298859274413,-1.30900362193,0.20471171268,-6.39437580189,0.452282157676,1.4071000461,-0.648225766201
ridge,24,120,2,15,2169,-0.000256181455504,-1.12207477511,0.20354396714,-5.51268991597,0.44398340249,1.3938450899,-0.555657576988
ridge,24,120,2,16,2169,-0.000185931109483,-0.814378259535,0.206625621286,-3.94132273852,0.448132780083,1.40905947441,-0.403284576468
ridge,24,120,2,17,2169,-0.00028830594021,-1.26278001812,0.201930467668,-6.25353881812,0.436606731213,1.41562932227,-0.625335584316
ridge,24,120,2,18,2169,-0.000151928776234,-0.665448039904,0.205036081431,-3.24551676593,0.455048409405,1.4142461964,-0.329533515651
ridge,24,120,2,19,2169,-0.000247689292866,-1.08487910275,0.209557016125,-5.17701159719,0.448132780083,1.42185338866,-0.537238076227
ridge,24,120,2,20,2169,-0.000216052836836,-0.946311425342,0.211627163589,-4.47159716785,0.448132780083,1.40744582757,-0.468618603097
ridge,24,120,2,21,2169,-0.000294872170421,-1.29154010644,0.210529943195,-6.13470980348,0.445366528354,1.41436145689,-0.639577737643
ridge,24,120,2,22,2169,-0.000265557856277,-1.16314341049,0.207655506839,-5.60131261723,0.439372982941,1.42047026279,-0.575994990266
ridge,24,120,2,23,2169,-0.000215907075456,-0.945672990498,0.197962964509,-4.77701974631,0.455970493315,1.41171046565,-0.468302446664
ridge,24,120,5,0,2169,-0.00065512483686,-2.86944678544,0.204947100817,-14.0009142555,0.369755647764,1.37747810051,-1.42096577115
ridge,24,120,5,1,2169,-0.000603843750802,-2.64483562851,0.202543750688,-13.0580954462,0.382203780544,1.4041032734,-1.30973709549
ridge,24,120,5,2,2169,-0.000639466006013,-2.80086110634,0.203095587434,-13.7908515971,0.374827109267,1.40145228216,-1.38700176704
ridge,24,120,5,3,2169,-0.00058561596213,-2.56499791413,0.210510070812,-12.1846803064,0.38082065468,1.38911940987,-1.27020102186
ridge,24,120,5,4,2169,-0.000704240072787,-3.08457151881,0.201454276131,-15.3115216914,0.365145228216,1.40064545874,-1.52749671787
ridge,24,120,5,5,2169,-0.000616238735791,-2.69912566276,0.203510136505,-13.2628561364,0.370216689719,1.40998155832,-1.33662181793
ridge,24,120,5,6,2169,-0.000721380922078,-3.1596484387,0.207686869549,-15.2135204578,0.372060857538,1.38808206547,-1.56467521999
ridge,24,120,5,7,2169,-0.000682094505333,-2.98757393336,0.207566876336,-14.3933077671,0.359151682803,1.40421853389,-1.47946298207
ridge,24,120,5,8,2169,-0.000617467822149,-2.70450906101,0.199175156815,-13.5785461614,0.372521899493,1.43003688336,-1.33928770624
ridge,24,120,5,9,2169,-0.000700558608632,-3.06844670581,0.201903905758,-15.1975599198,0.363301060396,1.41401567543,-1.51951162212
ridge,24,120,5,10,2169,-0.000639886898746,-2.80270461651,0.208192998583,-13.4620502879,0.363762102351,1.42715537114,-1.38791468338
ridge,24,120,5,11,2169,-0.000646020088097,-2.82956798586,0.19382605994,-14.5984909704,0.354541263255,1.41413093592,-1.40121757108
ridge,24,120,5,12,2169,-0.000616267131952,-2.69925003795,0.204890740884,-13.1740947703,0.375288151222,1.37586445367,-1.3366834092
ridge,24,120,5,13,2169,-0.000630764444624,-2.76274826745,0.201512887503,-13.710032652,0.377132319041,1.40744582757,-1.36812808039
ridge,24,120,5,14,2169,-0.000720989288244,-3.15793308251,0.205107209683,-15.396499652,0.370677731674,1.4071000461,-1.5638257662
ridge,24,120,5,15,2169,-0.000674334982475,-2.95358722324,0.203836903141,-14.489953378,0.370216689719,1.3938450899,-1.46263257699
ridge,24,120,5,16,2169,-0.000608648951807,-2.66588240891,0.206863012271,-12.8871874176,0.375749193177,1.40905947441,-1.32015957647
ridge,24,120,5,17,2169,-0.000712994736891,-3.12291694758,0.201906875364,-15.4671154311,0.360073766713,1.41562932227,-1.54648558432
ridge,24,120,5,18,2169,-0.000576202635155,-2.52376754198,0.205524401238,-12.2796491646,0.382203780544,1.4142461964,-1.24978351565
ridge,24,120,5,19,2169,-0.000674245309464,-2.95319445545,0.209900049631,-14.06952719,0.367911479945,1.42185338866,-1.46243807623
ridge,24,120,5,20,2169,-0.000638286585107,-2.79569524277,0.211862085209,-13.1958261433,0.373905025357,1.40744582757,-1.3844436031
ridge,24,120,5,21,2169,-0.000719180607489,-3.1500110608,0.210911428463,-14.9352317405,0.359151682803,1.41436145689,-1.55990273764
ridge,24,120,5,22,2169,-0.000691698935116,-3.02964133581,0.207819661663,-14.5782228282,0.359612724758,1.42047026279,-1.50029499027
ridge,24,120,5,23,2169,-0.000639420215152,-2.80066054236,0.198206964836,-14.1299804711,0.379437528815,1.41171046565,-1.38690244666
ridge,24,120,10,0,2169,-0.00134386388711,-5.88612382556,0.205871999767,-28.5911820559,0.272936837252,1.37747810051,-2.91484077115
ridge,24,120,10,1,2169,-0.0013058953875,-5.71982179725,0.203691067016,-28.0808671732,0.274319963117,1.4041032734,-2.83248709549
ridge,24,120,10,2,2169,-0.00134019214709,-5.87004160426,0.203722181407,-28.8139541984,0.272936837252,1.40145228216,-2.90687676704
ridge,24,120,10,3,2169,-0.00128017566706,-5.60716942174,0.211246394391,-26.5432668705,0.27939142462,1.38911940987,-2.77670102186
ridge,24,120,10,4,2169,-0.00140456280216,-6.15198507344,0.202356193068,-30.4017632481,0.263254956201,1.40064545874,-3.04649671787
ridge,24,120,10,5,2169,-0.00132122951495,-5.78698527549,0.20446382863,-28.3032226984,0.259566620562,1.40998155832,-2.86574681793
ridge,24,120,10,6,2169,-0.00141542195481,-6.19954816208,0.208561598579,-29.7252620056,0.266482249885,1.38808206547,-3.07005021999
ridge,24,120,10,7,2169,-0.00138420377228,-6.06281252257,0.208238862094,-29.1147025181,0.270170585523,1.40421853389,-3.00233798207
ridge,24,120,10,8,2169,-0.00133248626383,-5.83628983556,0.200054460193,-29.1735052042,0.260027662517,1.43003688336,-2.89016270624
ridge,24,120,10,9,2169,-0.00140756644635,-6.16514103499,0.201923245678,-30.5321015136,0.263254956201,1.41401567543,-3.05301162212
ridge,24,120,10,10,2169,-0.00135346458432,-5.9281748793,0.208729449166,-28.4012385555,0.257261410788,1.42715537114,-2.93566468338
ridge,24,120,10,11,2169,-0.00135308555605,-5.92651473552,0.195143932538,-30.3699667135,0.246196403873,1.41413093592,-2.93484257108
ridge,24,120,10,12,2169,-0.00130419935878,-5.71239319148,0.20550306718,-27.797118894,0.26602120793,1.37586445367,-2.8288084092
ridge,24,120,10,13,2169,-0.00133448735841,-5.84505462983,0.201823519684,-28.9612164082,0.263715998156,1.40744582757,-2.89450308039
ridge,24,120,10,14,2169,-0.0014245393113,-6.23948218348,0.206195322655,-30.260056839,0.255417242969,1.4071000461,-3.0898257662
ridge,24,120,10,15,2169,-0.00137125752743,-6.00610797013,0.204763716973,-29.3318956059,0.269709543568,1.3938450899,-2.97425757699
ridge,24,120,10,16,2169,-0.00131317868901,-5.75172265788,0.207692352327,-27.6934735122,0.271553711388,1.40905947441,-2.84828457647
ridge,24,120,10,17,2169,-0.00142080939802,-6.22314516335,0.202293561447,-30.7629423242,0.250345781466,1.41562932227,-3.08173558432
ridge,24,120,10,18,2169,-0.00128332573336,-5.6209667121,0.206791568048,-27.1817983933,0.276625172891,1.4142461964,-2.78353351565
ridge,24,120,10,19,2169,-0.00138517200379,-6.06705337661,0.210891031396,-28.7686647291,0.256800368834,1.42185338866,-3.00443807623
ridge,24,120,10,20,2169,-0.00134200949889,-5.87800160515,0.212673778899,-27.6385816605,0.262332872291,1.40744582757,-2.9108186031
ridge,24,120,10,21,2169,-0.00142636133593,-6.24746265139,0.211960075901,-29.4747141641,0.261871830337,1.41436145689,-3.09377773764
ridge,24,120,10,22,2169,-0.00140193406651,-6.14047121132,0.20851346944,-29.4487988129,0.258183494698,1.42047026279,-3.04079499027
ridge,24,120,10,23,2169,-0.00134527544798,-5.89230646214,0.199042711457,-29.6032264584,0.256800368834,1.41171046565,-2.91790244666
tcn,24,120,0,0,2169,9.16676254372e-06,0.0401504199415,0.181156652963,0.221633703675,0.518211157215,1.38220378054,0.0198827079573
tcn,24,120,0,1,2169,-8.66600962309e-05,-0.379571221491,0.177875413012,-2.13391617798,0.493314891655,1.40041493776,-0.187965748725
tcn,24,120,0,2,2169,6.98464233819e-05,0.305927334413,0.18323624255,1.66957873702,0.514983863532,1.41470723836,0.151496892315
tcn,24,120,0,3,2169,5.23911500178e-05,0.229473237078,0.187024991999,1.2269656297,0.496081143384,1.42012448133,0.113636404389
tcn,24,120,0,4,2169,-4.69566763533e-05,-0.205670242427,0.174691979704,-1.17733076685,0.49377593361,1.40387275242,-0.10184903101
tcn,24,120,0,5,2169,-1.92698733338e-05,-0.0844020452018,0.178630527313,-0.472495079487,0.503918856616,1.40491009682,-0.0417963552609
tcn,24,120,0,6,2169,-2.10573924822e-05,-0.0922313790721,0.176191387128,-0.523472688283,0.497925311203,1.40387275242,-0.0456734842939
tcn,24,120,0,7,2169,4.51716642675e-05,0.197851889492,0.179334448799,1.10325646197,0.498386353158,1.41413093592,0.0979773397962
tcn,24,120,0,8,2169,-2.98868961551e-05,-0.130904605159,0.182248180435,-0.718276609656,0.495620101429,1.40802213001,-0.0648246777604
tcn,24,120,0,9,2169,2.61419290342e-05,0.11450164917,0.177468033845,0.645195907619,0.5071461503,1.4245043799,0.0567018440752
tcn,24,120,0,10,2169,-4.31955023587e-05,-0.189196300331,0.179786829529,-1.05233681926,0.495620101429,1.4173582296,-0.0936910446161
tcn,24,120,0,11,2169,5.15225676125e-06,0.0225668846143,0.176543589747,0.127826134308,0.501152604887,1.42231443061,0.0111752449152
tcn,24,120,0,12,2169,-3.13529840281e-06,-0.0137326070043,0.185595316985,-0.0739922064166,0.512678653757,1.39834024896,-0.0068004622357
tcn,24,120,0,13,2169,-2.66921808118e-05,-0.116911751956,0.172412557181,-0.678093022152,0.493314891655,1.40767634855,-0.0578953401808
tcn,24,120,0,14,2169,-8.95747679784e-05,-0.392337483746,0.182997431549,-2.1439507671,0.498386353158,1.41297833103,-0.194287671745
tcn,24,120,0,15,2169,-9.03607711136e-05,-0.395780177478,0.179665277278,-2.20287516583,0.497464269249,1.41343937298,-0.195992512545
tcn,24,120,0,16,2169,-7.12465909822e-05,-0.312060068502,0.17991262557,-1.73450900132,0.496081143384,1.42876901798,-0.15453385584
tcn,24,120,0,17,2169,-3.95712476928e-05,-0.173322064895,0.178620152798,-0.970338800966,0.505763024435,1.41908713693,-0.0858300362457
tcn,24,120,0,18,2169,1.92443946578e-05,0.0842904486013,0.179817048075,0.468756714137,0.510373443983,1.41101890272,0.0417410920129
tcn,24,120,0,19,2169,1.43064021665e-05,0.0626620414893,0.179287227201,0.349506445425,0.504840940526,1.42519594283,0.0310305862992
tcn,24,120,0,20,2169,-1.24781969582e-05,-0.0546545026768,0.183929702314,-0.297148867144,0.508529276164,1.43245735362,-0.0270652092023
tcn,24,120,0,21,2169,-8.21123245666e-05,-0.359651981602,0.181509023964,-1.98145510205,0.491009681881,1.4142461964,-0.178101631985
tcn,24,120,0,22,2169,-0.00011363172514,-0.497706956114,0.174403909158,-2.8537603229,0.49469801752,1.40859843246,-0.246467211829
tcn,24,120,0,23,2169,6.84872067893e-05,0.299973965737,0.178014959973,1.68510537419,0.518211157215,1.4356846473,0.148548751526
tcn,24,120,0.25,0,2169,-2.53883319699e-05,-0.111200894028,0.1811522002,-0.613853400099,0.508529276164,1.38220378054,-0.0550672920427
tcn,24,120,0.25,1,2169,-0.000121670469675,-0.532916657176,0.177884273063,-2.99586156775,0.488704472107,1.40041493776,-0.263903248725
tcn,24,120,0.25,2,2169,3.4478742423e-05,0.151016891813,0.183249946829,0.824103332227,0.506685108345,1.41470723836,0.0747843923154
tcn,24,120,0.25,3,2169,1.68880379846e-05,0.0739696063724,0.187035144676,0.395485065121,0.493314891655,1.42012448133,0.0366301543885
tcn,24,120,0.25,4,2169,-8.20534951638e-05,-0.359394308817,0.174709036192,-2.05710200601,0.486399262333,1.40387275242,-0.17797403101
tcn,24,120,0.25,5,2169,-5.43926257542e-05,-0.238239700803,0.178627121454,-1.33372636173,0.49377593361,1.40491009682,-0.117977605261
tcn,24,120,0.25,6,2169,-5.61542112927e-05,-0.245955445462,0.176193700736,-1.39593779139,0.490087597971,1.40387275242,-0.121798484294
tcn,24,120,0.25,7,2169,9.81839086963e-06,0.043004552009,0.179316953661,0.23982423932,0.489626556017,1.41413093592,0.0212960897962
tcn,24,120,0.25,8,2169,-6.50874494054e-05,-0.285083028396,0.182232440772,-1.56439230681,0.487782388197,1.40802213001,-0.14117467776
tcn,24,120,0.25,9,2169,-9.47068046328e-06,-0.0414815804292,0.17747870246,-0.233727088683,0.496081143384,1.4245043799,-0.0205419059248
tcn,24,120,0.25,10,2169,-7.86294580987e-05,-0.344397026472,0.1797887319,-1.91556513488,0.490087597971,1.4173582296,-0.170547294616
tcn,24,120,0.25,11,2169,-3.04056040041e-05,-0.133176545538,0.176513988245,-0.75448153918,0.492392807746,1.42231443061,-0.0659497550848
tcn,24,120,0.25,12,2169,-3.80938046269e-05,-0.166850864266,0.185601467864,-0.898973839947,0.504840940526,1.39834024896,-0.0826254622357
tcn,24,120,0.25,13,2169,-6.18840895255e-05,-0.271052312122,0.172405268918,-1.57218113937,0.488704472107,1.40767634855,-0.134226590181
tcn,24,120,0.25,14,2169,-0.000124899226254,-0.547058610993,0.182992193434,-2.98951884627,0.4928538497,1.41297833103,-0.270906421745
tcn,24,120,0.25,15,2169,-0.000125696755438,-0.550551788819,0.179658889398,-3.06442832115,0.490548639926,1.41343937298,-0.272636262545
tcn,24,120,0.25,16,2169,-0.000106965816432,-0.468510275971,0.179899642761,-2.60428686116,0.486399262333,1.42876901798,-0.23200885584
tcn,24,120,0.25,17,2169,-7.50484261161e-05,-0.328712106388,0.178602586361,-1.84046666448,0.497925311203,1.41908713693,-0.162780036246
tcn,24,120,0.25,18,2169,-1.60310779102e-05,-0.0702161212465,0.179812937125,-0.390495380194,0.504840940526,1.41101890272,-0.0347714079871
tcn,24,120,0.25,19,2169,-2.13234964043e-05,-0.0933969142507,0.179297846909,-0.520903713352,0.497925311203,1.42519594283,-0.0462506637008
tcn,24,120,0.25,20,2169,-4.82896307987e-05,-0.211508582898,0.183915377207,-1.15003207513,0.499769479023,1.43245735362,-0.104740209202
tcn,24,120,0.25,21,2169,-0.000117468479477,-0.514511940108,0.181491257748,-2.83491307786,0.485477178423,1.4142461964,-0.254789131985
tcn,24,120,0.25,22,2169,-0.000148846685952,-0.651948484468,0.174407863806,-3.73806817102,0.485938220378,1.40859843246,-0.322848461829
tcn,24,120,0.25,23,2169,3.25950906067e-05,0.142766496857,0.178025205039,0.80194541456,0.509451360074,1.4356846473,0.0706987515259
tcn,24,120,0.5,0,2169,-5.99434264835e-05,-0.262552207998,0.181149451794,-1.44936794121,0.502535730751,1.38220378054,-0.130017292043
tcn,24,120,0.5,1,2169,-0.000156680843119,-0.68626209286,0.177894924834,-3.85768224418,0.482710926694,1.40041493776,-0.339840748725
tcn,24,120,0.5,2,2169,-8.88938536003e-07,-0.00389355078769,0.183265297444,-0.0212454340346,0.502996772706,1.41470723836,-0.00192810768459
tcn,24,120,0.5,3,2169,-1.86150740486e-05,-0.081534024333,0.187046967415,-0.435901343175,0.485938220378,1.42012448133,-0.0403760956115
tcn,24,120,0.5,4,2169,-0.000117150313974,-0.513118375207,0.174727823288,-2.93667239454,0.479022591056,1.40387275242,-0.25409903101
tcn,24,120,0.5,5,2169,-8.95153781747e-05,-0.392077356405,0.178625326894,-2.19497068654,0.487782388197,1.40491009682,-0.194158855261
tcn,24,120,0.5,6,2169,-9.12510301032e-05,-0.399679511852,0.176197695408,-2.26835833991,0.483633010604,1.40387275242,-0.197923484294
tcn,24,120,0.5,7,2169,-2.55348825282e-05,-0.111842785474,0.179301125447,-0.623770682949,0.478561549101,1.41413093592,-0.0553851602038
tcn,24,120,0.5,8,2169,-0.000100288002656,-0.439261451632,0.182218364748,-2.41063216783,0.479022591056,1.40802213001,-0.21752467776
tcn,24,120,0.5,9,2169,-4.50832899607e-05,-0.197464810028,0.177491007213,-1.11253416795,0.489626556017,1.4245043799,-0.0977856559248
tcn,24,120,0.5,10,2169,-0.000114063413839,-0.499597752613,0.179792284661,-2.77874967525,0.483633010604,1.4173582296,-0.247403544616
tcn,24,120,0.5,11,2169,-6.59634647694e-05,-0.28891997569,0.176486037429,-1.63706987759,0.483171968649,1.42231443061,-0.143074755085
tcn,24,120,0.5,12,2169,-7.30523108509e-05,-0.319969121527,0.185609246717,-1.72388567481,0.498847395113,1.39834024896,-0.158450462236
tcn,24,120,0.5,13,2169,-9.70759982392e-05,-0.425192872288,0.17239974969,-2.46631954544,0.483633010604,1.40767634855,-0.210557840181
tcn,24,120,0.5,14,2169,-0.00016022368453,-0.701779738241,0.182988494038,-3.83510308628,0.479022591056,1.41297833103,-0.347525171745
tcn,24,120,0.5,15,2169,-0.000161032739763,-0.705323400161,0.179654015472,-3.92600965978,0.481788842785,1.41343937298,-0.349280012545
tcn,24,120,0.5,16,2169,-0.000142685041881,-0.62496048344,0.179888338346,-3.47415785361,0.475334255417,1.42876901798,-0.30948385584
tcn,24,120,0.5,17,2169,-0.000110525604539,-0.484102147882,0.17858662266,-2.71074137957,0.489165514062,1.41908713693,-0.239730036246
tcn,24,120,0.5,18,2169,-5.13065504782e-05,-0.224722691094,0.179810398746,-1.24977583422,0.497003227294,1.41101890272,-0.111283907987
tcn,24,120,0.5,19,2169,-5.6953394975e-05,-0.249455869991,0.179310159928,-1.39119763259,0.491470723836,1.42519594283,-0.123531913701
tcn,24,120,0.5,20,2169,-8.41010646391e-05,-0.368362663119,0.183902665233,-2.00303058497,0.487782388197,1.43245735362,-0.182415209202
tcn,24,120,0.5,21,2169,-0.000152824634387,-0.669371898614,0.181475094811,-3.68850557325,0.479483633011,1.4142461964,-0.331476631985
tcn,24,120,0.5,22,2169,-0.000184061646763,-0.806190012822,0.174413467678,-4.62229220918,0.48040571692,1.40859843246,-0.399229711829
tcn,24,120,0.5,23,2169,-3.29702557589e-06,-0.0144409720224,0.178036995834,-0.0811121978036,0.502996772706,1.4356846473,-0.00715124847411
tcn,24,120,1,0,2169,-0.000129053615511,-0.565254835937,0.181149068317,-3.1203850022,0.488243430152,1.38220378054,-0.279917292043
tcn,24,120,1,1,2169,-0.000226701590007,-0.99295296423,0.177921602193,-5.58084545098,0.46795758414,1.40041493776,-0.491715748725
tcn,24,120,1,2,2169,-7.16243004539e-05,-0.313714435988,0.183300935981,-1.71147208992,0.491931765791,1.41470723836,-0.155353107685
tcn,24,120,1,3,2169,-8.9621298115e-05,-0.392541285744,0.187075621767,-2.09830271864,0.470262793914,1.42012448133,-0.194388595611
tcn,24,120,1,4,2169,-0.000187343951595,-0.820566507988,0.174770587023,-4.69510643618,0.467035500231,1.40387275242,-0.40634903101
tcn,24,120,1,5,2169,-0.000159760883016,-0.699752667608,0.178626571822,-3.91740523524,0.476256339327,1.40491009682,-0.346521355261
tcn,24,120,1,6,2169,-0.000161444667724,-0.707127644632,0.176210727442,-4.01296592381,0.470262793914,1.40387275242,-0.350173484294
tcn,24,120,1,7,2169,-9.6241429324e-05,-0.421537460439,0.17927447151,-2.35135240889,0.461041954818,1.41413093592,-0.208747660204
tcn,24,120,1,8,2169,-0.000170689109156,-0.747618298105,0.182195205116,-4.10339173102,0.467496542185,1.40802213001,-0.37022467776
tcn,24,120,1,9,2169,-0.000116308508956,-0.509431269226,0.177520523727,-2.86970350544,0.477178423237,1.4245043799,-0.252273155925
tcn,24,120,1,10,2169,-0.000184931325319,-0.809999204896,0.179804340913,-4.50489237791,0.467035500231,1.4173582296,-0.401116044616
tcn,24,120,1,11,2169,-0.0001370791863,-0.600406835994,0.176435090943,-3.40298991989,0.470723835869,1.42231443061,-0.297324755085
tcn,24,120,1,12,2169,-0.000142969323299,-0.62620563605,0.185629687479,-3.3734131892,0.48224988474,1.39834024896,-0.310100462236
tcn,24,120,1,13,2169,-0.000167459815667,-0.73347399262,0.17239401896,-4.25463712165,0.469340710005,1.40767634855,-0.363220340181
tcn,24,120,1,14,2169,-0.000230872601081,-1.01122199274,0.182985711736,-5.52623471605,0.461964038728,1.41297833103,-0.500762671745
tcn,24,120,1,15,2169,-0.000231704708412,-1.01486662284,0.179648809932,-5.64916975085,0.461041954818,1.41343937298,-0.502567512545
tcn,24,120,1,16,2169,-0.00021412349278,-0.937860898378,0.179870765919,-5.21408186365,0.460119870908,1.42876901798,-0.46443385584
tcn,24,120,1,17,2169,-0.000181479961386,-0.79488223087,0.178559505141,-4.45163773412,0.470262793914,1.41908713693,-0.393630036246
tcn,24,120,1,18,2169,-0.000121857495614,-0.53373583079,0.179810039927,-2.96833164047,0.48132780083,1.41101890272,-0.264308907987
tcn,24,120,1,19,2169,-0.000128213192117,-0.561573781471,0.17933986446,-3.13133827306,0.476717381282,1.42519594283,-0.278094413701
tcn,24,120,1,20,2169,-0.00015572393232,-0.682070823562,0.183882081982,-3.70928377693,0.471645919779,1.43245735362,-0.337765209202
tcn,24,120,1,21,2169,-0.000223536944207,-0.979091815627,0.181447580442,-5.39600370112,0.464269248502,1.4142461964,-0.484851631985
tcn,24,120,1,22,2169,-0.000254491568386,-1.11467306953,0.174429622411,-6.39038859412,0.464269248502,1.40859843246,-0.551992211829
tcn,24,120,1,23,2169,-7.5081257941e-05,-0.328855909782,0.178065213339,-1.84682849399,0.490548639926,1.4356846473,-0.162851248474
tcn,24,120,2,0,2169,-0.000267273993565,-1.17066009182,0.181168753842,-6.46171079168,0.451821115722,1.38220378054,-0.579717292043
tcn,24,120,2,1,2169,-0.000366743083783,-1.60633470697,0.177996439771,-9.0245327886,0.44213923467,1.40041493776,-0.795465748725
tcn,24,120,2,2,2169,-0.00021309502429,-0.933356206389,0.183391947923,-5.08940668857,0.462886122637,1.41470723836,-0.462203107685
tcn,24,120,2,3,2169,-0.000231633746248,-1.01455580857,0.187152954291,-5.42099809436,0.438450899032,1.42012448133,-0.502413595611
tcn,24,120,2,4,2169,-0.000327731226837,-1.43546277355,0.174876853817,-8.20842062408,0.440756108806,1.40387275242,-0.71084903101
tcn,24,120,2,5,2169,-0.000300251892698,-1.31510329002,0.178648396488,-7.36140550863,0.445366528354,1.40491009682,-0.651246355261
tcn,24,120,2,6,2169,-0.000301831942966,-1.32202391019,0.176256956032,-7.5005488575,0.438450899032,1.40387275242,-0.654673484294
tcn,24,120,2,7,2169,-0.000237654522916,-1.04092681037,0.179241183038,-5.80740872565,0.437528815122,1.41413093592,-0.515472660204
tcn,24,120,2,8,2169,-0.000311491322158,-1.36433199105,0.182168863443,-7.48938081552,0.445366528354,1.40802213001,-0.67562467776
tcn,24,120,2,9,2169,-0.000258758946946,-1.13336418762,0.177599172418,-6.38158484743,0.448132780083,1.4245043799,-0.561248155925
tcn,24,120,2,10,2169,-0.000326667148279,-1.43080210946,0.179848250744,-7.9556075944,0.42969110189,1.4173582296,-0.708541044616
tcn,24,120,2,11,2169,-0.000279310629361,-1.2233805566,0.176353037629,-6.93711076968,0.442600276625,1.42231443061,-0.605824755085
tcn,24,120,2,12,2169,-0.000282803348195,-1.2386786651,0.185690092811,-6.67067718231,0.448593822038,1.39834024896,-0.613400462236
tcn,24,120,2,13,2169,-0.000308227450521,-1.35003623328,0.17240378974,-7.83066448433,0.436606731213,1.40767634855,-0.668545340181
tcn,24,120,2,14,2169,-0.000372170434184,-1.63010650173,0.182998613256,-8.90775330329,0.428769017981,1.41297833103,-0.807237671745
tcn,24,120,2,15,2169,-0.00037304864571,-1.63395306821,0.179656569144,-9.09486959479,0.434301521438,1.41343937298,-0.809142512545
tcn,24,120,2,16,2169,-0.000357000394578,-1.56366172825,0.179855772573,-8.69397576672,0.4306131858,1.42876901798,-0.77433385584
tcn,24,120,2,17,2169,-0.000323388675079,-1.41644239684,0.178524518954,-7.93416167785,0.43153526971,1.41908713693,-0.701430036246
tcn,24,120,2,18,2169,-0.000262959385886,-1.15176211018,0.179828193306,-6.40479164588,0.452743199631,1.41101890272,-0.570358907987
tcn,24,120,2,19,2169,-0.0002707327864,-1.18580960443,0.179419574723,-6.60914287787,0.441217150761,1.42519594283,-0.587219413701
tcn,24,120,2,20,2169,-0.000298969667682,-1.30948714445,0.183860284957,-7.12218598353,0.441678192716,1.43245735362,-0.648465209202
tcn,24,120,2,21,2169,-0.000364961563847,-1.59853164965,0.181411807058,-8.81161857973,0.435684647303,1.4142461964,-0.791601631985
tcn,24,120,2,22,2169,-0.000395351411632,-1.73163918295,0.174481712442,-9.92447379565,0.431996311664,1.40859843246,-0.857517211829
tcn,24,120,2,23,2169,-0.000218649722671,-0.9576857853,0.178140180889,-5.37602342448,0.459658828953,1.4356846473,-0.474251248474
tcn,24,120,5,0,2169,-0.000681935127728,-2.98687585945,0.181391281169,-16.4664797569,0.369755647764,1.38220378054,-1.47911729204
tcn,24,120,5,1,2169,-0.000786867565111,-3.44647993518,0.178392413331,-19.3196553084,0.359612724758,1.40041493776,-1.70671574872
tcn,24,120,5,2,2169,-0.000637507195797,-2.79228151759,0.183822447373,-15.1901008691,0.381281696634,1.41470723836,-1.38275310768
tcn,24,120,5,3,2169,-0.000657671090646,-2.88059937703,0.187544781057,-15.359528326,0.353158137391,1.42012448133,-1.42648859561
tcn,24,120,5,4,2169,-0.000748893052564,-3.28015157023,0.175361042768,-18.7051326706,0.363301060396,1.40387275242,-1.62434903101
tcn,24,120,5,5,2169,-0.000721724921743,-3.16115515724,0.178868401328,-17.6730777139,0.369755647764,1.40491009682,-1.56542135526
tcn,24,120,5,6,2169,-0.000722993768692,-3.16671270687,0.176556698833,-17.9359533102,0.358690640848,1.40387275242,-1.56817348429
tcn,24,120,5,7,2169,-0.00066189380369,-2.89909486016,0.179301539576,-16.1688230175,0.359151682803,1.41413093592,-1.4356476602
tcn,24,120,5,8,2169,-0.000733897961162,-3.21447306989,0.182249697399,-17.6377416027,0.363301060396,1.40802213001,-1.59182467776
tcn,24,120,5,9,2169,-0.000686110260915,-3.00516294281,0.177991666926,-16.8837282931,0.360534808668,1.4245043799,-1.48817315592
tcn,24,120,5,10,2169,-0.000751874617158,-3.29321082315,0.180138119849,-18.281587628,0.346703550023,1.4173582296,-1.63081604462
tcn,24,120,5,11,2169,-0.000706004958545,-3.09230171843,0.176265860429,-17.5433955895,0.350852927616,1.42231443061,-1.53132475508
tcn,24,120,5,12,2169,-0.000702305422884,-3.07609775223,0.186027209562,-16.5357409783,0.358690640848,1.39834024896,-1.52330046224
tcn,24,120,5,13,2169,-0.000730530355086,-3.19972295528,0.172602838358,-18.5380668459,0.35500230521,1.40767634855,-1.58452034018
tcn,24,120,5,14,2169,-0.000796063933493,-3.4867600287,0.18318494415,-19.0340971791,0.343476256339,1.41297833103,-1.72666267175
tcn,24,120,5,15,2169,-0.000797080457605,-3.49121240431,0.179825125808,-19.4144860938,0.343015214385,1.41343937298,-1.72886751255
tcn,24,120,5,16,2169,-0.000785631099973,-3.44106421788,0.179971997356,-19.1199979354,0.345781466113,1.42876901798,-1.70403385584
tcn,24,120,5,17,2169,-0.000749114816158,-3.28112289477,0.178573624737,-18.3740622368,0.351775011526,1.41908713693,-1.62483003625
tcn,24,120,5,18,2169,-0.000686265056702,-3.00584094836,0.18003349374,-16.6960096475,0.372060857538,1.41101890272,-1.48850890799
tcn,24,120,5,19,2169,-0.000698291569249,-3.05851707331,0.179820722371,-17.0087019615,0.370677731674,1.42519594283,-1.5145944137
tcn,24,120,5,20,2169,-0.000728706873768,-3.1917361071,0.183949871153,-17.3511190147,0.360073766713,1.43245735362,-1.5805652092
tcn,24,120,5,21,2169,-0.000789235422769,-3.45685115173,0.181458605074,-19.0503566932,0.353619179345,1.4142461964,-1.71185163199
tcn,24,120,5,22,2169,-0.000817930941369,-3.5825375232,0.174795947687,-20.4955410614,0.347164591978,1.40859843246,-1.77409221183
tcn,24,120,5,23,2169,-0.000649355116862,-2.84417541186,0.178513005962,-15.9325949195,0.370216689719,1.4356846473,-1.40845124847
tcn,24,120,10,0,2169,-0.001373037018,-6.01390213884,0.182304334273,-32.9882564933,0.250345781466,1.38220378054,-2.97811729204
tcn,24,120,10,1,2169,-0.00148707503399,-6.51338864888,0.179619307159,-36.262185574,0.246196403873,1.40041493776,-3.22546574872
tcn,24,120,10,2,2169,-0.00134486081498,-5.8904903696,0.185060492328,-31.8300805077,0.251267865376,1.41470723836,-2.91700310768
tcn,24,120,10,3,2169,-0.00136773333131,-5.99067199114,0.18872659459,-31.7425957066,0.245274319963,1.42012448133,-2.96661359561
tcn,24,120,10,4,2169,-0.00145082942877,-6.35463289803,0.17671401414,-35.959982738,0.235592438912,1.40387275242,-3.14684903101
tcn,24,120,10,5,2169,-0.00142417997015,-6.23790826927,0.179747623223,-34.7037037677,0.239741816505,1.40491009682,-3.08904635526
tcn,24,120,10,6,2169,-0.0014249301449,-6.24119403467,0.177589678264,-35.1439007925,0.244352236053,1.40387275242,-3.09067348429
tcn,24,120,10,7,2169,-0.00136895927165,-5.99604160982,0.17993495621,-33.3233838277,0.248962655602,1.41413093592,-2.9692726602
tcn,24,120,10,8,2169,-0.00143790902617,-6.29804153462,0.182915878934,-34.4313548465,0.235131396957,1.40802213001,-3.11882467776
tcn,24,120,10,9,2169,-0.00139836245086,-6.12482753479,0.179163539136,-34.1856806598,0.254495159059,1.4245043799,-3.03304815592
tcn,24,120,10,10,2169,-0.00146055373196,-6.39722534597,0.181145146254,-35.31546651,0.231904103273,1.4173582296,-3.16794104462
tcn,24,120,10,11,2169,-0.00141716217385,-6.20717032147,0.176650576741,-35.1381265546,0.234209313047,1.42231443061,-3.07382475508
tcn,24,120,10,12,2169,-0.00140147554737,-6.13846289746,0.187105281592,-32.8075340537,0.244352236053,1.39834024896,-3.03980046224
tcn,24,120,10,13,2169,-0.00143436852936,-6.28253415859,0.173497596057,-36.2110732447,0.243891194099,1.40767634855,-3.11114534018
tcn,24,120,10,14,2169,-0.00150255309901,-6.58118257365,0.18398549609,-35.7701161967,0.230520977409,1.41297833103,-3.25903767175
tcn,24,120,10,15,2169,-0.0015038001441,-6.58664463114,0.180588376655,-36.4732479087,0.229137851544,1.41343937298,-3.26174251255
tcn,24,120,10,16,2169,-0.00150001560896,-6.57006836726,0.180701298831,-36.3587224317,0.232365145228,1.42876901798,-3.25353385584
tcn,24,120,10,17,2169,-0.00145865838462,-6.38892372465,0.179167930872,-35.6588575509,0.246657445828,1.41908713693,-3.16383003625
tcn,24,120,10,18,2169,-0.00139177450806,-6.09597234531,0.180876121083,-33.7024716629,0.254034117105,1.41101890272,-3.01875890799
tcn,24,120,10,19,2169,-0.00141088954066,-6.17969618811,0.181025042751,-34.137244738,0.248501613647,1.42519594283,-3.0602194137
tcn,24,120,10,20,2169,-0.00144493555058,-6.32881771153,0.18461436985,-34.2812843696,0.240663900415,1.43245735362,-3.1340652092
tcn,24,120,10,21,2169,-0.00149635852097,-6.55405032185,0.182049280468,-36.0015173089,0.241585984325,1.4142461964,-3.24560163199
tcn,24,120,10,22,2169,-0.0015222301576,-6.66736809028,0.175842691241,-37.9166631449,0.230059935454,1.40859843246,-3.30171721183
tcn,24,120,10,23,2169,-0.00136719744051,-5.98832478945,0.179623776518,-33.3381521397,0.253112033195,1.4356846473,-2.96545124847
transformer,24,120,0,0,2169,2.30495115911e-05,0.100956860769,0.212889100449,0.474222778696,0.514061779622,1.0540571692,0.049994390641
transformer,24,120,0,1,2169,0.000142046699984,0.622164545931,0.200996906441,3.09539364037,0.537113877363,1.09140156754,0.308099292266
transformer,24,120,0,2,2169,-1.33231430293e-05,-0.0583553664683,0.19806288091,-0.294630504212,0.514983863532,1.06454587367,-0.0288978972305
transformer,24,120,0,3,2169,6.59718394038e-05,0.288956656589,0.204175337588,1.41523780493,0.526048870447,1.06558321807,0.143092919667
transformer,24,120,0,4,2169,3.56808935111e-05,0.156282313579,0.202602153423,0.771375382434,0.522821576763,1.06039649608,0.0773918580256
transformer,24,120,0,5,2169,0.00012681036276,0.55542938889,0.210098954316,2.64365613193,0.513139695712,1.07284462886,0.275051676827
transformer,24,120,0,6,2169,-1.23720533269e-05,-0.0541895935719,0.209341143815,-0.258857826916,0.514983863532,1.05636237898,-0.0268349836661
transformer,24,120,0,7,2169,5.4614147152e-05,0.239209964526,0.207651130994,1.15198007052,0.509451360074,1.07491931766,0.118458085173
transformer,24,120,0,8,2169,2.14997572263e-05,0.0941689366511,0.200924865643,0.468677365291,0.515444905486,1.06293222683,0.0466329734238
transformer,24,120,0,9,2169,6.60800179035e-05,0.289430478418,0.203994885085,1.41881242903,0.505763024435,1.0734209313,0.143327558833
transformer,24,120,0,10,2169,5.52354699868e-05,0.241931358542,0.203674405034,1.18783387879,0.514061779622,1.06881051176,0.119805734401
transformer,24,120,0,11,2169,7.48956914951e-05,0.328043128748,0.20555527695,1.59588765424,0.51959428308,1.06788842785,0.162448754853
transformer,24,120,0,12,2169,6.61807330325e-05,0.289871610682,0.204730956741,1.41586604829,0.524204702628,1.05705394191,0.143546009947
transformer,24,120,0,13,2169,1.46663511179e-05,0.0642386178963,0.202415251759,0.317360561212,0.521899492854,1.081604426,0.0318113155747
transformer,24,120,0,14,2169,-1.21241752631e-05,-0.0531038876525,0.205797968516,-0.258038930294,0.510373443983,1.06247118488,-0.0262973361457
transformer,24,120,0,15,2169,5.56674467415e-05,0.243823416728,0.205581431227,1.18601867529,0.513600737667,1.07353619179,0.120742691982
transformer,24,120,0,16,2169,6.50456119195e-05,0.284899780207,0.200836521174,1.41856560023,0.522360534809,1.05901337022,0.141083932253
transformer,24,120,0,17,2169,2.30126918902e-05,0.100795590479,0.205459583102,0.490585977823,0.508529276164,1.06892577225,0.0499145287099
transformer,24,120,0,18,2169,8.25932935889e-05,0.361758625919,0.211606958929,1.70957811478,0.514061779622,1.05451821116,0.179144853794
transformer,24,120,0,19,2169,-2.69201252185e-05,-0.117910148457,0.203554061975,-0.579257163003,0.502535730751,1.06408483172,-0.058389751599
transformer,24,120,0,20,2169,7.71661082589e-05,0.337987554174,0.204699156214,1.65114287927,0.525126786538,1.06823420931,0.167373288814
transformer,24,120,0,21,2169,8.54203757648e-05,0.37414124585,0.206038589869,1.81587947232,0.516366989396,1.06512217612,0.185276795034
transformer,24,120,0,22,2169,1.74324826749e-05,0.0763542741163,0.200840317242,0.380174036592,0.508990318119,1.0653526971,0.037811054922
transformer,24,120,0,23,2169,9.08244044083e-05,0.397810891308,0.197781700583,2.01136348882,0.510373443983,1.0744582757,0.196998133162
transformer,24,120,0.25,0,2169,-3.30191763899e-06,-0.0144623992588,0.212909874782,-0.0679273296911,0.509451360074,1.0540571692,-0.00716185935897
transformer,24,120,0.25,1,2169,0.000114761660796,0.502656074285,0.201012042605,2.5006266678,0.533425541724,1.09140156754,0.248918042266
transformer,24,120,0.25,2,2169,-3.99367898711e-05,-0.174923139636,0.198073370064,-0.883122953779,0.509912402029,1.06454587367,-0.0866228972305
transformer,24,120,0.25,3,2169,3.9332258952e-05,0.17227529421,0.204181955179,0.843734178463,0.520055325035,1.06558321807,0.0853116696669
transformer,24,120,0.25,4,2169,9.17098110907e-06,0.0401688972577,0.202608494008,0.198258703093,0.515905947441,1.06039649608,0.0198918580256
transformer,24,120,0.25,5,2169,9.99892470388e-05,0.43795290203,0.210106679005,2.08443112853,0.508068234209,1.07284462886,0.216876676827
transformer,24,120,0.25,6,2169,-3.87811128013e-05,-0.16986127407,0.209369615472,-0.811298591188,0.508068234209,1.05636237898,-0.0841162336661
transformer,24,120,0.25,7,2169,2.77411642105e-05,0.121506299242,0.207639078975,0.585180303449,0.503457814661,1.07491931766,0.0601705851727
transformer,24,120,0.25,8,2169,-5.07354844455e-06,-0.0222221421871,0.200947520342,-0.110586794748,0.511756569848,1.06293222683,-0.0110045265762
transformer,24,120,0.25,9,2169,3.92444946209e-05,0.17189088644,0.204007771245,0.842570287352,0.499308437068,1.0734209313,0.0851213088328
transformer,24,120,0.25,10,2169,2.85152071929e-05,0.124896607505,0.203703740304,0.613128690314,0.508990318119,1.06881051176,0.0618494844014
transformer,24,120,0.25,11,2169,4.81984807989e-05,0.211109345899,0.205558083214,1.02700581071,0.516828031351,1.06788842785,0.104542504853
transformer,24,120,0.25,12,2169,3.97543844848e-05,0.174124204043,0.204741594089,0.850458378122,0.51959428308,1.05705394191,0.0862272599474
transformer,24,120,0.25,13,2169,-1.23737595322e-05,-0.054197066751,0.202427479948,-0.267735718318,0.51775011526,1.081604426,-0.0268386844253
transformer,24,120,0.25,14,2169,-3.86859548851e-05,-0.169444482397,0.20580003968,-0.823345236767,0.505763024435,1.06247118488,-0.0839098361457
transformer,24,120,0.25,15,2169,2.88290419466e-05,0.126271203726,0.205591036184,0.614186328695,0.50622406639,1.07353619179,0.0625301919823
transformer,24,120,0.25,16,2169,3.8570277664e-05,0.168937816169,0.200823901902,0.841223652009,0.518211157215,1.05901337022,0.0836589322533
transformer,24,120,0.25,17,2169,-3.7104524159e-06,-0.0162517815817,0.205483423768,-0.0790904749571,0.502996772706,1.06892577225,-0.00804797129009
transformer,24,120,0.25,18,2169,5.62303383099e-05,0.246288881797,0.211608601953,1.1638888,0.510373443983,1.05451821116,0.121963603794
transformer,24,120,0.25,19,2169,-5.35222460115e-05,-0.234427437531,0.203561247302,-1.15163097415,0.498847395113,1.06408483172,-0.116089751599
transformer,24,120,0.25,20,2169,5.04602530261e-05,0.221015908254,0.204704124782,1.07968468388,0.521438450899,1.06823420931,0.109448288814
transformer,24,120,0.25,21,2169,5.87923213618e-05,0.257510367565,0.206055188385,1.24971552322,0.513139695712,1.06512217612,0.127520545034
transformer,24,120,0.25,22,2169,-9.20133475244e-06,-0.0403018462157,0.200865017496,-0.200641439301,0.50530198248,1.0653526971,-0.019957695078
transformer,24,120,0.25,23,2169,6.39629475157e-05,0.280157710119,0.197808433931,1.41630821574,0.504840940526,1.0744582757,0.138735633162
transformer,24,120,0.5,0,2169,-2.96533468691e-05,-0.129881659286,0.212932563067,-0.609966166827,0.502535730751,1.0540571692,-0.064318109359
transformer,24,120,0.5,1,2169,8.74766216072e-05,0.383147602639,0.201029158177,1.90593049344,0.527893038266,1.09140156754,0.189736792266
transformer,24,120,0.5,2,2169,-6.6550436713e-05,-0.291490912803,0.198085878337,-1.47153807858,0.50530198248,1.06454587367,-0.144347897231
transformer,24,120,0.5,3,2169,1.26926785002e-05,0.0555939318307,0.204190616998,0.272264870189,0.514983863532,1.06558321807,0.0275304196669
transformer,24,120,0.5,4,2169,-1.7338931293e-05,-0.0759445190632,0.202616836946,-0.374818402103,0.510373443983,1.06039649608,-0.0376081419744
transformer,24,120,0.5,5,2169,7.31681313173e-05,0.32047641517,0.210116343665,1.52523316168,0.504379898571,1.07284462886,0.158701676827
transformer,24,120,0.5,6,2169,-6.51901722757e-05,-0.285532954568,0.20940007044,-1.36357621069,0.504379898571,1.05636237898,-0.141397483666
transformer,24,120,0.5,7,2169,8.68181269094e-07,0.00380263395863,0.20762898191,0.0183145624645,0.498847395113,1.07491931766,0.00188308517266
transformer,24,120,0.5,8,2169,-3.16468541154e-05,-0.138613221025,0.200972257846,-0.689713209727,0.503918856616,1.06293222683,-0.0686420265762
transformer,24,120,0.5,9,2169,1.24089713383e-05,0.0543512944618,0.204022575143,0.266398433721,0.495620101429,1.0734209313,0.0269150588328
transformer,24,120,0.5,10,2169,1.79494439897e-06,0.00786185646751,0.203735010723,0.0385886374639,0.503457814661,1.06881051176,0.00389323440138
transformer,24,120,0.5,11,2169,2.15012701027e-05,0.09417556305,0.20556282246,0.458135191583,0.509912402029,1.06788842785,0.0466362548528
transformer,24,120,0.5,12,2169,1.3328035937e-05,0.0583767974042,0.204754194273,0.285106723267,0.513139695712,1.05705394191,0.0289085099474
transformer,24,120,0.5,13,2169,-3.94138701823e-05,-0.172632751398,0.20244159999,-0.85275334421,0.510373443983,1.081604426,-0.0854886844253
transformer,24,120,0.5,14,2169,-6.5247734507e-05,-0.285785077141,0.205804111178,-1.38862666788,0.501152604887,1.06247118488,-0.141522336146
transformer,24,120,0.5,15,2169,1.9906371518e-06,0.0087189907249,0.205602718153,0.0424069817911,0.500230520977,1.07353619179,0.00431769198226
transformer,24,120,0.5,16,2169,1.20949434086e-05,0.0529758521298,0.200813442958,0.263806303748,0.512217611803,1.05901337022,0.0262339322533
transformer,24,120,0.5,17,2169,-3.0433596722e-05,-0.133299153643,0.20550930121,-0.648628324157,0.497925311203,1.06892577225,-0.0660104712901
transformer,24,120,0.5,18,2169,2.9867383031e-05,0.130819137676,0.211612255788,0.618202084698,0.508068234209,1.05451821116,0.0647823537942
transformer,24,120,0.5,19,2169,-8.01243668045e-05,-0.350944726604,0.203570481396,-1.72394702904,0.493314891655,1.06408483172,-0.173789751599
transformer,24,120,0.5,20,2169,2.37543977933e-05,0.104044262335,0.204711106525,0.508249230345,0.516366989396,1.06823420931,0.0515232888136
transformer,24,120,0.5,21,2169,3.21642669589e-05,0.14087948928,0.206073779956,0.683636168124,0.506685108345,1.06512217612,0.0697642950338
transformer,24,120,0.5,22,2169,-3.58351521798e-05,-0.156957966548,0.200891826139,-0.781305887674,0.497464269249,1.0653526971,-0.077726445078
transformer,24,120,0.5,23,2169,3.71014906231e-05,0.162504528929,0.197837197124,0.821405333737,0.498386353158,1.0744582757,0.0804731331616
transformer,24,120,1,0,2169,-8.23562053292e-05,-0.360720179342,0.212983678995,-1.69365174385,0.49377593361,1.0540571692,-0.178630609359
transformer,24,120,1,1,2169,3.290654323e-05,0.144130659347,0.201069325469,0.716820723458,0.520977408944,1.09140156754,0.0713742922659
transformer,24,120,1,2,2169,-0.000119777730397,-0.524626459138,0.198116950653,-2.6480644761,0.495159059474,1.06454587367,-0.259797897231
transformer,24,120,1,3,2169,-4.05864824035e-05,-0.177768792927,0.20421407222,-0.870502169583,0.504379898571,1.06558321807,-0.0880320803331
transformer,24,120,1,4,2169,-7.0358756097e-05,-0.308171351705,0.202639528831,-1.5207859665,0.503457814661,1.06039649608,-0.152608141974
transformer,24,120,1,5,2169,1.95258998743e-05,0.0855234414492,0.210141491773,0.406980271853,0.496081143384,1.07284462886,0.0423516768273
transformer,24,120,1,6,2169,-0.000118008291225,-0.516876315564,0.209466926793,-2.46757960064,0.496081143384,1.05636237898,-0.255959983666
transformer,24,120,1,7,2169,-5.28777846138e-05,-0.231604696608,0.207614653729,-1.11555081709,0.486860304288,1.07491931766,-0.114691914827
transformer,24,120,1,8,2169,-8.4793465457e-05,-0.371395378702,0.201027978133,-1.84748104294,0.493314891655,1.06293222683,-0.183917026576
transformer,24,120,1,9,2169,-4.12620752269e-05,-0.180727889494,0.204057934431,-0.885669503602,0.489165514062,1.0734209313,-0.0894974411672
transformer,24,120,1,10,2169,-5.16455811889e-05,-0.226207645607,0.203803353388,-1.10993093022,0.494236975565,1.06881051176,-0.112019265599
transformer,24,120,1,11,2169,-3.18931512896e-05,-0.139692002648,0.205578099312,-0.679508192343,0.500691562932,1.06788842785,-0.0691762451472
transformer,24,120,1,12,2169,-3.95246611584e-05,-0.173118015874,0.204785281636,-0.845363565635,0.500230520977,1.05705394191,-0.0857289900526
transformer,24,120,1,13,2169,-9.34940914824e-05,-0.409504120693,0.202475513999,-2.02248712748,0.501152604887,1.081604426,-0.202788684425
transformer,24,120,1,14,2169,-0.000118371293751,-0.518466266629,0.205818254649,-2.51904899064,0.492392807746,1.06247118488,-0.256747336146
transformer,24,120,1,15,2169,-5.16861724379e-05,-0.226385435278,0.20563231165,-1.10092345635,0.489626556017,1.07353619179,-0.112107308018
transformer,24,120,1,16,2169,-4.08557251022e-05,-0.178948075948,0.200799007338,-0.891180082613,0.50530198248,1.05901337022,-0.0886160677467
transformer,24,120,1,17,2169,-8.38798853343e-05,-0.367393897764,0.205567163282,-1.78722074041,0.491470723836,1.06892577225,-0.18193547129
transformer,24,120,1,18,2169,-2.28585275269e-05,-0.100120350568,0.211625595418,-0.473101329591,0.500230520977,1.05451821116,-0.0495801462058
transformer,24,120,1,19,2169,-0.000133328608391,-0.58397930475,0.203595094709,-2.86833681129,0.485477178423,1.06408483172,-0.289189751599
transformer,24,120,1,20,2169,-2.96573126724e-05,-0.129899029505,0.204731108653,-0.634486035657,0.504379898571,1.06823420931,-0.0643267111864
transformer,24,120,1,21,2169,-2.1091841847e-05,-0.09238226729,0.206116940048,-0.448203176645,0.497003227294,1.06512217612,-0.0457482049662
transformer,24,120,1,22,2169,-8.91027870346e-05,-0.390270207212,0.200951765144,-1.94210887837,0.487782388197,1.0653526971,-0.193263945078
transformer,24,120,1,23,2169,-1.6621423162e-05,-0.0728018334496,0.197900809439,-0.367870316731,0.488243430152,1.0744582757,-0.0360518668384
transformer,24,120,2,0,2169,-0.000187761922249,-0.822397219452,0.21310884793,-3.85904774693,0.479483633011,1.0540571692,-0.407255609359
transformer,24,120,2,1,2169,-7.62336135242e-05,-0.333903227236,0.201173386818,-1.65977832613,0.498847395113,1.09140156754,-0.165350707734
transformer,24,120,2,2,2169,-0.000226232317764,-0.990897551807,0.198203303774,-4.99939977255,0.476256339327,1.06454587367,-0.490697897231
transformer,24,120,2,3,2169,-0.000147144804211,-0.644494242443,0.204285497854,-3.1548702635,0.481788842785,1.06558321807,-0.319157080333
transformer,24,120,2,4,2169,-0.000176398405705,-0.772625016988,0.202708925983,-3.81149973166,0.484094052559,1.06039649608,-0.382608141974
transformer,24,120,2,5,2169,-8.77585630119e-05,-0.384382505992,0.210215052264,-1.82852037403,0.486399262333,1.07284462886,-0.190348323173
transformer,24,120,2,6,2169,-0.000223644529122,-0.979563037555,0.209624397433,-4.6729438441,0.474412171508,1.05636237898,-0.485084983666
transformer,24,120,2,7,2169,-0.00016036971638,-0.702419357743,0.207609465672,-3.3833686507,0.469801751959,1.07491931766,-0.347841914827
transformer,24,120,2,8,2169,-0.00019108668814,-0.836959694054,0.201164374243,-4.16057613186,0.470262793914,1.06293222683,-0.414467026576
transformer,24,120,2,9,2169,-0.000148604168357,-0.650886257405,0.204151643895,-3.18824891629,0.466113416321,1.0734209313,-0.322322441167
transformer,24,120,2,10,2169,-0.000158526632365,-0.694346649757,0.20396321765,-3.40427385759,0.471184877824,1.06881051176,-0.343844265599
transformer,24,120,2,11,2169,-0.000138681994074,-0.607427134045,0.205631839273,-2.95395468033,0.484555094514,1.06788842785,-0.300801245147
transformer,24,120,2,12,2169,-0.000145230055349,-0.63610764243,0.204870990663,-3.10491807732,0.479022591056,1.05705394191,-0.315003990053
transformer,24,120,2,13,2169,-0.000201654534083,-0.883246859282,0.202566023306,-4.36029125155,0.477178423237,1.081604426,-0.437388684425
transformer,24,120,2,14,2169,-0.000224618412239,-0.983828645605,0.205870536487,-4.77887055814,0.470262793914,1.06247118488,-0.487197336146
transformer,24,120,2,15,2169,-0.000159039791617,-0.696594287283,0.205716403012,-3.38618737779,0.470723835869,1.07353619179,-0.344957308018
transformer,24,120,2,16,2169,-0.000146757062124,-0.642795932103,0.200796070224,-3.20123761081,0.489626556017,1.05901337022,-0.318316067747
transformer,24,120,2,17,2169,-0.000190772462559,-0.835583386008,0.20570729086,-4.06200180127,0.476256339327,1.06892577225,-0.41378547129
transformer,24,120,2,18,2169,-0.000128310348643,-0.561999327055,0.211676395991,-2.65499289339,0.48040571692,1.05451821116,-0.278305146206
transformer,24,120,2,19,2169,-0.000239737091562,-1.05004846104,0.203668890133,-5.15566447266,0.46887966805,1.06408483172,-0.519989751599
transformer,24,120,2,20,2169,-0.000136480733604,-0.597785613184,0.204795257971,-2.91894265085,0.483633010604,1.06823420931,-0.296026711186
transformer,24,120,2,21,2169,-0.000127604059459,-0.55890578043,0.206227149307,-2.71014646863,0.478100507146,1.06512217612,-0.276773204966
transformer,24,120,2,22,2169,-0.000195638056744,-0.856894688539,0.201096902269,-4.2611033729,0.472106961734,1.0653526971,-0.424338945078
transformer,24,120,2,23,2169,-0.000124067250732,-0.543414558208,0.198052349111,-2.74379254095,0.474873213462,1.0744582757,-0.269101866838
transformer,24,120,5,0,2169,-0.00050397907301,-2.20742833978,0.213667293762,-10.3311475562,0.423697556478,1.0540571692,-1.09313060936
transformer,24,120,5,1,2169,-0.000403654083787,-1.76800488699,0.201674860524,-8.76661018828,0.435684647303,1.09140156754,-0.875525707734
transformer,24,120,5,2,2169,-0.000545596079867,-2.38971082982,0.198655563714,-12.0294180799,0.416781927155,1.06454587367,-1.18339789723
transformer,24,120,5,3,2169,-0.000466819769633,-2.04467059099,0.204695500232,-9.98883995334,0.426002766252,1.06558321807,-1.01253208033
transformer,24,120,5,4,2169,-0.000494517354529,-2.16598601284,0.203108843938,-10.6641639568,0.428769017981,1.06039649608,-1.07260814197
transformer,24,120,5,5,2169,-0.00040961195167,-1.79410034832,0.21062147836,-8.51812627222,0.43153526971,1.07284462886,-0.888448323173
transformer,24,120,5,6,2169,-0.000540553242815,-2.36762320353,0.210286151828,-11.2590543074,0.416781927155,1.05636237898,-1.17245998367
transformer,24,120,5,7,2169,-0.000482845511677,-2.11486334115,0.207781589503,-10.1782999456,0.407561088059,1.07491931766,-1.04729191483
transformer,24,120,5,8,2169,-0.00050996635619,-2.23365264011,0.201772506953,-11.0701535796,0.41816505302,1.06293222683,-1.10611702658
transformer,24,120,5,9,2169,-0.000470630447749,-2.06136136114,0.204616242827,-10.0742801874,0.410788381743,1.0734209313,-1.02079744117
transformer,24,120,5,10,2169,-0.000479169785891,-2.0987636622,0.204627511237,-10.2565077859,0.408483171969,1.06881051176,-1.0393192656
transformer,24,120,5,11,2169,-0.000459048522428,-2.01063252824,0.205978253149,-9.76138256101,0.419087136929,1.06788842785,-0.995676245147
transformer,24,120,5,12,2169,-0.000462346237922,-2.0250765221,0.205315957534,-9.86322030892,0.419087136929,1.05705394191,-1.00282899005
transformer,24,120,5,13,2169,-0.000526135861884,-2.30447507505,0.203018561496,-11.3510560713,0.411249423698,1.081604426,-1.14118868443
transformer,24,120,5,14,2169,-0.000543359767702,-2.37991578253,0.206219038414,-11.5407180677,0.420009220839,1.06247118488,-1.17854733615
transformer,24,120,5,15,2169,-0.000481100649155,-2.1072208433,0.206167456106,-10.2209188739,0.420470262794,1.07353619179,-1.04350730802
transformer,24,120,5,16,2169,-0.000464461073189,-2.03433950057,0.200994645157,-10.1213616859,0.434762563393,1.05901337022,-1.00741606775
transformer,24,120,5,17,2169,-0.000511450194232,-2.24015185074,0.206322217815,-10.8575405715,0.424158598432,1.06892577225,-1.10933547129
transformer,24,120,5,18,2169,-0.00044466581199,-1.94763625652,0.212021477826,-9.18603283254,0.431996311664,1.05451821116,-0.964480146206
transformer,24,120,5,19,2169,-0.000558962541078,-2.44825592992,0.204086418257,-11.9961727528,0.412171507607,1.06408483172,-1.2123897516
transformer,24,120,5,20,2169,-0.000456950996398,-2.00144536422,0.205180509418,-9.75455889987,0.425080682342,1.06823420931,-0.991126711186
transformer,24,120,5,21,2169,-0.000447140712294,-1.95847631985,0.206748348441,-9.47275436352,0.424158598432,1.06512217612,-0.969848204966
transformer,24,120,5,22,2169,-0.000515243865873,-2.25676813252,0.201733637463,-11.1868707713,0.412171507607,1.0653526971,-1.11756394508
transformer,24,120,5,23,2169,-0.000446404733443,-1.95525273248,0.198700731622,-9.84018889373,0.423236514523,1.0744582757,-0.968251866838
transformer,24,120,10,0,2169,-0.00103100765761,-4.51581354034,0.215202308857,-20.9840385278,0.34163208852,1.0540571692,-2.23625560936
transformer,24,120,10,1,2169,-0.000949354867558,-4.15817431991,0.203136060776,-20.4698973881,0.34163208852,1.09140156754,-2.05915070773
transformer,24,120,10,2,2169,-0.0010778690167,-4.72106629316,0.200048031543,-23.5996638245,0.336099585062,1.06454587367,-2.33789789723
transformer,24,120,10,3,2169,-0.000999611378669,-4.37829783857,0.20602643112,-21.2511463445,0.336560627017,1.06558321807,-2.16815708033
transformer,24,120,10,4,2169,-0.00102471560257,-4.48825433926,0.204409812068,-21.9571374478,0.334716459198,1.06039649608,-2.22260814197
transformer,24,120,10,5,2169,-0.000946034266101,-4.14363008552,0.211913627566,-19.5533913185,0.344859382204,1.07284462886,-2.05194832317
transformer,24,120,10,6,2169,-0.0010687344323,-4.68105681349,0.212013462122,-22.0790546348,0.337943752882,1.05636237898,-2.31808498367
transformer,24,120,10,7,2169,-0.00102030517051,-4.46893664682,0.208691697252,-21.4140605767,0.320424158598,1.07491931766,-2.21304191483
transformer,24,120,10,8,2169,-0.00104143246961,-4.56147421688,0.203442289923,-22.4214651663,0.334255417243,1.06293222683,-2.25886702658
transformer,24,120,10,9,2169,-0.0010073409134,-4.4121532007,0.205997187944,-21.4185117998,0.337943752882,1.0734209313,-2.18492244117
transformer,24,120,10,10,2169,-0.00101357504177,-4.43945868295,0.206343563839,-21.5148880845,0.329644997695,1.06881051176,-2.1984442656
transformer,24,120,10,11,2169,-0.000992992736352,-4.34930818522,0.207168998516,-20.994010766,0.333333333333,1.06788842785,-2.15380124515
transformer,24,120,10,12,2169,-0.000990873208876,-4.34002465488,0.20667880401,-20.9988860526,0.33010603965,1.05705394191,-2.14920399005
transformer,24,120,10,13,2169,-0.00106693807488,-4.673188768,0.204371349736,-22.8661638436,0.324112494237,1.081604426,-2.31418868443
transformer,24,120,10,14,2169,-0.00107459536014,-4.70672767742,0.207434624383,-22.6901737905,0.328722913785,1.06247118488,-2.33079733615
transformer,24,120,10,15,2169,-0.00101786874505,-4.45826510333,0.207576536887,-21.4776928558,0.343015214385,1.07353619179,-2.20775730802
transformer,24,120,10,16,2169,-0.000993967758297,-4.35357878134,0.202013787914,-21.5508992049,0.347164591978,1.05901337022,-2.15591606775
transformer,24,120,10,17,2169,-0.00104591308036,-4.58109929196,0.207988915302,-22.0256896157,0.340248962656,1.06892577225,-2.26858547129
transformer,24,120,10,18,2169,-0.000971924917568,-4.25703113895,0.213234892598,-19.964045692,0.354541263255,1.05451821116,-2.10810514621
transformer,24,120,10,19,2169,-0.00109100495694,-4.77860171139,0.205431181852,-23.2613260962,0.329644997695,1.06408483172,-2.3663897516
transformer,24,120,10,20,2169,-0.000991068101054,-4.34087828262,0.206460775604,-21.0251960447,0.356385431074,1.06823420931,-2.14962671119
transformer,24,120,10,21,2169,-0.000979701800353,-4.29109388555,0.20824661,-20.60582828,0.339787920701,1.06512217612,-2.12497320497
transformer,24,120,10,22,2169,-0.00104792021442,-4.58989053916,0.203458645709,-22.5593290625,0.331028123559,1.0653526971,-2.27293894508
transformer,24,120,10,23,2169,-0.000983633871295,-4.30831635627,0.200420042468,-21.4964347039,0.347625633933,1.0744582757,-2.13350186684
