model,cadence_bars,cadence_minutes,phase,phase_offset_minutes,sleeve_count,capital_fraction_per_sleeve,selected_cohorts,cost_bps,total_periods,total_gross_log_return,total_turnover,break_even_cost_bps,equal_weighted_gross_mean_return,pooled_gross_mean_return,equal_weighted_mean_turnover,pooled_mean_turnover,equal_weighted_net_mean_return,pooled_net_mean_return,equal_weighted_annualized_net_return,pooled_annualized_net_return,positive_sleeve_fraction,all_sleeves_positive
lightgbm,1,5,0,0,12,0.0833333333333,"0,1,2,3,4,5,6,7,8,9,10,11",0,52092,0.725615832708,17454.25,0.415724441158,1.39295061182e-05,1.39295061182e-05,0.335065845043,0.335065845043,1.39295061182e-05,1.39295061182e-05,0.122022473595,0.122022473595,0.666666666667,False
lightgbm,1,5,0,0,12,0.0833333333333,"0,1,2,3,4,5,6,7,8,9,10,11",1,52092,0.725615832708,17454.25,0.415724441158,1.39295061182e-05,1.39295061182e-05,0.335065845043,0.335065845043,-1.95770783862e-05,-1.95770783862e-05,-0.171495206663,-0.171495206663,0.25,False
lightgbm,1,5,0,0,12,0.0833333333333,"0,1,2,3,4,5,6,7,8,9,10,11",2,52092,0.725615832708,17454.25,0.415724441158,1.39295061182e-05,1.39295061182e-05,0.335065845043,0.335065845043,-5.30836628905e-05,-5.30836628905e-05,-0.465012886921,-0.465012886921,0,False
lightgbm,1,5,0,0,12,0.0833333333333,"0,1,2,3,4,5,6,7,8,9,10,11",5,52092,0.725615832708,17454.25,0.415724441158,1.39295061182e-05,1.39295061182e-05,0.335065845043,0.335065845043,-0.000153603416404,-0.000153603416404,-1.34556592769,-1.34556592769,0,False
lightgbm,1,5,0,0,12,0.0833333333333,"0,1,2,3,4,5,6,7,8,9,10,11",10,52092,0.725615832708,17454.25,0.415724441158,1.39295061182e-05,1.39295061182e-05,0.335065845043,0.335065845043,-0.000321136338925,-0.000321136338925,-2.81315432899,-2.81315432898,0,False
lightgbm,3,15,0,0,4,0.25,"0,3,6,9",0,17364,0.322250207014,5835.25,0.552247473568,1.85585237857e-05,1.85585237856e-05,0.336054480535,0.336054480534,1.85585237857e-05,1.85585237856e-05,0.162572668362,0.162572668362,0.5,False
lightgbm,3,15,0,0,4,0.25,"0,3,6,9",1,17364,0.322250207014,5835.25,0.552247473568,1.85585237857e-05,1.85585237856e-05,0.336054480535,0.336054480534,-1.50469242678e-05,-1.50469242678e-05,-0.131811056586,-0.131811056586,0.5,False
lightgbm,3,15,0,0,4,0.25,"0,3,6,9",2,17364,0.322250207014,5835.25,0.552247473568,1.85585237857e-05,1.85585237856e-05,0.336054480535,0.336054480534,-4.86523723212e-05,-4.86523723213e-05,-0.426194781534,-0.426194781534,0,False
lightgbm,3,15,0,0,4,0.25,"0,3,6,9",5,17364,0.322250207014,5835.25,0.552247473568,1.85585237857e-05,1.85585237856e-05,0.336054480535,0.336054480534,-0.000149468716482,-0.000149468716482,-1.30934595638,-1.30934595638,0,False
lightgbm,3,15,0,0,4,0.25,"0,3,6,9",10,17364,0.322250207014,5835.25,0.552247473568,1.85585237857e-05,1.85585237856e-05,0.336054480535,0.336054480534,-0.000317495956749,-0.000317495956749,-2.78126458112,-2.78126458112,0,False
lightgbm,3,15,1,5,4,0.25,"1,4,7,10",0,17364,0.109335622189,5833.75,0.187419108101,6.29668406986e-06,6.29668406983e-06,0.335968094909,0.335968094909,6.29668406986e-06,6.29668406983e-06,0.0551589524519,0.0551589524517,0.5,False
lightgbm,3,15,1,5,4,0.25,"1,4,7,10",1,17364,0.109335622189,5833.75,0.187419108101,6.29668406986e-06,6.29668406983e-06,0.335968094909,0.335968094909,-2.7300125421e-05,-2.73001254211e-05,-0.239149098688,-0.239149098689,0,False
lightgbm,3,15,1,5,4,0.25,"1,4,7,10",2,17364,0.109335622189,5833.75,0.187419108101,6.29668406986e-06,6.29668406983e-06,0.335968094909,0.335968094909,-6.08969349119e-05,-6.0896934912e-05,-0.533457149829,-0.533457149829,0,False
lightgbm,3,15,1,5,4,0.25,"1,4,7,10",5,17364,0.109335622189,5833.75,0.187419108101,6.29668406986e-06,6.29668406983e-06,0.335968094909,0.335968094909,-0.000161687363385,-0.000161687363385,-1.41638130325,-1.41638130325,0,False
lightgbm,3,15,1,5,4,0.25,"1,4,7,10",10,17364,0.109335622189,5833.75,0.187419108101,6.29668406986e-06,6.29668406983e-06,0.335968094909,0.335968094909,-0.000329671410839,-0.000329671410839,-2.88792155895,-2.88792155895,0,False
lightgbm,3,15,2,10,4,0.25,"2,5,8,11",0,17364,0.294030003506,5785.25,0.508240790814,1.6933310499e-05,1.69333104991e-05,0.333174959687,0.333174959687,1.6933310499e-05,1.69333104991e-05,0.148335799972,0.148335799972,1,True
lightgbm,3,15,2,10,4,0.25,"2,5,8,11",1,17364,0.294030003506,5785.25,0.508240790814,1.6933310499e-05,1.69333104991e-05,0.333174959687,0.333174959687,-1.63841854696e-05,-1.63841854696e-05,-0.143525464714,-0.143525464714,0.25,False
lightgbm,3,15,2,10,4,0.25,"2,5,8,11",2,17364,0.294030003506,5785.25,0.508240790814,1.6933310499e-05,1.69333104991e-05,0.333174959687,0.333174959687,-4.97016814383e-05,-4.97016814383e-05,-0.4353867294,-0.435386729399,0,False
lightgbm,3,15,2,10,4,0.25,"2,5,8,11",5,17364,0.294030003506,5785.25,0.508240790814,1.6933310499e-05,1.69333104991e-05,0.333174959687,0.333174959687,-0.000149654169344,-0.000149654169344,-1.31097052346,-1.31097052346,0,False
lightgbm,3,15,2,10,4,0.25,"2,5,8,11",10,17364,0.294030003506,5785.25,0.508240790814,1.6933310499e-05,1.69333104991e-05,0.333174959687,0.333174959687,-0.000316241649188,-0.000316241649188,-2.77027684688,-2.77027684688,0,False
lightgbm,6,30,0,0,2,0.5,"0,6",0,8682,0.153158072112,2945.75,0.519928955656,1.76408744659e-05,1.76408744658e-05,0.339293941488,0.339293941488,1.76408744659e-05,1.76408744658e-05,0.154534060321,0.154534060321,0.5,False
lightgbm,6,30,0,0,2,0.5,"0,6",1,8682,0.153158072112,2945.75,0.519928955656,1.76408744659e-05,1.76408744658e-05,0.339293941488,0.339293941488,-1.6288519683e-05,-1.6288519683e-05,-0.142687432423,-0.142687432423,0.5,False
lightgbm,6,30,0,0,2,0.5,"0,6",2,8682,0.153158072112,2945.75,0.519928955656,1.76408744659e-05,1.76408744658e-05,0.339293941488,0.339293941488,-5.02179138318e-05,-5.02179138318e-05,-0.439908925166,-0.439908925167,0,False
lightgbm,6,30,0,0,2,0.5,"0,6",5,8682,0.153158072112,2945.75,0.519928955656,1.76408744659e-05,1.76408744658e-05,0.339293941488,0.339293941488,-0.000152006096278,-0.000152006096278,-1.3315734034,-1.3315734034,0,False
lightgbm,6,30,0,0,2,0.5,"0,6",10,8682,0.153158072112,2945.75,0.519928955656,1.76408744659e-05,1.76408744658e-05,0.339293941488,0.339293941488,-0.000321653067022,-0.000321653067022,-2.81768086711,-2.81768086712,0,False
lightgbm,6,30,1,5,2,0.5,"1,7",0,8682,0.0929662118852,2938.75,0.316346105947,1.07079258104e-05,1.07079258103e-05,0.33848767565,0.338487675651,1.07079258104e-05,1.07079258103e-05,0.0938014300988,0.0938014300984,0.5,False
lightgbm,6,30,1,5,2,0.5,"1,7",1,8682,0.0929662118852,2938.75,0.316346105947,1.07079258104e-05,1.07079258103e-05,0.33848767565,0.338487675651,-2.31408417547e-05,-2.31408417548e-05,-0.202713773771,-0.202713773772,0,False
lightgbm,6,30,1,5,2,0.5,"1,7",2,8682,0.0929662118852,2938.75,0.316346105947,1.07079258104e-05,1.07079258103e-05,0.33848767565,0.338487675651,-5.69896093197e-05,-5.69896093198e-05,-0.499228977641,-0.499228977642,0,False
lightgbm,6,30,1,5,2,0.5,"1,7",5,8682,0.0929662118852,2938.75,0.316346105947,1.07079258104e-05,1.07079258103e-05,0.33848767565,0.338487675651,-0.000158535912015,-0.000158535912015,-1.38877458925,-1.38877458925,0,False
lightgbm,6,30,1,5,2,0.5,"1,7",10,8682,0.0929662118852,2938.75,0.316346105947,1.07079258104e-05,1.07079258103e-05,0.33848767565,0.338487675651,-0.00032777974984,-0.00032777974984,-2.8713506086,-2.8713506086,0,False
lightgbm,6,30,2,10,2,0.5,"2,8",0,8682,0.0733646532179,2906.75,0.252394093809,8.45020193711e-06,8.4502019371e-06,0.334801888966,0.334801888966,8.45020193711e-06,8.4502019371e-06,0.0740237689691,0.074023768969,1,True
lightgbm,6,30,2,10,2,0.5,"2,8",1,8682,0.0733646532179,2906.75,0.252394093809,8.45020193711e-06,8.4502019371e-06,0.334801888966,0.334801888966,-2.50299869594e-05,-2.50299869595e-05,-0.219262685765,-0.219262685765,0,False
lightgbm,6,30,2,10,2,0.5,"2,8",2,8682,0.0733646532179,2906.75,0.252394093809,8.45020193711e-06,8.4502019371e-06,0.334801888966,0.334801888966,-5.8510175856e-05,-5.8510175856e-05,-0.512549140498,-0.512549140499,0,False
lightgbm,6,30,2,10,2,0.5,"2,8",5,8682,0.0733646532179,2906.75,0.252394093809,8.45020193711e-06,8.4502019371e-06,0.334801888966,0.334801888966,-0.000158950742546,-0.000158950742546,-1.3924085047,-1.3924085047,0,False
lightgbm,6,30,2,10,2,0.5,"2,8",10,8682,0.0733646532179,2906.75,0.252394093809,8.45020193711e-06,8.4502019371e-06,0.334801888966,0.334801888966,-0.000326351687028,-0.000326351687029,-2.85884077837,-2.85884077837,0,False
lightgbm,6,30,3,15,2,0.5,"3,9",0,8682,0.169092134901,2889.5,0.585195137225,1.94761731055e-05,1.94761731054e-05,0.332815019581,0.332815019581,1.94761731055e-05,1.94761731054e-05,0.170611276404,0.170611276403,0.5,False
lightgbm,6,30,3,15,2,0.5,"3,9",1,8682,0.169092134901,2889.5,0.585195137225,1.94761731055e-05,1.94761731054e-05,0.332815019581,0.332815019581,-1.38053288526e-05,-1.38053288527e-05,-0.120934680749,-0.120934680749,0.5,False
lightgbm,6,30,3,15,2,0.5,"3,9",2,8682,0.169092134901,2889.5,0.585195137225,1.94761731055e-05,1.94761731054e-05,0.332815019581,0.332815019581,-4.70868308107e-05,-4.70868308107e-05,-0.412480637902,-0.412480637902,0,False
lightgbm,6,30,3,15,2,0.5,"3,9",5,8682,0.169092134901,2889.5,0.585195137225,1.94761731055e-05,1.94761731054e-05,0.332815019581,0.332815019581,-0.000146931336685,-0.000146931336685,-1.28711850936,-1.28711850936,0,False
lightgbm,6,30,3,15,2,0.5,"3,9",10,8682,0.169092134901,2889.5,0.585195137225,1.94761731055e-05,1.94761731054e-05,0.332815019581,0.332815019581,-0.000313338846476,-0.000313338846475,-2.74484829513,-2.74484829512,0,False
lightgbm,6,30,4,20,2,0.5,"4,10",0,8682,0.0163694103034,2895,0.056543731618,1.88544232935e-06,1.88544232935e-06,0.333448514167,0.333448514167,1.88544232935e-06,1.88544232935e-06,0.0165164748051,0.0165164748051,0.5,False
lightgbm,6,30,4,20,2,0.5,"4,10",1,8682,0.0163694103034,2895,0.056543731618,1.88544232935e-06,1.88544232935e-06,0.333448514167,0.333448514167,-3.14594090874e-05,-3.14594090874e-05,-0.275584423606,-0.275584423605,0,False
lightgbm,6,30,4,20,2,0.5,"4,10",2,8682,0.0163694103034,2895,0.056543731618,1.88544232935e-06,1.88544232935e-06,0.333448514167,0.333448514167,-6.48042605042e-05,-6.48042605041e-05,-0.567685322016,-0.567685322016,0,False
lightgbm,6,30,4,20,2,0.5,"4,10",5,8682,0.0163694103034,2895,0.056543731618,1.88544232935e-06,1.88544232935e-06,0.333448514167,0.333448514167,-0.000164838814754,-0.000164838814754,-1.44398801725,-1.44398801725,0,False
lightgbm,6,30,4,20,2,0.5,"4,10",10,8682,0.0163694103034,2895,0.056543731618,1.88544232935e-06,1.88544232935e-06,0.333448514167,0.333448514167,-0.000331563071838,-0.000331563071838,-2.9044925093,-2.9044925093,0,False
lightgbm,6,30,5,25,2,0.5,"5,11",0,8682,0.220665350288,2878.5,0.766598402945,2.5416419061e-05,2.5416419061e-05,0.331548030408,0.331548030408,2.5416419061e-05,2.5416419061e-05,0.222647830974,0.222647830974,1,True
lightgbm,6,30,5,25,2,0.5,"5,11",1,8682,0.220665350288,2878.5,0.766598402945,2.5416419061e-05,2.5416419061e-05,0.331548030408,0.331548030408,-7.73838397985e-06,-7.73838397976e-06,-0.0677882436635,-0.0677882436627,0.5,False
lightgbm,6,30,5,25,2,0.5,"5,11",2,8682,0.220665350288,2878.5,0.766598402945,2.5416419061e-05,2.5416419061e-05,0.331548030408,0.331548030408,-4.08931870207e-05,-4.08931870205e-05,-0.358224318301,-0.3582243183,0,False
lightgbm,6,30,5,25,2,0.5,"5,11",5,8682,0.220665350288,2878.5,0.766598402945,2.5416419061e-05,2.5416419061e-05,0.331548030408,0.331548030408,-0.000140357596143,-0.000140357596143,-1.22953254221,-1.22953254221,0,False
lightgbm,6,30,5,25,2,0.5,"5,11",10,8682,0.220665350288,2878.5,0.766598402945,2.5416419061e-05,2.5416419061e-05,0.331548030408,0.331548030408,-0.000306131611347,-0.000306131611347,-2.6817129154,-2.6817129154,0,False
lightgbm,12,60,0,0,1,1,0,0,4341,0.200948608471,1453.5,1.38251536616,4.62908565932e-05,4.62908565932e-05,0.334830684174,0.334830684174,4.62908565932e-05,4.62908565932e-05,0.405507903756,0.405507903756,1,True
lightgbm,12,60,0,0,1,1,0,1,4341,0.200948608471,1453.5,1.38251536616,4.62908565932e-05,4.62908565932e-05,0.334830684174,0.334830684174,1.28077881758e-05,1.28077881758e-05,0.11219622442,0.11219622442,1,True
lightgbm,12,60,0,0,1,1,0,2,4341,0.200948608471,1453.5,1.38251536616,4.62908565932e-05,4.62908565932e-05,0.334830684174,0.334830684174,-2.06752802416e-05,-2.06752802416e-05,-0.181115454916,-0.181115454917,0,False
lightgbm,12,60,0,0,1,1,0,5,4341,0.200948608471,1453.5,1.38251536616,4.62908565932e-05,4.62908565932e-05,0.334830684174,0.334830684174,-0.000121124485494,-0.000121124485494,-1.06105049293,-1.06105049293,0,False
lightgbm,12,60,0,0,1,1,0,10,4341,0.200948608471,1453.5,1.38251536616,4.62908565932e-05,4.62908565932e-05,0.334830684174,0.334830684174,-0.000288539827581,-0.000288539827581,-2.52760888961,-2.52760888961,0,False
lightgbm,12,60,1,5,1,1,1,0,4341,0.109295814326,1459.25,0.748986221182,2.51775660738e-05,2.51775660737e-05,0.336155263764,0.336155263764,2.51775660738e-05,2.51775660737e-05,0.220555478806,0.220555478806,1,True
lightgbm,12,60,1,5,1,1,1,1,4341,0.109295814326,1459.25,0.748986221182,2.51775660738e-05,2.51775660737e-05,0.336155263764,0.336155263764,-8.4379603026e-06,-8.4379603027e-06,-0.0739165322508,-0.0739165322516,0,False
lightgbm,12,60,1,5,1,1,1,2,4341,0.109295814326,1459.25,0.748986221182,2.51775660738e-05,2.51775660737e-05,0.336155263764,0.336155263764,-4.2053486679e-05,-4.20534866791e-05,-0.368388543308,-0.368388543309,0,False
lightgbm,12,60,1,5,1,1,1,5,4341,0.109295814326,1459.25,0.748986221182,2.51775660738e-05,2.51775660737e-05,0.336155263764,0.336155263764,-0.000142900065808,-0.000142900065808,-1.25180457648,-1.25180457648,0,False
lightgbm,12,60,1,5,1,1,1,10,4341,0.109295814326,1459.25,0.748986221182,2.51775660738e-05,2.51775660737e-05,0.336155263764,0.336155263764,-0.00031097769769,-0.00031097769769,-2.72416463177,-2.72416463177,0,False
lightgbm,12,60,2,10,1,1,2,0,4341,0.0727170688214,1451.75,0.500892500922,1.67512252526e-05,1.67512252526e-05,0.334427551255,0.334427551255,1.67512252526e-05,1.67512252526e-05,0.146740733213,0.146740733213,1,True
lightgbm,12,60,2,10,1,1,2,1,4341,0.0727170688214,1451.75,0.500892500922,1.67512252526e-05,1.67512252526e-05,0.334427551255,0.334427551255,-1.66915298729e-05,-1.6691529873e-05,-0.146217801687,-0.146217801687,0,False
lightgbm,12,60,2,10,1,1,2,2,4341,0.0727170688214,1451.75,0.500892500922,1.67512252526e-05,1.67512252526e-05,0.334427551255,0.334427551255,-5.01342849984e-05,-5.01342849985e-05,-0.439176336586,-0.439176336587,0,False
lightgbm,12,60,2,10,1,1,2,5,4341,0.0727170688214,1451.75,0.500892500922,1.67512252526e-05,1.67512252526e-05,0.334427551255,0.334427551255,-0.000150462550375,-0.000150462550375,-1.31805194128,-1.31805194129,0,False
lightgbm,12,60,2,10,1,1,2,10,4341,0.0727170688214,1451.75,0.500892500922,1.67512252526e-05,1.67512252526e-05,0.334427551255,0.334427551255,-0.000317676326002,-0.000317676326003,-2.78284461578,-2.78284461579,0,False
lightgbm,12,60,3,15,1,1,3,0,4341,0.171408299432,1440.25,1.19012879314,3.94859017352e-05,3.94859017351e-05,0.331778392076,0.331778392076,3.94859017352e-05,3.94859017351e-05,0.3458964992,0.345896499199,1,True
lightgbm,12,60,3,15,1,1,3,1,4341,0.171408299432,1440.25,1.19012879314,3.94859017352e-05,3.94859017351e-05,0.331778392076,0.331778392076,6.3080625276e-06,6.30806252753e-06,0.0552586277418,0.0552586277411,1,True
lightgbm,12,60,3,15,1,1,3,2,4341,0.171408299432,1440.25,1.19012879314,3.94859017352e-05,3.94859017351e-05,0.331778392076,0.331778392076,-2.686977668e-05,-2.686977668e-05,-0.235379243717,-0.235379243717,0,False
lightgbm,12,60,3,15,1,1,3,5,4341,0.171408299432,1440.25,1.19012879314,3.94859017352e-05,3.94859017351e-05,0.331778392076,0.331778392076,-0.000126403294303,-0.000126403294303,-1.10729285809,-1.10729285809,0,False
lightgbm,12,60,3,15,1,1,3,10,4341,0.171408299432,1440.25,1.19012879314,3.94859017352e-05,3.94859017351e-05,0.331778392076,0.331778392076,-0.000292292490341,-0.00029229249034,-2.56048221539,-2.56048221538,0,False
lightgbm,12,60,4,20,1,1,4,0,4341,0.0410496575871,1439.5,0.285166082578,9.45626758514e-06,9.45626758514e-06,0.331605620825,0.331605620825,9.45626758514e-06,9.45626758514e-06,0.0828369040458,0.0828369040458,1,True
lightgbm,12,60,4,20,1,1,4,1,4341,0.0410496575871,1439.5,0.285166082578,9.45626758514e-06,9.45626758514e-06,0.331605620825,0.331605620825,-2.37042944974e-05,-2.37042944973e-05,-0.207649619797,-0.207649619797,0,False
lightgbm,12,60,4,20,1,1,4,2,4341,0.0410496575871,1439.5,0.285166082578,9.45626758514e-06,9.45626758514e-06,0.331605620825,0.331605620825,-5.68648565799e-05,-5.68648565798e-05,-0.49813614364,-0.498136143639,0,False
lightgbm,12,60,4,20,1,1,4,5,4341,0.0410496575871,1439.5,0.285166082578,9.45626758514e-06,9.45626758514e-06,0.331605620825,0.331605620825,-0.000156346542827,-0.000156346542827,-1.36959571517,-1.36959571517,0,False
lightgbm,12,60,4,20,1,1,4,10,4341,0.0410496575871,1439.5,0.285166082578,9.45626758514e-06,9.45626758514e-06,0.331605620825,0.331605620825,-0.00032214935324,-0.00032214935324,-2.82202833438,-2.82202833438,0,False
lightgbm,12,60,5,25,1,1,5,0,4341,0.0414552514967,1427.25,0.290455431751,9.5497008746e-06,9.54970087461e-06,0.328783690394,0.328783690394,9.5497008746e-06,9.54970087461e-06,0.0836553796615,0.0836553796616,1,True
lightgbm,12,60,5,25,1,1,5,1,4341,0.0414552514967,1427.25,0.290455431751,9.5497008746e-06,9.54970087461e-06,0.328783690394,0.328783690394,-2.33286681648e-05,-2.33286681648e-05,-0.204359133124,-0.204359133123,0,False
lightgbm,12,60,5,25,1,1,5,2,4341,0.0414552514967,1427.25,0.290455431751,9.5497008746e-06,9.54970087461e-06,0.328783690394,0.328783690394,-5.62070372042e-05,-5.62070372042e-05,-0.492373645909,-0.492373645909,0,False
lightgbm,12,60,5,25,1,1,5,5,4341,0.0414552514967,1427.25,0.290455431751,9.5497008746e-06,9.54970087461e-06,0.328783690394,0.328783690394,-0.000154842144322,-0.000154842144322,-1.35641718426,-1.35641718426,0,False
lightgbm,12,60,5,25,1,1,5,10,4341,0.0414552514967,1427.25,0.290455431751,9.5497008746e-06,9.54970087461e-06,0.328783690394,0.328783690394,-0.000319233989519,-0.000319233989519,-2.79648974819,-2.79648974819,0,False
lightgbm,12,60,6,30,1,1,6,0,4341,-0.0477905363587,1492.25,-0.320258243315,-1.10091076615e-05,-1.10091076615e-05,0.343757198802,0.343757198802,-1.10091076615e-05,-1.10091076615e-05,-0.0964397831147,-0.096439783115,0,False
lightgbm,12,60,6,30,1,1,6,1,4341,-0.0477905363587,1492.25,-0.320258243315,-1.10091076615e-05,-1.10091076615e-05,0.343757198802,0.343757198802,-4.53848275417e-05,-4.53848275417e-05,-0.397571089265,-0.397571089266,0,False
lightgbm,12,60,6,30,1,1,6,2,4341,-0.0477905363587,1492.25,-0.320258243315,-1.10091076615e-05,-1.10091076615e-05,0.343757198802,0.343757198802,-7.97605474219e-05,-7.9760547422e-05,-0.698702395416,-0.698702395416,0,False
lightgbm,12,60,6,30,1,1,6,5,4341,-0.0477905363587,1492.25,-0.320258243315,-1.10091076615e-05,-1.10091076615e-05,0.343757198802,0.343757198802,-0.000182887707063,-0.000182887707063,-1.60209631387,-1.60209631387,0,False
lightgbm,12,60,6,30,1,1,6,10,4341,-0.0477905363587,1492.25,-0.320258243315,-1.10091076615e-05,-1.10091076615e-05,0.343757198802,0.343757198802,-0.000354766306464,-0.000354766306464,-3.10775284462,-3.10775284462,0,False
lightgbm,12,60,7,35,1,1,7,0,4341,-0.0163296024408,1479.5,-0.110372439613,-3.76171445307e-06,-3.76171445308e-06,0.340820087537,0.340820087537,-3.76171445307e-06,-3.76171445308e-06,-0.0329526186089,-0.0329526186089,0,False
lightgbm,12,60,7,35,1,1,7,1,4341,-0.0163296024408,1479.5,-0.110372439613,-3.76171445307e-06,-3.76171445308e-06,0.340820087537,0.340820087537,-3.78437232068e-05,-3.78437232068e-05,-0.331511015291,-0.331511015292,0,False
lightgbm,12,60,7,35,1,1,7,2,4341,-0.0163296024408,1479.5,-0.110372439613,-3.76171445307e-06,-3.76171445308e-06,0.340820087537,0.340820087537,-7.19257319605e-05,-7.19257319606e-05,-0.630069411974,-0.630069411975,0,False
lightgbm,12,60,7,35,1,1,7,5,4341,-0.0163296024408,1479.5,-0.110372439613,-3.76171445307e-06,-3.76171445308e-06,0.340820087537,0.340820087537,-0.000174171758222,-0.000174171758222,-1.52574460202,-1.52574460202,0,False
lightgbm,12,60,7,35,1,1,7,10,4341,-0.0163296024408,1479.5,-0.110372439613,-3.76171445307e-06,-3.76171445308e-06,0.340820087537,0.340820087537,-0.00034458180199,-0.000344581801991,-3.01853658543,-3.01853658544,0,False
lightgbm,12,60,8,40,1,1,8,0,4341,0.000647584396466,1455,0.00445075186575,1.49178621623e-07,1.49178621623e-07,0.335176226676,0.335176226676,1.49178621623e-07,1.49178621623e-07,0.00130680472542,0.00130680472542,1,True
lightgbm,12,60,8,40,1,1,8,1,4341,0.000647584396466,1455,0.00445075186575,1.49178621623e-07,1.49178621623e-07,0.335176226676,0.335176226676,-3.3368444046e-05,-3.3368444046e-05,-0.292307569843,-0.292307569843,0,False
lightgbm,12,60,8,40,1,1,8,2,4341,0.000647584396466,1455,0.00445075186575,1.49178621623e-07,1.49178621623e-07,0.335176226676,0.335176226676,-6.68860667136e-05,-6.68860667136e-05,-0.585921944411,-0.585921944411,0,False
lightgbm,12,60,8,40,1,1,8,5,4341,0.000647584396466,1455,0.00445075186575,1.49178621623e-07,1.49178621623e-07,0.335176226676,0.335176226676,-0.000167438934716,-0.000167438934716,-1.46676506812,-1.46676506811,0,False
lightgbm,12,60,8,40,1,1,8,10,4341,0.000647584396466,1455,0.00445075186575,1.49178621623e-07,1.49178621623e-07,0.335176226676,0.335176226676,-0.000335027048054,-0.000335027048054,-2.93483694096,-2.93483694096,0,False
lightgbm,12,60,9,45,1,1,9,0,4341,-0.00231616453076,1449.25,-0.015981814944,-5.33555524248e-07,-5.33555524248e-07,0.333851647086,0.333851647086,-5.33555524248e-07,-5.33555524248e-07,-0.00467394639241,-0.00467394639241,0,False
lightgbm,12,60,9,45,1,1,9,1,4341,-0.00231616453076,1449.25,-0.015981814944,-5.33555524248e-07,-5.33555524248e-07,0.333851647086,0.333851647086,-3.39187202328e-05,-3.39187202328e-05,-0.29712798924,-0.29712798924,0,False
lightgbm,12,60,9,45,1,1,9,2,4341,-0.00231616453076,1449.25,-0.015981814944,-5.33555524248e-07,-5.33555524248e-07,0.333851647086,0.333851647086,-6.73038849414e-05,-6.73038849414e-05,-0.589582032087,-0.589582032087,0,False
lightgbm,12,60,9,45,1,1,9,5,4341,-0.00231616453076,1449.25,-0.015981814944,-5.33555524248e-07,-5.33555524248e-07,0.333851647086,0.333851647086,-0.000167459379067,-0.000167459379067,-1.46694416063,-1.46694416063,0,False
lightgbm,12,60,9,45,1,1,9,10,4341,-0.00231616453076,1449.25,-0.015981814944,-5.33555524248e-07,-5.33555524248e-07,0.333851647086,0.333851647086,-0.00033438520261,-0.00033438520261,-2.92921437487,-2.92921437487,0,False
lightgbm,12,60,10,50,1,1,10,0,4341,-0.0246802472837,1455.5,-0.169565422767,-5.68538292645e-06,-5.68538292645e-06,0.33529140751,0.33529140751,-5.68538292645e-06,-5.68538292645e-06,-0.0498039544357,-0.0498039544357,0,False
lightgbm,12,60,10,50,1,1,10,1,4341,-0.0246802472837,1455.5,-0.169565422767,-5.68538292645e-06,-5.68538292645e-06,0.33529140751,0.33529140751,-3.92145236774e-05,-3.92145236774e-05,-0.343519227414,-0.343519227414,0,False
lightgbm,12,60,10,50,1,1,10,2,4341,-0.0246802472837,1455.5,-0.169565422767,-5.68538292645e-06,-5.68538292645e-06,0.33529140751,0.33529140751,-7.27436644284e-05,-7.27436644284e-05,-0.637234500393,-0.637234500393,0,False
lightgbm,12,60,10,50,1,1,10,5,4341,-0.0246802472837,1455.5,-0.169565422767,-5.68538292645e-06,-5.68538292645e-06,0.33529140751,0.33529140751,-0.000173331086681,-0.000173331086681,-1.51838031933,-1.51838031933,0,False
lightgbm,12,60,10,50,1,1,10,10,4341,-0.0246802472837,1455.5,-0.169565422767,-5.68538292645e-06,-5.68538292645e-06,0.33529140751,0.33529140751,-0.000340976790436,-0.000340976790436,-2.98695668422,-2.98695668422,0,False
lightgbm,12,60,11,55,1,1,11,0,4341,0.179210098791,1451.25,1.23486717513,4.12831372473e-05,4.12831372474e-05,0.334312370422,0.334312370422,4.12831372473e-05,4.12831372474e-05,0.361640282286,0.361640282287,1,True
lightgbm,12,60,11,55,1,1,11,1,4341,0.179210098791,1451.25,1.23486717513,4.12831372473e-05,4.12831372474e-05,0.334312370422,0.334312370422,7.8519002051e-06,7.85190020525e-06,0.0687826457967,0.068782645798,1,True
lightgbm,12,60,11,55,1,1,11,2,4341,0.179210098791,1451.25,1.23486717513,4.12831372473e-05,4.12831372474e-05,0.334312370422,0.334312370422,-2.55793368371e-05,-2.55793368369e-05,-0.224074990693,-0.224074990691,0,False
lightgbm,12,60,11,55,1,1,11,5,4341,0.179210098791,1451.25,1.23486717513,4.12831372473e-05,4.12831372474e-05,0.334312370422,0.334312370422,-0.000125873047964,-0.000125873047963,-1.10264790016,-1.10264790016,0,False
lightgbm,12,60,11,55,1,1,11,10,4341,0.179210098791,1451.25,1.23486717513,4.12831372473e-05,4.12831372474e-05,0.334312370422,0.334312370422,-0.000293029233175,-0.000293029233174,-2.56693608261,-2.56693608261,0,False
mlp,1,5,0,0,12,0.0833333333333,"0,1,2,3,4,5,6,7,8,9,10,11",0,52092,0.408053177433,77418.9999999,0.0527071103261,7.83331754267e-06,7.83331754267e-06,1.48619749674,1.48619749674,7.83331754267e-06,7.83331754267e-06,0.0686198616738,0.0686198616738,0.75,False
mlp,1,5,0,0,12,0.0833333333333,"0,1,2,3,4,5,6,7,8,9,10,11",1,52092,0.408053177433,77418.9999999,0.0527071103261,7.83331754267e-06,7.83331754267e-06,1.48619749674,1.48619749674,-0.000140786432131,-0.000140786432131,-1.23328914547,-1.23328914547,0,False
mlp,1,5,0,0,12,0.0833333333333,"0,1,2,3,4,5,6,7,8,9,10,11",2,52092,0.408053177433,77418.9999999,0.0527071103261,7.83331754267e-06,7.83331754267e-06,1.48619749674,1.48619749674,-0.000289406181804,-0.000289406181804,-2.53519815261,-2.53519815261,0,False
mlp,1,5,0,0,12,0.0833333333333,"0,1,2,3,4,5,6,7,8,9,10,11",5,52092,0.408053177433,77418.9999999,0.0527071103261,7.83331754267e-06,7.83331754267e-06,1.48619749674,1.48619749674,-0.000735265430825,-0.000735265430825,-6.44092517403,-6.44092517403,0,False
mlp,1,5,0,0,12,0.0833333333333,"0,1,2,3,4,5,6,7,8,9,10,11",10,52092,0.408053177433,77418.9999999,0.0527071103261,7.83331754267e-06,7.83331754267e-06,1.48619749674,1.48619749674,-0.00147836417919,-0.00147836417919,-12.9504702097,-12.9504702097,0,False
mlp,3,15,0,0,4,0.25,"0,3,6,9",0,17364,0.148816960834,25777.75,0.0577307797747,8.57043082432e-06,8.57043082432e-06,1.48455137065,1.48455137065,8.57043082432e-06,8.57043082432e-06,0.0750769740211,0.075076974021,0.75,False
mlp,3,15,0,0,4,0.25,"0,3,6,9",1,17364,0.148816960834,25777.75,0.0577307797747,8.57043082432e-06,8.57043082432e-06,1.48455137065,1.48455137065,-0.000139884706241,-0.000139884706241,-1.22539002667,-1.22539002667,0,False
mlp,3,15,0,0,4,0.25,"0,3,6,9",2,17364,0.148816960834,25777.75,0.0577307797747,8.57043082432e-06,8.57043082432e-06,1.48455137065,1.48455137065,-0.000288339843306,-0.000288339843306,-2.52585702736,-2.52585702736,0,False
mlp,3,15,0,0,4,0.25,"0,3,6,9",5,17364,0.148816960834,25777.75,0.0577307797747,8.57043082432e-06,8.57043082432e-06,1.48455137065,1.48455137065,-0.000733705254501,-0.0007337052545,-6.42725802943,-6.42725802942,0,False
mlp,3,15,0,0,4,0.25,"0,3,6,9",10,17364,0.148816960834,25777.75,0.0577307797747,8.57043082432e-06,8.57043082432e-06,1.48455137065,1.48455137065,-0.00147598093983,-0.00147598093983,-12.9295930329,-12.9295930329,0,False
mlp,3,15,1,5,4,0.25,"1,4,7,10",0,17364,0.227379983149,25820.25,0.0880626574681,1.30949080367e-05,1.30949080367e-05,1.48699896337,1.48699896337,1.30949080367e-05,1.30949080367e-05,0.114711394401,0.114711394401,0.75,False
mlp,3,15,1,5,4,0.25,"1,4,7,10",1,17364,0.227379983149,25820.25,0.0880626574681,1.30949080367e-05,1.30949080367e-05,1.48699896337,1.48699896337,-0.000135604988301,-0.000135604988301,-1.18789969751,-1.18789969751,0,False
mlp,3,15,1,5,4,0.25,"1,4,7,10",2,17364,0.227379983149,25820.25,0.0880626574681,1.30949080367e-05,1.30949080367e-05,1.48699896337,1.48699896337,-0.000284304884638,-0.000284304884638,-2.49051078943,-2.49051078943,0,False
mlp,3,15,1,5,4,0.25,"1,4,7,10",5,17364,0.227379983149,25820.25,0.0880626574681,1.30949080367e-05,1.30949080367e-05,1.48699896337,1.48699896337,-0.00073040457365,-0.000730404573649,-6.39834406517,-6.39834406517,0,False
mlp,3,15,1,5,4,0.25,"1,4,7,10",10,17364,0.227379983149,25820.25,0.0880626574681,1.30949080367e-05,1.30949080367e-05,1.48699896337,1.48699896337,-0.00147390405534,-0.00147390405534,-12.9113995247,-12.9113995247,0,False
mlp,3,15,2,10,4,0.25,"2,5,8,11",0,17364,0.0318562334506,25821,0.0123373352893,1.83461376703e-06,1.83461376702e-06,1.48704215619,1.48704215618,1.83461376703e-06,1.83461376702e-06,0.0160712165992,0.0160712165991,0.75,False
mlp,3,15,2,10,4,0.25,"2,5,8,11",1,17364,0.0318562334506,25821,0.0123373352893,1.83461376703e-06,1.83461376702e-06,1.48704215619,1.48704215618,-0.000146869601851,-0.000146869601851,-1.28657771222,-1.28657771222,0,False
mlp,3,15,2,10,4,0.25,"2,5,8,11",2,17364,0.0318562334506,25821,0.0123373352893,1.83461376703e-06,1.83461376702e-06,1.48704215619,1.48704215618,-0.00029557381747,-0.00029557381747,-2.58922664104,-2.58922664104,0,False
mlp,3,15,2,10,4,0.25,"2,5,8,11",5,17364,0.0318562334506,25821,0.0123373352893,1.83461376703e-06,1.83461376702e-06,1.48704215619,1.48704215618,-0.000741686464325,-0.000741686464325,-6.49717342749,-6.49717342749,0,False
mlp,3,15,2,10,4,0.25,"2,5,8,11",10,17364,0.0318562334506,25821,0.0123373352893,1.83461376703e-06,1.83461376702e-06,1.48704215619,1.48704215618,-0.00148520754242,-0.00148520754242,-13.0104180716,-13.0104180716,0,False
mlp,6,30,0,0,2,0.5,"0,6",0,8682,0.100202517093,12911,0.0776101906074,1.15414094786e-05,1.15414094786e-05,1.4870997466,1.4870997466,1.15414094786e-05,1.15414094786e-05,0.101102747033,0.101102747032,1,True
mlp,6,30,0,0,2,0.5,"0,6",1,8682,0.100202517093,12911,0.0776101906074,1.15414094786e-05,1.15414094786e-05,1.4870997466,1.4870997466,-0.000137168565181,-0.000137168565181,-1.20159663099,-1.20159663099,0,False
mlp,6,30,0,0,2,0.5,"0,6",2,8682,0.100202517093,12911,0.0776101906074,1.15414094786e-05,1.15414094786e-05,1.4870997466,1.4870997466,-0.000285878539841,-0.000285878539841,-2.50429600901,-2.50429600901,0,False
mlp,6,30,0,0,2,0.5,"0,6",5,8682,0.100202517093,12911,0.0776101906074,1.15414094786e-05,1.15414094786e-05,1.4870997466,1.4870997466,-0.000732008463821,-0.000732008463821,-6.41239414308,-6.41239414307,0,False
mlp,6,30,0,0,2,0.5,"0,6",10,8682,0.100202517093,12911,0.0776101906074,1.15414094786e-05,1.15414094786e-05,1.4870997466,1.4870997466,-0.00147555833712,-0.00147555833712,-12.9258910332,-12.9258910332,0,False
mlp,6,30,1,5,2,0.5,"1,7",0,8682,0.181708647797,12947.5,0.14034265132,2.09293535818e-05,2.09293535818e-05,1.49130384704,1.49130384704,2.09293535818e-05,2.09293535818e-05,0.183341137376,0.183341137376,1,True
mlp,6,30,1,5,2,0.5,"1,7",1,8682,0.181708647797,12947.5,0.14034265132,2.09293535818e-05,2.09293535818e-05,1.49130384704,1.49130384704,-0.000128201031122,-0.000128201031122,-1.12304103263,-1.12304103263,0,False
mlp,6,30,1,5,2,0.5,"1,7",2,8682,0.181708647797,12947.5,0.14034265132,2.09293535818e-05,2.09293535818e-05,1.49130384704,1.49130384704,-0.000277331415826,-0.000277331415826,-2.42942320264,-2.42942320264,0,False
mlp,6,30,1,5,2,0.5,"1,7",5,8682,0.181708647797,12947.5,0.14034265132,2.09293535818e-05,2.09293535818e-05,1.49130384704,1.49130384704,-0.000724722569938,-0.000724722569938,-6.34856971266,-6.34856971266,0,False
mlp,6,30,1,5,2,0.5,"1,7",10,8682,0.181708647797,12947.5,0.14034265132,2.09293535818e-05,2.09293535818e-05,1.49130384704,1.49130384704,-0.00147037449346,-0.00147037449346,-12.8804805627,-12.8804805627,0,False
mlp,6,30,2,10,2,0.5,"2,8",0,8682,-0.0147552018176,12954,-0.0113904599488,-1.69951644984e-06,-1.69951644985e-06,1.49205252246,1.49205252246,-1.69951644984e-06,-1.69951644985e-06,-0.0148877641006,-0.0148877641007,0.5,False
mlp,6,30,2,10,2,0.5,"2,8",1,8682,-0.0147552018176,12954,-0.0113904599488,-1.69951644984e-06,-1.69951644985e-06,1.49205252246,1.49205252246,-0.000150904768696,-0.000150904768696,-1.32192577378,-1.32192577377,0,False
mlp,6,30,2,10,2,0.5,"2,8",2,8682,-0.0147552018176,12954,-0.0113904599488,-1.69951644984e-06,-1.69951644985e-06,1.49205252246,1.49205252246,-0.000300110020942,-0.000300110020942,-2.62896378345,-2.62896378345,0,False
mlp,6,30,2,10,2,0.5,"2,8",5,8682,-0.0147552018176,12954,-0.0113904599488,-1.69951644984e-06,-1.69951644985e-06,1.49205252246,1.49205252246,-0.00074772577768,-0.000747725777679,-6.55007781248,-6.55007781247,0,False
mlp,6,30,2,10,2,0.5,"2,8",10,8682,-0.0147552018176,12954,-0.0113904599488,-1.69951644984e-06,-1.69951644985e-06,1.49205252246,1.49205252246,-0.00149375203891,-0.00149375203891,-13.0852678609,-13.0852678608,0,False
mlp,6,30,3,15,2,0.5,"3,9",0,8682,0.0486144437404,12866.75,0.0377830017219,5.59945217005e-06,5.59945217005e-06,1.4820029947,1.4820029947,5.59945217005e-06,5.59945217005e-06,0.0490512010096,0.0490512010097,0.5,False
mlp,6,30,3,15,2,0.5,"3,9",1,8682,0.0486144437404,12866.75,0.0377830017219,5.59945217005e-06,5.59945217005e-06,1.4820029947,1.4820029947,-0.0001426008473,-0.0001426008473,-1.24918342235,-1.24918342235,0,False
mlp,6,30,3,15,2,0.5,"3,9",2,8682,0.0486144437404,12866.75,0.0377830017219,5.59945217005e-06,5.59945217005e-06,1.4820029947,1.4820029947,-0.00029080114677,-0.00029080114677,-2.5474180457,-2.5474180457,0,False
mlp,6,30,3,15,2,0.5,"3,9",5,8682,0.0486144437404,12866.75,0.0377830017219,5.59945217005e-06,5.59945217005e-06,1.4820029947,1.4820029947,-0.00073540204518,-0.00073540204518,-6.44212191578,-6.44212191577,0,False
mlp,6,30,3,15,2,0.5,"3,9",10,8682,0.0486144437404,12866.75,0.0377830017219,5.59945217005e-06,5.59945217005e-06,1.4820029947,1.4820029947,-0.00147640354253,-0.00147640354253,-12.9332950326,-12.9332950326,0,False
mlp,6,30,4,20,2,0.5,"4,10",0,8682,0.0456713353519,12872.75,0.0354790820547,5.26046249156e-06,5.26046249158e-06,1.4826940797,1.4826940797,5.26046249156e-06,5.26046249158e-06,0.046081651426,0.0460816514262,0.5,False
mlp,6,30,4,20,2,0.5,"4,10",1,8682,0.0456713353519,12872.75,0.0354790820547,5.26046249156e-06,5.26046249158e-06,1.4826940797,1.4826940797,-0.000143008945479,-0.000143008945479,-1.2527583624,-1.25275836239,0,False
mlp,6,30,4,20,2,0.5,"4,10",2,8682,0.0456713353519,12872.75,0.0354790820547,5.26046249156e-06,5.26046249158e-06,1.4826940797,1.4826940797,-0.000291278353449,-0.000291278353449,-2.55159837622,-2.55159837622,0,False
mlp,6,30,4,20,2,0.5,"4,10",5,8682,0.0456713353519,12872.75,0.0354790820547,5.26046249156e-06,5.26046249158e-06,1.4826940797,1.4826940797,-0.000736086577361,-0.00073608657736,-6.44811841768,-6.44811841768,0,False
mlp,6,30,4,20,2,0.5,"4,10",10,8682,0.0456713353519,12872.75,0.0354790820547,5.26046249156e-06,5.26046249158e-06,1.4826940797,1.4826940797,-0.00147743361721,-0.00147743361721,-12.9423184868,-12.9423184868,0,False
mlp,6,30,5,25,2,0.5,"5,11",0,8682,0.0466114352682,12867,0.0362255656083,5.36874398391e-06,5.3687439839e-06,1.48203178991,1.48203178991,5.36874398391e-06,5.3687439839e-06,0.047030197299,0.0470301972989,1,True
mlp,6,30,5,25,2,0.5,"5,11",1,8682,0.0466114352682,12867,0.0362255656083,5.36874398391e-06,5.3687439839e-06,1.48203178991,1.48203178991,-0.000142834435007,-0.000142834435007,-1.25122965066,-1.25122965066,0,False
mlp,6,30,5,25,2,0.5,"5,11",2,8682,0.0466114352682,12867,0.0362255656083,5.36874398391e-06,5.3687439839e-06,1.48203178991,1.48203178991,-0.000291037613998,-0.000291037613998,-2.54948949862,-2.54948949862,0,False
mlp,6,30,5,25,2,0.5,"5,11",5,8682,0.0466114352682,12867,0.0362255656083,5.36874398391e-06,5.3687439839e-06,1.48203178991,1.48203178991,-0.000735647150971,-0.000735647150971,-6.44426904251,-6.44426904251,0,False
mlp,6,30,5,25,2,0.5,"5,11",10,8682,0.0466114352682,12867,0.0362255656083,5.36874398391e-06,5.3687439839e-06,1.48203178991,1.48203178991,-0.00147666304593,-0.00147666304593,-12.9355682823,-12.9355682823,0,False
mlp,12,60,0,0,1,1,0,0,4341,0.0530002454972,6465.99999998,0.081967592789,1.22092249475e-05,1.22092249475e-05,1.48951854411,1.48951854411,1.22092249475e-05,1.22092249475e-05,0.10695281054,0.10695281054,1,True
mlp,12,60,0,0,1,1,0,1,4341,0.0530002454972,6465.99999998,0.081967592789,1.22092249475e-05,1.22092249475e-05,1.48951854411,1.48951854411,-0.000136742629464,-0.000136742629463,-1.1978654341,-1.1978654341,0,False
mlp,12,60,0,0,1,1,0,2,4341,0.0530002454972,6465.99999998,0.081967592789,1.22092249475e-05,1.22092249475e-05,1.48951854411,1.48951854411,-0.000285694483875,-0.000285694483874,-2.50268367874,-2.50268367874,0,False
mlp,12,60,0,0,1,1,0,5,4341,0.0530002454972,6465.99999998,0.081967592789,1.22092249475e-05,1.22092249475e-05,1.48951854411,1.48951854411,-0.000732550047108,-0.000732550047107,-6.41713841266,-6.41713841266,0,False
mlp,12,60,0,0,1,1,0,10,4341,0.0530002454972,6465.99999998,0.081967592789,1.22092249475e-05,1.22092249475e-05,1.48951854411,1.48951854411,-0.00147730931916,-0.00147730931916,-12.9412296359,-12.9412296359,0,False
mlp,12,60,1,5,1,1,1,0,4341,0.060695134736,6502.75000001,0.0933376413608,1.39818324663e-05,1.39818324663e-05,1.49798433541,1.49798433541,1.39818324663e-05,1.39818324663e-05,0.122480852405,0.122480852404,1,True
mlp,12,60,1,5,1,1,1,1,4341,0.060695134736,6502.75000001,0.0933376413608,1.39818324663e-05,1.39818324663e-05,1.49798433541,1.49798433541,-0.000135816601075,-0.000135816601075,-1.18975342541,-1.18975342541,0,False
mlp,12,60,1,5,1,1,1,2,4341,0.060695134736,6502.75000001,0.0933376413608,1.39818324663e-05,1.39818324663e-05,1.49798433541,1.49798433541,-0.000285615034616,-0.000285615034616,-2.50198770323,-2.50198770323,0,False
mlp,12,60,1,5,1,1,1,5,4341,0.060695134736,6502.75000001,0.0933376413608,1.39818324663e-05,1.39818324663e-05,1.49798433541,1.49798433541,-0.000735010335239,-0.000735010335238,-6.43869053669,-6.43869053669,0,False
mlp,12,60,1,5,1,1,1,10,4341,0.060695134736,6502.75000001,0.0933376413608,1.39818324663e-05,1.39818324663e-05,1.49798433541,1.49798433541,-0.00148400250294,-0.00148400250294,-12.9998619258,-12.9998619258,0,False
mlp,12,60,2,10,1,1,2,0,4341,-0.0404635964221,6493.5,-0.062314000804,-9.32126155772e-06,-9.32126155773e-06,1.49585348998,1.49585348998,-9.32126155772e-06,-9.32126155773e-06,-0.0816542512456,-0.0816542512457,0,False
mlp,12,60,2,10,1,1,2,1,4341,-0.0404635964221,6493.5,-0.062314000804,-9.32126155772e-06,-9.32126155773e-06,1.49585348998,1.49585348998,-0.000158906610556,-0.000158906610556,-1.39202190847,-1.39202190847,0,False
mlp,12,60,2,10,1,1,2,2,4341,-0.0404635964221,6493.5,-0.062314000804,-9.32126155772e-06,-9.32126155773e-06,1.49585348998,1.49585348998,-0.000308491959554,-0.000308491959554,-2.70238956569,-2.70238956569,0,False
mlp,12,60,2,10,1,1,2,5,4341,-0.0404635964221,6493.5,-0.062314000804,-9.32126155772e-06,-9.32126155773e-06,1.49585348998,1.49585348998,-0.000757248006548,-0.000757248006547,-6.63349253736,-6.63349253735,0,False
mlp,12,60,2,10,1,1,2,10,4341,-0.0404635964221,6493.5,-0.062314000804,-9.32126155772e-06,-9.32126155773e-06,1.49585348998,1.49585348998,-0.00150517475154,-0.00150517475154,-13.1853308235,-13.1853308235,0,False
mlp,12,60,3,15,1,1,3,0,4341,-0.0896841250076,6463.74999999,-0.138749371507,-2.06597846136e-05,-2.06597846136e-05,1.48900023036,1.48900023036,-2.06597846136e-05,-2.06597846136e-05,-0.180979713215,-0.180979713215,0,False
mlp,12,60,3,15,1,1,3,1,4341,-0.0896841250076,6463.74999999,-0.138749371507,-2.06597846136e-05,-2.06597846136e-05,1.48900023036,1.48900023036,-0.00016955980765,-0.00016955980765,-1.48534391501,-1.48534391501,0,False
mlp,12,60,3,15,1,1,3,2,4341,-0.0896841250076,6463.74999999,-0.138749371507,-2.06597846136e-05,-2.06597846136e-05,1.48900023036,1.48900023036,-0.000318459830686,-0.000318459830685,-2.78970811681,-2.7897081168,0,False
mlp,12,60,3,15,1,1,3,5,4341,-0.0896841250076,6463.74999999,-0.138749371507,-2.06597846136e-05,-2.06597846136e-05,1.48900023036,1.48900023036,-0.000765159899794,-0.000765159899793,-6.70280072219,-6.70280072219,0,False
mlp,12,60,3,15,1,1,3,10,4341,-0.0896841250076,6463.74999999,-0.138749371507,-2.06597846136e-05,-2.06597846136e-05,1.48900023036,1.48900023036,-0.00150966001497,-0.00150966001497,-13.2246217312,-13.2246217312,0,False
mlp,12,60,4,20,1,1,4,0,4341,-0.0247523340293,6430.74999998,-0.0384905866802,-5.70198894939e-06,-5.70198894939e-06,1.48139829532,1.48139829532,-5.70198894939e-06,-5.70198894939e-06,-0.0499494231967,-0.0499494231967,0,False
mlp,12,60,4,20,1,1,4,1,4341,-0.0247523340293,6430.74999998,-0.0384905866802,-5.70198894939e-06,-5.70198894939e-06,1.48139829532,1.48139829532,-0.000153841818481,-0.000153841818481,-1.3476543299,-1.3476543299,0,False
mlp,12,60,4,20,1,1,4,2,4341,-0.0247523340293,6430.74999998,-0.0384905866802,-5.70198894939e-06,-5.70198894939e-06,1.48139829532,1.48139829532,-0.000301981648013,-0.000301981648013,-2.6453592366,-2.6453592366,0,False
mlp,12,60,4,20,1,1,4,5,4341,-0.0247523340293,6430.74999998,-0.0384905866802,-5.70198894939e-06,-5.70198894939e-06,1.48139829532,1.48139829532,-0.000746401136609,-0.000746401136609,-6.5384739567,-6.53847395669,0,False
mlp,12,60,4,20,1,1,4,10,4341,-0.0247523340293,6430.74999998,-0.0384905866802,-5.70198894939e-06,-5.70198894939e-06,1.48139829532,1.48139829532,-0.00148710028427,-0.00148710028427,-13.0269984902,-13.0269984902,0,False
mlp,12,60,5,25,1,1,5,0,4341,0.0192607802297,6438.99999999,0.0299126886624,4.43694545721e-06,4.4369454572e-06,1.48329877908,1.48329877908,4.43694545721e-06,4.4369454572e-06,0.0388676422052,0.0388676422051,1,True
mlp,12,60,5,25,1,1,5,1,4341,0.0192607802297,6438.99999999,0.0299126886624,4.43694545721e-06,4.4369454572e-06,1.48329877908,1.48329877908,-0.000143892932451,-0.000143892932451,-1.26050208827,-1.26050208827,0,False
mlp,12,60,5,25,1,1,5,2,4341,0.0192607802297,6438.99999999,0.0299126886624,4.43694545721e-06,4.4369454572e-06,1.48329877908,1.48329877908,-0.000292222810359,-0.000292222810359,-2.55987181874,-2.55987181874,0,False
mlp,12,60,5,25,1,1,5,5,4341,0.0192607802297,6438.99999999,0.0299126886624,4.43694545721e-06,4.4369454572e-06,1.48329877908,1.48329877908,-0.000737212444083,-0.000737212444083,-6.45798101017,-6.45798101017,0,False
mlp,12,60,5,25,1,1,5,10,4341,0.0192607802297,6438.99999999,0.0299126886624,4.43694545721e-06,4.4369454572e-06,1.48329877908,1.48329877908,-0.00147886183362,-0.00147886183362,-12.9548296625,-12.9548296625,0,False
mlp,12,60,6,30,1,1,6,0,4341,0.0472022715959,6445,0.0732385905289,1.08735940097e-05,1.08735940097e-05,1.48468094909,1.48468094909,1.08735940097e-05,1.08735940097e-05,0.095252683525,0.0952526835246,1,True
mlp,12,60,6,30,1,1,6,1,4341,0.0472022715959,6445,0.0732385905289,1.08735940097e-05,1.08735940097e-05,1.48468094909,1.48468094909,-0.000137594500899,-0.000137594500899,-1.20532782788,-1.20532782788,0,False
mlp,12,60,6,30,1,1,6,2,4341,0.0472022715959,6445,0.0732385905289,1.08735940097e-05,1.08735940097e-05,1.48468094909,1.48468094909,-0.000286062595808,-0.000286062595808,-2.50590833928,-2.50590833928,0,False
mlp,12,60,6,30,1,1,6,5,4341,0.0472022715959,6445,0.0732385905289,1.08735940097e-05,1.08735940097e-05,1.48468094909,1.48468094909,-0.000731466880535,-0.000731466880535,-6.40764987349,-6.40764987349,0,False
mlp,12,60,6,30,1,1,6,10,4341,0.0472022715959,6445,0.0732385905289,1.08735940097e-05,1.08735940097e-05,1.48468094909,1.48468094909,-0.00147380735508,-0.00147380735508,-12.9105524305,-12.9105524305,0,False
mlp,12,60,7,35,1,1,7,0,4341,0.121013513061,6444.74999999,0.187770686312,2.78768746972e-05,2.78768746973e-05,1.48462335867,1.48462335867,2.78768746972e-05,2.78768746973e-05,0.244201422347,0.244201422348,1,True
mlp,12,60,7,35,1,1,7,1,4341,0.121013513061,6444.74999999,0.187770686312,2.78768746972e-05,2.78768746973e-05,1.48462335867,1.48462335867,-0.00012058546117,-0.00012058546117,-1.05632863985,-1.05632863985,0,False
mlp,12,60,7,35,1,1,7,2,4341,0.121013513061,6444.74999999,0.187770686312,2.78768746972e-05,2.78768746973e-05,1.48462335867,1.48462335867,-0.000269047797037,-0.000269047797037,-2.35685870204,-2.35685870204,0,False
mlp,12,60,7,35,1,1,7,5,4341,0.121013513061,6444.74999999,0.187770686312,2.78768746972e-05,2.78768746973e-05,1.48462335867,1.48462335867,-0.000714434804638,-0.000714434804638,-6.25844888863,-6.25844888863,0,False
mlp,12,60,7,35,1,1,7,10,4341,0.121013513061,6444.74999999,0.187770686312,2.78768746972e-05,2.78768746973e-05,1.48462335867,1.48462335867,-0.00145674648397,-0.00145674648397,-12.7610991996,-12.7610991996,0,False
mlp,12,60,8,40,1,1,8,0,4341,0.0257083946045,6460.49999999,0.0397931965088,5.92222865803e-06,5.92222865803e-06,1.48825155494,1.48825155494,5.92222865803e-06,5.92222865803e-06,0.0518787230443,0.0518787230443,1,True
mlp,12,60,8,40,1,1,8,1,4341,0.0257083946045,6460.49999999,0.0397931965088,5.92222865803e-06,5.92222865803e-06,1.48825155494,1.48825155494,-0.000142902926836,-0.000142902926836,-1.25182963908,-1.25182963908,0,False
mlp,12,60,8,40,1,1,8,2,4341,0.0257083946045,6460.49999999,0.0397931965088,5.92222865803e-06,5.92222865803e-06,1.48825155494,1.48825155494,-0.00029172808233,-0.00029172808233,-2.55553800121,-2.55553800121,0,False
mlp,12,60,8,40,1,1,8,5,4341,0.0257083946045,6460.49999999,0.0397931965088,5.92222865803e-06,5.92222865803e-06,1.48825155494,1.48825155494,-0.000738203548812,-0.000738203548811,-6.46666308759,-6.46666308759,0,False
mlp,12,60,8,40,1,1,8,10,4341,0.0257083946045,6460.49999999,0.0397931965088,5.92222865803e-06,5.92222865803e-06,1.48825155494,1.48825155494,-0.00148232932628,-0.00148232932628,-12.9852048982,-12.9852048982,0,False
mlp,12,60,9,45,1,1,9,0,4341,0.138298568748,6402.99999999,0.215990268231,3.18586889537e-05,3.18586889537e-05,1.47500575904,1.47500575904,3.18586889537e-05,3.18586889537e-05,0.279082115234,0.279082115234,1,True
mlp,12,60,9,45,1,1,9,1,4341,0.138298568748,6402.99999999,0.215990268231,3.18586889537e-05,3.18586889537e-05,1.47500575904,1.47500575904,-0.00011564188695,-0.00011564188695,-1.01302292968,-1.01302292968,0,False
mlp,12,60,9,45,1,1,9,2,4341,0.138298568748,6402.99999999,0.215990268231,3.18586889537e-05,3.18586889537e-05,1.47500575904,1.47500575904,-0.000263142462854,-0.000263142462854,-2.3051279746,-2.3051279746,0,False
mlp,12,60,9,45,1,1,9,5,4341,0.138298568748,6402.99999999,0.215990268231,3.18586889537e-05,3.18586889537e-05,1.47500575904,1.47500575904,-0.000705644190566,-0.000705644190566,-6.18144310936,-6.18144310936,0,False
mlp,12,60,9,45,1,1,9,10,4341,0.138298568748,6402.99999999,0.215990268231,3.18586889537e-05,3.18586889537e-05,1.47500575904,1.47500575904,-0.00144314707009,-0.00144314707009,-12.641968334,-12.641968334,0,False
mlp,12,60,10,50,1,1,10,0,4341,0.0704236693812,6442.00000001,0.109319573706,1.62229139325e-05,1.62229139326e-05,1.48398986409,1.48398986409,1.62229139325e-05,1.62229139326e-05,0.142112726049,0.142112726049,1,True
mlp,12,60,10,50,1,1,10,1,4341,0.0704236693812,6442.00000001,0.109319573706,1.62229139325e-05,1.62229139326e-05,1.48398986409,1.48398986409,-0.000132176072476,-0.000132176072476,-1.15786239489,-1.15786239489,0,False
mlp,12,60,10,50,1,1,10,2,4341,0.0704236693812,6442.00000001,0.109319573706,1.62229139325e-05,1.62229139326e-05,1.48398986409,1.48398986409,-0.000280575058886,-0.000280575058885,-2.45783751584,-2.45783751583,0,False
mlp,12,60,10,50,1,1,10,5,4341,0.0704236693812,6442.00000001,0.109319573706,1.62229139325e-05,1.62229139326e-05,1.48398986409,1.48398986409,-0.000725772018112,-0.000725772018112,-6.35776287867,-6.35776287866,0,False
mlp,12,60,10,50,1,1,10,10,4341,0.0704236693812,6442.00000001,0.109319573706,1.62229139325e-05,1.62229139326e-05,1.48398986409,1.48398986409,-0.00146776695016,-0.00146776695016,-12.8576384834,-12.8576384834,0,False
mlp,12,60,11,55,1,1,11,0,4341,0.0273506550385,6428.00000001,0.0425492455483,6.3005425106e-06,6.3005425106e-06,1.48076480074,1.48076480074,6.3005425106e-06,6.3005425106e-06,0.0551927523929,0.0551927523928,1,True
mlp,12,60,11,55,1,1,11,1,4341,0.0273506550385,6428.00000001,0.0425492455483,6.3005425106e-06,6.3005425106e-06,1.48076480074,1.48076480074,-0.000141775937563,-0.000141775937563,-1.24195721306,-1.24195721305,0,False
mlp,12,60,11,55,1,1,11,2,4341,0.0273506550385,6428.00000001,0.0425492455483,6.3005425106e-06,6.3005425106e-06,1.48076480074,1.48076480074,-0.000289852417637,-0.000289852417637,-2.5391071785,-2.5391071785,0,False
mlp,12,60,11,55,1,1,11,5,4341,0.0273506550385,6428.00000001,0.0425492455483,6.3005425106e-06,6.3005425106e-06,1.48076480074,1.48076480074,-0.000734081857859,-0.000734081857859,-6.43055707485,-6.43055707485,0,False
mlp,12,60,11,55,1,1,11,10,4341,0.0273506550385,6428.00000001,0.0425492455483,6.3005425106e-06,6.3005425106e-06,1.48076480074,1.48076480074,-0.00147446425823,-0.00147446425823,-12.9163069021,-12.9163069021,0,False
momentum_12,1,5,0,0,12,0.0833333333333,"0,1,2,3,4,5,6,7,8,9,10,11",0,52092,-4.89448975682,81156.2499999,-0.603094617706,-9.39585686251e-05,-9.39585686251e-05,1.55794075866,1.55794075866,-9.39585686251e-05,-9.39585686251e-05,-0.823077061156,-0.823077061156,0,False
momentum_12,1,5,0,0,12,0.0833333333333,"0,1,2,3,4,5,6,7,8,9,10,11",1,52092,-4.89448975682,81156.2499999,-0.603094617706,-9.39585686251e-05,-9.39585686251e-05,1.55794075866,1.55794075866,-0.000249752644491,-0.000249752644491,-2.18783316574,-2.18783316574,0,False
momentum_12,1,5,0,0,12,0.0833333333333,"0,1,2,3,4,5,6,7,8,9,10,11",2,52092,-4.89448975682,81156.2499999,-0.603094617706,-9.39585686251e-05,-9.39585686251e-05,1.55794075866,1.55794075866,-0.000405546720356,-0.000405546720356,-3.55258927032,-3.55258927032,0,False
momentum_12,1,5,0,0,12,0.0833333333333,"0,1,2,3,4,5,6,7,8,9,10,11",5,52092,-4.89448975682,81156.2499999,-0.603094617706,-9.39585686251e-05,-9.39585686251e-05,1.55794075866,1.55794075866,-0.000872928947953,-0.000872928947953,-7.64685758407,-7.64685758407,0,False
momentum_12,1,5,0,0,12,0.0833333333333,"0,1,2,3,4,5,6,7,8,9,10,11",10,52092,-4.89448975682,81156.2499999,-0.603094617706,-9.39585686251e-05,-9.39585686251e-05,1.55794075866,1.55794075866,-0.00165189932728,-0.00165189932728,-14.470638107,-14.470638107,0,False
momentum_12,3,15,0,0,4,0.25,"0,3,6,9",0,17364,-1.55510297345,27060.75,-0.574671054368,-8.95590286482e-05,-8.95590286482e-05,1.5584398756,1.5584398756,-8.95590286482e-05,-8.95590286482e-05,-0.784537090958,-0.784537090958,0,False
momentum_12,3,15,0,0,4,0.25,"0,3,6,9",1,17364,-1.55510297345,27060.75,-0.574671054368,-8.95590286482e-05,-8.95590286482e-05,1.5584398756,1.5584398756,-0.000245403016208,-0.000245403016208,-2.14973042199,-2.14973042199,0,False
momentum_12,3,15,0,0,4,0.25,"0,3,6,9",2,17364,-1.55510297345,27060.75,-0.574671054368,-8.95590286482e-05,-8.95590286482e-05,1.5584398756,1.5584398756,-0.000401247003769,-0.000401247003769,-3.51492375301,-3.51492375301,0,False
momentum_12,3,15,0,0,4,0.25,"0,3,6,9",5,17364,-1.55510297345,27060.75,-0.574671054368,-8.95590286482e-05,-8.95590286482e-05,1.5584398756,1.5584398756,-0.000868778966449,-0.000868778966449,-7.6105037461,-7.6105037461,0,False
momentum_12,3,15,0,0,4,0.25,"0,3,6,9",10,17364,-1.55510297345,27060.75,-0.574671054368,-8.95590286482e-05,-8.95590286482e-05,1.5584398756,1.5584398756,-0.00164799890425,-0.00164799890425,-14.4364704012,-14.4364704012,0,False
momentum_12,3,15,1,5,4,0.25,"1,4,7,10",0,17364,-1.94570417038,27098.5,-0.71801176094,-0.000112053914443,-0.000112053914443,1.56061391384,1.56061391384,-0.000112053914443,-0.000112053914443,-0.981592290519,-0.981592290518,0,False
momentum_12,3,15,1,5,4,0.25,"1,4,7,10",1,17364,-1.94570417038,27098.5,-0.71801176094,-0.000112053914443,-0.000112053914443,1.56061391384,1.56061391384,-0.000268115305827,-0.000268115305827,-2.34869007905,-2.34869007905,0,False
momentum_12,3,15,1,5,4,0.25,"1,4,7,10",2,17364,-1.94570417038,27098.5,-0.71801176094,-0.000112053914443,-0.000112053914443,1.56061391384,1.56061391384,-0.000424176697212,-0.000424176697212,-3.71578786758,-3.71578786757,0,False
momentum_12,3,15,1,5,4,0.25,"1,4,7,10",5,17364,-1.94570417038,27098.5,-0.71801176094,-0.000112053914443,-0.000112053914443,1.56061391384,1.56061391384,-0.000892360871365,-0.000892360871365,-7.81708123316,-7.81708123316,0,False
momentum_12,3,15,1,5,4,0.25,"1,4,7,10",10,17364,-1.94570417038,27098.5,-0.71801176094,-0.000112053914443,-0.000112053914443,1.56061391384,1.56061391384,-0.00167266782829,-0.00167266782829,-14.6525701758,-14.6525701758,0,False
momentum_12,3,15,2,10,4,0.25,"2,5,8,11",0,17364,-1.39368261299,26997,-0.516236105119,-8.02627627844e-05,-8.02627627844e-05,1.55476848652,1.55476848652,-8.02627627844e-05,-8.02627627844e-05,-0.703101801991,-0.703101801992,0,False
momentum_12,3,15,2,10,4,0.25,"2,5,8,11",1,17364,-1.39368261299,26997,-0.516236105119,-8.02627627844e-05,-8.02627627844e-05,1.55476848652,1.55476848652,-0.000235739611437,-0.000235739611437,-2.06507899619,-2.06507899619,0,False
momentum_12,3,15,2,10,4,0.25,"2,5,8,11",2,17364,-1.39368261299,26997,-0.516236105119,-8.02627627844e-05,-8.02627627844e-05,1.55476848652,1.55476848652,-0.000391216460089,-0.000391216460089,-3.42705619038,-3.42705619038,0,False
momentum_12,3,15,2,10,4,0.25,"2,5,8,11",5,17364,-1.39368261299,26997,-0.516236105119,-8.02627627844e-05,-8.02627627844e-05,1.55476848652,1.55476848652,-0.000857647006046,-0.000857647006046,-7.51298777296,-7.51298777296,0,False
momentum_12,3,15,2,10,4,0.25,"2,5,8,11",10,17364,-1.39368261299,26997,-0.516236105119,-8.02627627844e-05,-8.02627627844e-05,1.55476848652,1.55476848652,-0.00163503124931,-0.00163503124931,-14.3228737439,-14.3228737439,0,False
momentum_12,6,30,0,0,2,0.5,"0,6",0,8682,-0.805600567451,13520.75,-0.595825355437,-9.27897451567e-05,-9.27897451568e-05,1.55733126008,1.55733126007,-9.27897451567e-05,-9.27897451568e-05,-0.812838167573,-0.812838167573,0,False
momentum_12,6,30,0,0,2,0.5,"0,6",1,8682,-0.805600567451,13520.75,-0.595825355437,-9.27897451567e-05,-9.27897451568e-05,1.55733126008,1.55733126007,-0.000248522871164,-0.000248522871164,-2.1770603514,-2.1770603514,0,False
momentum_12,6,30,0,0,2,0.5,"0,6",2,8682,-0.805600567451,13520.75,-0.595825355437,-9.27897451567e-05,-9.27897451568e-05,1.55733126008,1.55733126007,-0.000404255997172,-0.000404255997172,-3.54128253522,-3.54128253522,0,False
momentum_12,6,30,0,0,2,0.5,"0,6",5,8682,-0.805600567451,13520.75,-0.595825355437,-9.27897451567e-05,-9.27897451568e-05,1.55733126008,1.55733126007,-0.000871455375194,-0.000871455375194,-7.6339490867,-7.6339490867,0,False
momentum_12,6,30,0,0,2,0.5,"0,6",10,8682,-0.805600567451,13520.75,-0.595825355437,-9.27897451567e-05,-9.27897451568e-05,1.55733126008,1.55733126007,-0.00165012100523,-0.00165012100523,-14.4550600058,-14.4550600058,0,False
momentum_12,6,30,1,5,2,0.5,"1,7",0,8682,-1.10072837085,13555,-0.812046013169,-0.000126782811662,-0.000126782811662,1.56127620364,1.56127620364,-0.000126782811662,-0.000126782811662,-1.11061743016,-1.11061743016,0,False
momentum_12,6,30,1,5,2,0.5,"1,7",1,8682,-1.10072837085,13555,-0.812046013169,-0.000126782811662,-0.000126782811662,1.56127620364,1.56127620364,-0.000282910432027,-0.000282910432026,-2.47829538455,-2.47829538455,0,False
momentum_12,6,30,1,5,2,0.5,"1,7",2,8682,-1.10072837085,13555,-0.812046013169,-0.000126782811662,-0.000126782811662,1.56127620364,1.56127620364,-0.00043903805239,-0.00043903805239,-3.84597333894,-3.84597333894,0,False
momentum_12,6,30,1,5,2,0.5,"1,7",5,8682,-1.10072837085,13555,-0.812046013169,-0.000126782811662,-0.000126782811662,1.56127620364,1.56127620364,-0.000907420913483,-0.000907420913482,-7.94900720211,-7.9490072021,0,False
momentum_12,6,30,1,5,2,0.5,"1,7",10,8682,-1.10072837085,13555,-0.812046013169,-0.000126782811662,-0.000126782811662,1.56127620364,1.56127620364,-0.0016880590153,-0.0016880590153,-14.787396974,-14.787396974,0,False
momentum_12,6,30,2,10,2,0.5,"2,8",0,8682,-0.755460475043,13497.5,-0.559704000773,-8.70145675009e-05,-8.70145675009e-05,1.55465330569,1.55465330569,-8.70145675009e-05,-8.70145675009e-05,-0.762247611308,-0.762247611308,0,False
momentum_12,6,30,2,10,2,0.5,"2,8",1,8682,-0.755460475043,13497.5,-0.559704000773,-8.70145675009e-05,-8.70145675009e-05,1.55465330569,1.55465330569,-0.00024247989807,-0.00024247989807,-2.12412390709,-2.12412390709,0,False
momentum_12,6,30,2,10,2,0.5,"2,8",2,8682,-0.755460475043,13497.5,-0.559704000773,-8.70145675009e-05,-8.70145675009e-05,1.55465330569,1.55465330569,-0.000397945228639,-0.000397945228639,-3.48600020288,-3.48600020288,0,False
momentum_12,6,30,2,10,2,0.5,"2,8",5,8682,-0.755460475043,13497.5,-0.559704000773,-8.70145675009e-05,-8.70145675009e-05,1.55465330569,1.55465330569,-0.000864341220346,-0.000864341220346,-7.57162909023,-7.57162909023,0,False
momentum_12,6,30,2,10,2,0.5,"2,8",10,8682,-0.755460475043,13497.5,-0.559704000773,-8.70145675009e-05,-8.70145675009e-05,1.55465330569,1.55465330569,-0.00164166787319,-0.00164166787319,-14.3810105692,-14.3810105692,0,False
momentum_12,6,30,3,15,2,0.5,"3,9",0,8682,-0.749502405996,13540,-0.553546828653,-8.63283121397e-05,-8.63283121396e-05,1.55954849113,1.55954849113,-8.63283121397e-05,-8.63283121396e-05,-0.756236014343,-0.756236014343,0,False
momentum_12,6,30,3,15,2,0.5,"3,9",1,8682,-0.749502405996,13540,-0.553546828653,-8.63283121397e-05,-8.63283121396e-05,1.55954849113,1.55954849113,-0.000242283161253,-0.000242283161253,-2.12240049257,-2.12240049257,0,False
momentum_12,6,30,3,15,2,0.5,"3,9",2,8682,-0.749502405996,13540,-0.553546828653,-8.63283121397e-05,-8.63283121396e-05,1.55954849113,1.55954849113,-0.000398238010366,-0.000398238010366,-3.4885649708,-3.4885649708,0,False
momentum_12,6,30,3,15,2,0.5,"3,9",5,8682,-0.749502405996,13540,-0.553546828653,-8.63283121397e-05,-8.63283121396e-05,1.55954849113,1.55954849113,-0.000866102557705,-0.000866102557705,-7.58705840549,-7.58705840549,0,False
momentum_12,6,30,3,15,2,0.5,"3,9",10,8682,-0.749502405996,13540,-0.553546828653,-8.63283121397e-05,-8.63283121396e-05,1.55954849113,1.55954849113,-0.00164587680327,-0.00164587680327,-14.4178807966,-14.4178807966,0,False
momentum_12,6,30,4,20,2,0.5,"4,10",0,8682,-0.844975799531,13543.5,-0.623897662739,-9.7325017223e-05,-9.73250172231e-05,1.55995162405,1.55995162405,-9.7325017223e-05,-9.73250172231e-05,-0.852567150874,-0.852567150874,0,False
momentum_12,6,30,4,20,2,0.5,"4,10",1,8682,-0.844975799531,13543.5,-0.623897662739,-9.7325017223e-05,-9.73250172231e-05,1.55995162405,1.55995162405,-0.000253320179628,-0.000253320179628,-2.21908477354,-2.21908477354,0,False
momentum_12,6,30,4,20,2,0.5,"4,10",2,8682,-0.844975799531,13543.5,-0.623897662739,-9.7325017223e-05,-9.73250172231e-05,1.55995162405,1.55995162405,-0.000409315342033,-0.000409315342033,-3.58560239621,-3.58560239621,0,False
momentum_12,6,30,4,20,2,0.5,"4,10",5,8682,-0.844975799531,13543.5,-0.623897662739,-9.7325017223e-05,-9.73250172231e-05,1.55995162405,1.55995162405,-0.000877300829248,-0.000877300829248,-7.68515526421,-7.68515526421,0,False
momentum_12,6,30,4,20,2,0.5,"4,10",10,8682,-0.844975799531,13543.5,-0.623897662739,-9.7325017223e-05,-9.73250172231e-05,1.55995162405,1.55995162405,-0.00165727664127,-0.00165727664127,-14.5177433776,-14.5177433776,0,False
momentum_12,6,30,5,25,2,0.5,"5,11",0,8682,-0.638222137946,13499.5,-0.472774649392,-7.35109580679e-05,-7.3510958068e-05,1.55488366735,1.55488366736,-7.35109580679e-05,-7.3510958068e-05,-0.643955992674,-0.643955992675,0,False
momentum_12,6,30,5,25,2,0.5,"5,11",1,8682,-0.638222137946,13499.5,-0.472774649392,-7.35109580679e-05,-7.3510958068e-05,1.55488366735,1.55488366736,-0.000228999324803,-0.000228999324804,-2.00603408528,-2.00603408528,0,False
momentum_12,6,30,5,25,2,0.5,"5,11",2,8682,-0.638222137946,13499.5,-0.472774649392,-7.35109580679e-05,-7.3510958068e-05,1.55488366735,1.55488366736,-0.000384487691539,-0.000384487691539,-3.36811217788,-3.36811217788,0,False
momentum_12,6,30,5,25,2,0.5,"5,11",5,8682,-0.638222137946,13499.5,-0.472774649392,-7.35109580679e-05,-7.3510958068e-05,1.55488366735,1.55488366736,-0.000850952791745,-0.000850952791746,-7.45434645569,-7.45434645569,0,False
momentum_12,6,30,5,25,2,0.5,"5,11",10,8682,-0.638222137946,13499.5,-0.472774649392,-7.35109580679e-05,-7.3510958068e-05,1.55488366735,1.55488366736,-0.00162839462542,-0.00162839462542,-14.2647369187,-14.2647369187,0,False
momentum_12,12,60,0,0,1,1,0,0,4341,-0.429913311829,6777.99999998,-0.634277532945,-9.90355475304e-05,-9.90355475303e-05,1.56139138447,1.56139138447,-9.90355475304e-05,-9.90355475303e-05,-0.867551396366,-0.867551396365,0,False
momentum_12,12,60,0,0,1,1,0,1,4341,-0.429913311829,6777.99999998,-0.634277532945,-9.90355475304e-05,-9.90355475303e-05,1.56139138447,1.56139138447,-0.000255174685977,-0.000255174685977,-2.23533024916,-2.23533024916,0,False
momentum_12,12,60,0,0,1,1,0,2,4341,-0.429913311829,6777.99999998,-0.634277532945,-9.90355475304e-05,-9.90355475303e-05,1.56139138447,1.56139138447,-0.000411313824424,-0.000411313824424,-3.60310910196,-3.60310910196,0,False
momentum_12,12,60,0,0,1,1,0,5,4341,-0.429913311829,6777.99999998,-0.634277532945,-9.90355475304e-05,-9.90355475303e-05,1.56139138447,1.56139138447,-0.000879731239765,-0.000879731239765,-7.70644566034,-7.70644566034,0,False
momentum_12,12,60,0,0,1,1,0,10,4341,-0.429913311829,6777.99999998,-0.634277532945,-9.90355475304e-05,-9.90355475303e-05,1.56139138447,1.56139138447,-0.001660426932,-0.001660426932,-14.5453399243,-14.5453399243,0,False
momentum_12,12,60,1,5,1,1,1,0,4341,-0.557466260033,6791.24999999,-0.820859576711,-0.000128418857414,-0.000128418857414,1.56444367657,1.56444367657,-0.000128418857414,-0.000128418857414,-1.12494919095,-1.12494919094,0,False
momentum_12,12,60,1,5,1,1,1,1,4341,-0.557466260033,6791.24999999,-0.820859576711,-0.000128418857414,-0.000128418857414,1.56444367657,1.56444367657,-0.000284863225071,-0.000284863225071,-2.49540185162,-2.49540185162,0,False
momentum_12,12,60,1,5,1,1,1,2,4341,-0.557466260033,6791.24999999,-0.820859576711,-0.000128418857414,-0.000128418857414,1.56444367657,1.56444367657,-0.000441307592728,-0.000441307592728,-3.8658545123,-3.86585451229,0,False
momentum_12,12,60,1,5,1,1,1,5,4341,-0.557466260033,6791.24999999,-0.820859576711,-0.000128418857414,-0.000128418857414,1.56444367657,1.56444367657,-0.000910640695699,-0.000910640695699,-7.97721249432,-7.97721249432,0,False
momentum_12,12,60,1,5,1,1,1,10,4341,-0.557466260033,6791.24999999,-0.820859576711,-0.000128418857414,-0.000128418857414,1.56444367657,1.56444367657,-0.00169286253398,-0.00169286253398,-14.8294757977,-14.8294757977,0,False
momentum_12,12,60,2,10,1,1,2,0,4341,-0.382972458094,6759.5,-0.56656921088,-8.82221741751e-05,-8.82221741751e-05,1.55712969362,1.55712969362,-8.82221741751e-05,-8.82221741751e-05,-0.772826245774,-0.772826245774,0,False
momentum_12,12,60,2,10,1,1,2,1,4341,-0.382972458094,6759.5,-0.56656921088,-8.82221741751e-05,-8.82221741751e-05,1.55712969362,1.55712969362,-0.000243935143537,-0.000243935143537,-2.13687185738,-2.13687185738,0,False
momentum_12,12,60,2,10,1,1,2,2,4341,-0.382972458094,6759.5,-0.56656921088,-8.82221741751e-05,-8.82221741751e-05,1.55712969362,1.55712969362,-0.000399648112899,-0.000399648112899,-3.500917469,-3.50091746899,0,False
momentum_12,12,60,2,10,1,1,2,5,4341,-0.382972458094,6759.5,-0.56656921088,-8.82221741751e-05,-8.82221741751e-05,1.55712969362,1.55712969362,-0.000866787020985,-0.000866787020985,-7.59305430383,-7.59305430382,0,False
momentum_12,12,60,2,10,1,1,2,10,4341,-0.382972458094,6759.5,-0.56656921088,-8.82221741751e-05,-8.82221741751e-05,1.55712969362,1.55712969362,-0.0016453518678,-0.00164535186779,-14.4132823619,-14.4132823619,0,False
momentum_12,12,60,3,15,1,1,3,0,4341,-0.35163900434,6758.24999998,-0.520310737752,-8.10041475099e-05,-8.10041475098e-05,1.55684174153,1.55684174153,-8.10041475099e-05,-8.10041475098e-05,-0.709596332187,-0.709596332186,0,False
momentum_12,12,60,3,15,1,1,3,1,4341,-0.35163900434,6758.24999998,-0.520310737752,-8.10041475099e-05,-8.10041475098e-05,1.55684174153,1.55684174153,-0.000236688321663,-0.000236688321663,-2.07338969777,-2.07338969777,0,False
momentum_12,12,60,3,15,1,1,3,2,4341,-0.35163900434,6758.24999998,-0.520310737752,-8.10041475099e-05,-8.10041475098e-05,1.55684174153,1.55684174153,-0.000392372495816,-0.000392372495816,-3.43718306335,-3.43718306335,0,False
momentum_12,12,60,3,15,1,1,3,5,4341,-0.35163900434,6758.24999998,-0.520310737752,-8.10041475099e-05,-8.10041475098e-05,1.55684174153,1.55684174153,-0.000859425018275,-0.000859425018275,-7.52856316009,-7.52856316009,0,False
momentum_12,12,60,3,15,1,1,3,10,4341,-0.35163900434,6758.24999998,-0.520310737752,-8.10041475099e-05,-8.10041475098e-05,1.55684174153,1.55684174153,-0.00163784588904,-0.00163784588904,-14.347529988,-14.347529988,0,False
momentum_12,12,60,4,20,1,1,4,0,4341,-0.393163781847,6755.99999999,-0.581947575263,-9.05698645121e-05,-9.05698645121e-05,1.55632342778,1.55632342778,-9.05698645121e-05,-9.05698645121e-05,-0.793392013126,-0.793392013126,0,False
momentum_12,12,60,4,20,1,1,4,1,4341,-0.393163781847,6755.99999999,-0.581947575263,-9.05698645121e-05,-9.05698645121e-05,1.55632342778,1.55632342778,-0.00024620220729,-0.00024620220729,-2.15673133586,-2.15673133586,0,False
momentum_12,12,60,4,20,1,1,4,2,4341,-0.393163781847,6755.99999999,-0.581947575263,-9.05698645121e-05,-9.05698645121e-05,1.55632342778,1.55632342778,-0.000401834550068,-0.000401834550068,-3.5200706586,-3.5200706586,0,False
momentum_12,12,60,4,20,1,1,4,5,4341,-0.393163781847,6755.99999999,-0.581947575263,-9.05698645121e-05,-9.05698645121e-05,1.55632342778,1.55632342778,-0.000868731578402,-0.000868731578402,-7.6100886268,-7.6100886268,0,False
momentum_12,12,60,4,20,1,1,4,10,4341,-0.393163781847,6755.99999999,-0.581947575263,-9.05698645121e-05,-9.05698645121e-05,1.55632342778,1.55632342778,-0.00164689329229,-0.00164689329229,-14.4267852405,-14.4267852405,0,False
momentum_12,12,60,5,25,1,1,5,0,4341,-0.345324760972,6729.49999998,-0.513150696148,-7.95495878764e-05,-7.95495878765e-05,1.55021884358,1.55021884358,-7.95495878764e-05,-7.95495878765e-05,-0.696854389797,-0.696854389798,0,False
momentum_12,12,60,5,25,1,1,5,1,4341,-0.345324760972,6729.49999998,-0.513150696148,-7.95495878764e-05,-7.95495878765e-05,1.55021884358,1.55021884358,-0.000234571472234,-0.000234571472235,-2.05484609677,-2.05484609677,0,False
momentum_12,12,60,5,25,1,1,5,2,4341,-0.345324760972,6729.49999998,-0.513150696148,-7.95495878764e-05,-7.95495878765e-05,1.55021884358,1.55021884358,-0.000389593356592,-0.000389593356592,-3.41283780375,-3.41283780375,0,False
momentum_12,12,60,5,25,1,1,5,5,4341,-0.345324760972,6729.49999998,-0.513150696148,-7.95495878764e-05,-7.95495878765e-05,1.55021884358,1.55021884358,-0.000854659009666,-0.000854659009666,-7.48681292468,-7.48681292468,0,False
momentum_12,12,60,5,25,1,1,5,10,4341,-0.345324760972,6729.49999998,-0.513150696148,-7.95495878764e-05,-7.95495878765e-05,1.55021884358,1.55021884358,-0.00162976843146,-0.00162976843146,-14.2767714596,-14.2767714596,0,False
momentum_12,12,60,6,30,1,1,6,0,4341,-0.375687255622,6742.74999999,-0.557172156201,-8.65439427831e-05,-8.65439427832e-05,1.55327113568,1.55327113568,-8.65439427831e-05,-8.65439427832e-05,-0.75812493878,-0.758124938781,0,False
momentum_12,12,60,6,30,1,1,6,1,4341,-0.375687255622,6742.74999999,-0.557172156201,-8.65439427831e-05,-8.65439427832e-05,1.55327113568,1.55327113568,-0.000241871056351,-0.000241871056351,-2.11879045364,-2.11879045364,0,False
momentum_12,12,60,6,30,1,1,6,2,4341,-0.375687255622,6742.74999999,-0.557172156201,-8.65439427831e-05,-8.65439427832e-05,1.55327113568,1.55327113568,-0.000397198169919,-0.000397198169919,-3.47945596849,-3.47945596849,0,False
momentum_12,12,60,6,30,1,1,6,5,4341,-0.375687255622,6742.74999999,-0.557172156201,-8.65439427831e-05,-8.65439427832e-05,1.55327113568,1.55327113568,-0.000863179510623,-0.000863179510624,-7.56145251306,-7.56145251306,0,False
momentum_12,12,60,6,30,1,1,6,10,4341,-0.375687255622,6742.74999999,-0.557172156201,-8.65439427831e-05,-8.65439427832e-05,1.55327113568,1.55327113568,-0.00163981507846,-0.00163981507846,-14.3647800873,-14.3647800873,0,False
momentum_12,12,60,7,35,1,1,7,0,4341,-0.543262110818,6763.75000001,-0.803196615512,-0.000125146765911,-0.000125146765911,1.55810873071,1.55810873071,-0.000125146765911,-0.000125146765911,-1.09628566938,-1.09628566938,0,False
momentum_12,12,60,7,35,1,1,7,1,4341,-0.543262110818,6763.75000001,-0.803196615512,-0.000125146765911,-0.000125146765911,1.55810873071,1.55810873071,-0.000280957638982,-0.000280957638982,-2.46118891748,-2.46118891748,0,False
momentum_12,12,60,7,35,1,1,7,2,4341,-0.543262110818,6763.75000001,-0.803196615512,-0.000125146765911,-0.000125146765911,1.55810873071,1.55810873071,-0.000436768512053,-0.000436768512053,-3.82609216558,-3.82609216558,0,False
momentum_12,12,60,7,35,1,1,7,5,4341,-0.543262110818,6763.75000001,-0.803196615512,-0.000125146765911,-0.000125146765911,1.55810873071,1.55810873071,-0.000904201131266,-0.000904201131265,-7.92080190989,-7.92080190988,0,False
momentum_12,12,60,7,35,1,1,7,10,4341,-0.543262110818,6763.75000001,-0.803196615512,-0.000125146765911,-0.000125146765911,1.55810873071,1.55810873071,-0.00168325549662,-0.00168325549662,-14.7453181504,-14.7453181504,0,False
momentum_12,12,60,8,40,1,1,8,0,4341,-0.372488016949,6738,-0.552816884757,-8.58069608268e-05,-8.58069608268e-05,1.55217691776,1.55217691776,-8.58069608268e-05,-8.58069608268e-05,-0.751668976843,-0.751668976842,0,False
momentum_12,12,60,8,40,1,1,8,1,4341,-0.372488016949,6738,-0.552816884757,-8.58069608268e-05,-8.58069608268e-05,1.55217691776,1.55217691776,-0.000241024652603,-0.000241024652603,-2.1113759568,-2.1113759568,0,False
momentum_12,12,60,8,40,1,1,8,2,4341,-0.372488016949,6738,-0.552816884757,-8.58069608268e-05,-8.58069608268e-05,1.55217691776,1.55217691776,-0.000396242344379,-0.000396242344379,-3.47108293676,-3.47108293676,0,False
momentum_12,12,60,8,40,1,1,8,5,4341,-0.372488016949,6738,-0.552816884757,-8.58069608268e-05,-8.58069608268e-05,1.55217691776,1.55217691776,-0.000861895419707,-0.000861895419707,-7.55020387663,-7.55020387664,0,False
momentum_12,12,60,8,40,1,1,8,10,4341,-0.372488016949,6738,-0.552816884757,-8.58069608268e-05,-8.58069608268e-05,1.55217691776,1.55217691776,-0.00163798387859,-0.00163798387859,-14.3487387764,-14.3487387764,0,False
momentum_12,12,60,9,45,1,1,9,0,4341,-0.397863401656,6781.75000001,-0.586667750441,-9.16524767694e-05,-9.16524767694e-05,1.56225524073,1.56225524073,-9.16524767694e-05,-9.16524767694e-05,-0.8028756965,-0.8028756965,0,False
momentum_12,12,60,9,45,1,1,9,1,4341,-0.397863401656,6781.75000001,-0.586667750441,-9.16524767694e-05,-9.16524767694e-05,1.56225524073,1.56225524073,-0.000247878000842,-0.000247878000842,-2.17141128738,-2.17141128738,0,False
momentum_12,12,60,9,45,1,1,9,2,4341,-0.397863401656,6781.75000001,-0.586667750441,-9.16524767694e-05,-9.16524767694e-05,1.56225524073,1.56225524073,-0.000404103524915,-0.000404103524915,-3.53994687826,-3.53994687826,0,False
momentum_12,12,60,9,45,1,1,9,5,4341,-0.397863401656,6781.75000001,-0.586667750441,-9.16524767694e-05,-9.16524767694e-05,1.56225524073,1.56225524073,-0.000872780097134,-0.000872780097135,-7.6455536509,-7.6455536509,0,False
momentum_12,12,60,9,45,1,1,9,10,4341,-0.397863401656,6781.75000001,-0.586667750441,-9.16524767694e-05,-9.16524767694e-05,1.56225524073,1.56225524073,-0.0016539077175,-0.0016539077175,-14.4882316053,-14.4882316053,0,False
momentum_12,12,60,10,50,1,1,10,0,4341,-0.451812017684,6787.50000001,-0.665653064727,-0.000104080169934,-0.000104080169934,1.56357982032,1.56357982032,-0.000104080169934,-0.000104080169934,-0.911742288622,-0.911742288623,0,False
momentum_12,12,60,10,50,1,1,10,1,4341,-0.451812017684,6787.50000001,-0.665653064727,-0.000104080169934,-0.000104080169934,1.56357982032,1.56357982032,-0.000260438151966,-0.000260438151966,-2.28143821122,-2.28143821122,0,False
momentum_12,12,60,10,50,1,1,10,2,4341,-0.451812017684,6787.50000001,-0.665653064727,-0.000104080169934,-0.000104080169934,1.56357982032,1.56357982032,-0.000416796133998,-0.000416796133998,-3.65113413382,-3.65113413382,0,False
momentum_12,12,60,10,50,1,1,10,5,4341,-0.451812017684,6787.50000001,-0.665653064727,-0.000104080169934,-0.000104080169934,1.56357982032,1.56357982032,-0.000885870080094,-0.000885870080094,-7.76022190162,-7.76022190163,0,False
momentum_12,12,60,10,50,1,1,10,10,4341,-0.451812017684,6787.50000001,-0.665653064727,-0.000104080169934,-0.000104080169934,1.56357982032,1.56357982032,-0.00166765999025,-0.00166765999025,-14.6087015146,-14.6087015146,0,False
momentum_12,12,60,11,55,1,1,11,0,4341,-0.292897376974,6770,-0.432640143241,-6.74723282593e-05,-6.74723282594e-05,1.55954849113,1.55954849113,-6.74723282593e-05,-6.74723282594e-05,-0.591057595551,-0.591057595552,0,False
momentum_12,12,60,11,55,1,1,11,1,4341,-0.292897376974,6770,-0.432640143241,-6.74723282593e-05,-6.74723282594e-05,1.55954849113,1.55954849113,-0.000223427177372,-0.000223427177372,-1.95722207378,-1.95722207378,0,False
momentum_12,12,60,11,55,1,1,11,2,4341,-0.292897376974,6770,-0.432640143241,-6.74723282593e-05,-6.74723282594e-05,1.55954849113,1.55954849113,-0.000379382026485,-0.000379382026486,-3.32338655201,-3.32338655201,0,False
momentum_12,12,60,11,55,1,1,11,5,4341,-0.292897376974,6770,-0.432640143241,-6.74723282593e-05,-6.74723282594e-05,1.55954849113,1.55954849113,-0.000847246573824,-0.000847246573825,-7.4218799867,-7.42187998671,0,False
momentum_12,12,60,11,55,1,1,11,10,4341,-0.292897376974,6770,-0.432640143241,-6.74723282593e-05,-6.74723282594e-05,1.55954849113,1.55954849113,-0.00162702081939,-0.00162702081939,-14.2527023779,-14.2527023779,0,False
reversal_12,1,5,0,0,12,0.0833333333333,"0,1,2,3,4,5,6,7,8,9,10,11",0,52092,4.88678728877,81149.7499999,0.602193757685,9.38107058429e-05,9.38107058429e-05,1.55781597942,1.55781597942,9.38107058429e-05,9.38107058429e-05,0.821781783184,0.821781783184,1,True
reversal_12,1,5,0,0,12,0.0833333333333,"0,1,2,3,4,5,6,7,8,9,10,11",1,52092,4.88678728877,81149.7499999,0.602193757685,9.38107058429e-05,9.38107058429e-05,1.55781597942,1.55781597942,-6.19708920991e-05,-6.19708920991e-05,-0.542865014788,-0.542865014788,0,False
reversal_12,1,5,0,0,12,0.0833333333333,"0,1,2,3,4,5,6,7,8,9,10,11",2,52092,4.88678728877,81149.7499999,0.602193757685,9.38107058429e-05,9.38107058429e-05,1.55781597942,1.55781597942,-0.000217752490041,-0.000217752490041,-1.90751181276,-1.90751181276,0,False
reversal_12,1,5,0,0,12,0.0833333333333,"0,1,2,3,4,5,6,7,8,9,10,11",5,52092,4.88678728877,81149.7499999,0.602193757685,9.38107058429e-05,9.38107058429e-05,1.55781597942,1.55781597942,-0.000685097283867,-0.000685097283867,-6.00145220668,-6.00145220668,0,False
reversal_12,1,5,0,0,12,0.0833333333333,"0,1,2,3,4,5,6,7,8,9,10,11",10,52092,4.88678728877,81149.7499999,0.602193757685,9.38107058429e-05,9.38107058429e-05,1.55781597942,1.55781597942,-0.00146400527358,-0.00146400527358,-12.8246861965,-12.8246861965,0,False
reversal_12,3,15,0,0,4,0.25,"0,3,6,9",0,17364,1.56521218429,27057,0.578486966141,9.01412223154e-05,9.01412223155e-05,1.55822391154,1.55822391154,9.01412223154e-05,9.01412223155e-05,0.789637107483,0.789637107484,1,True
reversal_12,3,15,0,0,4,0.25,"0,3,6,9",1,17364,1.56521218429,27057,0.578486966141,9.01412223154e-05,9.01412223155e-05,1.55822391154,1.55822391154,-6.56811688386e-05,-6.56811688385e-05,-0.575367039026,-0.575367039025,0,False
reversal_12,3,15,0,0,4,0.25,"0,3,6,9",2,17364,1.56521218429,27057,0.578486966141,9.01412223154e-05,9.01412223155e-05,1.55822391154,1.55822391154,-0.000221503559993,-0.000221503559993,-1.94037118553,-1.94037118553,0,False
reversal_12,3,15,0,0,4,0.25,"0,3,6,9",5,17364,1.56521218429,27057,0.578486966141,9.01412223154e-05,9.01412223155e-05,1.55822391154,1.55822391154,-0.000688970733455,-0.000688970733455,-6.03538362506,-6.03538362506,0,False
reversal_12,3,15,0,0,4,0.25,"0,3,6,9",10,17364,1.56521218429,27057,0.578486966141,9.01412223154e-05,9.01412223155e-05,1.55822391154,1.55822391154,-0.00146808268922,-0.00146808268922,-12.8604043576,-12.8604043576,0,False
reversal_12,3,15,1,5,4,0.25,"1,4,7,10",0,17364,1.9356994043,27096.25,0.714379076183,0.000111477735793,0.000111477735793,1.56048433541,1.56048433541,0.000111477735793,0.000111477735793,0.976544965544,0.976544965544,1,True
reversal_12,3,15,1,5,4,0.25,"1,4,7,10",1,17364,1.9356994043,27096.25,0.714379076183,0.000111477735793,0.000111477735793,1.56048433541,1.56048433541,-4.4570697748e-05,-4.45706977481e-05,-0.390439312273,-0.390439312273,0,False
reversal_12,3,15,1,5,4,0.25,"1,4,7,10",2,17364,1.9356994043,27096.25,0.714379076183,0.000111477735793,0.000111477735793,1.56048433541,1.56048433541,-0.000200619131289,-0.000200619131289,-1.75742359009,-1.75742359009,0,False
reversal_12,3,15,1,5,4,0.25,"1,4,7,10",5,17364,1.9356994043,27096.25,0.714379076183,0.000111477735793,0.000111477735793,1.56048433541,1.56048433541,-0.000668764431911,-0.000668764431911,-5.85837642354,-5.85837642354,0,False
reversal_12,3,15,1,5,4,0.25,"1,4,7,10",10,17364,1.9356994043,27096.25,0.714379076183,0.000111477735793,0.000111477735793,1.56048433541,1.56048433541,-0.00144900659961,-0.00144900659962,-12.6932978126,-12.6932978126,0,False
reversal_12,3,15,2,10,4,0.25,"2,5,8,11",0,17364,1.38587570018,26996.4999999,0.513353842232,7.98131594206e-05,7.98131594206e-05,1.55473969131,1.55473969131,7.98131594206e-05,7.98131594206e-05,0.699163276525,0.699163276524,1,True
reversal_12,3,15,2,10,4,0.25,"2,5,8,11",1,17364,1.38587570018,26996.4999999,0.513353842232,7.98131594206e-05,7.98131594206e-05,1.55473969131,1.55473969131,-7.56608097106e-05,-7.56608097107e-05,-0.662788693065,-0.662788693065,0,False
reversal_12,3,15,2,10,4,0.25,"2,5,8,11",2,17364,1.38587570018,26996.4999999,0.513353842232,7.98131594206e-05,7.98131594206e-05,1.55473969131,1.55473969131,-0.000231134778842,-0.000231134778842,-2.02474066265,-2.02474066266,0,False
reversal_12,3,15,2,10,4,0.25,"2,5,8,11",5,17364,1.38587570018,26996.4999999,0.513353842232,7.98131594206e-05,7.98131594206e-05,1.55473969131,1.55473969131,-0.000697556686236,-0.000697556686236,-6.11059657142,-6.11059657142,0,False
reversal_12,3,15,2,10,4,0.25,"2,5,8,11",10,17364,1.38587570018,26996.4999999,0.513353842232,7.98131594206e-05,7.98131594206e-05,1.55473969131,1.55473969131,-0.00147492653189,-0.00147492653189,-12.9203564194,-12.9203564194,0,False
reversal_12,6,30,0,0,2,0.5,"0,6",0,8682,0.810700455282,13519.5,0.599652690767,9.33771544899e-05,9.337715449e-05,1.55718728404,1.55718728403,9.33771544899e-05,9.337715449e-05,0.817983873332,0.817983873332,1,True
reversal_12,6,30,0,0,2,0.5,"0,6",1,8682,0.810700455282,13519.5,0.599652690767,9.33771544899e-05,9.337715449e-05,1.55718728404,1.55718728403,-6.23415739136e-05,-6.23415739135e-05,-0.546112187483,-0.546112187482,0,False
reversal_12,6,30,0,0,2,0.5,"0,6",2,8682,0.810700455282,13519.5,0.599652690767,9.33771544899e-05,9.337715449e-05,1.55718728404,1.55718728403,-0.000218060302317,-0.000218060302317,-1.9102082483,-1.9102082483,0,False
reversal_12,6,30,0,0,2,0.5,"0,6",5,8682,0.810700455282,13519.5,0.599652690767,9.33771544899e-05,9.337715449e-05,1.55718728404,1.55718728403,-0.000685216487528,-0.000685216487527,-6.00249643074,-6.00249643074,0,False
reversal_12,6,30,0,0,2,0.5,"0,6",10,8682,0.810700455282,13519.5,0.599652690767,9.33771544899e-05,9.337715449e-05,1.55718728404,1.55718728403,-0.00146381012955,-0.00146381012954,-12.8229767348,-12.8229767348,0,False
reversal_12,6,30,1,5,2,0.5,"1,7",0,8682,1.09282617292,13555.25,0.806201414888,0.000125872629915,0.000125872629915,1.56130499885,1.56130499885,0.000125872629915,0.000125872629915,1.10264423805,1.10264423805,1,True
reversal_12,6,30,1,5,2,0.5,"1,7",1,8682,1.09282617292,13555.25,0.806201414888,0.000125872629915,0.000125872629915,1.56130499885,1.56130499885,-3.02578699705e-05,-3.02578699705e-05,-0.265058940942,-0.265058940942,0,False
reversal_12,6,30,1,5,2,0.5,"1,7",2,8682,1.09282617292,13555.25,0.806201414888,0.000125872629915,0.000125872629915,1.56130499885,1.56130499885,-0.000186388369855,-0.000186388369856,-1.63276211993,-1.63276211993,0,False
reversal_12,6,30,1,5,2,0.5,"1,7",5,8682,1.09282617292,13555.25,0.806201414888,0.000125872629915,0.000125872629915,1.56130499885,1.56130499885,-0.00065477986951,-0.000654779869511,-5.73587165691,-5.73587165691,0,False
reversal_12,6,30,1,5,2,0.5,"1,7",10,8682,1.09282617292,13555.25,0.806201414888,0.000125872629915,0.000125872629915,1.56130499885,1.56130499885,-0.00143543236894,-0.00143543236894,-12.5743875519,-12.5743875519,0,False
reversal_12,6,30,2,10,2,0.5,"2,8",0,8682,0.762032252337,13498,0.564551972395,8.777151029e-05,8.77715102899e-05,1.55471089611,1.5547108961,8.777151029e-05,8.77715102899e-05,0.76887843014,0.76887843014,1,True
reversal_12,6,30,2,10,2,0.5,"2,8",1,8682,0.762032252337,13498,0.564551972395,8.777151029e-05,8.77715102899e-05,1.55471089611,1.5547108961,-6.76995793205e-05,-6.76995793205e-05,-0.593048314848,-0.593048314848,0,False
reversal_12,6,30,2,10,2,0.5,"2,8",2,8682,0.762032252337,13498,0.564551972395,8.777151029e-05,8.77715102899e-05,1.55471089611,1.5547108961,-0.000223170668931,-0.000223170668931,-1.95497505984,-1.95497505984,0,False
reversal_12,6,30,2,10,2,0.5,"2,8",5,8682,0.762032252337,13498,0.564551972395,8.777151029e-05,8.77715102899e-05,1.55471089611,1.5547108961,-0.000689583937762,-0.000689583937762,-6.0407552948,-6.0407552948,0,False
reversal_12,6,30,2,10,2,0.5,"2,8",10,8682,0.762032252337,13498,0.564551972395,8.777151029e-05,8.77715102899e-05,1.55471089611,1.5547108961,-0.00146693938582,-0.00146693938581,-12.8503890197,-12.8503890197,0,False
reversal_12,6,30,3,15,2,0.5,"3,9",0,8682,0.754511729004,13537.5,0.557349384306,8.69052901409e-05,8.6905290141e-05,1.55926053904,1.55926053905,8.69052901409e-05,8.6905290141e-05,0.761290341635,0.761290341635,1,True
reversal_12,6,30,3,15,2,0.5,"3,9",1,8682,0.754511729004,13537.5,0.557349384306,8.69052901409e-05,8.6905290141e-05,1.55926053904,1.55926053905,-6.90207637636e-05,-6.90207637635e-05,-0.604621890569,-0.604621890569,0,False
reversal_12,6,30,3,15,2,0.5,"3,9",2,8682,0.754511729004,13537.5,0.557349384306,8.69052901409e-05,8.6905290141e-05,1.55926053904,1.55926053905,-0.000224946817668,-0.000224946817668,-1.97053412277,-1.97053412277,0,False
reversal_12,6,30,3,15,2,0.5,"3,9",5,8682,0.754511729004,13537.5,0.557349384306,8.69052901409e-05,8.6905290141e-05,1.55926053904,1.55926053905,-0.000692724979382,-0.000692724979382,-6.06827081938,-6.06827081938,0,False
reversal_12,6,30,3,15,2,0.5,"3,9",10,8682,0.754511729004,13537.5,0.557349384306,8.69052901409e-05,8.6905290141e-05,1.55926053904,1.55926053905,-0.0014723552489,-0.0014723552489,-12.8978319804,-12.8978319804,0,False
reversal_12,6,30,4,20,2,0.5,"4,10",0,8682,0.842873231386,13541,0.622460107367,9.70828416709e-05,9.70828416708e-05,1.55966367197,1.55966367196,9.70828416709e-05,9.70828416708e-05,0.850445693038,0.850445693036,1,True
reversal_12,6,30,4,20,2,0.5,"4,10",1,8682,0.842873231386,13541,0.622460107367,9.70828416709e-05,9.70828416708e-05,1.55966367197,1.55966367196,-5.88835255256e-05,-5.88835255257e-05,-0.515819683604,-0.515819683605,0,False
reversal_12,6,30,4,20,2,0.5,"4,10",2,8682,0.842873231386,13541,0.622460107367,9.70828416709e-05,9.70828416708e-05,1.55966367197,1.55966367196,-0.000214849892722,-0.000214849892722,-1.88208506025,-1.88208506025,0,False
reversal_12,6,30,4,20,2,0.5,"4,10",5,8682,0.842873231386,13541,0.622460107367,9.70828416709e-05,9.70828416708e-05,1.55966367197,1.55966367196,-0.000682748994312,-0.000682748994312,-5.98088119017,-5.98088119017,0,False
reversal_12,6,30,4,20,2,0.5,"4,10",10,8682,0.842873231386,13541,0.622460107367,9.70828416709e-05,9.70828416708e-05,1.55966367197,1.55966367196,-0.00146258083029,-0.00146258083029,-12.8122080734,-12.8122080734,0,False
reversal_12,6,30,5,25,2,0.5,"5,11",0,8682,0.623843447842,13498.5,0.462157608507,7.18548085513e-05,7.18548085513e-05,1.55476848652,1.55476848652,7.18548085513e-05,7.18548085513e-05,0.629448122909,0.629448122909,1,True
reversal_12,6,30,5,25,2,0.5,"5,11",1,8682,0.623843447842,13498.5,0.462157608507,7.18548085513e-05,7.18548085513e-05,1.55476848652,1.55476848652,-8.36220401007e-05,-8.36220401008e-05,-0.732529071283,-0.732529071283,0,False
reversal_12,6,30,5,25,2,0.5,"5,11",2,8682,0.623843447842,13498.5,0.462157608507,7.18548085513e-05,7.18548085513e-05,1.55476848652,1.55476848652,-0.000239098888753,-0.000239098888753,-2.09450626547,-2.09450626547,0,False
reversal_12,6,30,5,25,2,0.5,"5,11",5,8682,0.623843447842,13498.5,0.462157608507,7.18548085513e-05,7.18548085513e-05,1.55476848652,1.55476848652,-0.000705529434709,-0.000705529434709,-6.18043784805,-6.18043784805,0,False
reversal_12,6,30,5,25,2,0.5,"5,11",10,8682,0.623843447842,13498.5,0.462157608507,7.18548085513e-05,7.18548085513e-05,1.55476848652,1.55476848652,-0.00148291367797,-0.00148291367797,-12.990323819,-12.990323819,0,False
reversal_12,12,60,0,0,1,1,0,0,4341,0.437096345992,6777.24999999,0.644946469427,0.00010069024326,0.00010069024326,1.56121861322,1.56121861322,0.00010069024326,0.00010069024326,0.882046530958,0.882046530958,1,True
reversal_12,12,60,0,0,1,1,0,1,4341,0.437096345992,6777.24999999,0.644946469427,0.00010069024326,0.00010069024326,1.56121861322,1.56121861322,-5.5431618062e-05,-5.5431618062e-05,-0.485580974223,-0.485580974223,0,False
reversal_12,12,60,0,0,1,1,0,2,4341,0.437096345992,6777.24999999,0.644946469427,0.00010069024326,0.00010069024326,1.56121861322,1.56121861322,-0.000211553479384,-0.000211553479384,-1.8532084794,-1.8532084794,0,False
reversal_12,12,60,0,0,1,1,0,5,4341,0.437096345992,6777.24999999,0.644946469427,0.00010069024326,0.00010069024326,1.56121861322,1.56121861322,-0.00067991906335,-0.00067991906335,-5.95609099495,-5.95609099495,0,False
reversal_12,12,60,0,0,1,1,0,10,4341,0.437096345992,6777.24999999,0.644946469427,0.00010069024326,0.00010069024326,1.56121861322,1.56121861322,-0.00146052836996,-0.00146052836996,-12.7942285208,-12.7942285209,0,False
reversal_12,12,60,1,5,1,1,1,0,4341,0.552359224617,6791.75000002,0.813279676984,0.000127242392218,0.000127242392218,1.56455885741,1.56455885741,0.000127242392218,0.000127242392218,1.11464335583,1.11464335583,1,True
reversal_12,12,60,1,5,1,1,1,1,4341,0.552359224617,6791.75000002,0.813279676984,0.000127242392218,0.000127242392218,1.56455885741,1.56455885741,-2.9213493523e-05,-2.92134935234e-05,-0.255910203261,-0.255910203265,0,False
reversal_12,12,60,1,5,1,1,1,2,4341,0.552359224617,6791.75000002,0.813279676984,0.000127242392218,0.000127242392218,1.56455885741,1.56455885741,-0.000185669379264,-0.000185669379264,-1.62646376235,-1.62646376236,0,False
reversal_12,12,60,1,5,1,1,1,5,4341,0.552359224617,6791.75000002,0.813279676984,0.000127242392218,0.000127242392218,1.56455885741,1.56455885741,-0.000655037036487,-0.000655037036488,-5.73812443963,-5.73812443963,0,False
reversal_12,12,60,1,5,1,1,1,10,4341,0.552359224617,6791.75000002,0.813279676984,0.000127242392218,0.000127242392218,1.56455885741,1.56455885741,-0.00143731646519,-0.00143731646519,-12.5908922351,-12.5908922351,0,False
reversal_12,12,60,2,10,1,1,2,0,4341,0.383853044743,6759.5,0.567871950208,8.84250275843e-05,8.84250275842e-05,1.55712969362,1.55712969362,8.84250275843e-05,8.84250275842e-05,0.774603241638,0.774603241638,1,True
reversal_12,12,60,2,10,1,1,2,1,4341,0.383853044743,6759.5,0.567871950208,8.84250275843e-05,8.84250275842e-05,1.55712969362,1.55712969362,-6.72879417777e-05,-6.72879417777e-05,-0.589442369973,-0.589442369973,0,False
reversal_12,12,60,2,10,1,1,2,2,4341,0.383853044743,6759.5,0.567871950208,8.84250275843e-05,8.84250275842e-05,1.55712969362,1.55712969362,-0.00022300091114,-0.00022300091114,-1.95348798158,-1.95348798158,0,False
reversal_12,12,60,2,10,1,1,2,5,4341,0.383853044743,6759.5,0.567871950208,8.84250275843e-05,8.84250275842e-05,1.55712969362,1.55712969362,-0.000690139819226,-0.000690139819225,-6.04562481642,-6.04562481641,0,False
reversal_12,12,60,2,10,1,1,2,10,4341,0.383853044743,6759.5,0.567871950208,8.84250275843e-05,8.84250275842e-05,1.55712969362,1.55712969362,-0.00146870466604,-0.00146870466603,-12.8658528745,-12.8658528745,0,False
reversal_12,12,60,3,15,1,1,3,0,4341,0.348942516723,6756.74999999,0.516435441186,8.03829801251e-05,8.03829801251e-05,1.55649619903,1.55649619903,8.03829801251e-05,8.03829801251e-05,0.704154905896,0.704154905896,1,True
reversal_12,12,60,3,15,1,1,3,1,4341,0.348942516723,6756.74999999,0.516435441186,8.03829801251e-05,8.03829801251e-05,1.55649619903,1.55649619903,-7.52666397779e-05,-7.52666397779e-05,-0.659335764454,-0.659335764455,0,False
reversal_12,12,60,3,15,1,1,3,2,4341,0.348942516723,6756.74999999,0.516435441186,8.03829801251e-05,8.03829801251e-05,1.55649619903,1.55649619903,-0.000230916259681,-0.000230916259681,-2.0228264348,-2.02282643481,0,False
reversal_12,12,60,3,15,1,1,3,5,4341,0.348942516723,6756.74999999,0.516435441186,8.03829801251e-05,8.03829801251e-05,1.55649619903,1.55649619903,-0.00069786511939,-0.00069786511939,-6.11329844586,-6.11329844586,0,False
reversal_12,12,60,3,15,1,1,3,10,4341,0.348942516723,6756.74999999,0.516435441186,8.03829801251e-05,8.03829801251e-05,1.55649619903,1.55649619903,-0.0014761132189,-0.00147611321891,-12.9307517976,-12.9307517976,0,False
reversal_12,12,60,4,20,1,1,4,0,4341,0.38798679761,6753.49999999,0.574497368195,8.93772857889e-05,8.9377285789e-05,1.55574752361,1.55574752361,8.93772857889e-05,8.9377285789e-05,0.782945023511,0.782945023512,1,True
reversal_12,12,60,4,20,1,1,4,1,4341,0.38798679761,6753.49999999,0.574497368195,8.93772857889e-05,8.9377285789e-05,1.55574752361,1.55574752361,-6.61974665721e-05,-6.6197466572e-05,-0.579889807172,-0.579889807171,0,False
reversal_12,12,60,4,20,1,1,4,2,4341,0.38798679761,6753.49999999,0.574497368195,8.93772857889e-05,8.9377285789e-05,1.55574752361,1.55574752361,-0.000221772218933,-0.000221772218933,-1.94272463785,-1.94272463785,0,False
reversal_12,12,60,4,20,1,1,4,5,4341,0.38798679761,6753.49999999,0.574497368195,8.93772857889e-05,8.9377285789e-05,1.55574752361,1.55574752361,-0.000688496476016,-0.000688496476016,-6.0312291299,-6.0312291299,0,False
reversal_12,12,60,4,20,1,1,4,10,4341,0.38798679761,6753.49999999,0.574497368195,8.93772857889e-05,8.9377285789e-05,1.55574752361,1.55574752361,-0.00146637023782,-0.00146637023782,-12.8454032833,-12.8454032833,0,False
reversal_12,12,60,5,25,1,1,5,0,4341,0.334783540655,6727.99999999,0.497597414767,7.71212947834e-05,7.71212947835e-05,1.54987330108,1.54987330108,7.71212947834e-05,7.71212947835e-05,0.675582542303,0.675582542303,1,True
reversal_12,12,60,5,25,1,1,5,1,4341,0.334783540655,6727.99999999,0.497597414767,7.71212947834e-05,7.71212947835e-05,1.54987330108,1.54987330108,-7.78660353246e-05,-7.78660353246e-05,-0.682106469443,-0.682106469443,0,False
reversal_12,12,60,5,25,1,1,5,2,4341,0.334783540655,6727.99999999,0.497597414767,7.71212947834e-05,7.71212947835e-05,1.54987330108,1.54987330108,-0.000232853365433,-0.000232853365433,-2.03979548119,-2.03979548119,0,False
reversal_12,12,60,5,25,1,1,5,5,4341,0.334783540655,6727.99999999,0.497597414767,7.71212947834e-05,7.71212947835e-05,1.54987330108,1.54987330108,-0.000697815355757,-0.000697815355757,-6.11286251643,-6.11286251643,0,False
reversal_12,12,60,5,25,1,1,5,10,4341,0.334783540655,6727.99999999,0.497597414767,7.71212947834e-05,7.71212947835e-05,1.54987330108,1.54987330108,-0.0014727520063,-0.0014727520063,-12.9013075752,-12.9013075752,0,False
reversal_12,12,60,6,30,1,1,6,0,4341,0.37360410929,6742.25,0.554123785517,8.60640657198e-05,8.60640657199e-05,1.55315595485,1.55315595485,8.60640657198e-05,8.60640657199e-05,0.753921215705,0.753921215706,1,True
reversal_12,12,60,6,30,1,1,6,1,4341,0.37360410929,6742.25,0.554123785517,8.60640657198e-05,8.60640657199e-05,1.55315595485,1.55315595485,-6.92515297652e-05,-6.9251529765e-05,-0.606643400743,-0.606643400742,0,False
reversal_12,12,60,6,30,1,1,6,2,4341,0.37360410929,6742.25,0.554123785517,8.60640657198e-05,8.60640657199e-05,1.55315595485,1.55315595485,-0.00022456712525,-0.00022456712525,-1.96720801719,-1.96720801719,0,False
reversal_12,12,60,6,30,1,1,6,5,4341,0.37360410929,6742.25,0.554123785517,8.60640657198e-05,8.60640657199e-05,1.55315595485,1.55315595485,-0.000690513911705,-0.000690513911705,-6.04890186654,-6.04890186653,0,False
reversal_12,12,60,6,30,1,1,6,10,4341,0.37360410929,6742.25,0.554123785517,8.60640657198e-05,8.60640657199e-05,1.55315595485,1.55315595485,-0.00146709188913,-0.00146709188913,-12.8517249488,-12.8517249488,0,False
reversal_12,12,60,7,35,1,1,7,0,4341,0.540466948301,6763.5,0.799093588085,0.000124502867611,0.000124502867611,1.55805114029,1.55805114029,0.000124502867611,0.000124502867611,1.09064512027,1.09064512028,1,True
reversal_12,12,60,7,35,1,1,7,1,4341,0.540466948301,6763.5,0.799093588085,0.000124502867611,0.000124502867611,1.55805114029,1.55805114029,-3.1302246418e-05,-3.13022464176e-05,-0.274207678622,-0.274207678619,0,False
reversal_12,12,60,7,35,1,1,7,2,4341,0.540466948301,6763.5,0.799093588085,0.000124502867611,0.000124502867611,1.55805114029,1.55805114029,-0.000187107360447,-0.000187107360447,-1.63906047752,-1.63906047751,0,False
reversal_12,12,60,7,35,1,1,7,5,4341,0.540466948301,6763.5,0.799093588085,0.000124502867611,0.000124502867611,1.55805114029,1.55805114029,-0.000654522702534,-0.000654522702534,-5.7336188742,-5.7336188742,0,False
reversal_12,12,60,7,35,1,1,7,10,4341,0.540466948301,6763.5,0.799093588085,0.000124502867611,0.000124502867611,1.55805114029,1.55805114029,-0.00143354827268,-0.00143354827268,-12.5578828687,-12.5578828687,0,False
reversal_12,12,60,8,40,1,1,8,0,4341,0.378179207594,6738.49999998,0.561221648134,8.71179929957e-05,8.71179929956e-05,1.55229209859,1.55229209859,8.71179929957e-05,8.71179929956e-05,0.763153618642,0.763153618642,1,True
reversal_12,12,60,8,40,1,1,8,1,4341,0.378179207594,6738.49999998,0.561221648134,8.71179929957e-05,8.71179929956e-05,1.55229209859,1.55229209859,-6.81112168633e-05,-6.81112168634e-05,-0.596654259723,-0.596654259723,0,False
reversal_12,12,60,8,40,1,1,8,2,4341,0.378179207594,6738.49999998,0.561221648134,8.71179929957e-05,8.71179929956e-05,1.55229209859,1.55229209859,-0.000223340426722,-0.000223340426722,-1.95646213809,-1.95646213809,0,False
reversal_12,12,60,8,40,1,1,8,5,4341,0.378179207594,6738.49999998,0.561221648134,8.71179929957e-05,8.71179929956e-05,1.55229209859,1.55229209859,-0.000689028056299,-0.000689028056299,-6.03588577318,-6.03588577318,0,False
reversal_12,12,60,8,40,1,1,8,10,4341,0.378179207594,6738.49999998,0.561221648134,8.71179929957e-05,8.71179929956e-05,1.55229209859,1.55229209859,-0.00146517410559,-0.00146517410559,-12.834925165,-12.834925165,0,False
reversal_12,12,60,9,45,1,1,9,0,4341,0.405569212281,6780.75,0.598118515328,9.34276001568e-05,9.34276001569e-05,1.56202487906,1.56202487906,9.34276001568e-05,9.34276001569e-05,0.818425777374,0.818425777374,1,True
reversal_12,12,60,9,45,1,1,9,1,4341,0.405569212281,6780.75,0.598118515328,9.34276001568e-05,9.34276001569e-05,1.56202487906,1.56202487906,-6.27748877492e-05,-6.27748877491e-05,-0.549908016683,-0.549908016682,0,False
reversal_12,12,60,9,45,1,1,9,2,4341,0.405569212281,6780.75,0.598118515328,9.34276001568e-05,9.34276001569e-05,1.56202487906,1.56202487906,-0.000218977375655,-0.000218977375655,-1.91824181074,-1.91824181074,0,False
reversal_12,12,60,9,45,1,1,9,5,4341,0.405569212281,6780.75,0.598118515328,9.34276001568e-05,9.34276001569e-05,1.56202487906,1.56202487906,-0.000687584839373,-0.000687584839373,-6.02324319291,-6.02324319291,0,False
reversal_12,12,60,9,45,1,1,9,10,4341,0.405569212281,6780.75,0.598118515328,9.34276001568e-05,9.34276001569e-05,1.56202487906,1.56202487906,-0.0014685972789,-0.0014685972789,-12.8649121632,-12.8649121632,0,False
reversal_12,12,60,10,50,1,1,10,0,4341,0.454886433776,6787.50000001,0.670182591198,0.000104788397553,0.000104788397553,1.56357982032,1.56357982032,0.000104788397553,0.000104788397553,0.917946362564,0.917946362561,1,True
reversal_12,12,60,10,50,1,1,10,1,4341,0.454886433776,6787.50000001,0.670182591198,0.000104788397553,0.000104788397553,1.56357982032,1.56357982032,-5.1569584479e-05,-5.15695844794e-05,-0.451749560036,-0.451749560039,0,False
reversal_12,12,60,10,50,1,1,10,2,4341,0.454886433776,6787.50000001,0.670182591198,0.000104788397553,0.000104788397553,1.56357982032,1.56357982032,-0.000207927566511,-0.000207927566511,-1.82144548264,-1.82144548264,0,False
reversal_12,12,60,10,50,1,1,10,5,4341,0.454886433776,6787.50000001,0.670182591198,0.000104788397553,0.000104788397553,1.56357982032,1.56357982032,-0.000677001512607,-0.000677001512607,-5.93053325044,-5.93053325044,0,False
reversal_12,12,60,10,50,1,1,10,10,4341,0.454886433776,6787.50000001,0.670182591198,0.000104788397553,0.000104788397553,1.56357982032,1.56357982032,-0.00145879142277,-0.00145879142277,-12.7790128634,-12.7790128634,0,False
reversal_12,12,60,11,55,1,1,11,0,4341,0.289059907187,6770.49999998,0.426940266137,6.65883223191e-05,6.65883223191e-05,1.55966367196,1.55966367196,6.65883223191e-05,6.65883223191e-05,0.583313703515,0.583313703515,1,True
reversal_12,12,60,11,55,1,1,11,1,4341,0.289059907187,6770.49999998,0.426940266137,6.65883223191e-05,6.65883223191e-05,1.55966367196,1.55966367196,-8.93780448769e-05,-8.9378044877e-05,-0.782951673122,-0.782951673122,0,False
reversal_12,12,60,11,55,1,1,11,2,4341,0.289059907187,6770.49999998,0.426940266137,6.65883223191e-05,6.65883223191e-05,1.55966367196,1.55966367196,-0.000245344412073,-0.000245344412073,-2.14921704976,-2.14921704976,0,False
reversal_12,12,60,11,55,1,1,11,5,4341,0.289059907187,6770.49999998,0.426940266137,6.65883223191e-05,6.65883223191e-05,1.55966367196,1.55966367196,-0.000713243513661,-0.000713243513661,-6.24801317967,-6.24801317967,0,False
reversal_12,12,60,11,55,1,1,11,10,4341,0.289059907187,6770.49999998,0.426940266137,6.65883223191e-05,6.65883223191e-05,1.55966367196,1.55966367196,-0.00149307534964,-0.00149307534964,-13.0793400629,-13.0793400629,0,False
ridge,1,5,0,0,12,0.0833333333333,"0,1,2,3,4,5,6,7,8,9,10,11",0,52092,2.27724496283,72573.2499999,0.313785721713,4.37158289724e-05,4.37158289724e-05,1.39317457575,1.39317457575,4.37158289724e-05,4.37158289724e-05,0.382950661798,0.382950661798,0.916666666667,False
ridge,1,5,0,0,12,0.0833333333333,"0,1,2,3,4,5,6,7,8,9,10,11",1,52092,2.27724496283,72573.2499999,0.313785721713,4.37158289724e-05,4.37158289724e-05,1.39317457575,1.39317457575,-9.56016286025e-05,-9.56016286025e-05,-0.837470266558,-0.837470266558,0,False
ridge,1,5,0,0,12,0.0833333333333,"0,1,2,3,4,5,6,7,8,9,10,11",2,52092,2.27724496283,72573.2499999,0.313785721713,4.37158289724e-05,4.37158289724e-05,1.39317457575,1.39317457575,-0.000234919086177,-0.000234919086177,-2.05789119491,-2.05789119491,0,False
ridge,1,5,0,0,12,0.0833333333333,"0,1,2,3,4,5,6,7,8,9,10,11",5,52092,2.27724496283,72573.2499999,0.313785721713,4.37158289724e-05,4.37158289724e-05,1.39317457575,1.39317457575,-0.000652871458902,-0.000652871458902,-5.71915397998,-5.71915397998,0,False
ridge,1,5,0,0,12,0.0833333333333,"0,1,2,3,4,5,6,7,8,9,10,11",10,52092,2.27724496283,72573.2499999,0.313785721713,4.37158289724e-05,4.37158289724e-05,1.39317457575,1.39317457575,-0.00134945874678,-0.00134945874678,-11.8212586218,-11.8212586218,0,False
ridge,3,15,0,0,4,0.25,"0,3,6,9",0,17364,0.48927876494,24007.5,0.203802463788,2.81777680799e-05,2.81777680799e-05,1.38260193504,1.38260193504,2.81777680799e-05,2.81777680799e-05,0.24683724838,0.24683724838,0.75,False
ridge,3,15,0,0,4,0.25,"0,3,6,9",1,17364,0.48927876494,24007.5,0.203802463788,2.81777680799e-05,2.81777680799e-05,1.38260193504,1.38260193504,-0.000110082425424,-0.000110082425424,-0.964322046713,-0.964322046713,0,False
ridge,3,15,0,0,4,0.25,"0,3,6,9",2,17364,0.48927876494,24007.5,0.203802463788,2.81777680799e-05,2.81777680799e-05,1.38260193504,1.38260193504,-0.000248342618928,-0.000248342618928,-2.17548134181,-2.17548134181,0,False
ridge,3,15,0,0,4,0.25,"0,3,6,9",5,17364,0.48927876494,24007.5,0.203802463788,2.81777680799e-05,2.81777680799e-05,1.38260193504,1.38260193504,-0.000663123199439,-0.000663123199439,-5.80895922708,-5.80895922709,0,False
ridge,3,15,0,0,4,0.25,"0,3,6,9",10,17364,0.48927876494,24007.5,0.203802463788,2.81777680799e-05,2.81777680799e-05,1.38260193504,1.38260193504,-0.00135442416696,-0.00135442416696,-11.8647557025,-11.8647557026,0,False
ridge,3,15,1,5,4,0.25,"1,4,7,10",0,17364,0.962459751237,24266.5,0.3966207534,5.54284583758e-05,5.54284583758e-05,1.39751785303,1.39751785303,5.54284583758e-05,5.54284583758e-05,0.485553295372,0.485553295372,1,True
ridge,3,15,1,5,4,0.25,"1,4,7,10",1,17364,0.962459751237,24266.5,0.3966207534,5.54284583758e-05,5.54284583758e-05,1.39751785303,1.39751785303,-8.4323326927e-05,-8.4323326927e-05,-0.73867234388,-0.73867234388,0,False
ridge,3,15,1,5,4,0.25,"1,4,7,10",2,17364,0.962459751237,24266.5,0.3966207534,5.54284583758e-05,5.54284583758e-05,1.39751785303,1.39751785303,-0.00022407511223,-0.00022407511223,-1.96289798313,-1.96289798313,0,False
ridge,3,15,1,5,4,0.25,"1,4,7,10",5,17364,0.962459751237,24266.5,0.3966207534,5.54284583758e-05,5.54284583758e-05,1.39751785303,1.39751785303,-0.000643330468138,-0.000643330468138,-5.63557490089,-5.63557490089,0,False
ridge,3,15,1,5,4,0.25,"1,4,7,10",10,17364,0.962459751237,24266.5,0.3966207534,5.54284583758e-05,5.54284583758e-05,1.39751785303,1.39751785303,-0.00134208939465,-0.00134208939465,-11.7567030971,-11.7567030971,0,False
ridge,3,15,2,10,4,0.25,"2,5,8,11",0,17364,0.825506446653,24299.25,0.339725072442,4.75412604615e-05,4.75412604615e-05,1.39940393918,1.39940393918,4.75412604615e-05,4.75412604615e-05,0.416461441643,0.416461441643,1,True
ridge,3,15,2,10,4,0.25,"2,5,8,11",1,17364,0.825506446653,24299.25,0.339725072442,4.75412604615e-05,4.75412604615e-05,1.39940393918,1.39940393918,-9.23991334567e-05,-9.23991334567e-05,-0.809416409081,-0.809416409081,0,False
ridge,3,15,2,10,4,0.25,"2,5,8,11",2,17364,0.825506446653,24299.25,0.339725072442,4.75412604615e-05,4.75412604615e-05,1.39940393918,1.39940393918,-0.000232339527375,-0.000232339527375,-2.0352942598,-2.0352942598,0,False
ridge,3,15,2,10,4,0.25,"2,5,8,11",5,17364,0.825506446653,24299.25,0.339725072442,4.75412604615e-05,4.75412604615e-05,1.39940393918,1.39940393918,-0.00065216070913,-0.00065216070913,-5.71292781198,-5.71292781198,0,False
ridge,3,15,2,10,4,0.25,"2,5,8,11",10,17364,0.825506446653,24299.25,0.339725072442,4.75412604615e-05,4.75412604615e-05,1.39940393918,1.39940393918,-0.00135186267872,-0.00135186267872,-11.8423170656,-11.8423170656,0,False
ridge,6,30,0,0,2,0.5,"0,6",0,8682,0.35665672698,11927,0.299033056913,4.10800192328e-05,4.10800192329e-05,1.37376180604,1.37376180604,4.10800192328e-05,4.10800192329e-05,0.359860968479,0.35986096848,1,True
ridge,6,30,0,0,2,0.5,"0,6",1,8682,0.35665672698,11927,0.299033056913,4.10800192328e-05,4.10800192329e-05,1.37376180604,1.37376180604,-9.62961613707e-05,-9.62961613707e-05,-0.843554373607,-0.843554373607,0,False
ridge,6,30,0,0,2,0.5,"0,6",2,8682,0.35665672698,11927,0.299033056913,4.10800192328e-05,4.10800192329e-05,1.37376180604,1.37376180604,-0.000233672341974,-0.000233672341974,-2.04696971569,-2.04696971569,0,False
ridge,6,30,0,0,2,0.5,"0,6",5,8682,0.35665672698,11927,0.299033056913,4.10800192328e-05,4.10800192329e-05,1.37376180604,1.37376180604,-0.000645800883785,-0.000645800883785,-5.65721574195,-5.65721574196,0,False
ridge,6,30,0,0,2,0.5,"0,6",10,8682,0.35665672698,11927,0.299033056913,4.10800192328e-05,4.10800192329e-05,1.37376180604,1.37376180604,-0.0013326817868,-0.0013326817868,-11.6742924524,-11.6742924524,0,False
ridge,6,30,1,5,2,0.5,"1,7",0,8682,0.596421422421,12087.5,0.493419997868,6.86963167958e-05,6.86963167958e-05,1.39224832988,1.39224832987,6.86963167958e-05,6.86963167958e-05,0.601779735131,0.601779735131,1,True
ridge,6,30,1,5,2,0.5,"1,7",1,8682,0.596421422421,12087.5,0.493419997868,6.86963167958e-05,6.86963167958e-05,1.39224832988,1.39224832987,-7.05285161917e-05,-7.05285161917e-05,-0.617829801839,-0.617829801839,0,False
ridge,6,30,1,5,2,0.5,"1,7",2,8682,0.596421422421,12087.5,0.493419997868,6.86963167958e-05,6.86963167958e-05,1.39224832988,1.39224832987,-0.000209753349179,-0.000209753349179,-1.83743933881,-1.83743933881,0,False
ridge,6,30,1,5,2,0.5,"1,7",5,8682,0.596421422421,12087.5,0.493419997868,6.86963167958e-05,6.86963167958e-05,1.39224832988,1.39224832987,-0.000627427848142,-0.000627427848141,-5.49626794972,-5.49626794972,0,False
ridge,6,30,1,5,2,0.5,"1,7",10,8682,0.596421422421,12087.5,0.493419997868,6.86963167958e-05,6.86963167958e-05,1.39224832988,1.39224832987,-0.00132355201308,-0.00132355201308,-11.5943156346,-11.5943156346,0,False
ridge,6,30,2,10,2,0.5,"2,8",0,8682,0.18972000611,12111.5,0.15664451646,2.1852108513e-05,2.18521085131e-05,1.39501266989,1.39501266989,2.1852108513e-05,2.18521085131e-05,0.191424470574,0.191424470574,1,True
ridge,6,30,2,10,2,0.5,"2,8",1,8682,0.18972000611,12111.5,0.15664451646,2.1852108513e-05,2.18521085131e-05,1.39501266989,1.39501266989,-0.000117649158476,-0.000117649158476,-1.03060662825,-1.03060662825,0,False
ridge,6,30,2,10,2,0.5,"2,8",2,8682,0.18972000611,12111.5,0.15664451646,2.1852108513e-05,2.18521085131e-05,1.39501266989,1.39501266989,-0.000257150425465,-0.000257150425465,-2.25263772707,-2.25263772707,0,False
ridge,6,30,2,10,2,0.5,"2,8",5,8682,0.18972000611,12111.5,0.15664451646,2.1852108513e-05,2.18521085131e-05,1.39501266989,1.39501266989,-0.000675654226432,-0.000675654226432,-5.91873102354,-5.91873102354,0,False
ridge,6,30,2,10,2,0.5,"2,8",10,8682,0.18972000611,12111.5,0.15664451646,2.1852108513e-05,2.18521085131e-05,1.39501266989,1.39501266989,-0.00137316056138,-0.00137316056138,-12.0288865177,-12.0288865177,0,False
ridge,6,30,3,15,2,0.5,"3,9",0,8682,0.13262203796,12080.5,0.109781911311,1.52755169269e-05,1.52755169269e-05,1.39144206404,1.39144206404,1.52755169269e-05,1.52755169269e-05,0.13381352828,0.13381352828,0.5,False
ridge,6,30,3,15,2,0.5,"3,9",1,8682,0.13262203796,12080.5,0.109781911311,1.52755169269e-05,1.52755169269e-05,1.39144206404,1.39144206404,-0.000123868689477,-0.000123868689477,-1.08508971982,-1.08508971982,0,False
ridge,6,30,3,15,2,0.5,"3,9",2,8682,0.13262203796,12080.5,0.109781911311,1.52755169269e-05,1.52755169269e-05,1.39144206404,1.39144206404,-0.000263012895881,-0.000263012895881,-2.30399296792,-2.30399296792,0,False
ridge,6,30,3,15,2,0.5,"3,9",5,8682,0.13262203796,12080.5,0.109781911311,1.52755169269e-05,1.52755169269e-05,1.39144206404,1.39144206404,-0.000680445515093,-0.000680445515093,-5.96070271222,-5.96070271222,0,False
ridge,6,30,3,15,2,0.5,"3,9",10,8682,0.13262203796,12080.5,0.109781911311,1.52755169269e-05,1.52755169269e-05,1.39144206404,1.39144206404,-0.00137616654711,-0.00137616654711,-12.0552189527,-12.0552189527,0,False
ridge,6,30,4,20,2,0.5,"4,10",0,8682,0.366038328816,12179,0.300548755083,4.21605999558e-05,4.21605999558e-05,1.40278737618,1.40278737618,4.21605999558e-05,4.21605999558e-05,0.369326855612,0.369326855613,1,True
ridge,6,30,4,20,2,0.5,"4,10",1,8682,0.366038328816,12179,0.300548755083,4.21605999558e-05,4.21605999558e-05,1.40278737618,1.40278737618,-9.81181376623e-05,-9.81181376623e-05,-0.859514885921,-0.859514885922,0,False
ridge,6,30,4,20,2,0.5,"4,10",2,8682,0.366038328816,12179,0.300548755083,4.21605999558e-05,4.21605999558e-05,1.40278737618,1.40278737618,-0.00023839687528,-0.00023839687528,-2.08835662745,-2.08835662746,0,False
ridge,6,30,4,20,2,0.5,"4,10",5,8682,0.366038328816,12179,0.300548755083,4.21605999558e-05,4.21605999558e-05,1.40278737618,1.40278737618,-0.000659233088134,-0.000659233088135,-5.77488185206,-5.77488185206,0,False
ridge,6,30,4,20,2,0.5,"4,10",10,8682,0.366038328816,12179,0.300548755083,4.21605999558e-05,4.21605999558e-05,1.40278737618,1.40278737618,-0.00136062677622,-0.00136062677622,-11.9190905597,-11.9190905597,0,False
ridge,6,30,5,25,2,0.5,"5,11",0,8682,0.635786440543,12187.75,0.521660224852,7.323041241e-05,7.32304124099e-05,1.40379520848,1.40379520848,7.323041241e-05,7.32304124099e-05,0.641498412712,0.641498412711,1,True
ridge,6,30,5,25,2,0.5,"5,11",1,8682,0.635786440543,12187.75,0.521660224852,7.323041241e-05,7.32304124099e-05,1.40379520848,1.40379520848,-6.71491084375e-05,-6.71491084376e-05,-0.588226189912,-0.588226189913,0,False
ridge,6,30,5,25,2,0.5,"5,11",2,8682,0.635786440543,12187.75,0.521660224852,7.323041241e-05,7.32304124099e-05,1.40379520848,1.40379520848,-0.000207528629285,-0.000207528629285,-1.81795079254,-1.81795079254,0,False
ridge,6,30,5,25,2,0.5,"5,11",5,8682,0.635786440543,12187.75,0.521660224852,7.323041241e-05,7.32304124099e-05,1.40379520848,1.40379520848,-0.000628667191827,-0.000628667191828,-5.50712460041,-5.50712460041,0,False
ridge,6,30,5,25,2,0.5,"5,11",10,8682,0.635786440543,12187.75,0.521660224852,7.323041241e-05,7.32304124099e-05,1.40379520848,1.40379520848,-0.00133056479606,-0.00133056479607,-11.6557476135,-11.6557476135,0,False
ridge,12,60,0,0,1,1,0,0,4341,0.182020545651,5908.25000001,0.308078611519,4.19305564733e-05,4.19305564734e-05,1.36103432389,1.36103432389,4.19305564733e-05,4.19305564734e-05,0.367311674706,0.367311674707,1,True
ridge,12,60,0,0,1,1,0,1,4341,0.182020545651,5908.25000001,0.308078611519,4.19305564733e-05,4.19305564734e-05,1.36103432389,1.36103432389,-9.41728759157e-05,-9.41728759157e-05,-0.824954393022,-0.824954393021,0,False
ridge,12,60,0,0,1,1,0,2,4341,0.182020545651,5908.25000001,0.308078611519,4.19305564733e-05,4.19305564734e-05,1.36103432389,1.36103432389,-0.000230276308305,-0.000230276308305,-2.01722046075,-2.01722046075,0,False
ridge,12,60,0,0,1,1,0,5,4341,0.182020545651,5908.25000001,0.308078611519,4.19305564733e-05,4.19305564734e-05,1.36103432389,1.36103432389,-0.000638586605472,-0.000638586605472,-5.59401866393,-5.59401866393,0,False
ridge,12,60,0,0,1,1,0,10,4341,0.182020545651,5908.25000001,0.308078611519,4.19305564733e-05,4.19305564734e-05,1.36103432389,1.36103432389,-0.00131910376742,-0.00131910376742,-11.5553490026,-11.5553490026,0,False
ridge,12,60,1,5,1,1,1,0,4341,0.38821515759,6057.99999998,0.640830567169,8.94298911749e-05,8.94298911748e-05,1.39553098364,1.39553098364,8.94298911749e-05,8.94298911748e-05,0.783405846692,0.783405846692,1,True
ridge,12,60,1,5,1,1,1,1,4341,0.38821515759,6057.99999998,0.640830567169,8.94298911749e-05,8.94298911748e-05,1.39553098364,1.39553098364,-5.01232071891e-05,-5.01232071891e-05,-0.439079294977,-0.439079294977,0,False
ridge,12,60,1,5,1,1,1,2,4341,0.38821515759,6057.99999998,0.640830567169,8.94298911749e-05,8.94298911748e-05,1.39553098364,1.39553098364,-0.000189676305553,-0.000189676305553,-1.66156443665,-1.66156443665,0,False
ridge,12,60,1,5,1,1,1,5,4341,0.38821515759,6057.99999998,0.640830567169,8.94298911749e-05,8.94298911748e-05,1.39553098364,1.39553098364,-0.000608335600645,-0.000608335600645,-5.32901986165,-5.32901986165,0,False
ridge,12,60,1,5,1,1,1,10,4341,0.38821515759,6057.99999998,0.640830567169,8.94298911749e-05,8.94298911748e-05,1.39553098364,1.39553098364,-0.00130610109247,-0.00130610109246,-11.44144557,-11.44144557,0,False
ridge,12,60,2,10,1,1,2,0,4341,0.0606773234184,6032.74999999,0.100579873886,1.39777294214e-05,1.39777294214e-05,1.38971435153,1.38971435153,1.39777294214e-05,1.39777294214e-05,0.122444909731,0.122444909732,1,True
ridge,12,60,2,10,1,1,2,1,4341,0.0606773234184,6032.74999999,0.100579873886,1.39777294214e-05,1.39777294214e-05,1.38971435153,1.38971435153,-0.000124993705732,-0.000124993705732,-1.09494486221,-1.09494486221,0,False
ridge,12,60,2,10,1,1,2,2,4341,0.0606773234184,6032.74999999,0.100579873886,1.39777294214e-05,1.39777294214e-05,1.38971435153,1.38971435153,-0.000263965140885,-0.000263965140884,-2.31233463415,-2.31233463415,0,False
ridge,12,60,2,10,1,1,2,5,4341,0.0606773234184,6032.74999999,0.100579873886,1.39777294214e-05,1.39777294214e-05,1.38971435153,1.38971435153,-0.000680879446344,-0.000680879446343,-5.96450394997,-5.96450394997,0,False
ridge,12,60,2,10,1,1,2,10,4341,0.0606773234184,6032.74999999,0.100579873886,1.39777294214e-05,1.39777294214e-05,1.38971435153,1.38971435153,-0.00137573662211,-0.00137573662211,-12.0514528097,-12.0514528097,0,False
ridge,12,60,3,15,1,1,3,0,4341,0.155895058584,6006.75000001,0.259533122876,3.59122457001e-05,3.59122457001e-05,1.38372494817,1.38372494817,3.59122457001e-05,3.59122457001e-05,0.314591272333,0.314591272333,1,True
ridge,12,60,3,15,1,1,3,1,4341,0.155895058584,6006.75000001,0.259533122876,3.59122457001e-05,3.59122457001e-05,1.38372494817,1.38372494817,-0.000102460249117,-0.000102460249117,-0.897551782264,-0.897551782265,0,False
ridge,12,60,3,15,1,1,3,2,4341,0.155895058584,6006.75000001,0.259533122876,3.59122457001e-05,3.59122457001e-05,1.38372494817,1.38372494817,-0.000240832743934,-0.000240832743934,-2.10969483686,-2.10969483686,0,False
ridge,12,60,3,15,1,1,3,5,4341,0.155895058584,6006.75000001,0.259533122876,3.59122457001e-05,3.59122457001e-05,1.38372494817,1.38372494817,-0.000655950228385,-0.000655950228385,-5.74612400065,-5.74612400066,0,False
ridge,12,60,3,15,1,1,3,10,4341,0.155895058584,6006.75000001,0.259533122876,3.59122457001e-05,3.59122457001e-05,1.38372494817,1.38372494817,-0.00134781270247,-0.00134781270247,-11.8068392736,-11.8068392736,0,False
ridge,12,60,4,20,1,1,4,0,4341,0.224001155239,6056.49999999,0.369852481201,5.16012797141e-05,5.16012797141e-05,1.39518544114,1.39518544114,5.16012797141e-05,5.16012797141e-05,0.452027210296,0.452027210296,1,True
ridge,12,60,4,20,1,1,4,1,4341,0.224001155239,6056.49999999,0.369852481201,5.16012797141e-05,5.16012797141e-05,1.39518544114,1.39518544114,-8.79172643999e-05,-8.79172643999e-05,-0.770155236143,-0.770155236143,0,False
ridge,12,60,4,20,1,1,4,2,4341,0.224001155239,6056.49999999,0.369852481201,5.16012797141e-05,5.16012797141e-05,1.39518544114,1.39518544114,-0.000227435808514,-0.000227435808514,-1.99233768258,-1.99233768258,0,False
ridge,12,60,4,20,1,1,4,5,4341,0.224001155239,6056.49999999,0.369852481201,5.16012797141e-05,5.16012797141e-05,1.39518544114,1.39518544114,-0.000645991440856,-0.000645991440856,-5.6588850219,-5.6588850219,0,False
ridge,12,60,4,20,1,1,4,10,4341,0.224001155239,6056.49999999,0.369852481201,5.16012797141e-05,5.16012797141e-05,1.39518544114,1.39518544114,-0.00134358416143,-0.00134358416143,-11.7697972541,-11.7697972541,0,False
ridge,12,60,5,25,1,1,5,0,4341,0.306156131248,6099.99999999,0.501895297129,7.05266370072e-05,7.05266370071e-05,1.40520617369,1.40520617369,7.05266370072e-05,7.05266370071e-05,0.617813340183,0.617813340183,1,True
ridge,12,60,5,25,1,1,5,1,4341,0.306156131248,6099.99999999,0.501895297129,7.05266370072e-05,7.05266370071e-05,1.40520617369,1.40520617369,-6.99939803618e-05,-6.99939803619e-05,-0.613147267969,-0.61314726797,0,False
ridge,12,60,5,25,1,1,5,2,4341,0.306156131248,6099.99999999,0.501895297129,7.05266370072e-05,7.05266370071e-05,1.40520617369,1.40520617369,-0.000210514597731,-0.000210514597731,-1.84410787612,-1.84410787612,0,False
ridge,12,60,5,25,1,1,5,5,4341,0.306156131248,6099.99999999,0.501895297129,7.05266370072e-05,7.05266370071e-05,1.40520617369,1.40520617369,-0.000632076449838,-0.000632076449838,-5.53698970058,-5.53698970058,0,False
ridge,12,60,5,25,1,1,5,10,4341,0.306156131248,6099.99999999,0.501895297129,7.05266370072e-05,7.05266370071e-05,1.40520617369,1.40520617369,-0.00133467953668,-0.00133467953668,-11.6917927413,-11.6917927413,0,False
ridge,12,60,6,30,1,1,6,0,4341,0.174636181329,6018.74999999,0.290153572302,4.02294819923e-05,4.02294819924e-05,1.38648928818,1.38648928818,4.02294819923e-05,4.02294819924e-05,0.352410262253,0.352410262253,1,True
ridge,12,60,6,30,1,1,6,1,4341,0.174636181329,6018.74999999,0.290153572302,4.02294819923e-05,4.02294819924e-05,1.38648928818,1.38648928818,-9.84194468257e-05,-9.84194468256e-05,-0.862154354193,-0.862154354192,0,False
ridge,12,60,6,30,1,1,6,2,4341,0.174636181329,6018.74999999,0.290153572302,4.02294819923e-05,4.02294819924e-05,1.38648928818,1.38648928818,-0.000237068375644,-0.000237068375644,-2.07671897064,-2.07671897064,0,False
ridge,12,60,6,30,1,1,6,5,4341,0.174636181329,6018.74999999,0.290153572302,4.02294819923e-05,4.02294819924e-05,1.38648928818,1.38648928818,-0.000653015162098,-0.000653015162098,-5.72041281998,-5.72041281998,0,False
ridge,12,60,6,30,1,1,6,10,4341,0.174636181329,6018.74999999,0.290153572302,4.02294819923e-05,4.02294819924e-05,1.38648928818,1.38648928818,-0.00134625980619,-0.00134625980619,-11.7932359022,-11.7932359022,0,False
ridge,12,60,7,35,1,1,7,0,4341,0.208206264831,6029.49999999,0.345312654169,4.79627424167e-05,4.79627424167e-05,1.38896567611,1.38896567611,4.79627424167e-05,4.79627424167e-05,0.42015362357,0.420153623571,1,True
ridge,12,60,7,35,1,1,7,1,4341,0.208206264831,6029.49999999,0.345312654169,4.79627424167e-05,4.79627424167e-05,1.38896567611,1.38896567611,-9.09338251943e-05,-9.09338251942e-05,-0.796580308702,-0.796580308701,0,False
ridge,12,60,7,35,1,1,7,2,4341,0.208206264831,6029.49999999,0.345312654169,4.79627424167e-05,4.79627424167e-05,1.38896567611,1.38896567611,-0.000229830392805,-0.000229830392805,-2.01331424097,-2.01331424097,0,False
ridge,12,60,7,35,1,1,7,5,4341,0.208206264831,6029.49999999,0.345312654169,4.79627424167e-05,4.79627424167e-05,1.38896567611,1.38896567611,-0.000646520095638,-0.000646520095638,-5.66351603779,-5.66351603779,0,False
ridge,12,60,7,35,1,1,7,10,4341,0.208206264831,6029.49999999,0.345312654169,4.79627424167e-05,4.79627424167e-05,1.38896567611,1.38896567611,-0.00134100293369,-0.00134100293369,-11.7471856992,-11.7471856991,0,False
ridge,12,60,8,40,1,1,8,0,4341,0.129042682692,6078.74999999,0.212284898527,2.97264876047e-05,2.97264876047e-05,1.40031098825,1.40031098825,2.97264876047e-05,2.97264876047e-05,0.260404031417,0.260404031417,1,True
ridge,12,60,8,40,1,1,8,1,4341,0.129042682692,6078.74999999,0.212284898527,2.97264876047e-05,2.97264876047e-05,1.40031098825,1.40031098825,-0.00011030461122,-0.00011030461122,-0.96626839429,-0.966268394289,0,False
ridge,12,60,8,40,1,1,8,2,4341,0.129042682692,6078.74999999,0.212284898527,2.97264876047e-05,2.97264876047e-05,1.40031098825,1.40031098825,-0.000250335710045,-0.000250335710045,-2.19294082,-2.19294082,0,False
ridge,12,60,8,40,1,1,8,5,4341,0.129042682692,6078.74999999,0.212284898527,2.97264876047e-05,2.97264876047e-05,1.40031098825,1.40031098825,-0.00067042900652,-0.00067042900652,-5.87295809712,-5.87295809711,0,False
ridge,12,60,8,40,1,1,8,10,4341,0.129042682692,6078.74999999,0.212284898527,2.97264876047e-05,2.97264876047e-05,1.40031098825,1.40031098825,-0.00137058450065,-0.00137058450064,-12.0063202257,-12.0063202256,0,False
ridge,12,60,9,45,1,1,9,0,4341,-0.0232730206244,6073.74999999,-0.0383173832055,-5.36121184622e-06,-5.36121184621e-06,1.39915917991,1.39915917991,-5.36121184622e-06,-5.36121184621e-06,-0.0469642157729,-0.0469642157728,0,False
ridge,12,60,9,45,1,1,9,1,4341,-0.0232730206244,6073.74999999,-0.0383173832055,-5.36121184622e-06,-5.36121184621e-06,1.39915917991,1.39915917991,-0.000145277129837,-0.000145277129837,-1.27262765737,-1.27262765737,0,False
ridge,12,60,9,45,1,1,9,2,4341,-0.0232730206244,6073.74999999,-0.0383173832055,-5.36121184622e-06,-5.36121184621e-06,1.39915917991,1.39915917991,-0.000285193047828,-0.000285193047828,-2.49829109898,-2.49829109898,0,False
ridge,12,60,9,45,1,1,9,5,4341,-0.0232730206244,6073.74999999,-0.0383173832055,-5.36121184622e-06,-5.36121184621e-06,1.39915917991,1.39915917991,-0.000704940801801,-0.000704940801801,-6.17528142378,-6.17528142378,0,False
ridge,12,60,9,45,1,1,9,10,4341,-0.0232730206244,6073.74999999,-0.0383173832055,-5.36121184622e-06,-5.36121184621e-06,1.39915917991,1.39915917991,-0.00140452039176,-0.00140452039176,-12.3035986318,-12.3035986318,0,False
ridge,12,60,10,50,1,1,10,0,4341,0.142037173577,6122.50000001,0.231992116908,3.27199201974e-05,3.27199201974e-05,1.41038931122,1.41038931122,3.27199201974e-05,3.27199201974e-05,0.286626500929,0.286626500929,1,True
ridge,12,60,10,50,1,1,10,1,4341,0.142037173577,6122.50000001,0.231992116908,3.27199201974e-05,3.27199201974e-05,1.41038931122,1.41038931122,-0.000108319010925,-0.000108319010925,-0.948874535699,-0.9488745357,0,False
ridge,12,60,10,50,1,1,10,2,4341,0.142037173577,6122.50000001,0.231992116908,3.27199201974e-05,3.27199201974e-05,1.41038931122,1.41038931122,-0.000249357942047,-0.000249357942047,-2.18437557233,-2.18437557233,0,False
ridge,12,60,10,50,1,1,10,5,4341,0.142037173577,6122.50000001,0.231992116908,3.27199201974e-05,3.27199201974e-05,1.41038931122,1.41038931122,-0.000672474735413,-0.000672474735413,-5.89087868221,-5.89087868222,0,False
ridge,12,60,10,50,1,1,10,10,4341,0.142037173577,6122.50000001,0.231992116908,3.27199201974e-05,3.27199201974e-05,1.41038931122,1.41038931122,-0.00137766939102,-0.00137766939102,-12.0683838654,-12.0683838654,0,False
ridge,12,60,11,55,1,1,11,0,4341,0.329630309295,6087.74999999,0.541464924308,7.59341878128e-05,7.59341878127e-05,1.40238424326,1.40238424326,7.59341878128e-05,7.59341878127e-05,0.66518348524,0.665183485239,1,True
ridge,12,60,11,55,1,1,11,1,4341,0.329630309295,6087.74999999,0.541464924308,7.59341878128e-05,7.59341878127e-05,1.40238424326,1.40238424326,-6.43042365132e-05,-6.43042365132e-05,-0.563305111856,-0.563305111856,0,False
ridge,12,60,11,55,1,1,11,2,4341,0.329630309295,6087.74999999,0.541464924308,7.59341878128e-05,7.59341878127e-05,1.40238424326,1.40238424326,-0.000204542660839,-0.000204542660839,-1.79179370895,-1.79179370895,0,False
ridge,12,60,11,55,1,1,11,5,4341,0.329630309295,6087.74999999,0.541464924308,7.59341878128e-05,7.59341878127e-05,1.40238424326,1.40238424326,-0.000625257933817,-0.000625257933817,-5.47725950024,-5.47725950024,0,False
ridge,12,60,11,55,1,1,11,10,4341,0.329630309295,6087.74999999,0.541464924308,7.59341878128e-05,7.59341878127e-05,1.40238424326,1.40238424326,-0.00132645005545,-0.00132645005545,-11.6197024857,-11.6197024857,0,False
tcn,1,5,0,0,12,0.0833333333333,"0,1,2,3,4,5,6,7,8,9,10,11",0,52092,-0.319237178826,73429.5000001,-0.0434753305995,-6.12833407866e-06,-6.12833407867e-06,1.40961184059,1.40961184059,-6.12833407866e-06,-6.12833407867e-06,-0.0536842065291,-0.0536842065291,0.416666666667,False
tcn,1,5,0,0,12,0.0833333333333,"0,1,2,3,4,5,6,7,8,9,10,11",1,52092,-0.319237178826,73429.5000001,-0.0434753305995,-6.12833407866e-06,-6.12833407867e-06,1.40961184059,1.40961184059,-0.000147089518138,-0.000147089518138,-1.28850417889,-1.28850417889,0,False
tcn,1,5,0,0,12,0.0833333333333,"0,1,2,3,4,5,6,7,8,9,10,11",2,52092,-0.319237178826,73429.5000001,-0.0434753305995,-6.12833407866e-06,-6.12833407867e-06,1.40961184059,1.40961184059,-0.000288050702197,-0.000288050702197,-2.52332415124,-2.52332415124,0,False
tcn,1,5,0,0,12,0.0833333333333,"0,1,2,3,4,5,6,7,8,9,10,11",5,52092,-0.319237178826,73429.5000001,-0.0434753305995,-6.12833407866e-06,-6.12833407867e-06,1.40961184059,1.40961184059,-0.000710934254374,-0.000710934254374,-6.22778406832,-6.22778406832,0,False
tcn,1,5,0,0,12,0.0833333333333,"0,1,2,3,4,5,6,7,8,9,10,11",10,52092,-0.319237178826,73429.5000001,-0.0434753305995,-6.12833407866e-06,-6.12833407867e-06,1.40961184059,1.40961184059,-0.00141574017467,-0.00141574017467,-12.4018839301,-12.4018839301,0,False
tcn,3,15,0,0,4,0.25,"0,3,6,9",0,17364,-0.0888278585082,24422.75,-0.0363709486066,-5.11563340868e-06,-5.11563340867e-06,1.40651635568,1.40651635568,-5.11563340868e-06,-5.11563340867e-06,-0.04481294866,-0.04481294866,0.5,False
tcn,3,15,0,0,4,0.25,"0,3,6,9",1,17364,-0.0888278585082,24422.75,-0.0363709486066,-5.11563340868e-06,-5.11563340867e-06,1.40651635568,1.40651635568,-0.000145767268977,-0.000145767268977,-1.27692127624,-1.27692127624,0,False
tcn,3,15,0,0,4,0.25,"0,3,6,9",2,17364,-0.0888278585082,24422.75,-0.0363709486066,-5.11563340868e-06,-5.11563340867e-06,1.40651635568,1.40651635568,-0.000286418904545,-0.000286418904545,-2.50902960381,-2.50902960381,0,False
tcn,3,15,0,0,4,0.25,"0,3,6,9",5,17364,-0.0888278585082,24422.75,-0.0363709486066,-5.11563340868e-06,-5.11563340867e-06,1.40651635568,1.40651635568,-0.000708373811249,-0.000708373811249,-6.20535458654,-6.20535458654,0,False
tcn,3,15,0,0,4,0.25,"0,3,6,9",10,17364,-0.0888278585082,24422.75,-0.0363709486066,-5.11563340868e-06,-5.11563340867e-06,1.40651635568,1.40651635568,-0.00141163198909,-0.00141163198909,-12.3658962244,-12.3658962244,0,False
tcn,3,15,1,5,4,0.25,"1,4,7,10",0,17364,-0.396881693035,24426.5,-0.162479967672,-2.28565821835e-05,-2.28565821835e-05,1.40673231974,1.40673231974,-2.28565821835e-05,-2.28565821835e-05,-0.200223659928,-0.200223659928,0.25,False
tcn,3,15,1,5,4,0.25,"1,4,7,10",1,17364,-0.396881693035,24426.5,-0.162479967672,-2.28565821835e-05,-2.28565821835e-05,1.40673231974,1.40673231974,-0.000163529814158,-0.000163529814158,-1.43252117202,-1.43252117202,0,False
tcn,3,15,1,5,4,0.25,"1,4,7,10",2,17364,-0.396881693035,24426.5,-0.162479967672,-2.28565821835e-05,-2.28565821835e-05,1.40673231974,1.40673231974,-0.000304203046132,-0.000304203046132,-2.66481868412,-2.66481868412,0,False
tcn,3,15,1,5,4,0.25,"1,4,7,10",5,17364,-0.396881693035,24426.5,-0.162479967672,-2.28565821835e-05,-2.28565821835e-05,1.40673231974,1.40673231974,-0.000726222742055,-0.000726222742055,-6.3617112204,-6.3617112204,0,False
tcn,3,15,1,5,4,0.25,"1,4,7,10",10,17364,-0.396881693035,24426.5,-0.162479967672,-2.28565821835e-05,-2.28565821835e-05,1.40673231974,1.40673231974,-0.00142958890193,-0.00142958890193,-12.5231987809,-12.5231987809,0,False
tcn,3,15,2,10,4,0.25,"2,5,8,11",0,17364,0.166472372717,24580.25,0.0677260697987,9.58721335622e-06,9.58721335621e-06,1.41558684635,1.41558684635,9.58721335622e-06,9.58721335621e-06,0.0839839890004,0.0839839890004,0.5,False
tcn,3,15,2,10,4,0.25,"2,5,8,11",1,17364,0.166472372717,24580.25,0.0677260697987,9.58721335622e-06,9.58721335621e-06,1.41558684635,1.41558684635,-0.000131971471279,-0.000131971471279,-1.1560700884,-1.1560700884,0,False
tcn,3,15,2,10,4,0.25,"2,5,8,11",2,17364,0.166472372717,24580.25,0.0677260697987,9.58721335622e-06,9.58721335621e-06,1.41558684635,1.41558684635,-0.000273530155914,-0.000273530155914,-2.3961241658,-2.39612416581,0,False
tcn,3,15,2,10,4,0.25,"2,5,8,11",5,17364,0.166472372717,24580.25,0.0677260697987,9.58721335622e-06,9.58721335621e-06,1.41558684635,1.41558684635,-0.000698206209819,-0.000698206209819,-6.11628639801,-6.11628639801,0,False
tcn,3,15,2,10,4,0.25,"2,5,8,11",10,17364,0.166472372717,24580.25,0.0677260697987,9.58721335622e-06,9.58721335621e-06,1.41558684635,1.41558684635,-0.00140599963299,-0.00140599963299,-12.316556785,-12.316556785,0,False
tcn,6,30,0,0,2,0.5,"0,6",0,8682,-0.0407382886733,12109.25,-0.0336422888893,-4.69227006145e-06,-4.69227006143e-06,1.39475351301,1.39475351302,-4.69227006145e-06,-4.69227006143e-06,-0.0411042857383,-0.0411042857381,0.5,False
tcn,6,30,0,0,2,0.5,"0,6",1,8682,-0.0407382886733,12109.25,-0.0336422888893,-4.69227006145e-06,-4.69227006143e-06,1.39475351301,1.39475351302,-0.000144167621363,-0.000144167621363,-1.26290836314,-1.26290836314,0,False
tcn,6,30,0,0,2,0.5,"0,6",2,8682,-0.0407382886733,12109.25,-0.0336422888893,-4.69227006145e-06,-4.69227006143e-06,1.39475351301,1.39475351302,-0.000283642972664,-0.000283642972665,-2.48471244054,-2.48471244054,0,False
tcn,6,30,0,0,2,0.5,"0,6",5,8682,-0.0407382886733,12109.25,-0.0336422888893,-4.69227006145e-06,-4.69227006143e-06,1.39475351301,1.39475351302,-0.000702069026569,-0.000702069026569,-6.15012467274,-6.15012467275,0,False
tcn,6,30,0,0,2,0.5,"0,6",10,8682,-0.0407382886733,12109.25,-0.0336422888893,-4.69227006145e-06,-4.69227006143e-06,1.39475351301,1.39475351302,-0.00139944578308,-0.00139944578308,-12.2591450597,-12.2591450598,0,False
tcn,6,30,1,5,2,0.5,"1,7",0,8682,-0.046664637491,12161,-0.0383723686301,-5.3748718602e-06,-5.37487186029e-06,1.40071412117,1.40071412117,-5.3748718602e-06,-5.37487186029e-06,-0.0470838774954,-0.0470838774961,0.5,False
tcn,6,30,1,5,2,0.5,"1,7",1,8682,-0.046664637491,12161,-0.0383723686301,-5.3748718602e-06,-5.37487186029e-06,1.40071412117,1.40071412117,-0.000145446283977,-0.000145446283977,-1.27410944764,-1.27410944764,0,False
tcn,6,30,1,5,2,0.5,"1,7",2,8682,-0.046664637491,12161,-0.0383723686301,-5.3748718602e-06,-5.37487186029e-06,1.40071412117,1.40071412117,-0.000285517696094,-0.000285517696094,-2.50113501779,-2.50113501778,0,False
tcn,6,30,1,5,2,0.5,"1,7",5,8682,-0.046664637491,12161,-0.0383723686301,-5.3748718602e-06,-5.37487186029e-06,1.40071412117,1.40071412117,-0.000705731932445,-0.000705731932445,-6.18221172822,-6.18221172822,0,False
tcn,6,30,1,5,2,0.5,"1,7",10,8682,-0.046664637491,12161,-0.0383723686301,-5.3748718602e-06,-5.37487186029e-06,1.40071412117,1.40071412117,-0.00140608899303,-0.00140608899303,-12.3173395789,-12.3173395789,0,False
tcn,6,30,2,10,2,0.5,"2,8",0,8682,-0.0238862325922,12257.5,-0.0194870345439,-2.75123618892e-06,-2.75123618892e-06,1.41182907164,1.41182907165,-2.75123618892e-06,-2.75123618892e-06,-0.0241008290149,-0.0241008290149,0,False
tcn,6,30,2,10,2,0.5,"2,8",1,8682,-0.0238862325922,12257.5,-0.0194870345439,-2.75123618892e-06,-2.75123618892e-06,1.41182907164,1.41182907165,-0.000143934143353,-0.000143934143354,-1.26086309578,-1.26086309578,0,False
tcn,6,30,2,10,2,0.5,"2,8",2,8682,-0.0238862325922,12257.5,-0.0194870345439,-2.75123618892e-06,-2.75123618892e-06,1.41182907164,1.41182907165,-0.000285117050518,-0.000285117050518,-2.49762536254,-2.49762536254,0,False
tcn,6,30,2,10,2,0.5,"2,8",5,8682,-0.0238862325922,12257.5,-0.0194870345439,-2.75123618892e-06,-2.75123618892e-06,1.41182907164,1.41182907165,-0.000708665772011,-0.000708665772012,-6.20791216282,-6.20791216282,0,False
tcn,6,30,2,10,2,0.5,"2,8",10,8682,-0.0238862325922,12257.5,-0.0194870345439,-2.75123618892e-06,-2.75123618892e-06,1.41182907164,1.41182907165,-0.00141458030783,-0.00141458030783,-12.3917234966,-12.3917234966,0,False
tcn,6,30,3,15,2,0.5,"3,9",0,8682,-0.0480895698349,12313.5,-0.0390543467209,-5.53899675591e-06,-5.53899675592e-06,1.41827919835,1.41827919834,-5.53899675591e-06,-5.53899675592e-06,-0.0485216115817,-0.0485216115819,0.5,False
tcn,6,30,3,15,2,0.5,"3,9",1,8682,-0.0480895698349,12313.5,-0.0390543467209,-5.53899675591e-06,-5.53899675592e-06,1.41827919835,1.41827919834,-0.00014736691659,-0.00014736691659,-1.29093418933,-1.29093418933,0,False
tcn,6,30,3,15,2,0.5,"3,9",2,8682,-0.0480895698349,12313.5,-0.0390543467209,-5.53899675591e-06,-5.53899675592e-06,1.41827919835,1.41827919834,-0.000289194836425,-0.000289194836425,-2.53334676708,-2.53334676708,0,False
tcn,6,30,3,15,2,0.5,"3,9",5,8682,-0.0480895698349,12313.5,-0.0390543467209,-5.53899675591e-06,-5.53899675592e-06,1.41827919835,1.41827919834,-0.000714678595928,-0.000714678595928,-6.26058450033,-6.26058450033,0,False
tcn,6,30,3,15,2,0.5,"3,9",10,8682,-0.0480895698349,12313.5,-0.0390543467209,-5.53899675591e-06,-5.53899675592e-06,1.41827919835,1.41827919834,-0.0014238181951,-0.0014238181951,-12.4726473891,-12.4726473891,0,False
tcn,6,30,4,20,2,0.5,"4,10",0,8682,-0.350217055544,12265.5,-0.285530190815,-4.03382925069e-05,-4.03382925068e-05,1.41275051831,1.41275051831,-4.03382925069e-05,-4.03382925068e-05,-0.35336344236,-0.35336344236,0,False
tcn,6,30,4,20,2,0.5,"4,10",1,8682,-0.350217055544,12265.5,-0.285530190815,-4.03382925069e-05,-4.03382925068e-05,1.41275051831,1.41275051831,-0.000181613344338,-0.000181613344338,-1.5909328964,-1.5909328964,0,False
tcn,6,30,4,20,2,0.5,"4,10",2,8682,-0.350217055544,12265.5,-0.285530190815,-4.03382925069e-05,-4.03382925068e-05,1.41275051831,1.41275051831,-0.00032288839617,-0.00032288839617,-2.82850235045,-2.82850235045,0,False
tcn,6,30,4,20,2,0.5,"4,10",5,8682,-0.350217055544,12265.5,-0.285530190815,-4.03382925069e-05,-4.03382925068e-05,1.41275051831,1.41275051831,-0.000746713551664,-0.000746713551664,-6.54121071258,-6.54121071258,0,False
tcn,6,30,4,20,2,0.5,"4,10",10,8682,-0.350217055544,12265.5,-0.285530190815,-4.03382925069e-05,-4.03382925068e-05,1.41275051831,1.41275051831,-0.00145308881082,-0.00145308881082,-12.7290579828,-12.7290579828,0,False
tcn,6,30,5,25,2,0.5,"5,11",0,8682,0.190358605309,12322.75,0.154477373402,2.19256629014e-05,2.19256629013e-05,1.41934462106,1.41934462106,2.19256629014e-05,2.19256629013e-05,0.192068807016,0.192068807016,1,True
tcn,6,30,5,25,2,0.5,"5,11",1,8682,0.190358605309,12322.75,0.154477373402,2.19256629014e-05,2.19256629013e-05,1.41934462106,1.41934462106,-0.000120008799204,-0.000120008799204,-1.05127708103,-1.05127708103,0,False
tcn,6,30,5,25,2,0.5,"5,11",2,8682,0.190358605309,12322.75,0.154477373402,2.19256629014e-05,2.19256629013e-05,1.41934462106,1.41934462106,-0.00026194326131,-0.00026194326131,-2.29462296907,-2.29462296907,0,False
tcn,6,30,5,25,2,0.5,"5,11",5,8682,0.190358605309,12322.75,0.154477373402,2.19256629014e-05,2.19256629013e-05,1.41934462106,1.41934462106,-0.000687746647626,-0.000687746647626,-6.02466063321,-6.02466063321,0,False
tcn,6,30,5,25,2,0.5,"5,11",10,8682,0.190358605309,12322.75,0.154477373402,2.19256629014e-05,2.19256629013e-05,1.41934462106,1.41934462106,-0.00139741895815,-0.00139741895815,-12.2413900734,-12.2413900734,0,False
tcn,12,60,0,0,1,1,0,0,4341,0.0491978535789,6025.00000002,0.0816561885124,1.13332996035e-05,1.13332996035e-05,1.38792904861,1.38792904861,1.13332996035e-05,1.13332996035e-05,0.0992797045267,0.0992797045269,1,True
tcn,12,60,0,0,1,1,0,1,4341,0.0491978535789,6025.00000002,0.0816561885124,1.13332996035e-05,1.13332996035e-05,1.38792904861,1.38792904861,-0.000127459605258,-0.000127459605258,-1.11654614206,-1.11654614206,0,False
tcn,12,60,0,0,1,1,0,2,4341,0.0491978535789,6025.00000002,0.0816561885124,1.13332996035e-05,1.13332996035e-05,1.38792904861,1.38792904861,-0.000266252510119,-0.000266252510119,-2.33237198864,-2.33237198864,0,False
tcn,12,60,0,0,1,1,0,5,4341,0.0491978535789,6025.00000002,0.0816561885124,1.13332996035e-05,1.13332996035e-05,1.38792904861,1.38792904861,-0.000682631224702,-0.000682631224702,-5.97984952839,-5.97984952839,0,False
tcn,12,60,0,0,1,1,0,10,4341,0.0491978535789,6025.00000002,0.0816561885124,1.13332996035e-05,1.13332996035e-05,1.38792904861,1.38792904861,-0.00137659574901,-0.00137659574901,-12.0589787613,-12.0589787613,0,False
tcn,12,60,1,5,1,1,1,0,4341,-0.169556099062,6052.49999999,-0.280142253717,-3.90592257686e-05,-3.90592257687e-05,1.39426399447,1.39426399447,-3.90592257686e-05,-3.90592257687e-05,-0.342158817733,-0.342158817734,0,False
tcn,12,60,1,5,1,1,1,1,4341,-0.169556099062,6052.49999999,-0.280142253717,-3.90592257686e-05,-3.90592257687e-05,1.39426399447,1.39426399447,-0.000178485625216,-0.000178485625216,-1.56353407689,-1.56353407689,0,False
tcn,12,60,1,5,1,1,1,2,4341,-0.169556099062,6052.49999999,-0.280142253717,-3.90592257686e-05,-3.90592257687e-05,1.39426399447,1.39426399447,-0.000317912024663,-0.000317912024663,-2.78490933604,-2.78490933604,0,False
tcn,12,60,1,5,1,1,1,5,4341,-0.169556099062,6052.49999999,-0.280142253717,-3.90592257686e-05,-3.90592257687e-05,1.39426399447,1.39426399447,-0.000736191223004,-0.000736191223003,-6.44903511351,-6.44903511351,0,False
tcn,12,60,1,5,1,1,1,10,4341,-0.169556099062,6052.49999999,-0.280142253717,-3.90592257686e-05,-3.90592257687e-05,1.39426399447,1.39426399447,-0.00143332322024,-0.00143332322024,-12.5559114093,-12.5559114093,0,False
tcn,12,60,2,10,1,1,2,0,4341,-0.00511357595191,6111.00000001,-0.00836782188169,-1.1779718848e-06,-1.1779718848e-06,1.40774015204,1.40774015204,-1.1779718848e-06,-1.1779718848e-06,-0.0103190337108,-0.0103190337108,0,False
tcn,12,60,2,10,1,1,2,1,4341,-0.00511357595191,6111.00000001,-0.00836782188169,-1.1779718848e-06,-1.1779718848e-06,1.40774015204,1.40774015204,-0.000141951987089,-0.000141951987089,-1.2434994069,-1.2434994069,0,False
tcn,12,60,2,10,1,1,2,2,4341,-0.00511357595191,6111.00000001,-0.00836782188169,-1.1779718848e-06,-1.1779718848e-06,1.40774015204,1.40774015204,-0.000282726002293,-0.000282726002293,-2.47667978008,-2.47667978009,0,False
tcn,12,60,2,10,1,1,2,5,4341,-0.00511357595191,6111.00000001,-0.00836782188169,-1.1779718848e-06,-1.1779718848e-06,1.40774015204,1.40774015204,-0.000705048047905,-0.000705048047905,-6.17622089965,-6.17622089965,0,False
tcn,12,60,2,10,1,1,2,10,4341,-0.00511357595191,6111.00000001,-0.00836782188169,-1.1779718848e-06,-1.1779718848e-06,1.40774015204,1.40774015204,-0.00140891812392,-0.00140891812393,-12.3421227656,-12.3421227656,0,False
tcn,12,60,3,15,1,1,3,0,4341,0.0278023725138,6185.00000001,0.0449512894321,6.40460090159e-06,6.40460090159e-06,1.42478691546,1.42478691546,6.40460090159e-06,6.40460090159e-06,0.0561043038979,0.0561043038979,1,True
tcn,12,60,3,15,1,1,3,1,4341,0.0278023725138,6185.00000001,0.0449512894321,6.40460090159e-06,6.40460090159e-06,1.42478691546,1.42478691546,-0.000136074090644,-0.000136074090644,-1.19200903405,-1.19200903404,0,False
tcn,12,60,3,15,1,1,3,2,4341,0.0278023725138,6185.00000001,0.0449512894321,6.40460090159e-06,6.40460090159e-06,1.42478691546,1.42478691546,-0.00027855278219,-0.00027855278219,-2.44012237199,-2.44012237199,0,False
tcn,12,60,3,15,1,1,3,5,4341,0.0278023725138,6185.00000001,0.0449512894321,6.40460090159e-06,6.40460090159e-06,1.42478691546,1.42478691546,-0.000705988856828,-0.000705988856828,-6.18446238582,-6.18446238582,0,False
tcn,12,60,3,15,1,1,3,10,4341,0.0278023725138,6185.00000001,0.0449512894321,6.40460090159e-06,6.40460090159e-06,1.42478691546,1.42478691546,-0.00141838231456,-0.00141838231456,-12.4250290755,-12.4250290755,0,False
tcn,12,60,4,20,1,1,4,0,4341,-0.168941277889,6129,-0.275642483095,-3.8917594538e-05,-3.89175945379e-05,1.41188666206,1.41188666206,-3.8917594538e-05,-3.89175945379e-05,-0.340918128153,-0.340918128152,0,False
tcn,12,60,4,20,1,1,4,1,4341,-0.168941277889,6129,-0.275642483095,-3.8917594538e-05,-3.89175945379e-05,1.41188666206,1.41188666206,-0.000180106260744,-0.000180106260744,-1.57773084412,-1.57773084412,0,False
tcn,12,60,4,20,1,1,4,2,4341,-0.168941277889,6129,-0.275642483095,-3.8917594538e-05,-3.89175945379e-05,1.41188666206,1.41188666206,-0.00032129492695,-0.00032129492695,-2.81454356008,-2.81454356008,0,False
tcn,12,60,4,20,1,1,4,5,4341,-0.168941277889,6129,-0.275642483095,-3.8917594538e-05,-3.89175945379e-05,1.41188666206,1.41188666206,-0.000744860925568,-0.000744860925568,-6.52498170798,-6.52498170797,0,False
tcn,12,60,4,20,1,1,4,10,4341,-0.168941277889,6129,-0.275642483095,-3.8917594538e-05,-3.89175945379e-05,1.41188666206,1.41188666206,-0.0014508042566,-0.0014508042566,-12.7090452878,-12.7090452878,0,False
tcn,12,60,5,25,1,1,5,0,4341,0.0979101475596,6139.49999999,0.159475767668,2.25547448882e-05,2.25547448882e-05,1.41430545957,1.41430545957,2.25547448882e-05,2.25547448882e-05,0.197579565221,0.19757956522,1,True
tcn,12,60,5,25,1,1,5,1,4341,0.0979101475596,6139.49999999,0.159475767668,2.25547448882e-05,2.25547448882e-05,1.41430545957,1.41430545957,-0.000118875801069,-0.000118875801069,-1.04135201736,-1.04135201736,0,False
tcn,12,60,5,25,1,1,5,2,4341,0.0979101475596,6139.49999999,0.159475767668,2.25547448882e-05,2.25547448882e-05,1.41430545957,1.41430545957,-0.000260306347026,-0.000260306347026,-2.28028359995,-2.28028359994,0,False
tcn,12,60,5,25,1,1,5,5,4341,0.0979101475596,6139.49999999,0.159475767668,2.25547448882e-05,2.25547448882e-05,1.41430545957,1.41430545957,-0.000684597984897,-0.000684597984896,-5.9970783477,-5.99707834769,0,False
tcn,12,60,5,25,1,1,5,10,4341,0.0979101475596,6139.49999999,0.159475767668,2.25547448882e-05,2.25547448882e-05,1.41430545957,1.41430545957,-0.00139175071468,-0.00139175071468,-12.1917362606,-12.1917362606,0,False
tcn,12,60,6,30,1,1,6,0,4341,-0.0899361422522,6084.24999998,-0.147817959901,-2.07178397264e-05,-2.07178397264e-05,1.40157797742,1.40157797742,-2.07178397264e-05,-2.07178397264e-05,-0.181488276003,-0.181488276003,0,False
tcn,12,60,6,30,1,1,6,1,4341,-0.0899361422522,6084.24999998,-0.147817959901,-2.07178397264e-05,-2.07178397264e-05,1.40157797742,1.40157797742,-0.000160875637468,-0.000160875637468,-1.40927058422,-1.40927058422,0,False
tcn,12,60,6,30,1,1,6,2,4341,-0.0899361422522,6084.24999998,-0.147817959901,-2.07178397264e-05,-2.07178397264e-05,1.40157797742,1.40157797742,-0.00030103343521,-0.00030103343521,-2.63705289244,-2.63705289244,0,False
tcn,12,60,6,30,1,1,6,5,4341,-0.0899361422522,6084.24999998,-0.147817959901,-2.07178397264e-05,-2.07178397264e-05,1.40157797742,1.40157797742,-0.000721506828436,-0.000721506828436,-6.3203998171,-6.3203998171,0,False
tcn,12,60,6,30,1,1,6,10,4341,-0.0899361422522,6084.24999998,-0.147817959901,-2.07178397264e-05,-2.07178397264e-05,1.40157797742,1.40157797742,-0.00142229581715,-0.00142229581715,-12.4593113582,-12.4593113582,0,False
tcn,12,60,7,35,1,1,7,0,4341,0.122891461571,6108.5,0.201181078122,2.83094820482e-05,2.83094820481e-05,1.40716424787,1.40716424787,2.83094820482e-05,2.83094820481e-05,0.247991062742,0.247991062742,1,True
tcn,12,60,7,35,1,1,7,1,4341,0.122891461571,6108.5,0.201181078122,2.83094820482e-05,2.83094820481e-05,1.40716424787,1.40716424787,-0.000112406942739,-0.000112406942739,-0.984684818392,-0.984684818392,0,False
tcn,12,60,7,35,1,1,7,2,4341,0.122891461571,6108.5,0.201181078122,2.83094820482e-05,2.83094820481e-05,1.40716424787,1.40716424787,-0.000253123367526,-0.000253123367526,-2.21736069953,-2.21736069953,0,False
tcn,12,60,7,35,1,1,7,5,4341,0.122891461571,6108.5,0.201181078122,2.83094820482e-05,2.83094820481e-05,1.40716424787,1.40716424787,-0.000675272641887,-0.000675272641886,-5.91538834293,-5.91538834293,0,False
tcn,12,60,7,35,1,1,7,10,4341,0.122891461571,6108.5,0.201181078122,2.83094820482e-05,2.83094820481e-05,1.40716424787,1.40716424787,-0.00137885476582,-0.00137885476582,-12.0787677486,-12.0787677486,0,False
tcn,12,60,8,40,1,1,8,0,4341,-0.0187726566403,6146.50000002,-0.0305420265846,-4.32450049304e-06,-4.32450049304e-06,1.41591799125,1.41591799125,-4.32450049304e-06,-4.32450049304e-06,-0.037882624319,-0.0378826243191,0,False
tcn,12,60,8,40,1,1,8,1,4341,-0.0187726566403,6146.50000002,-0.0305420265846,-4.32450049304e-06,-4.32450049304e-06,1.41591799125,1.41591799125,-0.000145916299618,-0.000145916299618,-1.27822678465,-1.27822678465,0,False
tcn,12,60,8,40,1,1,8,2,4341,-0.0187726566403,6146.50000002,-0.0305420265846,-4.32450049304e-06,-4.32450049304e-06,1.41591799125,1.41591799125,-0.000287508098743,-0.000287508098743,-2.51857094499,-2.51857094499,0,False
tcn,12,60,8,40,1,1,8,5,4341,-0.0187726566403,6146.50000002,-0.0305420265846,-4.32450049304e-06,-4.32450049304e-06,1.41591799125,1.41591799125,-0.000712283496118,-0.000712283496118,-6.23960342599,-6.239603426,0,False
tcn,12,60,8,40,1,1,8,10,4341,-0.0187726566403,6146.50000002,-0.0305420265846,-4.32450049304e-06,-4.32450049304e-06,1.41591799125,1.41591799125,-0.00142024249174,-0.00142024249174,-12.4413242277,-12.4413242277,0,False
tcn,12,60,9,45,1,1,9,0,4341,-0.0758919423487,6128.50000002,-0.123834449455,-1.74825944134e-05,-1.74825944134e-05,1.41177148123,1.41177148123,-1.74825944134e-05,-1.74825944134e-05,-0.153147527061,-0.153147527062,0,False
tcn,12,60,9,45,1,1,9,1,4341,-0.0758919423487,6128.50000002,-0.123834449455,-1.74825944134e-05,-1.74825944134e-05,1.41177148123,1.41177148123,-0.000158659742536,-0.000158659742536,-1.38985934462,-1.38985934462,0,False
tcn,12,60,9,45,1,1,9,2,4341,-0.0758919423487,6128.50000002,-0.123834449455,-1.74825944134e-05,-1.74825944134e-05,1.41177148123,1.41177148123,-0.000299836890659,-0.000299836890659,-2.62657116218,-2.62657116218,0,False
tcn,12,60,9,45,1,1,9,5,4341,-0.0758919423487,6128.50000002,-0.123834449455,-1.74825944134e-05,-1.74825944134e-05,1.41177148123,1.41177148123,-0.000723368335028,-0.000723368335028,-6.33670661485,-6.33670661485,0,False
tcn,12,60,9,45,1,1,9,10,4341,-0.0758919423487,6128.50000002,-0.123834449455,-1.74825944134e-05,-1.74825944134e-05,1.41177148123,1.41177148123,-0.00142925407564,-0.00142925407564,-12.5202657026,-12.5202657026,0,False
tcn,12,60,10,50,1,1,10,0,4341,-0.181275777655,6136.50000001,-0.295405813827,-4.17589904757e-05,-4.17589904757e-05,1.41361437457,1.41361437457,-4.17589904757e-05,-4.17589904757e-05,-0.365808756567,-0.365808756567,0,False
tcn,12,60,10,50,1,1,10,1,4341,-0.181275777655,6136.50000001,-0.295405813827,-4.17589904757e-05,-4.17589904757e-05,1.41361437457,1.41361437457,-0.000183120427933,-0.000183120427933,-1.60413494869,-1.60413494869,0,False
tcn,12,60,10,50,1,1,10,2,4341,-0.181275777655,6136.50000001,-0.295405813827,-4.17589904757e-05,-4.17589904757e-05,1.41361437457,1.41361437457,-0.00032448186539,-0.00032448186539,-2.84246114081,-2.84246114081,0,False
tcn,12,60,10,50,1,1,10,5,4341,-0.181275777655,6136.50000001,-0.295405813827,-4.17589904757e-05,-4.17589904757e-05,1.41361437457,1.41361437457,-0.000748566177761,-0.000748566177761,-6.55743971718,-6.55743971719,0,False
tcn,12,60,10,50,1,1,10,10,4341,-0.181275777655,6136.50000001,-0.295405813827,-4.17589904757e-05,-4.17589904757e-05,1.41361437457,1.41361437457,-0.00145537336505,-0.00145537336505,-12.7490706778,-12.7490706778,0,False
tcn,12,60,11,55,1,1,11,0,4341,0.0924484577498,6183.25000001,0.149514345611,2.12965809145e-05,2.12965809145e-05,1.42438378254,1.42438378254,2.12965809145e-05,2.12965809145e-05,0.186558048811,0.186558048811,1,True
tcn,12,60,11,55,1,1,11,1,4341,0.0924484577498,6183.25000001,0.149514345611,2.12965809145e-05,2.12965809145e-05,1.42438378254,1.42438378254,-0.00012114179734,-0.00012114179734,-1.06120214469,-1.06120214469,0,False
tcn,12,60,11,55,1,1,11,2,4341,0.0924484577498,6183.25000001,0.149514345611,2.12965809145e-05,2.12965809145e-05,1.42438378254,1.42438378254,-0.000263580175593,-0.000263580175594,-2.3089623382,-2.3089623382,0,False
tcn,12,60,11,55,1,1,11,5,4341,0.0924484577498,6183.25000001,0.149514345611,2.12965809145e-05,2.12965809145e-05,1.42438378254,1.42438378254,-0.000690895310356,-0.000690895310356,-6.05224291871,-6.05224291872,0,False
tcn,12,60,11,55,1,1,11,10,4341,0.0924484577498,6183.25000001,0.149514345611,2.12965809145e-05,2.12965809145e-05,1.42438378254,1.42438378254,-0.00140308720163,-0.00140308720163,-12.2910438862,-12.2910438862,0,False
transformer,1,5,0,0,12,0.0833333333333,"0,1,2,3,4,5,6,7,8,9,10,11",0,52092,1.41891891165,52557.25,0.269975866632,2.72387105824e-05,2.72387105823e-05,1.00893131383,1.00893131383,2.72387105824e-05,2.72387105823e-05,0.238611104701,0.238611104701,0.916666666667,False
transformer,1,5,0,0,12,0.0833333333333,"0,1,2,3,4,5,6,7,8,9,10,11",1,52092,1.41891891165,52557.25,0.269975866632,2.72387105824e-05,2.72387105823e-05,1.00893131383,1.00893131383,-7.36544208007e-05,-7.36544208007e-05,-0.645212726214,-0.645212726214,0,False
transformer,1,5,0,0,12,0.0833333333333,"0,1,2,3,4,5,6,7,8,9,10,11",2,52092,1.41891891165,52557.25,0.269975866632,2.72387105824e-05,2.72387105823e-05,1.00893131383,1.00893131383,-0.000174547552184,-0.000174547552184,-1.52903655713,-1.52903655713,0,False
transformer,1,5,0,0,12,0.0833333333333,"0,1,2,3,4,5,6,7,8,9,10,11",5,52092,1.41891891165,52557.25,0.269975866632,2.72387105824e-05,2.72387105823e-05,1.00893131383,1.00893131383,-0.000477226946333,-0.000477226946333,-4.18050804987,-4.18050804987,0,False
transformer,1,5,0,0,12,0.0833333333333,"0,1,2,3,4,5,6,7,8,9,10,11",10,52092,1.41891891165,52557.25,0.269975866632,2.72387105824e-05,2.72387105823e-05,1.00893131383,1.00893131383,-0.000981692603248,-0.000981692603248,-8.59962720445,-8.59962720445,0,False
transformer,3,15,0,0,4,0.25,"0,3,6,9",0,17364,0.584233064489,17461.5,0.334583549231,3.36462257826e-05,3.36462257826e-05,1.00561506565,1.00561506565,3.36462257826e-05,3.36462257826e-05,0.294740937856,0.294740937856,1,True
transformer,3,15,0,0,4,0.25,"0,3,6,9",1,17364,0.584233064489,17461.5,0.334583549231,3.36462257826e-05,3.36462257826e-05,1.00561506565,1.00561506565,-6.69152807826e-05,-6.69152807827e-05,-0.586177859656,-0.586177859656,0,False
transformer,3,15,0,0,4,0.25,"0,3,6,9",2,17364,0.584233064489,17461.5,0.334583549231,3.36462257826e-05,3.36462257826e-05,1.00561506565,1.00561506565,-0.000167476787348,-0.000167476787348,-1.46709665717,-1.46709665717,0,False
transformer,3,15,0,0,4,0.25,"0,3,6,9",5,17364,0.584233064489,17461.5,0.334583549231,3.36462257826e-05,3.36462257826e-05,1.00561506565,1.00561506565,-0.000469161307044,-0.000469161307044,-4.1098530497,-4.1098530497,0,False
transformer,3,15,0,0,4,0.25,"0,3,6,9",10,17364,0.584233064489,17461.5,0.334583549231,3.36462257826e-05,3.36462257826e-05,1.00561506565,1.00561506565,-0.00097196883987,-0.00097196883987,-8.51444703726,-8.51444703726,0,False
transformer,3,15,1,5,4,0.25,"1,4,7,10",0,17364,0.417107868319,17535.5,0.237864827532,2.40214160516e-05,2.40214160516e-05,1.00987675651,1.00987675651,2.40214160516e-05,2.40214160516e-05,0.210427604612,0.210427604612,1,True
transformer,3,15,1,5,4,0.25,"1,4,7,10",1,17364,0.417107868319,17535.5,0.237864827532,2.40214160516e-05,2.40214160516e-05,1.00987675651,1.00987675651,-7.69662595994e-05,-7.69662595994e-05,-0.674224434091,-0.674224434091,0,False
transformer,3,15,1,5,4,0.25,"1,4,7,10",2,17364,0.417107868319,17535.5,0.237864827532,2.40214160516e-05,2.40214160516e-05,1.00987675651,1.00987675651,-0.00017795393525,-0.00017795393525,-1.55887647279,-1.55887647279,0,False
transformer,3,15,1,5,4,0.25,"1,4,7,10",5,17364,0.417107868319,17535.5,0.237864827532,2.40214160516e-05,2.40214160516e-05,1.00987675651,1.00987675651,-0.000480916962203,-0.000480916962203,-4.2128325889,-4.2128325889,0,False
transformer,3,15,1,5,4,0.25,"1,4,7,10",10,17364,0.417107868319,17535.5,0.237864827532,2.40214160516e-05,2.40214160516e-05,1.00987675651,1.00987675651,-0.000985855340458,-0.000985855340458,-8.63609278242,-8.63609278242,0,False
transformer,3,15,2,10,4,0.25,"2,5,8,11",0,17364,0.417577978847,17560.25,0.237797285828,2.40484899128e-05,2.40484899128e-05,1.01130211933,1.01130211933,2.40484899128e-05,2.40484899128e-05,0.210664771637,0.210664771637,0.75,False
transformer,3,15,2,10,4,0.25,"2,5,8,11",1,17364,0.417577978847,17560.25,0.237797285828,2.40484899128e-05,2.40484899128e-05,1.01130211933,1.01130211933,-7.70817220199e-05,-7.70817220199e-05,-0.675235884894,-0.675235884894,0,False
transformer,3,15,2,10,4,0.25,"2,5,8,11",2,17364,0.417577978847,17560.25,0.237797285828,2.40484899128e-05,2.40484899128e-05,1.01130211933,1.01130211933,-0.000178211933953,-0.000178211933953,-1.56113654143,-1.56113654142,0,False
transformer,3,15,2,10,4,0.25,"2,5,8,11",5,17364,0.417577978847,17560.25,0.237797285828,2.40484899128e-05,2.40484899128e-05,1.01130211933,1.01130211933,-0.000481602569751,-0.000481602569751,-4.21883851102,-4.21883851102,0,False
transformer,3,15,2,10,4,0.25,"2,5,8,11",10,17364,0.417577978847,17560.25,0.237797285828,2.40484899128e-05,2.40484899128e-05,1.01130211933,1.01130211933,-0.000987253629415,-0.000987253629414,-8.64834179367,-8.64834179367,0,False
transformer,6,30,0,0,2,0.5,"0,6",0,8682,0.265866204492,8682.25000002,0.306218093802,3.06226911417e-05,3.06226911417e-05,1.00002879521,1.00002879521,3.06226911417e-05,3.06226911417e-05,0.268254774402,0.268254774401,1,True
transformer,6,30,0,0,2,0.5,"0,6",1,8682,0.265866204492,8682.25000002,0.306218093802,3.06226911417e-05,3.06226911417e-05,1.00002879521,1.00002879521,-6.93801883794e-05,-6.93801883794e-05,-0.607770450203,-0.607770450204,0,False
transformer,6,30,0,0,2,0.5,"0,6",2,8682,0.265866204492,8682.25000002,0.306218093802,3.06226911417e-05,3.06226911417e-05,1.00002879521,1.00002879521,-0.0001693830679,-0.0001693830679,-1.48379567481,-1.48379567481,0,False
transformer,6,30,0,0,2,0.5,"0,6",5,8682,0.265866204492,8682.25000002,0.306218093802,3.06226911417e-05,3.06226911417e-05,1.00002879521,1.00002879521,-0.000469391706464,-0.000469391706464,-4.11187134862,-4.11187134862,0,False
transformer,6,30,0,0,2,0.5,"0,6",10,8682,0.265866204492,8682.25000002,0.306218093802,3.06226911417e-05,3.06226911417e-05,1.00002879521,1.00002879521,-0.000969406104069,-0.000969406104069,-8.49199747165,-8.49199747165,0,False
transformer,6,30,1,5,2,0.5,"1,7",0,8682,0.187778463438,8840.00000002,0.212419076286,2.16284800089e-05,2.16284800089e-05,1.01819857176,1.01819857176,2.16284800089e-05,2.16284800089e-05,0.189465484878,0.189465484878,1,True
transformer,6,30,1,5,2,0.5,"1,7",1,8682,0.187778463438,8840.00000002,0.212419076286,2.16284800089e-05,2.16284800089e-05,1.01819857176,1.01819857176,-8.01913771671e-05,-8.01913771671e-05,-0.702476463984,-0.702476463983,0,False
transformer,6,30,1,5,2,0.5,"1,7",2,8682,0.187778463438,8840.00000002,0.212419076286,2.16284800089e-05,2.16284800089e-05,1.01819857176,1.01819857176,-0.000182011234343,-0.000182011234343,-1.59441841285,-1.59441841285,0,False
transformer,6,30,1,5,2,0.5,"1,7",5,8682,0.187778463438,8840.00000002,0.212419076286,2.16284800089e-05,2.16284800089e-05,1.01819857176,1.01819857176,-0.000487470805871,-0.000487470805871,-4.27024425943,-4.27024425943,0,False
transformer,6,30,1,5,2,0.5,"1,7",10,8682,0.187778463438,8840.00000002,0.212419076286,2.16284800089e-05,2.16284800089e-05,1.01819857176,1.01819857176,-0.000996570091751,-0.000996570091751,-8.72995400374,-8.72995400374,0,False
transformer,6,30,2,10,2,0.5,"2,8",0,8682,0.0987852024857,8765.25000002,0.112700952609,1.13781620003e-05,1.13781620002e-05,1.00958880442,1.00958880443,1.13781620003e-05,1.13781620002e-05,0.0996726991222,0.0996726991217,0.5,False
transformer,6,30,2,10,2,0.5,"2,8",1,8682,0.0987852024857,8765.25000002,0.112700952609,1.13781620003e-05,1.13781620002e-05,1.00958880442,1.00958880443,-8.95807184422e-05,-8.95807184423e-05,-0.784727093554,-0.784727093555,0,False
transformer,6,30,2,10,2,0.5,"2,8",2,8682,0.0987852024857,8765.25000002,0.112700952609,1.13781620003e-05,1.13781620002e-05,1.00958880442,1.00958880443,-0.000190539598885,-0.000190539598885,-1.66912688623,-1.66912688623,0,False
transformer,6,30,2,10,2,0.5,"2,8",5,8682,0.0987852024857,8765.25000002,0.112700952609,1.13781620003e-05,1.13781620002e-05,1.00958880442,1.00958880443,-0.000493416240212,-0.000493416240212,-4.32232626426,-4.32232626426,0,False
transformer,6,30,2,10,2,0.5,"2,8",10,8682,0.0987852024857,8765.25000002,0.112700952609,1.13781620003e-05,1.13781620002e-05,1.00958880442,1.00958880443,-0.000998210642425,-0.000998210642425,-8.74432522764,-8.74432522764,0,False
transformer,6,30,3,15,2,0.5,"3,9",0,8682,0.318366859997,8779.24999997,0.362635600989,3.66697604235e-05,3.66697604235e-05,1.0112013361,1.01120133609,3.66697604235e-05,3.66697604235e-05,0.32122710131,0.32122710131,1,True
transformer,6,30,3,15,2,0.5,"3,9",1,8682,0.318366859997,8779.24999997,0.362635600989,3.66697604235e-05,3.66697604235e-05,1.0112013361,1.01120133609,-6.4450373186e-05,-6.44503731859e-05,-0.564585269109,-0.564585269109,0,False
transformer,6,30,3,15,2,0.5,"3,9",2,8682,0.318366859997,8779.24999997,0.362635600989,3.66697604235e-05,3.66697604235e-05,1.0112013361,1.01120133609,-0.000165570506795,-0.000165570506795,-1.45039763953,-1.45039763953,0,False
transformer,6,30,3,15,2,0.5,"3,9",5,8682,0.318366859997,8779.24999997,0.362635600989,3.66697604235e-05,3.66697604235e-05,1.0112013361,1.01120133609,-0.000468930907624,-0.000468930907624,-4.10783475079,-4.10783475078,0,False
transformer,6,30,3,15,2,0.5,"3,9",10,8682,0.318366859997,8779.24999997,0.362635600989,3.66697604235e-05,3.66697604235e-05,1.0112013361,1.01120133609,-0.000974531575671,-0.000974531575671,-8.53689660288,-8.53689660288,0,False
transformer,6,30,4,20,2,0.5,"4,10",0,8682,0.229329404882,8695.50000002,0.263733430948,2.64143520942e-05,2.64143520942e-05,1.00155494126,1.00155494126,2.64143520942e-05,2.64143520942e-05,0.231389724346,0.231389724345,1,True
transformer,6,30,4,20,2,0.5,"4,10",1,8682,0.229329404882,8695.50000002,0.263733430948,2.64143520942e-05,2.64143520942e-05,1.00155494126,1.00155494126,-7.37411420318e-05,-7.37411420318e-05,-0.645972404198,-0.645972404199,0,False
transformer,6,30,4,20,2,0.5,"4,10",2,8682,0.229329404882,8695.50000002,0.263733430948,2.64143520942e-05,2.64143520942e-05,1.00155494126,1.00155494126,-0.000173896636158,-0.000173896636158,-1.52333453274,-1.52333453274,0,False
transformer,6,30,4,20,2,0.5,"4,10",5,8682,0.229329404882,8695.50000002,0.263733430948,2.64143520942e-05,2.64143520942e-05,1.00155494126,1.00155494126,-0.000474363118536,-0.000474363118536,-4.15542091837,-4.15542091837,0,False
transformer,6,30,4,20,2,0.5,"4,10",10,8682,0.229329404882,8695.50000002,0.263733430948,2.64143520942e-05,2.64143520942e-05,1.00155494126,1.00155494126,-0.000975140589166,-0.000975140589166,-8.54223156109,-8.54223156109,0,False
transformer,6,30,5,25,2,0.5,"5,11",0,8682,0.318792776361,8794.99999998,0.362470467722,3.67188178255e-05,3.67188178255e-05,1.01301543423,1.01301543423,3.67188178255e-05,3.67188178255e-05,0.321656844151,0.321656844151,1,True
transformer,6,30,5,25,2,0.5,"5,11",1,8682,0.318792776361,8794.99999998,0.362470467722,3.67188178255e-05,3.67188178255e-05,1.01301543423,1.01301543423,-6.45827255976e-05,-6.45827255974e-05,-0.565744676235,-0.565744676234,0,False
transformer,6,30,5,25,2,0.5,"5,11",2,8682,0.318792776361,8794.99999998,0.362470467722,3.67188178255e-05,3.67188178255e-05,1.01301543423,1.01301543423,-0.000165884269021,-0.00016588426902,-1.45314619662,-1.45314619662,0,False
transformer,6,30,5,25,2,0.5,"5,11",5,8682,0.318792776361,8794.99999998,0.362470467722,3.67188178255e-05,3.67188178255e-05,1.01301543423,1.01301543423,-0.00046978889929,-0.000469788899289,-4.11535075778,-4.11535075777,0,False
transformer,6,30,5,25,2,0.5,"5,11",10,8682,0.318792776361,8794.99999998,0.362470467722,3.67188178255e-05,3.67188178255e-05,1.01301543423,1.01301543423,-0.000976296616405,-0.000976296616404,-8.5523583597,-8.5523583597,0,False
transformer,12,60,0,0,1,1,0,0,4341,0.105801447621,4351.25000002,0.243151847447,2.43725979316e-05,2.43725979316e-05,1.0023612071,1.0023612071,2.43725979316e-05,2.43725979316e-05,0.213503957881,0.213503957881,1,True
transformer,12,60,0,0,1,1,0,1,4341,0.105801447621,4351.25000002,0.243151847447,2.43725979316e-05,2.43725979316e-05,1.0023612071,1.0023612071,-7.58635227784e-05,-7.58635227784e-05,-0.664564459539,-0.664564459539,0,False
transformer,12,60,0,0,1,1,0,2,4341,0.105801447621,4351.25000002,0.243151847447,2.43725979316e-05,2.43725979316e-05,1.0023612071,1.0023612071,-0.000176099643488,-0.000176099643488,-1.54263287696,-1.54263287696,0,False
transformer,12,60,0,0,1,1,0,5,4341,0.105801447621,4351.25000002,0.243151847447,2.43725979316e-05,2.43725979316e-05,1.0023612071,1.0023612071,-0.000476808005618,-0.000476808005618,-4.17683812922,-4.17683812922,0,False
transformer,12,60,0,0,1,1,0,10,4341,0.105801447621,4351.25000002,0.243151847447,2.43725979316e-05,2.43725979316e-05,1.0023612071,1.0023612071,-0.000977988609168,-0.000977988609168,-8.56718021632,-8.56718021631,0,False
transformer,12,60,1,5,1,1,1,0,4341,0.115794351098,4445.25,0.260490076144,2.66745798428e-05,2.66745798429e-05,1.02401520387,1.02401520387,2.66745798428e-05,2.66745798429e-05,0.233669319423,0.233669319424,1,True
transformer,12,60,1,5,1,1,1,1,4341,0.115794351098,4445.25,0.260490076144,2.66745798428e-05,2.66745798429e-05,1.02401520387,1.02401520387,-7.57269405442e-05,-7.57269405441e-05,-0.663367999167,-0.663367999166,0,False
transformer,12,60,1,5,1,1,1,2,4341,0.115794351098,4445.25,0.260490076144,2.66745798428e-05,2.66745798429e-05,1.02401520387,1.02401520387,-0.000178128460931,-0.000178128460931,-1.56040531776,-1.56040531776,0,False
transformer,12,60,1,5,1,1,1,5,4341,0.115794351098,4445.25,0.260490076144,2.66745798428e-05,2.66745798429e-05,1.02401520387,1.02401520387,-0.000485333022092,-0.000485333022092,-4.25151727353,-4.25151727353,0,False
transformer,12,60,1,5,1,1,1,10,4341,0.115794351098,4445.25,0.260490076144,2.66745798428e-05,2.66745798429e-05,1.02401520387,1.02401520387,-0.000997340624027,-0.000997340624027,-8.73670386648,-8.73670386648,0,False
transformer,12,60,2,10,1,1,2,0,4341,-0.0711298003793,4388.75000001,-0.162073028491,-1.6385579447e-05,-1.6385579447e-05,1.01099976964,1.01099976964,-1.6385579447e-05,-1.6385579447e-05,-0.143537675956,-0.143537675955,0,False
transformer,12,60,2,10,1,1,2,1,4341,-0.0711298003793,4388.75000001,-0.162073028491,-1.6385579447e-05,-1.6385579447e-05,1.01099976964,1.01099976964,-0.000117485556411,-0.000117485556411,-1.02917347416,-1.02917347416,0,False
transformer,12,60,2,10,1,1,2,2,4341,-0.0711298003793,4388.75000001,-0.162073028491,-1.6385579447e-05,-1.6385579447e-05,1.01099976964,1.01099976964,-0.000218585533375,-0.000218585533375,-1.91480927236,-1.91480927237,0,False
transformer,12,60,2,10,1,1,2,5,4341,-0.0711298003793,4388.75000001,-0.162073028491,-1.6385579447e-05,-1.6385579447e-05,1.01099976964,1.01099976964,-0.000521885464267,-0.000521885464267,-4.57171666698,-4.57171666698,0,False
transformer,12,60,2,10,1,1,2,10,4341,-0.0711298003793,4388.75000001,-0.162073028491,-1.6385579447e-05,-1.6385579447e-05,1.01099976964,1.01099976964,-0.00102738534909,-0.00102738534909,-8.999895658,-8.99989565801,0,False
transformer,12,60,3,15,1,1,3,0,4341,0.163993164848,4370.24999998,0.375248932781,3.77777389653e-05,3.77777389652e-05,1.00673807878,1.00673807878,3.77777389653e-05,3.77777389652e-05,0.330932993336,0.330932993335,1,True
transformer,12,60,3,15,1,1,3,1,4341,0.163993164848,4370.24999998,0.375248932781,3.77777389653e-05,3.77777389652e-05,1.00673807878,1.00673807878,-6.28960689127e-05,-6.28960689127e-05,-0.550969563675,-0.550969563675,0,False
transformer,12,60,3,15,1,1,3,2,4341,0.163993164848,4370.24999998,0.375248932781,3.77777389653e-05,3.77777389652e-05,1.00673807878,1.00673807878,-0.000163569876791,-0.000163569876791,-1.43287212069,-1.43287212069,0,False
transformer,12,60,3,15,1,1,3,5,4341,0.163993164848,4370.24999998,0.375248932781,3.77777389653e-05,3.77777389652e-05,1.00673807878,1.00673807878,-0.000465591300425,-0.000465591300424,-4.07857979172,-4.07857979172,0,False
transformer,12,60,3,15,1,1,3,10,4341,0.163993164848,4370.24999998,0.375248932781,3.77777389653e-05,3.77777389652e-05,1.00673807878,1.00673807878,-0.000968960339815,-0.000968960339814,-8.48809257678,-8.48809257677,0,False
transformer,12,60,4,20,1,1,4,0,4341,0.197968904745,4354.50000002,0.454630622905,4.56044470734e-05,4.56044470733e-05,1.00310988252,1.00310988252,4.56044470734e-05,4.56044470733e-05,0.399494956363,0.399494956362,1,True
transformer,12,60,4,20,1,1,4,1,4341,0.197968904745,4354.50000002,0.454630622905,4.56044470734e-05,4.56044470733e-05,1.00310988252,1.00310988252,-5.47065411786e-05,-5.47065411788e-05,-0.479229300725,-0.479229300726,0,False
transformer,12,60,4,20,1,1,4,2,4341,0.197968904745,4354.50000002,0.454630622905,4.56044470734e-05,4.56044470733e-05,1.00310988252,1.00310988252,-0.000155017529431,-0.000155017529431,-1.35795355781,-1.35795355781,0,False
transformer,12,60,4,20,1,1,4,5,4341,0.197968904745,4354.50000002,0.454630622905,4.56044470734e-05,4.56044470733e-05,1.00310988252,1.00310988252,-0.000455950494187,-0.000455950494187,-3.99412632907,-3.99412632908,0,False
transformer,12,60,4,20,1,1,4,10,4341,0.197968904745,4354.50000002,0.454630622905,4.56044470734e-05,4.56044470733e-05,1.00310988252,1.00310988252,-0.000957505435447,-0.000957505435447,-8.38774761451,-8.38774761451,0,False
transformer,12,60,5,25,1,1,5,0,4341,0.125638611312,4403.24999999,0.285331542184,2.89423200442e-05,2.89423200442e-05,1.01434001382,1.01434001382,2.89423200442e-05,2.89423200442e-05,0.253534723587,0.253534723587,1,True
transformer,12,60,5,25,1,1,5,1,4341,0.125638611312,4403.24999999,0.285331542184,2.89423200442e-05,2.89423200442e-05,1.01434001382,1.01434001382,-7.24916813378e-05,-7.24916813377e-05,-0.635027128519,-0.635027128518,0,False
transformer,12,60,5,25,1,1,5,2,4341,0.125638611312,4403.24999999,0.285331542184,2.89423200442e-05,2.89423200442e-05,1.01434001382,1.01434001382,-0.00017392568272,-0.00017392568272,-1.52358898063,-1.52358898062,0,False
transformer,12,60,5,25,1,1,5,5,4341,0.125638611312,4403.24999999,0.285331542184,2.89423200442e-05,2.89423200442e-05,1.01434001382,1.01434001382,-0.000478227686866,-0.000478227686865,-4.18927453694,-4.18927453694,0,False
transformer,12,60,5,25,1,1,5,10,4341,0.125638611312,4403.24999999,0.285331542184,2.89423200442e-05,2.89423200442e-05,1.01434001382,1.01434001382,-0.000985397693776,-0.000985397693775,-8.63208379748,-8.63208379747,0,False
transformer,12,60,6,30,1,1,6,0,4341,0.160064756871,4331,0.369579212355,3.68727843519e-05,3.68727843518e-05,0.997696383322,0.997696383322,3.68727843519e-05,3.68727843518e-05,0.323005590923,0.323005590921,1,True
transformer,12,60,6,30,1,1,6,1,4341,0.160064756871,4331,0.369579212355,3.68727843519e-05,3.68727843518e-05,0.997696383322,0.997696383322,-6.28968539803e-05,-6.28968539804e-05,-0.550976440867,-0.550976440868,0,False
transformer,12,60,6,30,1,1,6,2,4341,0.160064756871,4331,0.369579212355,3.68727843519e-05,3.68727843518e-05,0.997696383322,0.997696383322,-0.000162666492312,-0.000162666492313,-1.42495847266,-1.42495847266,0,False
transformer,12,60,6,30,1,1,6,5,4341,0.160064756871,4331,0.369579212355,3.68727843519e-05,3.68727843518e-05,0.997696383322,0.997696383322,-0.000461975407309,-0.000461975407309,-4.04690456803,-4.04690456803,0,False
transformer,12,60,6,30,1,1,6,10,4341,0.160064756871,4331,0.369579212355,3.68727843519e-05,3.68727843518e-05,0.997696383322,0.997696383322,-0.00096082359897,-0.00096082359897,-8.41681472698,-8.41681472698,0,False
transformer,12,60,7,35,1,1,7,0,4341,0.0719841123396,4394.75000002,0.16379569336,1.6582380175e-05,1.6582380175e-05,1.01238193965,1.01238193965,1.6582380175e-05,1.6582380175e-05,0.145261650333,0.145261650333,1,True
transformer,12,60,7,35,1,1,7,1,4341,0.0719841123396,4394.75000002,0.16379569336,1.6582380175e-05,1.6582380175e-05,1.01238193965,1.01238193965,-8.465581379e-05,-8.465581379e-05,-0.7415849288,-0.7415849288,0,False
transformer,12,60,7,35,1,1,7,2,4341,0.0719841123396,4394.75000002,0.16379569336,1.6582380175e-05,1.6582380175e-05,1.01238193965,1.01238193965,-0.000185894007755,-0.000185894007755,-1.62843150793,-1.62843150793,0,False
transformer,12,60,7,35,1,1,7,5,4341,0.0719841123396,4394.75000002,0.16379569336,1.6582380175e-05,1.6582380175e-05,1.01238193965,1.01238193965,-0.00048960858965,-0.00048960858965,-4.28897124533,-4.28897124533,0,False
transformer,12,60,7,35,1,1,7,10,4341,0.0719841123396,4394.75000002,0.16379569336,1.6582380175e-05,1.6582380175e-05,1.01238193965,1.01238193965,-0.000995799559475,-0.000995799559475,-8.723204141,-8.723204141,0,False
transformer,12,60,8,40,1,1,8,0,4341,0.169915002865,4376.50000001,0.388244037164,3.91419034475e-05,3.91419034474e-05,1.00817783921,1.00817783921,3.91419034475e-05,3.91419034474e-05,0.3428830742,0.342883074199,1,True
transformer,12,60,8,40,1,1,8,1,4341,0.169915002865,4376.50000001,0.388244037164,3.91419034475e-05,3.91419034474e-05,1.00817783921,1.00817783921,-6.16758804735e-05,-6.16758804736e-05,-0.540280712948,-0.540280712949,0,False
transformer,12,60,8,40,1,1,8,2,4341,0.169915002865,4376.50000001,0.388244037164,3.91419034475e-05,3.91419034474e-05,1.00817783921,1.00817783921,-0.000162493664395,-0.000162493664395,-1.4234445001,-1.4234445001,0,False
transformer,12,60,8,40,1,1,8,5,4341,0.169915002865,4376.50000001,0.388244037164,3.91419034475e-05,3.91419034474e-05,1.00817783921,1.00817783921,-0.000464947016157,-0.000464947016158,-4.07293586154,-4.07293586154,0,False
transformer,12,60,8,40,1,1,8,10,4341,0.169915002865,4376.50000001,0.388244037164,3.91419034475e-05,3.91419034474e-05,1.00817783921,1.00817783921,-0.000969035935762,-0.000969035935762,-8.48875479728,-8.48875479728,0,False
transformer,12,60,9,45,1,1,9,0,4341,0.154373695149,4408.99999999,0.350133125764,3.55617818818e-05,3.55617818818e-05,1.01566459341,1.01566459341,3.55617818818e-05,3.55617818818e-05,0.311521209285,0.311521209285,1,True
transformer,12,60,9,45,1,1,9,1,4341,0.154373695149,4408.99999999,0.350133125764,3.55617818818e-05,3.55617818818e-05,1.01566459341,1.01566459341,-6.60046774592e-05,-6.60046774591e-05,-0.578200974543,-0.578200974542,0,False
transformer,12,60,9,45,1,1,9,2,4341,0.154373695149,4408.99999999,0.350133125764,3.55617818818e-05,3.55617818818e-05,1.01566459341,1.01566459341,-0.0001675711368,-0.0001675711368,-1.46792315837,-1.46792315837,0,False
transformer,12,60,9,45,1,1,9,5,4341,0.154373695149,4408.99999999,0.350133125764,3.55617818818e-05,3.55617818818e-05,1.01566459341,1.01566459341,-0.000472270514823,-0.000472270514823,-4.13708970985,-4.13708970985,0,False
transformer,12,60,9,45,1,1,9,10,4341,0.154373695149,4408.99999999,0.350133125764,3.55617818818e-05,3.55617818818e-05,1.01566459341,1.01566459341,-0.000980102811528,-0.000980102811528,-8.58570062899,-8.58570062898,0,False
transformer,12,60,10,50,1,1,10,0,4341,0.0313605001366,4341,0.0722425711509,7.22425711509e-06,7.22425711509e-06,1,1,7.22425711509e-06,7.22425711509e-06,0.0632844923282,0.0632844923282,1,True
transformer,12,60,10,50,1,1,10,1,4341,0.0313605001366,4341,0.0722425711509,7.22425711509e-06,7.22425711509e-06,1,1,-9.27757428849e-05,-9.27757428849e-05,-0.812715507672,-0.812715507672,0,False
transformer,12,60,10,50,1,1,10,2,4341,0.0313605001366,4341,0.0722425711509,7.22425711509e-06,7.22425711509e-06,1,1,-0.000192775742885,-0.000192775742885,-1.68871550767,-1.68871550767,0,False
transformer,12,60,10,50,1,1,10,5,4341,0.0313605001366,4341,0.0722425711509,7.22425711509e-06,7.22425711509e-06,1,1,-0.000492775742885,-0.000492775742885,-4.31671550767,-4.31671550767,0,False
transformer,12,60,10,50,1,1,10,10,4341,0.0313605001366,4341,0.0722425711509,7.22425711509e-06,7.22425711509e-06,1,1,-0.000992775742885,-0.000992775742885,-8.69671550767,-8.69671550767,0,False
transformer,12,60,11,55,1,1,11,0,4341,0.193154165049,4391.74999999,0.439811385096,4.44953156067e-05,4.44953156068e-05,1.01169085464,1.01169085464,4.44953156067e-05,4.44953156068e-05,0.389778964715,0.389778964715,1,True
transformer,12,60,11,55,1,1,11,1,4341,0.193154165049,4391.74999999,0.439811385096,4.44953156067e-05,4.44953156068e-05,1.01169085464,1.01169085464,-5.66737698573e-05,-5.66737698572e-05,-0.49646222395,-0.496462223949,0,False
transformer,12,60,11,55,1,1,11,2,4341,0.193154165049,4391.74999999,0.439811385096,4.44953156067e-05,4.44953156068e-05,1.01169085464,1.01169085464,-0.000157842855321,-0.000157842855321,-1.38270341261,-1.38270341261,0,False
transformer,12,60,11,55,1,1,11,5,4341,0.193154165049,4391.74999999,0.439811385096,4.44953156067e-05,4.44953156068e-05,1.01169085464,1.01169085464,-0.000461350111713,-0.000461350111713,-4.04142697861,-4.04142697861,0,False
transformer,12,60,11,55,1,1,11,10,4341,0.193154165049,4391.74999999,0.439811385096,4.44953156067e-05,4.44953156068e-05,1.01169085464,1.01169085464,-0.000967195539033,-0.000967195539033,-8.47263292193,-8.47263292193,0,False
