model,fold,regime_dimension,regime,cost_bps,period_count,cohort_count,total_gross_log_return,total_turnover,mean_turnover,break_even_cost_bps,pooled_gross_mean_return,pooled_net_mean_return,equal_weighted_net_mean_return,pooled_annualized_net_return,equal_weighted_annualized_net_return,worst_cohort_annualized_net_return,best_cohort_annualized_net_return,positive_cohort_fraction
lightgbm,1,direction,down,0,5761,12,-1.16779141704,3684.5,0.639559104322,-3.1694705307,-0.000202706373379,-0.000202706373379,-0.000202455360187,-1.7757078308,-1.77350895524,-2.32539545607,-1.25343100707,0
lightgbm,1,direction,down,0.5,5761,12,-1.16779141704,3684.5,0.639559104322,-3.1694705307,-0.000202706373379,-0.000234684328595,-0.000234444153979,-2.05583471849,-2.05373078885,-2.60936086487,-1.55195749713,0
lightgbm,1,direction,down,1,5761,12,-1.16779141704,3684.5,0.639559104322,-3.1694705307,-0.000202706373379,-0.000266662283811,-0.000266432947771,-2.33596160618,-2.33395262247,-2.89332627368,-1.8504839872,0
lightgbm,1,direction,flat,0,5852,12,-0.602102703425,2588.25,0.442284688995,-2.32629268203,-0.000102888363538,-0.000102888363538,-0.000103224436032,-0.901302064594,-0.904246059644,-1.55491288566,0.140006250292,0.0833333333333
lightgbm,1,direction,flat,0.5,5852,12,-0.602102703425,2588.25,0.442284688995,-2.32629268203,-0.000102888363538,-0.000125002597988,-0.000125341117018,-1.09502275837,-1.09798818508,-1.74642523134,-0.0534968682116,0
lightgbm,1,direction,flat,1,5852,12,-0.602102703425,2588.25,0.442284688995,-2.32629268203,-0.000102888363538,-0.000147116832438,-0.000147457798004,-1.28874345215,-1.29173031052,-1.93793757702,-0.246999986715,0
lightgbm,1,direction,up,0,5367,12,1.01165969589,3172.5,0.59111235327,3.18884064897,0.000188496310022,0.000188496310022,0.000188413779328,1.65122767579,1.65050470691,0.958492159716,2.79248856993,1
lightgbm,1,direction,up,0.5,5367,12,1.01165969589,3172.5,0.59111235327,3.18884064897,0.000188496310022,0.000158940692358,0.000158855194825,1.39232046506,1.39157150666,0.699383170952,2.53658922639,1
lightgbm,1,direction,up,1,5367,12,1.01165969589,3172.5,0.59111235327,3.18884064897,0.000188496310022,0.000129385074695,0.000129296610321,1.13341325432,1.13263830641,0.440274182188,2.28068988284,1
lightgbm,1,dispersion,high,0,5297,12,-0.261263216417,3935.25,0.74292052105,-0.663905003283,-4.93228650966e-05,-4.93228650966e-05,-4.92538034e-05,-0.432068298246,-0.431463317784,-2.08134103668,1.17765437696,0.333333333333
lightgbm,1,dispersion,high,0.5,5297,12,-0.261263216417,3935.25,0.74292052105,-0.663905003283,-4.93228650966e-05,-8.64688911491e-05,-8.63849202188e-05,-0.757467486466,-0.756731901116,-2.39590911704,0.861077710295,0.166666666667
lightgbm,1,dispersion,high,1,5297,12,-0.261263216417,3935.25,0.74292052105,-0.663905003283,-4.93228650966e-05,-0.000123614917202,-0.000123516037038,-1.08286667469,-1.08200048445,-2.7104771974,0.544501043629,0.0833333333333
lightgbm,1,dispersion,low,0,5791,12,-0.241601580969,2432.25,0.420005180452,-0.993325443391,-4.17201832099e-05,-4.17201832099e-05,-4.22953791746e-05,-0.365468804919,-0.370507521569,-0.88864498296,0.296564560241,0.25
lightgbm,1,dispersion,low,0.5,5791,12,-0.241601580969,2432.25,0.420005180452,-0.993325443391,-4.17201832099e-05,-6.27204422326e-05,-6.33040781761e-05,-0.549431073957,-0.554543724822,-1.08453947837,0.0999922710842,0.166666666667
lightgbm,1,dispersion,low,1,5791,12,-0.241601580969,2432.25,0.420005180452,-0.993325443391,-4.17201832099e-05,-8.37207012552e-05,-8.43127771776e-05,-0.733393342995,-0.738579928075,-1.28043397379,-0.0965800180724,0
lightgbm,1,dispersion,medium,0,5892,12,-0.255369627189,3077.75,0.522360828242,-0.829728298885,-4.33417561421e-05,-4.33417561421e-05,-4.36878338834e-05,-0.379673783805,-0.382705424819,-1.18537782371,0.305452515713,0.25
lightgbm,1,dispersion,medium,0.5,5892,12,-0.255369627189,3077.75,0.522360828242,-0.829728298885,-4.33417561421e-05,-6.94597975542e-05,-6.98200393248e-05,-0.608467826575,-0.611623544485,-1.41783719871,0.0723416949018,0.166666666667
lightgbm,1,dispersion,medium,1,5892,12,-0.255369627189,3077.75,0.522360828242,-0.829728298885,-4.33417561421e-05,-9.55778389663e-05,-9.59522447662e-05,-0.837261869345,-0.840541664151,-1.65029657371,-0.146452090409,0
lightgbm,1,volatility,high,0,5317,12,0.048692160572,4356,0.819258980628,0.111781819495,9.15782594922e-06,9.15782594922e-06,9.28864353914e-06,0.0802225553151,0.0813685174029,-0.923471375651,1.0255993706,0.583333333333
lightgbm,1,volatility,high,0.5,5317,12,0.048692160572,4356,0.819258980628,0.111781819495,9.15782594922e-06,-3.18051230822e-05,-3.16679893483e-05,-0.2786128782,-0.277411586691,-1.27810205747,0.670226664182,0.333333333333
lightgbm,1,volatility,high,1,5317,12,0.048692160572,4356,0.819258980628,0.111781819495,9.15782594922e-06,-7.27680721136e-05,-7.26246222358e-05,-0.637448311715,-0.636191690786,-1.63273273929,0.31485395776,0.166666666667
lightgbm,1,volatility,low,0,6066,12,-0.077520200918,2293.5,0.378090999011,-0.337999567988,-1.27794594326e-05,-1.27794594326e-05,-1.28415218144e-05,-0.111948064629,-0.112491731094,-0.770646725429,0.526395228987,0.416666666667
lightgbm,1,volatility,low,0.5,6066,12,-0.077520200918,2293.5,0.378090999011,-0.337999567988,-1.27794594326e-05,-3.16840093831e-05,-3.17462744289e-05,-0.277551922196,-0.278097363997,-0.933932439714,0.367182228987,0.25
lightgbm,1,volatility,low,1,6066,12,-0.077520200918,2293.5,0.378090999011,-0.337999567988,-1.27794594326e-05,-5.05885593337e-05,-5.06510270434e-05,-0.443155779763,-0.4437029969,-1.097218154,0.207969228987,0.25
lightgbm,1,volatility,medium,0,5597,12,-0.729406384229,2795.75,0.499508665356,-2.60898286409,-0.000130320954838,-0.000130320954838,-0.000130660598292,-1.14161156438,-1.14458684104,-1.82426271303,-0.621460201613,0
lightgbm,1,volatility,medium,0.5,5597,12,-0.729406384229,2795.75,0.499508665356,-2.60898286409,-0.000130320954838,-0.000155296388106,-0.000155640045146,-1.36039635981,-1.36340679548,-2.0475382011,-0.847601505961,0
lightgbm,1,volatility,medium,1,5597,12,-0.729406384229,2795.75,0.499508665356,-2.60898286409,-0.000130320954838,-0.000180271821374,-0.000180619492,-1.57918115523,-1.58222674992,-2.27081368917,-1.07374281031,0
lightgbm,2,direction,down,0,5244,12,-0.110758234032,1878,0.358123569794,-0.589766954375,-2.11209447048e-05,-2.11209447048e-05,-2.06547581497e-05,-0.185019475614,-0.180935681392,-1.60561770075,0.807056900449,0.416666666667
lightgbm,2,direction,down,0.5,5244,12,-0.110758234032,1878,0.358123569794,-0.589766954375,-2.11209447048e-05,-3.90271231945e-05,-3.85644388843e-05,-0.341877599183,-0.337824484627,-1.75366366488,0.647369400449,0.25
lightgbm,2,direction,down,1,5244,12,-0.110758234032,1878,0.358123569794,-0.589766954375,-2.11209447048e-05,-5.69333016842e-05,-5.64741196189e-05,-0.498735722753,-0.494713287861,-1.901709629,0.487681900449,0.166666666667
lightgbm,2,direction,flat,0,7283,12,-0.156452560768,1556.5,0.213716874914,-1.00515618868,-2.14818839445e-05,-2.14818839445e-05,-2.14490585323e-05,-0.188181303353,-0.187893752743,-0.683610875353,0.490201826987,0.25
lightgbm,2,direction,flat,0.5,7283,12,-0.156452560768,1556.5,0.213716874914,-1.00515618868,-2.14818839445e-05,-3.21677276902e-05,-3.21321895159e-05,-0.281789294566,-0.281477980159,-0.773974953023,0.394813572501,0.25
lightgbm,2,direction,flat,1,7283,12,-0.156452560768,1556.5,0.213716874914,-1.00515618868,-2.14818839445e-05,-4.28535714359e-05,-4.28153204995e-05,-0.375397285778,-0.375062207575,-0.864339030693,0.299425318015,0.166666666667
lightgbm,2,direction,up,0,5029,12,0.481850597796,1864.25,0.370699940346,2.58468873701,9.58143960621e-05,9.58143960621e-05,9.63184607874e-05,0.839334109504,0.843749716497,0.0549394610706,1.85486268956,1
lightgbm,2,direction,up,0.5,5029,12,0.481850597796,1864.25,0.370699940346,2.58468873701,9.58143960621e-05,7.72793990448e-05,7.77853545739e-05,0.676967535632,0.681399706067,-0.110601812514,1.681376137,0.833333333333
lightgbm,2,direction,up,1,5029,12,0.481850597796,1864.25,0.370699940346,2.58468873701,9.58143960621e-05,5.87444020275e-05,5.92522483603e-05,0.514600961761,0.519049695637,-0.276143086099,1.50788958443,0.75
lightgbm,2,dispersion,high,0,4084,12,0.218366509931,2319.5,0.567948090108,0.941437852687,5.34687830389e-05,5.34687830389e-05,5.26070500227e-05,0.468386539421,0.460837758199,-1.12349366162,1.66668164488,0.666666666667
lightgbm,2,dispersion,high,0.5,4084,12,0.218366509931,2319.5,0.567948090108,0.941437852687,5.34687830389e-05,2.50713785335e-05,2.42099684691e-05,0.219625275953,0.21207932379,-1.38351578551,1.42174743435,0.666666666667
lightgbm,2,dispersion,high,1,4084,12,0.218366509931,2319.5,0.567948090108,0.941437852687,5.34687830389e-05,-3.32602597188e-06,-4.18711308438e-06,-0.0291359875137,-0.0366791106191,-1.64353790941,1.17681322382,0.583333333333
lightgbm,2,dispersion,low,0,7759,12,-0.146402679297,1154.5,0.148794947803,-1.26810462795,-1.88687561925e-05,-1.88687561925e-05,-1.97643579246e-05,-0.165290304246,-0.17313577542,-1.06253889144,0.389672173773,0.333333333333
lightgbm,2,dispersion,low,0.5,7759,12,-0.146402679297,1154.5,0.148794947803,-1.26810462795,-1.88687561925e-05,-2.63085035826e-05,-2.72015459675e-05,-0.230462491383,-0.238285542675,-1.12915285613,0.326767918454,0.333333333333
lightgbm,2,dispersion,low,1,7759,12,-0.146402679297,1154.5,0.148794947803,-1.26810462795,-1.88687561925e-05,-3.37482509727e-05,-3.46387340104e-05,-0.295634678521,-0.303435309931,-1.19576682082,0.263863663135,0.25
lightgbm,2,dispersion,medium,0,5713,12,0.142675972363,1824.75,0.319403115701,0.781893258602,2.49739142943e-05,2.49739142943e-05,2.46156891331e-05,0.218771489218,0.215633436806,-0.743171538381,1.33802050819,0.666666666667
lightgbm,2,dispersion,medium,0.5,5713,12,0.142675972363,1824.75,0.319403115701,0.781893258602,2.49739142943e-05,9.00375850927e-06,8.64488752218e-06,0.0788729245412,0.0757292146943,-0.882823712294,1.19816869582,0.583333333333
lightgbm,2,dispersion,medium,1,5713,12,0.142675972363,1824.75,0.319403115701,0.781893258602,2.49739142943e-05,-6.96639727578e-06,-7.32591408875e-06,-0.0610256401359,-0.0641750074175,-1.02247588621,1.05831688345,0.416666666667
lightgbm,2,volatility,high,0,3012,12,0.252248850627,2452.75,0.814326029216,1.02843278209,8.37479583754e-05,8.37479583754e-05,8.53112677162e-05,0.733632115368,0.747326705194,-1.42999994882,2.18362758922,0.75
lightgbm,2,volatility,high,0.5,3012,12,0.252248850627,2452.75,0.814326029216,1.02843278209,8.37479583754e-05,4.30316569146e-05,4.45985509718e-05,0.376957314571,0.390683306513,-1.77825288999,1.84782758922,0.75
lightgbm,2,volatility,high,1,3012,12,0.252248850627,2452.75,0.814326029216,1.02843278209,8.37479583754e-05,2.31535545373e-06,3.8858342273e-06,0.0202825137747,0.0340399078312,-2.12650583117,1.51202758922,0.75
lightgbm,2,volatility,low,0,9208,12,-0.182029717368,1023,0.111099044309,-1.77937162628,-1.97686487151e-05,-1.97686487151e-05,-1.98229883236e-05,-0.173173362744,-0.173649377715,-0.458962412122,0.194232781815,0.166666666667
lightgbm,2,volatility,low,0.5,9208,12,-0.182029717368,1023,0.111099044309,-1.77937162628,-1.97686487151e-05,-2.53236009305e-05,-2.53771656299e-05,-0.221834744152,-0.222303970918,-0.504212743248,0.143342442389,0.166666666667
lightgbm,2,volatility,low,1,9208,12,-0.182029717368,1023,0.111099044309,-1.77937162628,-1.97686487151e-05,-3.0878553146e-05,-3.09313429363e-05,-0.270496125559,-0.270958564122,-0.549463074373,0.0924521029634,0.0833333333333
lightgbm,2,volatility,medium,0,5336,12,0.144420669739,1823,0.34164167916,0.792214315627,2.70653429046e-05,2.70653429046e-05,2.69181175652e-05,0.237092403844,0.235802709871,-0.351098922543,0.79347254043,0.833333333333
lightgbm,2,volatility,medium,0.5,5336,12,0.144420669739,1823,0.34164167916,0.792214315627,2.70653429046e-05,9.98325894654e-06,9.83495160639e-06,0.0874533483717,0.086154176072,-0.494234572767,0.642940937722,0.5
lightgbm,2,volatility,medium,1,5336,12,0.144420669739,1823,0.34164167916,0.792214315627,2.70653429046e-05,-7.09882501148e-06,-7.24821435238e-06,-0.0621857071005,-0.0634943577268,-0.637370222991,0.492409335013,0.333333333333
lightgbm,3,direction,down,0,5920,12,0.425609107845,1082.25,0.1828125,3.93263208912,7.18934303793e-05,7.18934303793e-05,7.19395911077e-05,0.629786450123,0.630190818103,-0.340544920626,1.55790969283,0.75
lightgbm,3,direction,down,0.5,5920,12,0.425609107845,1082.25,0.1828125,3.93263208912,7.18934303793e-05,6.27528053793e-05,6.27946715275e-05,0.549714575123,0.550081322581,-0.420555811715,1.47340666253,0.75
lightgbm,3,direction,down,1,5920,12,0.425609107845,1082.25,0.1828125,3.93263208912,7.18934303793e-05,5.36121803793e-05,5.36497519473e-05,0.469642700123,0.469971827058,-0.500566702804,1.38890363222,0.75
lightgbm,3,direction,flat,0,5897,12,0.468591484252,598.75,0.10153467865,7.82616257623,7.94626902242e-05,7.94626902242e-05,7.76390347068e-05,0.696093166364,0.680117944032,-0.491863969345,1.78689354482,0.75
lightgbm,3,direction,flat,0.5,5897,12,0.468591484252,598.75,0.10153467865,7.82616257623,7.94626902242e-05,7.43859562917e-05,7.25575616119e-05,0.651620977115,0.63560423972,-0.539571438225,1.74867589776,0.666666666667
lightgbm,3,direction,flat,1,5897,12,0.468591484252,598.75,0.10153467865,7.82616257623,7.94626902242e-05,6.93092223592e-05,6.7476088517e-05,0.607148787866,0.591090535409,-0.587278907105,1.7104582507,0.666666666667
lightgbm,3,direction,up,0,5739,12,0.375009862188,1029.25,0.179343091131,3.64352550098,6.5344112596e-05,6.5344112596e-05,6.61334388307e-05,0.572414426341,0.579328924157,-0.675146424103,2.20244179245,0.75
lightgbm,3,direction,up,0.5,5739,12,0.375009862188,1029.25,0.179343091131,3.64352550098,6.5344112596e-05,5.63769580395e-05,5.71609773043e-05,0.493862152426,0.500730161186,-0.749680037549,2.1199133714,0.75
lightgbm,3,direction,up,1,5739,12,0.375009862188,1029.25,0.179343091131,3.64352550098,6.5344112596e-05,4.74098034829e-05,4.81885157779e-05,0.41530987851,0.422131398215,-0.824213650994,2.03738495035,0.666666666667
lightgbm,3,dispersion,high,0,8276,12,0.797990190853,2020.75,0.244169888835,3.94898028382,9.64222076913e-05,9.64222076913e-05,9.64947826016e-05,0.844658539376,0.84529429559,0.0752179108224,1.96606921831,1
lightgbm,3,dispersion,high,0.5,8276,12,0.797990190853,2020.75,0.244169888835,3.94898028382,9.64222076913e-05,8.42137132495e-05,8.42872461972e-05,0.737712128066,0.738356276687,-0.0307653008564,1.85371683047,0.833333333333
lightgbm,3,dispersion,high,1,8276,12,0.797990190853,2020.75,0.244169888835,3.94898028382,9.64222076913e-05,7.20052188078e-05,7.20797097927e-05,0.630765716756,0.631418257784,-0.136748512535,1.74136444262,0.833333333333
lightgbm,3,dispersion,low,0,4198,12,0.370381332386,200.75,0.0478203906622,18.4498795709,8.82280448751e-05,8.82280448751e-05,8.84022862409e-05,0.772877673106,0.77440402747,-0.186736242342,1.41170022729,0.833333333333
lightgbm,3,dispersion,low,0.5,4198,12,0.370381332386,200.75,0.0478203906622,18.4498795709,8.82280448751e-05,8.5837025342e-05,8.60141902118e-05,0.751932341996,0.753484306256,-0.213380159256,1.39295430338,0.833333333333
lightgbm,3,dispersion,low,1,4198,12,0.370381332386,200.75,0.0478203906622,18.4498795709,8.82280448751e-05,8.34460058088e-05,8.36260941828e-05,0.730987010885,0.732564585041,-0.24002407617,1.37420837946,0.833333333333
lightgbm,3,dispersion,medium,0,5082,12,0.100838931047,488.75,0.0961727666273,2.06320063524,1.98423713198e-05,1.98423713198e-05,1.94560752586e-05,0.173819172761,0.170435219265,-1.15171584107,1.09393287754,0.583333333333
lightgbm,3,dispersion,medium,0.5,5082,12,0.100838931047,488.75,0.0961727666273,2.06320063524,1.98423713198e-05,1.50337329884e-05,1.46465480117e-05,0.131695500979,0.128303760582,-1.19261955337,1.05441990585,0.583333333333
lightgbm,3,dispersion,medium,1,5082,12,0.100838931047,488.75,0.0961727666273,2.06320063524,1.98423713198e-05,1.02250946571e-05,9.83702076483e-06,0.0895718291959,0.0861723018999,-1.23352326566,1.01490693415,0.416666666667
lightgbm,3,volatility,high,0,5827,12,1.26765874031,1757.75,0.301656083748,7.21182614315,0.000217549123101,0.000217549123101,0.000217450290052,1.90573031837,1.90486454085,0.975818128791,2.77407549277,1
lightgbm,3,volatility,high,0.5,5827,12,1.26765874031,1757.75,0.301656083748,7.21182614315,0.000217549123101,0.000202466318914,0.000202369080469,1.77360495369,1.77275314491,0.844418128791,2.64564956685,1
lightgbm,3,volatility,high,1,5827,12,1.26765874031,1757.75,0.301656083748,7.21182614315,0.000217549123101,0.000187383514727,0.000187287870886,1.641479589,1.64064174896,0.713018128791,2.51722364092,1
lightgbm,3,volatility,low,0,5635,12,0.642163133006,200,0.0354924578527,32.1081566503,0.000113959739664,0.000113959739664,0.000114392751434,0.998287319456,1.00208050256,0.227703822994,1.87822562846,1
lightgbm,3,volatility,low,0.5,5635,12,0.642163133006,200,0.0354924578527,32.1081566503,0.000113959739664,0.000112185116771,0.000112619027781,0.982741622916,0.986542683363,0.213552339943,1.86169280571,1
lightgbm,3,volatility,low,1,5635,12,0.642163133006,200,0.0354924578527,32.1081566503,0.000113959739664,0.000110410493879,0.000110845304129,0.967195926377,0.971004864166,0.199400856892,1.84515998295,1
lightgbm,3,volatility,medium,0,6094,12,-0.640611419032,752.5,0.123482113554,-8.51310855857,-0.000105121663773,-0.000105121663773,-0.000105415425321,-0.920865774651,-0.923439125811,-1.77210232097,0.333457156676,0.166666666667
lightgbm,3,volatility,medium,0.5,6094,12,-0.640611419032,752.5,0.123482113554,-8.51310855857,-0.000105121663773,-0.000111295769451,-0.000111588556032,-0.974950940388,-0.977515750837,-1.82739872816,0.276354617613,0.166666666667
lightgbm,3,volatility,medium,1,6094,12,-0.640611419032,752.5,0.123482113554,-8.51310855857,-0.000105121663773,-0.000117469875128,-0.000117761686742,-1.02903610612,-1.03159237586,-1.88269513534,0.219252078551,0.166666666667
mlp,1,direction,down,0,5761,12,-0.173760607227,8749.75,1.5187901406,-0.198589225094,-3.01615357102e-05,-3.01615357102e-05,-3.20382151778e-05,-0.264215052822,-0.280654764958,-1.9567777271,0.965248440543,0.333333333333
mlp,1,direction,down,0.5,5761,12,-0.173760607227,8749.75,1.5187901406,-0.198589225094,-3.01615357102e-05,-0.00010610104274,-0.000107971718617,-0.929445134405,-0.945832255089,-2.61740355492,0.291711705849,0.0833333333333
mlp,1,direction,down,1,5761,12,-0.173760607227,8749.75,1.5187901406,-0.198589225094,-3.01615357102e-05,-0.00018204054977,-0.000183905222057,-1.59467521599,-1.61100974522,-3.27802938273,-0.381825028844,0
mlp,1,direction,flat,0,5852,12,0.135516045632,8666.25,1.48090396446,0.156372185931,2.31572190076e-05,2.31572190076e-05,2.28994367263e-05,0.202857238506,0.200599065722,-0.468411433965,1.13759370546,0.583333333333
mlp,1,direction,flat,0.5,5852,12,0.135516045632,8666.25,1.48090396446,0.156372185931,2.31572190076e-05,-5.08879792153e-05,-5.11362096485e-05,-0.445778697926,-0.447953196521,-1.12338782,0.497351567094,0.166666666667
mlp,1,direction,flat,1,5852,12,0.135516045632,8666.25,1.48090396446,0.156372185931,2.31572190076e-05,-0.000124933177438,-0.000125171856023,-1.09441463436,-1.09650545876,-1.77836420604,-0.142890571271,0
mlp,1,direction,up,0,5367,12,0.485414092289,8092.5,1.50782560089,0.5998320572,9.04442132083e-05,9.04442132083e-05,9.02850123458e-05,0.792291307705,0.790896708149,-0.125947994136,1.95579857693,0.916666666667
mlp,1,direction,up,0.5,5367,12,0.485414092289,8092.5,1.50782560089,0.5998320572,9.04442132083e-05,1.50529331636e-05,1.48883473062e-05,0.131863694513,0.130421922402,-0.794916598787,1.30502016783,0.416666666667
mlp,1,direction,up,1,5367,12,0.485414092289,8092.5,1.50782560089,0.5998320572,9.04442132083e-05,-6.03383468811e-05,-6.05083177335e-05,-0.528563918679,-0.530052863345,-1.46388520344,0.654241758744,0.166666666667
mlp,1,dispersion,high,0,5297,12,0.503952431312,8028,1.51557485369,0.62774343711,9.51392167853e-05,9.51392167853e-05,9.59503940205e-05,0.83341953904,0.84052545162,-0.376699545312,2.36011516958,0.75
mlp,1,dispersion,high,0.5,5297,12,0.503952431312,8028,1.51557485369,0.62774343711,9.51392167853e-05,1.93604741008e-05,2.01694880222e-05,0.169597753123,0.176684715074,-1.04051287864,1.68272551441,0.416666666667
mlp,1,dispersion,high,1,5297,12,0.503952431312,8028,1.51557485369,0.62774343711,9.51392167853e-05,-5.64182685837e-05,-5.56114179762e-05,-0.494224032794,-0.487156021471,-1.70432621198,1.00533585924,0.333333333333
mlp,1,dispersion,low,0,5791,12,0.0893333254549,8616.75,1.48795544811,0.103674036562,1.5426234753e-05,1.5426234753e-05,1.5923755853e-05,0.135133816437,0.139492101272,-0.539950326807,1.08879189665,0.583333333333
mlp,1,dispersion,low,0.5,5791,12,0.0893333254549,8616.75,1.48795544811,0.103674036562,1.5426234753e-05,-5.89715376524e-05,-5.84561419353e-05,-0.516590669835,-0.512075803353,-1.20611002262,0.450234001918,0.166666666667
mlp,1,dispersion,low,1,5791,12,0.0893333254549,8616.75,1.48795544811,0.103674036562,1.5426234753e-05,-0.000133369310058,-0.000132836039724,-1.16831515611,-1.16364370798,-1.87226971844,-0.188323892819,0
mlp,1,dispersion,medium,0,5892,12,-0.146116226072,8863.75,1.50437033265,-0.164846962146,-2.47990879281e-05,-2.47990879281e-05,-2.61377054363e-05,-0.21724001025,-0.228966299622,-0.921745293079,0.876404090641,0.333333333333
mlp,1,dispersion,medium,0.5,5892,12,-0.146116226072,8863.75,1.50437033265,-0.164846962146,-2.47990879281e-05,-0.000100017604561,-0.00010135808312,-0.876154215953,-0.887896808132,-1.57182699242,0.219625302762,0.0833333333333
mlp,1,dispersion,medium,1,5892,12,-0.146116226072,8863.75,1.50437033265,-0.164846962146,-2.47990879281e-05,-0.000175236121194,-0.000176578460804,-1.53506842166,-1.54682731664,-2.22190869177,-0.437153485117,0
mlp,1,volatility,high,0,5317,12,0.463063194931,8040.25,1.51217791988,0.575931339113,8.70910654374e-05,8.70910654374e-05,8.67515893267e-05,0.762917733232,0.759943922502,-0.795275234694,2.2619757962,0.916666666667
mlp,1,volatility,high,0.5,5317,12,0.463063194931,8040.25,1.51217791988,0.575931339113,8.70910654374e-05,1.14821694434e-05,1.11419929481e-05,0.100583804324,0.0976038582257,-1.45692959711,1.59959856406,0.416666666667
mlp,1,volatility,high,1,5317,12,0.463063194931,8040.25,1.51217791988,0.575931339113,8.70910654374e-05,-6.41267265506e-05,-6.44676034304e-05,-0.561750124583,-0.56473620605,-2.11858395953,0.937221331915,0.25
mlp,1,volatility,low,0,6066,12,-0.079844108301,9017.5,1.48656445763,-0.0885435079578,-1.31625631884e-05,-1.31625631884e-05,-1.34101454942e-05,-0.115304053531,-0.117472874529,-1.12544912647,1.0923403822,0.416666666667
mlp,1,volatility,low,0.5,6066,12,-0.079844108301,9017.5,1.48656445763,-0.0885435079578,-1.31625631884e-05,-8.74907860701e-05,-8.77435565024e-05,-0.766419285974,-0.768633554961,-1.7796078091,0.439902882198,0.166666666667
mlp,1,volatility,low,1,6066,12,-0.079844108301,9017.5,1.48656445763,-0.0885435079578,-1.31625631884e-05,-0.000161819008952,-0.000162076967511,-1.41753451842,-1.41979423539,-2.43376649174,-0.212534617802,0
mlp,1,volatility,medium,0,5597,12,0.0639504440648,8450.75,1.50987135966,0.075674282241,1.14258431418e-05,1.14258431418e-05,1.09229218523e-05,0.100090385922,0.0956847954259,-0.856046503151,1.22074926311,0.5
mlp,1,volatility,medium,0.5,5597,12,0.0639504440648,8450.75,1.50987135966,0.075674282241,1.14258431418e-05,-6.4067724841e-05,-6.45667070218e-05,-0.561233269607,-0.565604353511,-1.52700474491,0.57184274137,0.166666666667
mlp,1,volatility,medium,1,5597,12,0.0639504440648,8450.75,1.50987135966,0.075674282241,1.14258431418e-05,-0.000139561292824,-0.000140056335896,-1.22255692514,-1.22689350245,-2.19796298667,-0.0770637803689,0
mlp,2,direction,down,0,5244,12,0.15529946722,7848.25,1.49661517925,0.197877829096,2.96146962662e-05,2.96146962662e-05,2.94871897953e-05,0.259424739292,0.258307782606,-0.897963943607,0.985599353791,0.666666666667
mlp,2,direction,down,0.5,5244,12,0.15529946722,7848.25,1.49661517925,0.197877829096,2.96146962662e-05,-4.52160626964e-05,-4.53443422188e-05,-0.39609270922,-0.397216437837,-1.55035880342,0.330075758286,0.333333333333
mlp,2,direction,down,1,5244,12,0.15529946722,7848.25,1.49661517925,0.197877829096,2.96146962662e-05,-0.000120046821659,-0.000120175874233,-1.05161015773,-1.05274065828,-2.20275366323,-0.32544783722,0
mlp,2,direction,flat,0,7283,12,0.353751529611,10730.25,1.47332829878,0.329676875759,4.85722270509e-05,4.85722270509e-05,4.88719652837e-05,0.425492708966,0.428118415885,0.0712133950812,1.15927492762,1
mlp,2,direction,flat,0.5,7283,12,0.353751529611,10730.25,1.47332829878,0.329676875759,4.85722270509e-05,-2.5094187888e-05,-2.4802082238e-05,-0.219825085899,-0.217266240405,-0.574801732307,0.504517248442,0.25
mlp,2,direction,flat,1,7283,12,0.353751529611,10730.25,1.47332829878,0.329676875759,4.85722270509e-05,-9.87606028269e-05,-9.84761297596e-05,-0.865142880764,-0.862650896694,-1.2208168597,-0.150240430739,0
mlp,2,direction,up,0,5029,12,0.677913200143,7440.75,1.47956850268,0.911081813181,0.000134800795415,0.000134800795415,0.000134800479684,1.18085496784,1.18085220204,0.232235323557,2.30860644629,1
mlp,2,direction,up,0.5,5029,12,0.677913200143,7440.75,1.47956850268,0.911081813181,0.000134800795415,6.0822370281e-05,6.08214834961e-05,0.532803963661,0.532796195426,-0.415087932257,1.65529154244,0.75
mlp,2,direction,up,1,5029,12,0.677913200143,7440.75,1.47956850268,0.911081813181,0.000134800795415,-1.31560548533e-05,-1.31575126922e-05,-0.115247040515,-0.115259811184,-1.06241118807,1.0019766386,0.416666666667
mlp,2,dispersion,high,0,4084,12,0.470915817322,6132.25,1.50153036239,0.767933168611,0.000115307496896,0.000115307496896,0.000113900884122,1.01009367281,0.997771744907,-1.06303618337,2.44527112138,0.833333333333
mlp,2,dispersion,high,0.5,4084,12,0.470915817322,6132.25,1.50153036239,0.767933168611,0.000115307496896,4.02309787761e-05,3.88315691559e-05,0.352423374079,0.340164545806,-1.71403134466,1.78633306829,0.75
mlp,2,dispersion,high,1,4084,12,0.470915817322,6132.25,1.50153036239,0.767933168611,0.000115307496896,-3.48455393434e-05,-3.623774581e-05,-0.305246924648,-0.317442653295,-2.36502650595,1.12739501519,0.416666666667
mlp,2,dispersion,low,0,7759,12,0.291703636583,11417,1.47145250677,0.255499375127,3.75955196008e-05,3.75955196008e-05,3.78934516793e-05,0.329336751703,0.331946636711,-0.156808243232,0.99885914426,0.583333333333
mlp,2,dispersion,low,0.5,7759,12,0.291703636583,11417,1.47145250677,0.255499375127,3.75955196008e-05,-3.59771057375e-05,-3.56897049226e-05,-0.315159446261,-0.312641815122,-0.810147149007,0.353986752607,0.25
mlp,2,dispersion,low,1,7759,12,0.291703636583,11417,1.47145250677,0.255499375127,3.75955196008e-05,-0.000109549731076,-0.000109272861525,-0.959655644224,-0.957230266956,-1.46348605478,-0.290885639046,0
mlp,2,dispersion,medium,0,5713,12,0.42434474307,8470,1.48258358131,0.500997335384,7.42770423719e-05,7.42770423719e-05,7.32510257324e-05,0.650666891177,0.641678985416,-0.539862244197,1.50892006061,0.916666666667
mlp,2,dispersion,medium,0.5,5713,12,0.42434474307,8470,1.48258358131,0.500997335384,7.42770423719e-05,1.47863306564e-07,-8.70705479002e-07,0.0012952825655,-0.00762737999605,-1.18612695008,0.862629641449,0.5
mlp,2,dispersion,medium,1,5713,12,0.42434474307,8470,1.48258358131,0.500997335384,7.42770423719e-05,-7.39813157587e-05,-7.49924366904e-05,-0.648076326046,-0.656933745408,-1.83239165596,0.216339222287,0.166666666667
mlp,2,volatility,high,0,3012,12,0.308580000764,4472.5,1.4848937583,0.689949694273,0.000102450199457,0.000102450199457,0.000103342276707,0.897463747241,0.905278343958,-0.433490718067,2.56256694407,0.916666666667
mlp,2,volatility,high,0.5,3012,12,0.308580000764,4472.5,1.4848937583,0.689949694273,0.000102450199457,2.82055115417e-05,2.90902935092e-05,0.247080281105,0.25483097114,-1.08362012983,1.90601206602,0.583333333333
mlp,2,volatility,high,1,3012,12,0.308580000764,4472.5,1.4848937583,0.689949694273,0.000102450199457,-4.60391763733e-05,-4.51616896891e-05,-0.40330318503,-0.395616401677,-1.7337495416,1.24945718797,0.333333333333
mlp,2,volatility,low,0,9208,12,0.291919939129,13590.75,1.47597198089,0.214793104964,3.17028604615e-05,3.17028604615e-05,3.1662330812e-05,0.277717057642,0.277362017913,-0.482370727273,0.737711817934,0.916666666667
mlp,2,volatility,low,0.5,9208,12,0.291919939129,13590.75,1.47597198089,0.214793104964,3.17028604615e-05,-4.20957385829e-05,-4.21386614753e-05,-0.368758669986,-0.369134674524,-1.1360742613,0.0871529944051,0.166666666667
mlp,2,volatility,low,1,9208,12,0.291919939129,13590.75,1.47597198089,0.214793104964,3.17028604615e-05,-0.000115894337627,-0.000115939653763,-1.01523439761,-1.01563136696,-1.78977779534,-0.563405829124,0
mlp,2,volatility,medium,0,5336,12,0.586464257082,7956,1.49100449775,0.73713456144,0.000109907094656,0.000109907094656,0.000109838137492,0.962786149183,0.962182084427,0.232027183861,1.61176226361,1
mlp,2,volatility,medium,0.5,5336,12,0.586464257082,7956,1.49100449775,0.73713456144,0.000109907094656,3.5356869768e-05,3.52883631654e-05,0.309726179168,0.309126061329,-0.413650401534,0.952841210979,0.666666666667
mlp,2,volatility,medium,1,5336,12,0.586464257082,7956,1.49100449775,0.73713456144,0.000109907094656,-3.91933551196e-05,-3.92614111608e-05,-0.343333790847,-0.343929961769,-1.07414242887,0.293920158347,0.333333333333
mlp,3,direction,down,0,5920,12,-0.639731844174,8868.25,1.4980152027,-0.721373263242,-0.000108062811516,-0.000108062811516,-0.000107717612662,-0.94663022888,-0.943606286919,-1.98852042092,-0.0450668737274,0
mlp,3,direction,down,0.5,5920,12,-0.639731844174,8868.25,1.4980152027,-0.721373263242,-0.000108062811516,-0.000182963571651,-0.0001826203017,-1.60276088766,-1.59975384289,-2.63511250013,-0.69518147819,0
mlp,3,direction,down,1,5920,12,-0.639731844174,8868.25,1.4980152027,-0.721373263242,-0.000108062811516,-0.000257864331786,-0.000257522990737,-2.25889154645,-2.25590139886,-3.28170457933,-1.34529608265,0
mlp,3,direction,flat,0,5897,12,-0.084926031783,8683,1.4724436154,-0.0978072460935,-1.4401565505e-05,-1.4401565505e-05,-1.41547361826e-05,-0.126157713824,-0.12399548896,-0.923214306317,1.1045894934,0.333333333333
mlp,3,direction,flat,0.5,5897,12,-0.084926031783,8683,1.4724436154,-0.0978072460935,-1.4401565505e-05,-8.80237462749e-05,-8.77752835763e-05,-0.771088017368,-0.768911484128,-1.56599036766,0.463991392132,0.0833333333333
mlp,3,direction,flat,1,5897,12,-0.084926031783,8683,1.4724436154,-0.0978072460935,-1.4401565505e-05,-0.000161645927045,-0.00016139583097,-1.41601832091,-1.4138274793,-2.21617501496,-0.176606709134,0
mlp,3,direction,up,0,5739,12,-0.501422674279,8340,1.45321484579,-0.601226228152,-8.7371088043e-05,-8.7371088043e-05,-8.71867214112e-05,-0.765370731257,-0.763755679562,-1.90271612076,0.769695799247,0.0833333333333
mlp,3,direction,up,0.5,5739,12,-0.501422674279,8340,1.45321484579,-0.601226228152,-8.7371088043e-05,-0.000160031830333,-0.000159855880831,-1.40187883371,-1.40033751608,-2.54561740831,0.14518231377,0.0833333333333
mlp,3,direction,up,1,5739,12,-0.501422674279,8340,1.45321484579,-0.601226228152,-8.7371088043e-05,-0.000232692572622,-0.00023252504025,-2.03838693617,-2.03691935259,-3.18851869587,-0.479331171708,0
mlp,3,dispersion,high,0,8276,12,-1.01270774072,12168.25,1.47030570324,-0.832254219564,-0.000122366812557,-0.000122366812557,-0.000122485886251,-1.071933278,-1.07297636356,-2.29410870063,0.0352153586493,0.0833333333333
mlp,3,dispersion,high,0.5,8276,12,-1.01270774072,12168.25,1.47030570324,-0.832254219564,-0.000122366812557,-0.000195882097719,-0.000196004020477,-1.71592717602,-1.71699521938,-2.94062637367,-0.610533555967,0
mlp,3,dispersion,high,1,8276,12,-1.01270774072,12168.25,1.47030570324,-0.832254219564,-0.000122366812557,-0.000269397382881,-0.000269522154703,-2.35992107404,-2.3610140752,-3.58714404672,-1.25628247058,0
mlp,3,dispersion,low,0,4198,12,0.0127021572042,6181.75,1.47254645069,0.0205478338726,3.02576398385e-06,3.02576398385e-06,2.9172351226e-06,0.0265056924985,0.025554979674,-1.06049525639,1.35393528153,0.5
mlp,3,dispersion,low,0.5,4198,12,0.0127021572042,6181.75,1.47254645069,0.0205478338726,3.02576398385e-06,-7.06015585507e-05,-7.07139471774e-05,-0.618469652904,-0.619454177274,-1.70395816848,0.703678683288,0.166666666667
mlp,3,dispersion,low,1,4198,12,0.0127021572042,6181.75,1.47254645069,0.0205478338726,3.02576398385e-06,-0.000144228881085,-0.000144345129477,-1.26344499831,-1.26446333422,-2.34742108057,0.0534220850475,0.0833333333333
mlp,3,dispersion,medium,0,5082,12,-0.226074966719,7541.25,1.48391381346,-0.29978447435,-4.44854322549e-05,-4.44854322549e-05,-4.46535551051e-05,-0.389692386553,-0.391165142721,-1.87076429687,0.695775809571,0.333333333333
mlp,3,dispersion,medium,0.5,5082,12,-0.226074966719,7541.25,1.48391381346,-0.29978447435,-4.44854322549e-05,-0.000118681122928,-0.000118846313929,-1.03964663685,-1.04109371002,-2.5343242047,0.0418245334687,0.0833333333333
mlp,3,dispersion,medium,1,5082,12,-0.226074966719,7541.25,1.48391381346,-0.29978447435,-4.44854322549e-05,-0.000192876813601,-0.000193039072752,-1.68960088714,-1.69102227731,-3.19788411253,-0.612126742633,0
mlp,3,volatility,high,0,5827,12,-0.827637177469,8569.25,1.47061094903,-0.965822186853,-0.00014203486828,-0.00014203486828,-0.000142151374185,-1.24422544613,-1.24524603786,-2.0280654588,-0.0575235691004,0
mlp,3,volatility,high,0.5,5827,12,-0.827637177469,8569.25,1.47061094903,-0.965822186853,-0.00014203486828,-0.000215565415732,-0.000215679991596,-1.88835304181,-1.88935672638,-2.6761685838,-0.710459651575,0
mlp,3,volatility,high,1,5827,12,-0.827637177469,8569.25,1.47061094903,-0.965822186853,-0.00014203486828,-0.000289095963183,-0.000289208609006,-2.53248063749,-2.5334674149,-3.3242717088,-1.36339573405,0
mlp,3,volatility,low,0,5635,12,0.29626747333,8337,1.47950310559,0.355364607569,5.25763040515e-05,5.25763040515e-05,5.26490710544e-05,0.460568423491,0.461205862436,-0.19736562261,0.884164919506,0.833333333333
mlp,3,volatility,low,0.5,5635,12,0.29626747333,8337,1.47950310559,0.355364607569,5.25763040515e-05,-2.1398851228e-05,-2.13233209055e-05,-0.187453936758,-0.186792291132,-0.844925967437,0.235481375202,0.5
mlp,3,volatility,low,1,5635,12,0.29626747333,8337,1.47950310559,0.355364607569,5.25763040515e-05,-9.53740065075e-05,-9.52957128654e-05,-0.835476297006,-0.8347904447,-1.49248631226,-0.413202169102,0
mlp,3,volatility,medium,0,6094,12,-0.694710846098,8985,1.47440105021,-0.773189589424,-0.000113999154266,-0.000113999154266,-0.000114779584065,-0.998632591371,-1.00546915641,-3.19709637044,0.352150358412,0.0833333333333
mlp,3,volatility,medium,0.5,6094,12,-0.694710846098,8985,1.47440105021,-0.773189589424,-0.000113999154266,-0.000187719206777,-0.000188500994515,-1.64442025136,-1.65126871195,-3.83440368269,-0.287098665025,0
mlp,3,volatility,medium,1,6094,12,-0.694710846098,8985,1.47440105021,-0.773189589424,-0.000113999154266,-0.000261439259287,-0.000262222404964,-2.29020791136,-2.29706826749,-4.47171099494,-0.926347688463,0
momentum_12,1,direction,down,0,5761,12,-0.441447171414,9072,1.57472660996,-0.486604024928,-7.66268306569e-05,-7.66268306569e-05,-7.8459453269e-05,-0.671251036554,-0.687304810637,-1.94594207473,1.17893072484,0.333333333333
momentum_12,1,direction,down,0.5,5761,12,-0.441447171414,9072,1.57472660996,-0.486604024928,-7.66268306569e-05,-0.000155363161155,-0.000157194172131,-1.36098129172,-1.37702094787,-2.6357458722,0.495838056819,0.0833333333333
momentum_12,1,direction,down,1,5761,12,-0.441447171414,9072,1.57472660996,-0.486604024928,-7.66268306569e-05,-0.000234099491653,-0.000235928890993,-2.05071154688,-2.0667370851,-3.32554966967,-0.187254611205,0
momentum_12,1,direction,flat,0,5852,12,-0.489688441879,9261.25,1.5825786056,-0.528749836014,-8.36788178194e-05,-8.36788178194e-05,-8.39578160607e-05,-0.733026444098,-0.735470468692,-2.14713417617,0.776404905706,0.25
momentum_12,1,direction,flat,0.5,5852,12,-0.489688441879,9261.25,1.5825786056,-0.528749836014,-8.36788178194e-05,-0.0001628077481,-0.000163088658043,-1.42619587335,-1.42865664445,-2.83606230758,0.0848381684181,0.0833333333333
momentum_12,1,direction,flat,1,5852,12,-0.489688441879,9261.25,1.5825786056,-0.528749836014,-8.36788178194e-05,-0.00024193667838,-0.000242219500025,-2.11936530261,-2.12184282022,-3.524990439,-0.60672856887,0
momentum_12,1,direction,up,0,5367,12,-0.16372207908,8309.5,1.54825787218,-0.197030000698,-3.05053249636e-05,-3.05053249636e-05,-3.09099814556e-05,-0.267226646681,-0.270771437551,-1.54719487838,0.746914358322,0.333333333333
momentum_12,1,direction,up,0.5,5367,12,-0.16372207908,8309.5,1.54825787218,-0.197030000698,-3.05053249636e-05,-0.000107918218573,-0.00010831857757,-0.945363594697,-0.948870739515,-2.22380301792,0.075330836877,0.0833333333333
momentum_12,1,direction,up,1,5367,12,-0.16372207908,8309.5,1.54825787218,-0.197030000698,-3.05053249636e-05,-0.000185331112182,-0.000185727173685,-1.62350054271,-1.62697004148,-2.90041115745,-0.596252684568,0
momentum_12,1,dispersion,high,0,5297,12,0.110809360574,8108.25,1.53072493864,0.136662486447,2.09192676182e-05,2.09192676182e-05,2.1230542023e-05,0.183252784336,0.185979548122,-0.615567927658,1.85466687883,0.583333333333
momentum_12,1,dispersion,high,0.5,5297,12,0.110809360574,8108.25,1.53072493864,0.136662486447,2.09192676182e-05,-5.5616979314e-05,-5.52981392161e-05,-0.487204738791,-0.484411699533,-1.28234471337,1.19435641371,0.166666666667
momentum_12,1,dispersion,high,1,5297,12,0.110809360574,8108.25,1.53072493864,0.136662486447,2.09192676182e-05,-0.000132153226246,-0.000131826820455,-1.15766226192,-1.15480294719,-1.94912149909,0.534045948597,0.166666666667
momentum_12,1,dispersion,low,0,5791,12,-0.603556702961,9233,1.59437057503,-0.653695118554,-0.000104223226206,-0.000104223226206,-0.000104857127281,-0.912995461568,-0.918548434983,-2.53019847406,0.0417300942196,0.0833333333333
momentum_12,1,dispersion,low,0.5,5791,12,-0.603556702961,9233,1.59437057503,-0.653695118554,-0.000104223226206,-0.000183941754958,-0.000184582835633,-1.61132977343,-1.61694564014,-3.23082738031,-0.65149233924,0
momentum_12,1,dispersion,low,1,5791,12,-0.603556702961,9233,1.59437057503,-0.653695118554,-0.000104223226206,-0.000263660283709,-0.000264308543985,-2.30966408529,-2.3153428453,-3.93145628656,-1.3447147727,0
momentum_12,1,dispersion,medium,0,5892,12,-0.602110349986,9301.5,1.57866598778,-0.647326076424,-0.000102191165985,-0.000102191165985,-0.000101612976827,-0.895194614032,-0.890129677008,-2.02902745554,0.576249763408,0.25
momentum_12,1,dispersion,medium,0.5,5892,12,-0.602110349986,9301.5,1.57866598778,-0.647326076424,-0.000102191165985,-0.000181124465374,-0.000180533051196,-1.58665031668,-1.58146952848,-2.71854563735,-0.126265296833,0
momentum_12,1,dispersion,medium,1,5892,12,-0.602110349986,9301.5,1.57866598778,-0.647326076424,-0.000102191165985,-0.000260057764763,-0.000259453125565,-2.27810601933,-2.27280937995,-3.40806381917,-0.828780357074,0
momentum_12,1,volatility,high,0,5317,12,-0.0754170482142,8138,1.53056234719,-0.0926727060877,-1.4184135455e-05,-1.4184135455e-05,-1.36419065652e-05,-0.124253026586,-0.119503101511,-0.97352447233,1.10684508016,0.416666666667
momentum_12,1,volatility,high,0.5,5317,12,-0.0754170482142,8138,1.53056234719,-0.0926727060877,-1.4184135455e-05,-9.07122528144e-05,-9.01687891973e-05,-0.794639334654,-0.789878593368,-1.64556839125,0.447584759057,0.0833333333333
momentum_12,1,volatility,high,1,5317,12,-0.0754170482142,8138,1.53056234719,-0.0926727060877,-1.4184135455e-05,-0.000167240370174,-0.000166695671829,-1.46502564272,-1.46025408523,-2.31761231017,-0.211675562044,0
momentum_12,1,volatility,low,0,6066,12,-0.73224337112,9737.25,1.60521760633,-0.752002229705,-0.000120712721912,-0.000120712721912,-0.000120562055623,-1.05744344395,-1.05612360726,-1.71887008583,0.0610843821118,0.0833333333333
momentum_12,1,volatility,low,0.5,6066,12,-0.73224337112,9737.25,1.60521760633,-0.752002229705,-0.000120712721912,-0.000200973602229,-0.000200823644724,-1.76052875552,-1.75921512779,-2.41827128344,-0.640760548306,0
momentum_12,1,volatility,low,1,6066,12,-0.73224337112,9737.25,1.60521760633,-0.752002229705,-0.000120712721912,-0.000281234482545,-0.000281085233826,-2.4636140671,-2.46230664832,-3.11767248104,-1.34260547872,0
momentum_12,1,volatility,medium,0,5597,12,-0.287197273039,8767.5,1.56646417724,-0.327570314273,-5.13127162836e-05,-5.13127162836e-05,-5.1801697509e-05,-0.449499394644,-0.453782870179,-1.07871985879,0.874340514634,0.166666666667
momentum_12,1,volatility,medium,0.5,5597,12,-0.287197273039,8767.5,1.56646417724,-0.327570314273,-5.13127162836e-05,-0.000129635925145,-0.000130126458972,-1.13561070427,-1.1399077806,-1.75689788077,0.198016985222,0.0833333333333
momentum_12,1,volatility,medium,1,5597,12,-0.287197273039,8767.5,1.56646417724,-0.327570314273,-5.13127162836e-05,-0.000207959134007,-0.000208451220435,-1.8217220139,-1.82603269101,-2.43507590274,-0.478306544189,0
momentum_12,2,direction,down,0,5244,12,-0.82077981118,8328.75,1.58824370709,-0.985477786198,-0.000156517889241,-0.000156517889241,-0.000156327568889,-1.37109670975,-1.36942950347,-1.94477619984,-0.14542522592,0
momentum_12,2,direction,down,0.5,5244,12,-0.82077981118,8328.75,1.58824370709,-0.985477786198,-0.000156517889241,-0.000235930074596,-0.000235736059286,-2.06674745346,-2.06504787935,-2.65024753012,-0.840801394144,0
momentum_12,2,direction,down,1,5244,12,-0.82077981118,8328.75,1.58824370709,-0.985477786198,-0.000156517889241,-0.00031534225995,-0.000315144549683,-2.76239819717,-2.76066625522,-3.35571886039,-1.53617756237,0
momentum_12,2,direction,flat,0,7283,12,-1.1415868721,11497.25,1.57864204311,-0.992921674401,-0.000156746790073,-0.000156746790073,-0.00015669022201,-1.37310188104,-1.37260634481,-2.14441934438,-0.35517807048,0
momentum_12,2,direction,flat,0.5,7283,12,-1.1415868721,11497.25,1.57864204311,-0.992921674401,-0.000156746790073,-0.000235678892229,-0.000235618534817,-2.06454709592,-2.06401836499,-2.8331020855,-1.03703950621,0
momentum_12,2,direction,flat,1,7283,12,-1.1415868721,11497.25,1.57864204311,-0.992921674401,-0.000156746790073,-0.000314610994384,-0.000314546847623,-2.75599231081,-2.75543038518,-3.52178482661,-1.71890094193,0
momentum_12,2,direction,up,0,5029,12,-0.622299160162,7824.25,1.55582620799,-0.795346723535,-0.000123742127692,-0.000123742127692,-0.00012400770486,-1.08398103858,-1.08630749458,-1.656113592,-0.475143678033,0
momentum_12,2,direction,up,0.5,5029,12,-0.622299160162,7824.25,1.55582620799,-0.795346723535,-0.000123742127692,-0.000201533438092,-0.000201799518597,-1.76543291768,-1.76776378291,-2.33709169419,-1.15455298036,0
momentum_12,2,direction,up,1,5029,12,-0.622299160162,7824.25,1.55582620799,-0.795346723535,-0.000123742127692,-0.000279324748491,-0.000279591332334,-2.44688479678,-2.44922007125,-3.01806979638,-1.83396228268,0
momentum_12,2,dispersion,high,0,4084,12,-0.787733067777,6296.25,1.5416870715,-1.25111465996,-0.000192882729622,-0.000192882729622,-0.000192748120903,-1.68965271149,-1.68847353911,-3.16515476335,-0.426062639504,0
momentum_12,2,dispersion,high,0.5,4084,12,-0.787733067777,6296.25,1.5416870715,-1.25111465996,-0.000192882729622,-0.000269967083197,-0.000269846833012,-2.36491164881,-2.36385825719,-3.8365368529,-1.09529902919,0
momentum_12,2,dispersion,high,1,4084,12,-0.787733067777,6296.25,1.5416870715,-1.25111465996,-0.000192882729622,-0.000347051436772,-0.000346945545122,-3.04017058612,-3.03924297526,-4.50791894246,-1.76453541887,0
momentum_12,2,dispersion,low,0,7759,12,-1.148709578,12362,1.59324655239,-0.929226320986,-0.00014804866323,-0.00014804866323,-0.000147555892163,-1.2969062899,-1.29258961535,-2.04994360904,-0.850457787629,0
momentum_12,2,dispersion,low,0.5,7759,12,-1.148709578,12362,1.59324655239,-0.929226320986,-0.00014804866323,-0.00022771099085,-0.000227218674643,-1.99474827984,-1.99043558988,-2.75241536476,-1.54366485023,0
momentum_12,2,dispersion,low,1,7759,12,-1.148709578,12362,1.59324655239,-0.929226320986,-0.00014804866323,-0.000307373318469,-0.000306881457124,-2.69259026979,-2.6882815644,-3.45488712049,-2.23687191283,0
momentum_12,2,dispersion,medium,0,5713,12,-0.648223197664,8992,1.57395413968,-0.720888787437,-0.000113464589124,-0.000113464589124,-0.00011272645563,-0.993949800724,-0.987483751321,-2.07105489492,0.123641263714,0.0833333333333
momentum_12,2,dispersion,medium,0.5,5713,12,-0.648223197664,8992,1.57395413968,-0.720888787437,-0.000113464589124,-0.000192162296108,-0.000191414039874,-1.6833417139,-1.6767869893,-2.7656884353,-0.54944080972,0
momentum_12,2,dispersion,medium,1,5713,12,-0.648223197664,8992,1.57395413968,-0.720888787437,-0.000113464589124,-0.000270860003092,-0.000270101624118,-2.37273362708,-2.36609022727,-3.46032197567,-1.22252288315,0
momentum_12,2,volatility,high,0,3012,12,-0.397103050866,4633.75,1.53842961487,-0.856979877779,-0.000131840322333,-0.000131840322333,-0.000132677129564,-1.15492122363,-1.16225165498,-2.23010265922,-0.407951666488,0
momentum_12,2,volatility,high,0.5,3012,12,-0.397103050866,4633.75,1.53842961487,-0.856979877779,-0.000131840322333,-0.000208761803076,-0.000209598305837,-1.82875339495,-1.83608115913,-2.89600509824,-1.07467560471,0
momentum_12,2,volatility,high,1,3012,12,-0.397103050866,4633.75,1.53842961487,-0.856979877779,-0.000131840322333,-0.00028568328382,-0.00028651948211,-2.50258556626,-2.50991066328,-3.56190753727,-1.74139954294,0
momentum_12,2,volatility,low,0,9208,12,-1.49567677272,14662,1.59231103388,-1.02010419637,-0.000162432316759,-0.000162432316759,-0.000162362648158,-1.42290709481,-1.42229679786,-2.13986297981,-1.06536703673,0
momentum_12,2,volatility,low,0.5,9208,12,-1.49567677272,14662,1.59231103388,-1.02010419637,-0.000162432316759,-0.000242047868453,-0.000241977943481,-2.12033932765,-2.1197267849,-2.84181857827,-1.75872556386,0
momentum_12,2,volatility,low,1,9208,12,-1.49567677272,14662,1.59231103388,-1.02010419637,-0.000162432316759,-0.000321663420147,-0.000321593238805,-2.81777156049,-2.81715677193,-3.54377417672,-2.452084091,0
momentum_12,2,volatility,medium,0,5336,12,-0.69188601986,8354.5,1.56568590705,-0.828159698199,-0.000129663796825,-0.000129663796825,-0.000129432455437,-1.13585486019,-1.13382830963,-2.59933133538,0.0915597003868,0.0833333333333
momentum_12,2,volatility,medium,0.5,5336,12,-0.69188601986,8354.5,1.56568590705,-0.828159698199,-0.000129663796825,-0.000207948092178,-0.000207716336752,-1.82162528748,-1.81959510995,-3.29374591397,-0.596363910724,0
momentum_12,2,volatility,medium,1,5336,12,-0.69188601986,8354.5,1.56568590705,-0.828159698199,-0.000129663796825,-0.00028623238753,-0.000286000218068,-2.50739571476,-2.50536191027,-3.98816049256,-1.28428752184,0
momentum_12,3,direction,down,0,5920,12,-0.791088339601,9071.5,1.53234797297,-0.872059019568,-0.000133629787095,-0.000133629787095,-0.000133751552604,-1.17059693495,-1.17166360081,-2.45594252437,0.0555071000672,0.0833333333333
momentum_12,3,direction,down,0.5,5920,12,-0.791088339601,9071.5,1.53234797297,-0.872059019568,-0.000133629787095,-0.000210247185743,-0.000210371661156,-1.84176534711,-1.84285575173,-3.12730318011,-0.60681273799,0
momentum_12,3,direction,down,1,5920,12,-0.791088339601,9071.5,1.53234797297,-0.872059019568,-0.000133629787095,-0.000286864584392,-0.000286991769709,-2.51293375928,-2.51404790265,-3.79866383584,-1.26913257605,0
momentum_12,3,direction,flat,0,5897,12,-0.576077027321,9082.5,1.54018992708,-0.634271431126,-9.76898469257e-05,-9.76898469257e-05,-9.80521201242e-05,-0.855763059069,-0.858936572288,-2.00026979148,-0.125344564643,0
momentum_12,3,direction,flat,0.5,5897,12,-0.576077027321,9082.5,1.54018992708,-0.634271431126,-9.76898469257e-05,-0.00017469934328,-0.000175051958977,-1.53036624713,-1.53345516064,-2.66664927356,-0.806178240208,0
momentum_12,3,direction,flat,1,5897,12,-0.576077027321,9082.5,1.54018992708,-0.634271431126,-9.76898469257e-05,-0.000251708839634,-0.00025205179783,-2.20496943519,-2.20797374899,-3.33302875563,-1.48701191577,0
momentum_12,3,direction,up,0,5739,12,0.152199145921,8709.25,1.51755532323,0.174755743515,2.65201508836e-05,2.65201508836e-05,2.50965199435e-05,0.23231652174,0.219845514705,-1.58406169784,1.5651353664,0.666666666667
momentum_12,3,direction,up,0.5,5739,12,0.152199145921,8709.25,1.51755532323,0.174755743515,2.65201508836e-05,-4.93576152778e-05,-5.07835435917e-05,-0.432372709833,-0.444863841864,-2.26180906626,0.900774021861,0.333333333333
momentum_12,3,direction,up,1,5739,12,0.152199145921,8709.25,1.51755532323,0.174755743515,2.65201508836e-05,-0.000125235381439,-0.000126663607127,-1.09706194141,-1.10957319843,-2.93955643468,0.236412677323,0.25
momentum_12,3,dispersion,high,0,8276,12,-0.712712205661,12435.5,1.50259787337,-0.573127100367,-8.61179562182e-05,-8.61179562182e-05,-8.60421431259e-05,-0.754393296471,-0.753729173783,-2.82140234154,1.08918669998,0.166666666667
momentum_12,3,dispersion,high,0.5,8276,12,-0.712712205661,12435.5,1.50259787337,-0.573127100367,-8.61179562182e-05,-0.000161247849887,-0.000161170715806,-1.41253116501,-1.41185547046,-3.49205062234,0.432816915806,0.0833333333333
momentum_12,3,dispersion,high,1,8276,12,-0.712712205661,12435.5,1.50259787337,-0.573127100367,-8.61179562182e-05,-0.000236377743555,-0.000236299288487,-2.07066903354,-2.06998176715,-4.16269890314,-0.223552868366,0
momentum_12,3,dispersion,low,0,4198,12,-0.218554550706,6600.5,1.57229633159,-0.331118173936,-5.20615890201e-05,-5.20615890201e-05,-5.18477188591e-05,-0.456059519816,-0.454186017206,-1.37939803443,0.591848281387,0.25
momentum_12,3,dispersion,low,0.5,4198,12,-0.218554550706,6600.5,1.57229633159,-0.331118173936,-5.20615890201e-05,-0.000130676405599,-0.000130457882955,-1.14472531305,-1.14281105468,-2.07525287314,-0.091495196874,0
momentum_12,3,dispersion,low,1,4198,12,-0.218554550706,6600.5,1.57229633159,-0.331118173936,-5.20615890201e-05,-0.000209291222179,-0.00020906804705,-1.83339110629,-1.83143609216,-2.77110771185,-0.774838675135,0
momentum_12,3,dispersion,medium,0,5082,12,-0.283699464634,7827.25,1.54019086974,-0.362451007229,-5.58243732061e-05,-5.58243732061e-05,-5.4149141685e-05,-0.489021509286,-0.474346481161,-1.67763397481,1.02553383046,0.333333333333
momentum_12,3,dispersion,medium,0.5,5082,12,-0.283699464634,7827.25,1.54019086974,-0.362451007229,-5.58243732061e-05,-0.000132833916693,-0.000131155087032,-1.16362511023,-1.1489185624,-2.34809917203,0.361638364462,0.0833333333333
momentum_12,3,dispersion,medium,1,5082,12,-0.283699464634,7827.25,1.54019086974,-0.362451007229,-5.58243732061e-05,-0.00020984346018,-0.00020816103238,-1.83822871117,-1.82349064365,-3.01856436925,-0.302257101533,0
momentum_12,3,volatility,high,0,5827,12,-0.437608923088,8760.5,1.50343229792,-0.499525053465,-7.51002099001e-05,-7.51002099001e-05,-7.587090972e-05,-0.657877838725,-0.664629169147,-3.05677946166,1.06889464491,0.25
momentum_12,3,volatility,high,0.5,5827,12,-0.437608923088,8760.5,1.50343229792,-0.499525053465,-7.51002099001e-05,-0.000150271824796,-0.000151043736227,-1.31638118522,-1.32314312935,-3.7249112044,0.410559279052,0.0833333333333
momentum_12,3,volatility,high,1,5827,12,-0.437608923088,8760.5,1.50343229792,-0.499525053465,-7.51002099001e-05,-0.000225443439692,-0.000226216562734,-1.97488453171,-1.98165708955,-4.39304294714,-0.247776086802,0
momentum_12,3,volatility,low,0,5635,12,-0.697811213912,8808.5,1.56317657498,-0.792202093332,-0.000123835175495,-0.000123835175495,-0.000123835208972,-1.08479613733,-1.0847964306,-2.10889069356,-0.244885640452,0
momentum_12,3,volatility,low,0.5,5635,12,-0.697811213912,8808.5,1.56317657498,-0.792202093332,-0.000123835175495,-0.000201994004243,-0.000201998980635,-1.76946747717,-1.76951107037,-2.7990654817,-0.93231561857,0
momentum_12,3,volatility,low,1,5635,12,-0.697811213912,8808.5,1.56317657498,-0.792202093332,-0.000123835175495,-0.000280152832992,-0.000280162752299,-2.45413881701,-2.45422571014,-3.48924026983,-1.61974559669,0
momentum_12,3,volatility,medium,0,6094,12,-0.0795460840016,9294.25,1.52514768625,-0.0855863399431,-1.30531808339e-05,-1.30531808339e-05,-1.38020965318e-05,-0.114345864105,-0.120906365618,-2.50570078085,0.884520646086,0.583333333333
momentum_12,3,volatility,medium,0.5,6094,12,-0.0795460840016,9294.25,1.52514768625,-0.0855863399431,-1.30531808339e-05,-8.93105651463e-05,-9.00555308952e-05,-0.782360550682,-0.788886450642,-3.17341036169,0.21175928245,0.166666666667
momentum_12,3,volatility,medium,1,6094,12,-0.0795460840016,9294.25,1.52514768625,-0.0855863399431,-1.30531808339e-05,-0.000165567949459,-0.000166308965259,-1.45037523726,-1.45686653567,-3.84111994253,-0.461002081186,0
reversal_12,1,direction,down,0,5761,12,0.429831472578,9073,1.57490019094,0.473747903205,7.46105663215e-05,7.46105663215e-05,7.64805583052e-05,0.653588560976,0.669969690754,-1.1744315474,1.91256653259,0.666666666667
reversal_12,1,direction,down,0.5,5761,12,0.429831472578,9073,1.57490019094,0.473747903205,7.46105663215e-05,-4.13444322544e-06,-2.26278433099e-06,-0.0362177226549,-0.0198219907394,-1.85774722968,1.22253172247,0.5
reversal_12,1,direction,down,1,5761,12,0.429831472578,9073,1.57490019094,0.473747903205,7.46105663215e-05,-8.28794527724e-05,-8.10061269672e-05,-0.726024006286,-0.709613672232,-2.54106291197,0.532496912341,0.333333333333
reversal_12,1,direction,flat,0,5852,12,0.485333271438,9258.75,1.58215140123,0.524188763535,8.29345986737e-05,8.29345986737e-05,8.32131575258e-05,0.726507084381,0.728947259926,-0.800381176546,2.11631865939,0.833333333333
reversal_12,1,direction,flat,0.5,5852,12,0.485333271438,9258.75,1.58215140123,0.524188763535,8.29345986737e-05,3.82702861215e-06,4.1040196797e-06,0.0335247706424,0.0359512123942,-1.49171592231,1.42761537397,0.5
reversal_12,1,direction,flat,1,5852,12,0.485333271438,9258.75,1.58215140123,0.524188763535,8.29345986737e-05,-7.52805414494e-05,-7.50051181664e-05,-0.659457543097,-0.657044835138,-2.18305066807,0.738912088553,0.333333333333
reversal_12,1,direction,up,0,5367,12,0.164348599124,8308.25,1.54802496739,0.197813738301,3.06220605783e-05,3.06220605783e-05,3.10281159238e-05,0.268249250666,0.271806295493,-0.742268147751,1.57650332202,0.666666666667
reversal_12,1,direction,up,0.5,5367,12,0.164348599124,8308.25,1.54802496739,0.197813738301,3.06220605783e-05,-4.67791877913e-05,-4.63686122967e-05,-0.409785685052,-0.406189043719,-1.41360449087,0.900404484812,0.333333333333
reversal_12,1,direction,up,1,5367,12,0.164348599124,8308.25,1.54802496739,0.197813738301,3.06220605783e-05,-0.000124180436161,-0.000123765340517,-1.08782062077,-1.08418438293,-2.08494083398,0.224305647603,0.0833333333333
reversal_12,1,dispersion,high,0,5297,12,-0.117915161045,8109.25,1.53091372475,-0.145408220298,-2.22607440146e-05,-2.22607440146e-05,-2.25978624086e-05,-0.195004117568,-0.197957274699,-1.85466687883,0.615567927658,0.416666666667
reversal_12,1,dispersion,high,0.5,5297,12,-0.117915161045,8109.25,1.53091372475,-0.145408220298,-2.22607440146e-05,-9.88064302521e-05,-9.91358423234e-05,-0.865544329008,-0.868429978753,-2.51523199511,-0.051208858056,0
reversal_12,1,dispersion,high,1,5297,12,-0.117915161045,8109.25,1.53091372475,-0.145408220298,-2.22607440146e-05,-0.00017535211649,-0.000175673822238,-1.53608454045,-1.53890268281,-3.17579711139,-0.71798564377,0
reversal_12,1,dispersion,low,0,5791,12,0.597143800023,9229,1.59367984804,0.647029797403,0.00010311583492,0.00010311583492,0.000103791331054,0.903294713901,0.909212060032,0.00101899929545,2.46006997469,1
reversal_12,1,dispersion,low,0.5,5791,12,0.597143800023,9229,1.59367984804,0.647029797403,0.00010311583492,2.34318425182e-05,2.40996822338e-05,0.20526294046,0.211113216368,-0.691370734545,1.75965493563,0.583333333333
reversal_12,1,dispersion,low,1,5791,12,0.597143800023,9229,1.59367984804,0.647029797403,0.00010311583492,-5.62521498838e-05,-5.55919665864e-05,-0.492768832982,-0.486985627297,-1.38376046839,1.05923989656,0.0833333333333
reversal_12,1,dispersion,medium,0,5892,12,0.600284704163,9301.75,1.57870841819,0.645345987758,0.000101881314352,0.000101881314352,0.000101313239326,0.892480313725,0.887503976496,-0.57206711192,2.03349446794,0.75
reversal_12,1,dispersion,medium,0.5,5892,12,0.600284704163,9301.75,1.57870841819,0.645345987758,0.000101881314352,2.29458934424e-05,2.23912070836e-05,0.201006026556,0.196146974052,-1.27458217216,1.343755074,0.666666666667
reversal_12,1,dispersion,medium,1,5892,12,0.600284704163,9301.75,1.57870841819,0.645345987758,0.000101881314352,-5.59895274673e-05,-5.65308251588e-05,-0.490468260614,-0.495210028391,-1.9770972324,0.654015680064,0.333333333333
reversal_12,1,volatility,high,0,5317,12,0.0708288885419,8138,1.53056234719,0.0870347610493,1.33212128159e-05,1.33212128159e-05,1.27737043548e-05,0.116693824267,0.111897650148,-1.10684508016,0.963891217662,0.583333333333
reversal_12,1,volatility,high,0.5,5317,12,0.0708288885419,8138,1.53056234719,0.0870347610493,1.33212128159e-05,-6.32069045436e-05,-6.37531352296e-05,-0.553692483802,-0.558477464612,-1.76610540126,0.291600677121,0.25
reversal_12,1,volatility,high,1,5317,12,0.0708288885419,8138,1.53056234719,0.0870347610493,1.33212128159e-05,-0.000139735021903,-0.000140279974814,-1.22407879187,-1.22885257937,-2.42536572236,-0.380689863419,0
reversal_12,1,volatility,low,0,6066,12,0.726436955874,9734.5,1.60476425981,0.746249890466,0.000119755515311,0.000119755515311,0.000119601709273,1.04905831412,1.04771097323,-0.0593074365303,1.67567073807,0.916666666667
reversal_12,1,volatility,low,0.5,6066,12,0.726436955874,9734.5,1.60476425981,0.746249890466,0.000119755515311,3.95173023202e-05,3.93627711291e-05,0.346171568325,0.344817875091,-0.759846203926,0.976488103344,0.833333333333
reversal_12,1,volatility,low,1,6066,12,0.726436955874,9734.5,1.60476425981,0.746249890466,0.000119755515311,-4.07209106703e-05,-4.08761670143e-05,-0.356715177472,-0.358075223045,-1.46038497132,0.277305468614,0.25
reversal_12,1,volatility,medium,0,5597,12,0.282247498724,8767.5,1.56646417724,0.32192472053,5.04283542477e-05,5.04283542477e-05,5.08929524751e-05,0.44175238321,0.445822263682,-0.820013651257,1.03123145622,0.833333333333
reversal_12,1,volatility,medium,0.5,5597,12,0.282247498724,8767.5,1.56646417724,0.32192472053,5.04283542477e-05,-2.78948546142e-05,-2.74319021714e-05,-0.24435892642,-0.240303463021,-1.4967972647,0.353053434247,0.416666666667
reversal_12,1,volatility,medium,1,5597,12,0.282247498724,8767.5,1.56646417724,0.32192472053,5.04283542477e-05,-0.000106218063476,-0.000105756756818,-0.93047023605,-0.926429189724,-2.17358087815,-0.325124587731,0
reversal_12,2,direction,down,0,5244,12,0.817847349614,8326.25,1.58776697178,0.98225173351,0.000155958686044,0.000155958686044,0.000155772486127,1.36619808974,1.36456697847,0.116975893073,1.94513059984,1
reversal_12,2,direction,down,0.5,5244,12,0.817847349614,8326.25,1.58776697178,0.98225173351,0.000155958686044,7.6570337455e-05,7.63875993626e-05,0.670756156106,0.669155370416,-0.577888592908,1.24041270993,0.916666666667
reversal_12,2,direction,down,1,5244,12,0.817847349614,8326.25,1.58776697178,0.98225173351,0.000155958686044,-2.81801113388e-06,-2.99728740185e-06,-0.0246857775328,-0.0262562376402,-1.27275307889,0.544725267488,0.416666666667
reversal_12,2,direction,flat,0,7283,12,1.14676019235,11495.5,1.57840175752,0.997573130659,0.000157457118268,0.000157457118268,0.000157421758649,1.37932435603,1.37901460577,0.372777470776,2.1821780548,1
reversal_12,2,direction,flat,0.5,7283,12,1.14676019235,11495.5,1.57840175752,0.997573130659,0.000157457118268,7.85370303926e-05,7.85054046206e-05,0.687984386239,0.687707344476,-0.308718355602,1.49312475531,0.833333333333
reversal_12,2,direction,flat,1,7283,12,1.14676019235,11495.5,1.57840175752,0.997573130659,0.000157457118268,-3.83057483321e-07,-4.10949407926e-07,-0.00335558355389,-0.00359991681343,-0.990214181979,0.804071455813,0.5
reversal_12,2,direction,up,0,5029,12,0.620387013636,7824.75,1.55592563134,0.792852185227,0.000123361903686,0.000123361903686,0.000123636877637,1.08065027629,1.0830590481,0.455538710219,1.656113592,1
reversal_12,2,direction,up,0.5,5029,12,0.620387013636,7824.75,1.55592563134,0.792852185227,0.000123361903686,4.55656221189e-05,4.58398019692e-05,0.399154849761,0.40155666525,-0.223615940944,0.974602643099,0.916666666667
reversal_12,2,direction,up,1,5029,12,0.620387013636,7824.75,1.55592563134,0.792852185227,0.000123361903686,-3.2230659448e-05,-3.19572736987e-05,-0.282340576765,-0.279945717601,-0.902770592107,0.293091694194,0.25
reversal_12,2,dispersion,high,0,4084,12,0.783471092091,6295.5,1.54150342801,1.24449383225,0.000191839150855,0.000191839150855,0.000191716898407,1.68051096149,1.67944003005,0.418285291083,3.12771254226,1
reversal_12,2,dispersion,high,0.5,4084,12,0.783471092091,6295.5,1.54150342801,1.24449383225,0.000191839150855,0.000114763979454,0.00011462642318,1.00533246002,1.00412746706,-0.250009837857,2.45665731838,0.833333333333
reversal_12,2,dispersion,high,1,4084,12,0.783471092091,6295.5,1.54150342801,1.24449383225,0.000191839150855,3.76888080535e-05,3.75359479535e-05,0.330153958549,0.328814904073,-0.918304966797,1.7856020945,0.583333333333
reversal_12,2,dispersion,low,0,7759,12,1.15753946777,12355.5,1.59240881557,0.936861695415,0.000149186682275,0.000149186682275,0.000148705088109,1.30687533673,1.30265657183,0.838156293426,2.07101849865,1
reversal_12,2,dispersion,low,0.5,7759,12,1.15753946777,12355.5,1.59240881557,0.936861695415,0.000149186682275,6.95662414964e-05,6.90839595356e-05,0.609400275508,0.605175485532,0.145300755705,1.36854674292,1
reversal_12,2,dispersion,low,1,7759,12,1.15753946777,12355.5,1.59240881557,0.936861695415,0.000149186682275,-1.00541992821e-05,-1.05371690373e-05,-0.0880747857112,-0.0923056007664,-0.547554782015,0.666074987199,0.25
reversal_12,2,dispersion,medium,0,5713,12,0.643983995738,8995.5,1.57456677752,0.715895720903,0.000112722561831,0.000112722561831,0.000111974577653,0.987449641636,0.98089730024,-0.0985912490007,2.01639006681,0.916666666667
reversal_12,2,dispersion,medium,0.5,5713,12,0.643983995738,8995.5,1.57456677752,0.715895720903,0.000112722561831,3.39942229543e-05,3.32566067783e-05,0.29778939308,0.291327875378,-0.772382825675,1.32152981836,0.666666666667
reversal_12,2,dispersion,medium,1,5713,12,0.643983995738,8995.5,1.57456677752,0.715895720903,0.000112722561831,-4.47341159219e-05,-4.54613640964e-05,-0.391870855476,-0.398241549484,-1.44617440235,0.626669569916,0.166666666667
reversal_12,2,volatility,high,0,3012,12,0.399045607332,4634.5,1.53867861886,0.86103270543,0.000132485261398,0.000132485261398,0.000133325690782,1.16057088985,1.16793305125,0.380721808525,2.2467255779,1
reversal_12,2,volatility,high,0.5,3012,12,0.399045607332,4634.5,1.53867861886,0.86103270543,0.000132485261398,5.55513304554e-05,5.63920156794e-05,0.486629654789,0.493994057352,-0.286002129699,1.58082313887,0.583333333333
reversal_12,2,volatility,high,1,3012,12,0.399045607332,4634.5,1.53867861886,0.86103270543,0.000132485261398,-2.13826004875e-05,-2.05416594234e-05,-0.187311580271,-0.179944936549,-0.952726067923,0.914920699848,0.416666666667
reversal_12,2,volatility,low,0,9208,12,1.49445375654,14659.5,1.59203953084,1.01944388044,0.000162299495714,0.000162299495714,0.000162228886009,1.42174358246,1.42112504143,1.01442421404,2.15411055073,1
reversal_12,2,volatility,low,0.5,9208,12,1.49445375654,14659.5,1.59203953084,1.01944388044,0.000162299495714,8.26975191722e-05,8.26271635722e-05,0.724430267948,0.723813952893,0.321773051244,1.45201402563,1
reversal_12,2,volatility,low,1,9208,12,1.49445375654,14659.5,1.59203953084,1.01944388044,0.000162299495714,3.09554263004e-06,3.0254411359e-06,0.0271169534391,0.0265028643505,-0.370878111546,0.749917500534,0.416666666667
reversal_12,2,volatility,medium,0,5336,12,0.69149519173,8352.5,1.56531109445,0.827890082885,0.000129590553173,0.000129590553173,0.000129354563495,1.13521324579,1.13314597622,-0.095874272795,2.60258971366,0.916666666667
reversal_12,2,volatility,medium,0.5,5336,12,0.69149519173,8352.5,1.56531109445,0.827890082885,0.000129590553173,5.13249984501e-05,5.10894114697e-05,0.449606986423,0.447543244475,-0.783797883906,1.90792570455,0.75
reversal_12,2,volatility,medium,1,5336,12,0.69149519173,8352.5,1.56531109445,0.827890082885,0.000129590553173,-2.69405562725e-05,-2.71757405555e-05,-0.235999272947,-0.238059487266,-1.47172149502,1.21326169543,0.416666666667
reversal_12,3,direction,down,0,5920,12,0.789825518599,9071.75,1.5323902027,0.870642950477,0.000133416472736,0.000133416472736,0.000133525717723,1.16872830117,1.16968528725,-0.0731227801866,2.45594252437,0.916666666667
reversal_12,3,direction,down,0.5,5920,12,0.789825518599,9071.75,1.5323902027,0.870642950477,0.000133416472736,5.67969626012e-05,5.69034645189e-05,0.497541392387,0.498474349185,-0.734999298405,1.78480625388,0.666666666667
reversal_12,3,direction,down,1,5920,12,0.789825518599,9071.75,1.5323902027,0.870642950477,0.000133416472736,-1.98225475339e-05,-1.97187886851e-05,-0.173645516397,-0.172736588882,-1.39687581662,1.11366998338,0.416666666667
reversal_12,3,direction,flat,0,5897,12,0.586543985961,9082.5,1.54018992708,0.645795745622,9.9464810236e-05,9.9464810236e-05,9.9845022897e-05,0.871311737667,0.874642400578,0.0902333484429,2.01750071661,1
reversal_12,3,direction,flat,0.5,5897,12,0.586543985961,9082.5,1.54018992708,0.645795745622,9.9464810236e-05,2.24553138819e-05,2.28448122474e-05,0.196708549605,0.200120555287,-0.590600327122,1.35133936203,0.583333333333
reversal_12,3,direction,flat,1,5897,12,0.586543985961,9082.5,1.54018992708,0.645795745622,9.9464810236e-05,-5.45541824722e-05,-5.41553984022e-05,-0.477894638456,-0.474401290003,-1.27143400269,0.685178007444,0.166666666667
reversal_12,3,direction,up,0,5739,12,-0.154090114531,8709,1.51751176163,-0.176932041027,-2.68496453268e-05,-2.68496453268e-05,-2.54259029667e-05,-0.235202893063,-0.222730909988,-1.5651353664,1.5982259476,0.333333333333
reversal_12,3,direction,up,0.5,5739,12,-0.154090114531,8709,1.51751176163,-0.176932041027,-2.68496453268e-05,-0.000102725233408,-0.00010130392786,-0.899873044658,-0.887422408052,-2.22949671094,0.920248052868,0.166666666667
reversal_12,3,direction,up,1,5739,12,-0.154090114531,8709,1.51751176163,-0.176932041027,-2.68496453268e-05,-0.00017860082149,-0.000177181952753,-1.56454319625,-1.55211390612,-2.89385805547,0.242270158131,0.166666666667
reversal_12,3,dispersion,high,0,8276,12,0.711915912252,12433.75,1.50238641856,0.572567336686,8.60217390348e-05,8.60217390348e-05,8.59469376789e-05,0.753550433945,0.752895174067,-1.11171927149,2.83337831711,0.916666666667
reversal_12,3,dispersion,high,0.5,8276,12,0.711915912252,12433.75,1.50238641856,0.572567336686,8.60217390348e-05,1.09024181068e-05,1.08289595553e-05,0.095505182616,0.0948616857047,-1.76777394774,2.1627300363,0.416666666667
reversal_12,3,dispersion,high,1,8276,12,0.711915912252,12433.75,1.50238641856,0.572567336686,8.60217390348e-05,-6.42169028211e-05,-6.42890185682e-05,-0.562540068713,-0.563171802658,-2.423828624,1.4920817555,0.25
reversal_12,3,dispersion,low,0,4198,12,0.226203658383,6602.25,1.57271319676,0.342616014818,5.38836727925e-05,5.38836727925e-05,5.36912537559e-05,0.472020973663,0.470335382902,-0.53964044736,1.39436607993,0.75
reversal_12,3,dispersion,low,0.5,4198,12,0.226203658383,6602.25,1.57271319676,0.342616014818,5.38836727925e-05,-2.47519870455e-05,-2.49388278861e-05,-0.216827406518,-0.218464132282,-1.22234914301,0.697869012485,0.333333333333
reversal_12,3,dispersion,low,1,4198,12,0.226203658383,6602.25,1.57271319676,0.342616014818,5.38836727925e-05,-0.000103387646883,-0.000103568909528,-0.905675786699,-0.907263647467,-1.90505783866,0.0013719450365,0.0833333333333
reversal_12,3,dispersion,medium,0,5082,12,0.284159819395,7827.25,1.54019086974,0.363039150908,5.59149585585e-05,5.59149585585e-05,5.4220408819e-05,0.489815036973,0.474970781254,-1.06967590108,1.67503679727,0.666666666667
reversal_12,3,dispersion,medium,0.5,5082,12,0.284159819395,7827.25,1.54019086974,0.363039150908,5.59149585585e-05,-2.10945849283e-05,-2.27855375707e-05,-0.184788563972,-0.199601309119,-1.73384718571,1.00457160006,0.5
reversal_12,3,dispersion,medium,1,5082,12,0.284159819395,7827.25,1.54019086974,0.363039150908,5.59149585585e-05,-9.81041284151e-05,-9.97914839604e-05,-0.859392164916,-0.874173399493,-2.39801847035,0.334106402843,0.0833333333333
reversal_12,3,volatility,high,0,5827,12,0.438852215677,8759,1.50317487558,0.501030044157,7.53135774287e-05,7.53135774287e-05,7.60908114933e-05,0.659746938275,0.666555508681,-1.0810549909,3.07500127178,0.75
reversal_12,3,volatility,high,0.5,5827,12,0.438852215677,8759,1.50317487558,0.501030044157,7.53135774287e-05,1.54833649731e-07,9.30718249715e-07,0.00135634277164,0.0081530918675,-1.7389452348,2.40686952904,0.416666666667
reversal_12,3,volatility,high,1,5827,12,0.438852215677,8759,1.50317487558,0.501030044157,7.53135774287e-05,-7.50039101292e-05,-7.42293749939e-05,-0.657034252732,-0.650249324946,-2.3968354787,1.7387377863,0.25
reversal_12,3,volatility,low,0,5635,12,0.705221268931,8809.75,1.56339840284,0.800500887007,0.000125150180822,0.000125150180822,0.000125159951545,1.096315584,1.09640117553,0.227250412529,2.11032046864,1
reversal_12,3,volatility,low,0.5,5635,12,0.705221268931,8809.75,1.56339840284,0.800500887007,0.000125150180822,4.69802606799e-05,4.69849372851e-05,0.411547083556,0.411588050617,-0.460179565589,1.41968169746,0.666666666667
reversal_12,3,volatility,low,1,5635,12,0.705221268931,8809.75,1.56339840284,0.800500887007,0.000125150180822,-3.1189659462e-05,-3.11900769747e-05,-0.273221416888,-0.273225074298,-1.14760954371,0.729042926271,0.333333333333
reversal_12,3,volatility,medium,0,6094,12,0.0782059054215,9294.5,1.52518871021,0.0841421328975,1.28332631148e-05,1.28332631148e-05,1.35810937398e-05,0.112419384886,0.118970381161,-0.893771246119,2.52282597302,0.416666666667
reversal_12,3,volatility,medium,0.5,6094,12,0.0782059054215,9294.5,1.52518871021,0.0841421328975,1.28332631148e-05,-6.34261723955e-05,-6.26743993544e-05,-0.555613270185,-0.549027738344,-1.55768248872,1.85467926643,0.25
reversal_12,3,volatility,medium,1,6094,12,0.0782059054215,9294.5,1.52518871021,0.0841421328975,1.28332631148e-05,-0.000139685607906,-0.000138929892449,-1.22364592526,-1.21702585785,-2.22752079761,1.18653255985,0.0833333333333
ridge,1,direction,down,0,5761,12,0.314636459186,7919,1.37458774518,0.397318423015,5.46149035213e-05,5.46149035213e-05,5.60799027121e-05,0.478426554846,0.491259947758,-1.44573996707,1.858014307,0.75
ridge,1,direction,down,0.5,5761,12,0.314636459186,7919,1.37458774518,0.397318423015,5.46149035213e-05,-1.41144837379e-05,-1.26406313618e-05,-0.123642877544,-0.110731930729,-2.04319516055,1.24883392725,0.583333333333
ridge,1,direction,down,1,5761,12,0.314636459186,7919,1.37458774518,0.397318423015,5.46149035213e-05,-8.28438709971e-05,-8.13611654356e-05,-0.725712309934,-0.712723809216,-2.64065035403,0.639653547502,0.0833333333333
ridge,1,direction,flat,0,5852,12,0.152574069345,8296,1.41763499658,0.183912812615,2.60721239482e-05,2.60721239482e-05,2.71328049973e-05,0.228391805786,0.237683371776,-0.880728973136,1.09231831176,0.833333333333
ridge,1,direction,flat,0.5,5852,12,0.152574069345,8296,1.41763499658,0.183912812615,2.60721239482e-05,-4.48096258809e-05,-4.37550063476e-05,-0.392532322717,-0.383293855605,-1.493677249,0.468438682134,0.166666666667
ridge,1,direction,flat,1,5852,12,0.152574069345,8296,1.41763499658,0.183912812615,2.60721239482e-05,-0.00011569137571,-0.000114642817692,-1.01345645122,-1.00427108299,-2.10662552486,-0.155440947496,0
ridge,1,direction,up,0,5367,12,-0.162096776915,7671.25,1.42933668716,-0.211304255389,-3.02024924381e-05,-3.02024924381e-05,-2.86817541884e-05,-0.264573833757,-0.25125216669,-2.76702874397,1.60041046355,0.333333333333
ridge,1,direction,up,0.5,5367,12,-0.162096776915,7671.25,1.42933668716,-0.211304255389,-3.02024924381e-05,-0.000101669326796,-0.000100142161682,-0.890623302734,-0.877245336332,-3.39442764507,0.981723104632,0.25
ridge,1,direction,up,1,5367,12,-0.162096776915,7671.25,1.42933668716,-0.211304255389,-3.02024924381e-05,-0.000173136161154,-0.000171602569175,-1.51667277171,-1.50323850597,-4.02182654616,0.363035745716,0.166666666667
ridge,1,dispersion,high,0,5297,12,-0.033674376133,7334.25,1.38460449311,-0.0459138645846,-6.35725431999e-06,-6.35725431999e-06,-5.83445338299e-06,-0.0556895478431,-0.051109811635,-1.22333830076,0.824800528593,0.5
ridge,1,dispersion,high,0.5,5297,12,-0.033674376133,7334.25,1.38460449311,-0.0459138645846,-6.35725431999e-06,-7.55874789755e-05,-7.50683486868e-05,-0.662146315825,-0.657598734496,-1.81602498198,0.215737195259,0.166666666667
ridge,1,dispersion,high,1,5297,12,-0.033674376133,7334.25,1.38460449311,-0.0459138645846,-6.35725431999e-06,-0.000144817703631,-0.000144302243991,-1.26860308381,-1.26408765736,-2.4087116632,-0.393326138074,0
ridge,1,dispersion,low,0,5791,12,0.103766768238,8256.5,1.42574684856,0.12567888117,1.79186268759e-05,1.79186268759e-05,1.77211461107e-05,0.156967171433,0.155237239929,-0.376315505052,0.80793153928,0.666666666667
ridge,1,dispersion,low,0.5,5791,12,0.103766768238,8256.5,1.42574684856,0.12567888117,1.79186268759e-05,-5.3368715552e-05,-5.35851783598e-05,-0.467509948236,-0.469406162432,-0.994817610315,0.18287821936,0.166666666667
ridge,1,dispersion,low,1,5791,12,0.103766768238,8256.5,1.42574684856,0.12567888117,1.79186268759e-05,-0.00012465605798,-0.00012489150283,-1.0919870679,-1.09404956479,-1.61331971558,-0.442175100559,0
ridge,1,dispersion,medium,0,5892,12,0.235021359511,8295.5,1.40792600136,0.28331186729,3.98882144451e-05,3.98882144451e-05,4.06910837325e-05,0.349420758539,0.356453893497,-0.828962380558,1.33356590834,0.75
ridge,1,dispersion,medium,0.5,5892,12,0.235021359511,8295.5,1.40792600136,0.28331186729,3.98882144451e-05,-3.05080856228e-05,-2.96905688066e-05,-0.267250830055,-0.260089382746,-1.45503017717,0.712679268176,0.416666666667
ridge,1,dispersion,medium,1,5892,12,0.235021359511,8295.5,1.40792600136,0.28331186729,3.98882144451e-05,-0.000100904385691,-0.000100072221346,-0.88392241865,-0.876632658988,-2.08109797378,0.103018662116,0.166666666667
ridge,1,volatility,high,0,5317,12,-0.0127306196868,7275.25,1.36829979312,-0.017498532266,-2.39432380794e-06,-2.39432380794e-06,-1.72927303468e-06,-0.0209742765576,-0.0151484317838,-1.21974471451,0.917315863662,0.583333333333
ridge,1,volatility,high,0.5,5317,12,-0.0127306196868,7275.25,1.36829979312,-0.017498532266,-2.39432380794e-06,-7.08093134638e-05,-7.01426828121e-05,-0.620289585943,-0.614449901434,-1.81582917397,0.326116322378,0.166666666667
ridge,1,volatility,high,1,5317,12,-0.0127306196868,7275.25,1.36829979312,-0.017498532266,-2.39432380794e-06,-0.00013922430312,-0.00013855609259,-1.21960489533,-1.21375137108,-2.41191363343,-0.265083218906,0
ridge,1,volatility,low,0,6066,12,0.221791910067,8720.25,1.43756181998,0.254341228826,3.65631239807e-05,3.65631239807e-05,3.67727768803e-05,0.320292966071,0.322129525471,-0.288129826832,1.13510546893,0.833333333333
ridge,1,volatility,low,0.5,6066,12,0.221791910067,8720.25,1.43756181998,0.254341228826,3.65631239807e-05,-3.53149670183e-05,-3.51096782774e-05,-0.30935911108,-0.30756078171,-0.925358993499,0.499129468934,0.25
ridge,1,volatility,low,1,6066,12,0.221791910067,8720.25,1.43756181998,0.254341228826,3.65631239807e-05,-0.000107193058017,-0.000106992133435,-0.939011188231,-0.937251088892,-1.56258816017,-0.136846531066,0
ridge,1,volatility,medium,0,5597,12,0.0960524612356,7890.75,1.40981775951,0.1217279235,1.71614188379e-05,1.71614188379e-05,1.72205770871e-05,0.15033402902,0.150852255283,-0.832175676756,1.21715695472,0.583333333333
ridge,1,volatility,medium,0.5,5597,12,0.0960524612356,7890.75,1.40981775951,0.1217279235,1.71614188379e-05,-5.33294691378e-05,-5.32698887205e-05,-0.467166149647,-0.466644225191,-1.44408744146,0.605609784911,0.25
ridge,1,volatility,medium,1,5597,12,0.0960524612356,7890.75,1.40981775951,0.1217279235,1.71614188379e-05,-0.000123820357114,-0.000123760354528,-1.08466632831,-1.08414070567,-2.05599920617,-0.00593738490004,0
ridge,2,direction,down,0,5244,12,0.398635142833,7307.75,1.39354500381,0.545496415221,7.6017380403e-05,7.6017380403e-05,7.56202051676e-05,0.66591225233,0.662432997269,-0.149527005855,1.60628442202,0.916666666667
ridge,2,direction,down,0.5,5244,12,0.398635142833,7307.75,1.39354500381,0.545496415221,7.6017380403e-05,6.34013021227e-06,5.9441079955e-06,0.0555395406594,0.0520703860406,-0.742484574662,0.984147650724,0.583333333333
ridge,2,direction,down,1,5244,12,0.398635142833,7307.75,1.39354500381,0.545496415221,7.6017380403e-05,-6.33371199784e-05,-6.37319891766e-05,-0.554833171011,-0.558292225187,-1.33544214347,0.362010879424,0.166666666667
ridge,2,direction,flat,0,7283,12,0.431485701117,10404.75,1.42863517781,0.414700690663,5.92455994943e-05,5.92455994943e-05,5.9180869197e-05,0.51899145157,0.518424414166,-0.202111917828,1.46571163008,0.75
ridge,2,direction,flat,0.5,7283,12,0.431485701117,10404.75,1.42863517781,0.414700690663,5.92455994943e-05,-1.21861593962e-05,-1.22586422842e-05,-0.106750756311,-0.107385706409,-0.83989811885,0.868599979598,0.583333333333
ridge,2,direction,flat,1,7283,12,0.431485701117,10404.75,1.42863517781,0.414700690663,5.92455994943e-05,-8.36179182868e-05,-8.36981537653e-05,-0.732492964192,-0.733195826984,-1.47768431987,0.271488329113,0.0833333333333
ridge,2,direction,up,0,5029,12,0.0328756071243,7254.75,1.44258301849,0.0453159752222,6.5372056322e-06,6.5372056322e-06,6.79537624657e-06,0.057265921338,0.05952749592,-0.669187832848,0.753365602009,0.5
ridge,2,direction,up,0.5,5029,12,0.0328756071243,7254.75,1.44258301849,0.0453159752222,6.5372056322e-06,-6.55919452924e-05,-6.53258813411e-05,-0.574585440762,-0.572254720548,-1.31549248401,0.113959127188,0.0833333333333
ridge,2,direction,up,1,5029,12,0.0328756071243,7254.75,1.44258301849,0.0453159752222,6.5372056322e-06,-0.000137721096217,-0.000137447138929,-1.20643680286,-1.20403693702,-1.96179713517,-0.525447347632,0
ridge,2,dispersion,high,0,4084,12,0.0618392290228,5743.75,1.40640303624,0.107663510812,1.51418288498e-05,1.51418288498e-05,1.48372574087e-05,0.132642420725,0.1299743749,-0.847647141975,1.04391940221,0.583333333333
ridge,2,dispersion,high,0.5,4084,12,0.0618392290228,5743.75,1.40640303624,0.107663510812,1.51418288498e-05,-5.51783229621e-05,-5.54878069373e-05,-0.483362109148,-0.486073188771,-1.47100366371,0.431817632302,0.25
ridge,2,dispersion,high,1,4084,12,0.0618392290228,5743.75,1.40640303624,0.107663510812,1.51418288498e-05,-0.000125498474774,-0.000125812871283,-1.09936663902,-1.10212075244,-2.09436018545,-0.18028413761,0
ridge,2,dispersion,low,0,7759,12,0.322123431608,11139,1.43562314731,0.289185233511,4.15161015089e-05,4.15161015089e-05,4.1585607868e-05,0.363681049218,0.364289924924,-0.272785758966,0.788538213655,0.833333333333
ridge,2,dispersion,low,0.5,7759,12,0.322123431608,11139,1.43562314731,0.289185233511,4.15161015089e-05,-3.02650558567e-05,-3.01902475711e-05,-0.265121889305,-0.264466568723,-0.905156579634,0.161230219925,0.25
ridge,2,dispersion,low,1,7759,12,0.322123431608,11139,1.43562314731,0.289185233511,4.15161015089e-05,-0.000102046213222,-0.00010196610301,-0.893924827828,-0.893223062369,-1.5375274003,-0.466077773806,0
ridge,2,dispersion,medium,0,5713,12,0.479033790444,8084.5,1.41510589883,0.592533601885,8.38497795281e-05,8.38497795281e-05,8.30360430107e-05,0.734524068666,0.727395736774,-0.151963449131,1.36357482295,0.833333333333
ridge,2,dispersion,medium,0.5,5713,12,0.479033790444,8084.5,1.41510589883,0.592533601885,8.38497795281e-05,1.30944845867e-05,1.22792420373e-05,0.11470768498,0.107566160247,-0.766146141438,0.743818902108,0.583333333333
ridge,2,dispersion,medium,1,5713,12,0.479033790444,8084.5,1.41510589883,0.592533601885,8.38497795281e-05,-5.76608103546e-05,-5.8477558936e-05,-0.505108698707,-0.51226341628,-1.38032883375,0.124237141101,0.166666666667
ridge,2,volatility,high,0,3012,12,-0.00380723675608,4165.25,1.38288512616,-0.00914047597643,-1.26402282738e-06,-1.26402282738e-06,-1.30740370832e-06,-0.0110728399679,-0.0114528564849,-1.7083162345,1.90945822192,0.416666666667
ridge,2,volatility,high,0.5,3012,12,-0.00380723675608,4165.25,1.38288512616,-0.00914047597643,-1.26402282738e-06,-7.04082791355e-05,-7.04608473786e-05,-0.616776525227,-0.617237023036,-2.31689193172,1.30763932428,0.0833333333333
ridge,2,volatility,high,1,3012,12,-0.00380723675608,4165.25,1.38288512616,-0.00914047597643,-1.26402282738e-06,-0.000139552535444,-0.000139614291049,-1.22248021049,-1.22302118959,-2.92546762893,0.70582042664,0.0833333333333
ridge,2,volatility,low,0,9208,12,0.413228165678,13329.75,1.44762706342,0.310004437951,4.48770814159e-05,4.48770814159e-05,4.50355684183e-05,0.393123233204,0.394511579345,-0.325252876313,1.11553959464,0.75
ridge,2,volatility,low,0.5,9208,12,0.413228165678,13329.75,1.44762706342,0.310004437951,4.48770814159e-05,-2.75042717552e-05,-2.7341570454e-05,-0.240937420576,-0.239512157177,-0.975248307122,0.505530323116,0.25
ridge,2,volatility,low,1,9208,12,0.413228165678,13329.75,1.44762706342,0.310004437951,4.48770814159e-05,-9.98856249264e-05,-9.97187093264e-05,-0.874998074355,-0.873535893699,-1.62524373793,-0.104478948407,0
ridge,2,volatility,medium,0,5336,12,0.453575522153,7472.25,1.40034670165,0.607013312125,8.50029089492e-05,8.50029089492e-05,8.52299222098e-05,0.744625482395,0.746614118558,0.0167771471009,1.54014416612,1
ridge,2,volatility,medium,0.5,5336,12,0.453575522153,7472.25,1.40034670165,0.607013312125,8.50029089492e-05,1.49855738667e-05,1.52076673548e-05,0.131273627072,0.133219166028,-0.591153316475,0.937520020339,0.5
ridge,2,volatility,medium,1,5336,12,0.453575522153,7472.25,1.40034670165,0.607013312125,8.50029089492e-05,-5.50317612158e-05,-5.48145875002e-05,-0.48207822825,-0.480175786501,-1.19908378005,0.334895874553,0.0833333333333
ridge,3,direction,down,0,5920,12,0.651293194624,7702.75,1.3011402027,0.8455333415,0.000110015742335,0.000110015742335,0.00010974772773,0.963737902855,0.961390094912,-0.180224483767,1.8607612379,0.916666666667
ridge,3,direction,down,0.5,5920,12,0.651293194624,7702.75,1.3011402027,0.8455333415,0.000110015742335,4.49587321999e-05,4.46844730604e-05,0.393838494071,0.391435984009,-0.7520578171,1.30220282205,0.916666666667
ridge,3,direction,down,1,5920,12,0.651293194624,7702.75,1.3011402027,0.8455333415,0.000110015742335,-2.00982779352e-05,-2.03787816089e-05,-0.176060914712,-0.178518126894,-1.32389115043,0.743644406213,0.333333333333
ridge,3,direction,flat,0,5897,12,0.179285239535,8073.75,1.36912837036,0.222059438965,3.04027877793e-05,3.04027877793e-05,2.96699121372e-05,0.266328420947,0.259908430322,-1.28447570178,1.27715936336,0.666666666667
ridge,3,direction,flat,0.5,5897,12,0.179285239535,8073.75,1.36912837036,0.222059438965,3.04027877793e-05,-3.80536307386e-05,-3.87884050652e-05,-0.33334980527,-0.339786428371,-1.88279848659,0.678489171051,0.333333333333
ridge,3,direction,flat,1,5897,12,0.179285239535,8073.75,1.36912837036,0.222059438965,3.04027877793e-05,-0.000106510049256,-0.000107246722268,-0.933028031487,-0.939481287064,-2.4811212714,0.0798189787434,0.0833333333333
ridge,3,direction,up,0,5739,12,0.278556325981,7943.25,1.38408259279,0.350683065472,4.85374326504e-05,4.85374326504e-05,4.95956533257e-05,0.425187910018,0.434457923134,-0.501698059805,1.72344365771,0.666666666667
ridge,3,direction,up,0.5,5739,12,0.278556325981,7943.25,1.38408259279,0.350683065472,4.85374326504e-05,-2.06666969889e-05,-1.96034823703e-05,-0.181040265622,-0.171726505564,-1.1098060845,1.13325312907,0.333333333333
ridge,3,direction,up,1,5739,12,0.278556325981,7943.25,1.38408259279,0.350683065472,4.85374326504e-05,-8.98708266282e-05,-8.88026180664e-05,-0.787268441263,-0.777910934262,-1.71791410919,0.54306260044,0.25
ridge,3,dispersion,high,0,8276,12,0.967511031463,11014.75,1.33092677622,0.87837765856,0.000116905634541,0.000116905634541,0.000116871650171,1.02409335858,1.0237956555,-0.0423160424154,2.52421056243,0.916666666667
ridge,3,dispersion,high,0.5,8276,12,0.967511031463,11014.75,1.33092677622,0.87837765856,0.000116905634541,5.03592957302e-05,5.03216908963e-05,0.441147430596,0.440818012252,-0.624555077503,1.93947105447,0.75
ridge,3,dispersion,high,1,8276,12,0.967511031463,11014.75,1.33092677622,0.87837765856,0.000116905634541,-1.61870430809e-05,-1.62282683784e-05,-0.141798497388,-0.142159630994,-1.20679411259,1.35473154651,0.5
ridge,3,dispersion,low,0,4198,12,-0.0104827775914,5814.5,1.38506431634,-0.018028682761,-2.49708851628e-06,-2.49708851628e-06,-2.9088272527e-06,-0.0218744954026,-0.0254813267336,-0.617155092683,1.39508350044,0.416666666667
ridge,3,dispersion,low,0.5,4198,12,-0.0104827775914,5814.5,1.38506431634,-0.018028682761,-2.49708851628e-06,-7.17503043333e-05,-7.21657917306e-05,-0.62853266596,-0.63217233556,-1.22509129446,0.801268374386,0.166666666667
ridge,3,dispersion,low,1,4198,12,-0.0104827775914,5814.5,1.38506431634,-0.018028682761,-2.49708851628e-06,-0.00014100352015,-0.000141422756209,-1.23519083652,-1.23886334439,-1.83302749624,0.207453248336,0.0833333333333
ridge,3,dispersion,medium,0,5082,12,0.152106506268,6890.5,1.35586383314,0.220748140582,2.99304420047e-05,2.99304420047e-05,3.01025878481e-05,0.262190671961,0.263698669549,-0.986951021748,1.74304501519,0.583333333333
ridge,3,dispersion,medium,0.5,5082,12,0.152106506268,6890.5,1.35586383314,0.220748140582,2.99304420047e-05,-3.78627496522e-05,-3.77017742487e-05,-0.331677686953,-0.330267542418,-1.57293097458,1.14701949314,0.25
ridge,3,dispersion,medium,1,5082,12,0.152106506268,6890.5,1.35586383314,0.220748140582,2.99304420047e-05,-0.000105655941309,-0.000105506136345,-0.925546045867,-0.924233754386,-2.15891092741,0.550993971102,0.166666666667
ridge,3,volatility,high,0,5827,12,0.517755403545,7611.5,1.30624678222,0.680227817835,8.88545398224e-05,8.88545398224e-05,9.02116745639e-05,0.778365768844,0.79025426918,-1.26418884068,4.19277038921,0.666666666667
ridge,3,volatility,high,0.5,5827,12,0.517755403545,7611.5,1.30624678222,0.680227817835,8.88545398224e-05,2.35422007113e-05,2.49004837775e-05,0.206229678231,0.218128237891,-1.84515948845,3.61663545197,0.5
ridge,3,volatility,high,1,5827,12,0.517755403545,7611.5,1.30624678222,0.680227817835,8.88545398224e-05,-4.17701383997e-05,-4.0410707009e-05,-0.365906412381,-0.353997793399,-2.42613013622,3.04050051473,0.416666666667
ridge,3,volatility,low,0,5635,12,-0.12452615913,7881,1.39858030169,-0.158008068938,-2.20986972724e-05,-2.20986972724e-05,-2.23881196976e-05,-0.193584588106,-0.196119928551,-0.945228097165,0.692875109397,0.333333333333
ridge,3,volatility,low,0.5,5635,12,-0.12452615913,7881,1.39858030169,-0.158008068938,-2.20986972724e-05,-9.20277123567e-05,-9.23117912212e-05,-0.806162760245,-0.808651291098,-1.55007400234,0.0783295585491,0.0833333333333
ridge,3,volatility,low,1,5635,12,-0.12452615913,7881,1.39858030169,-0.158008068938,-2.20986972724e-05,-0.000161956727441,-0.000162235462745,-1.41874093238,-1.42118265364,-2.15491990751,-0.536215992298,0
ridge,3,volatility,medium,0,6094,12,0.715905515724,8227.25,1.35005743354,0.870163804095,0.000117477111212,0.000117477111212,0.000118224047456,1.02909949421,1.03564265572,-0.860835142092,2.33336381173,0.916666666667
ridge,3,volatility,medium,0.5,6094,12,0.715905515724,8227.25,1.35005743354,0.870163804095,0.000117477111212,4.99742395347e-05,5.07202806919e-05,0.437774338324,0.444309658861,-1.43806268115,1.74683410876,0.666666666667
ridge,3,volatility,medium,1,6094,12,0.715905515724,8227.25,1.35005743354,0.870163804095,0.000117477111212,-1.75286321424e-05,-1.67834860724e-05,-0.153550817567,-0.147023337994,-2.01529022022,1.16030440579,0.416666666667
tcn,1,direction,down,0,5761,12,-0.163511344768,8450.5,1.46684603367,-0.193493100725,-2.83824587342e-05,-2.83824587342e-05,-2.88230445639e-05,-0.248630338511,-0.25248987038,-1.30529958364,0.979015261563,0.333333333333
tcn,1,direction,down,0.5,5761,12,-0.163511344768,8450.5,1.46684603367,-0.193493100725,-2.83824587342e-05,-0.000101724760418,-0.000102173850953,-0.891108901261,-0.895042934348,-1.95010735675,0.320893335334,0.166666666667
tcn,1,direction,down,1,5761,12,-0.163511344768,8450.5,1.46684603367,-0.193493100725,-2.83824587342e-05,-0.000175067062102,-0.000175524657342,-1.53358746401,-1.53759599832,-2.59491512986,-0.337228590896,0
tcn,1,direction,flat,0,5852,12,-0.0304658545487,8570.75,1.46458475735,-0.0355463110565,-5.20605853533e-06,-5.20605853533e-06,-5.08747106552e-06,-0.0456050727695,-0.044566246534,-1.42521489152,1.05815434364,0.416666666667
tcn,1,direction,flat,0.5,5852,12,-0.0304658545487,8570.75,1.46458475735,-0.0355463110565,-5.20605853533e-06,-7.84352964027e-05,-7.83210881838e-05,-0.687093196488,-0.686092732491,-2.0723216677,0.423738718635,0.25
tcn,1,direction,flat,1,5852,12,-0.0304658545487,8570.75,1.46458475735,-0.0355463110565,-5.20605853533e-06,-0.00015166453427,-0.000151554705302,-1.32858132021,-1.32761921845,-2.71942844388,-0.210676906365,0
tcn,1,direction,up,0,5367,12,0.201099522332,7879.25,1.46809204397,0.255226731391,3.74696333765e-05,3.74696333765e-05,3.65174909694e-05,0.328233988378,0.319893220892,-1.31900368296,1.25728288375,0.666666666667
tcn,1,direction,up,0.5,5367,12,0.201099522332,7879.25,1.46809204397,0.255226731391,3.74696333765e-05,-3.59349688222e-05,-3.68836640444e-05,-0.314790326882,-0.323100897029,-1.95858322842,0.609355843689,0.333333333333
tcn,1,direction,up,1,5367,12,0.201099522332,7879.25,1.46809204397,0.255226731391,3.74696333765e-05,-0.000109339571021,-0.000110284819058,-0.957814642142,-0.96609501495,-2.59816277387,-0.0299594217975,0
tcn,1,dispersion,high,0,5297,12,0.112539998136,7786.5,1.46998300925,0.144532200779,2.12459879435e-05,2.12459879435e-05,2.11954020911e-05,0.186114854385,0.185671722318,-2.4886721537,1.7871809245,0.75
tcn,1,dispersion,high,0.5,5297,12,0.112539998136,7786.5,1.46998300925,0.144532200779,2.12459879435e-05,-5.22531625191e-05,-5.23061761538e-05,-0.457737703667,-0.458202103107,-3.12188934827,1.13534834023,0.333333333333
tcn,1,dispersion,high,1,5297,12,0.112539998136,7786.5,1.46998300925,0.144532200779,2.12459879435e-05,-0.000125752312982,-0.000125807754399,-1.10159026172,-1.10207592853,-3.75510654284,0.483515755957,0.0833333333333
tcn,1,dispersion,low,0,5791,12,0.0797695761955,8492.75,1.46654291141,0.0939266741579,1.37747498179e-05,1.37747498179e-05,1.25135179152e-05,0.120666808405,0.109618416937,-0.827841185479,0.953263544505,0.583333333333
tcn,1,dispersion,low,0.5,5791,12,0.0797695761955,8492.75,1.46654291141,0.0939266741579,1.37747498179e-05,-5.95523957528e-05,-6.0852417345e-05,-0.521678986795,-0.533067175943,-1.46487089859,0.312517450755,0.166666666667
tcn,1,dispersion,low,1,5791,12,0.0797695761955,8492.75,1.46654291141,0.0939266741579,1.37747498179e-05,-0.000132879541324,-0.000134218352605,-1.16402478199,-1.17575276882,-2.10190061171,-0.328228642995,0
tcn,1,dispersion,medium,0,5892,12,-0.185187251317,8621.25,1.46321283096,-0.214803249316,-3.14302870531e-05,-3.14302870531e-05,-2.98083923765e-05,-0.275329314585,-0.261121517218,-1.22535800819,1.11743078655,0.416666666667
tcn,1,dispersion,medium,0.5,5892,12,-0.185187251317,8621.25,1.46321283096,-0.214803249316,-3.14302870531e-05,-0.000104590928601,-0.000102952742148,-0.916216534544,-0.901866021213,-1.86959988476,0.463948858835,0.166666666667
tcn,1,dispersion,medium,1,5892,12,-0.185187251317,8621.25,1.46321283096,-0.214803249316,-3.14302870531e-05,-0.000177751570149,-0.000176097091919,-1.5571037545,-1.54261052521,-2.51876372657,-0.189533068876,0
tcn,1,volatility,high,0,5317,12,0.132961380423,7740.5,1.45580214407,0.17177363274,2.50068422838e-05,2.50068422838e-05,2.54569889704e-05,0.219059938406,0.223003223381,-0.774480516123,1.27721731589,0.666666666667
tcn,1,volatility,high,0.5,5317,12,0.132961380423,7740.5,1.45580214407,0.17177363274,2.50068422838e-05,-4.77832649196e-05,-4.73339123487e-05,-0.418581400695,-0.414645072174,-1.40333018933,0.629156091398,0.25
tcn,1,volatility,high,1,5317,12,0.132961380423,7740.5,1.45580214407,0.17177363274,2.50068422838e-05,-0.000120573372123,-0.000120124813668,-1.0562227398,-1.05229336773,-2.03217986253,-0.0189051330917,0
tcn,1,volatility,low,0,6066,12,0.0293052173496,8909.25,1.46871909001,0.0328930239353,4.83106121819e-06,4.83106121819e-06,4.98873414709e-06,0.0423200962714,0.0437013111285,-0.757070969702,1.30994557248,0.5
tcn,1,volatility,low,0.5,6066,12,0.0293052173496,8909.25,1.46871909001,0.0328930239353,4.83106121819e-06,-6.86048932823e-05,-6.84471564359e-05,-0.600978865153,-0.599597090378,-1.40526802853,0.646801283902,0.0833333333333
tcn,1,volatility,low,1,6066,12,0.0293052173496,8909.25,1.46871909001,0.0328930239353,4.83106121819e-06,-0.000142040847783,-0.000141883047019,-1.24427782658,-1.24289549189,-2.05346508735,-0.0163430046756,0
tcn,1,volatility,medium,0,5597,12,-0.155144274757,8250.75,1.47413793103,-0.188036572138,-2.77191843411e-05,-2.77191843411e-05,-2.79358645864e-05,-0.242820054828,-0.244718173777,-1.73932557905,0.63273818305,0.333333333333
tcn,1,volatility,medium,0.5,5597,12,-0.155144274757,8250.75,1.47413793103,-0.188036572138,-2.77191843411e-05,-0.000101426080893,-0.000101647978316,-0.888492468621,-0.890436290044,-2.37322228235,-0.0249837949715,0
tcn,1,volatility,medium,1,5597,12,-0.155144274757,8250.75,1.47413793103,-0.188036572138,-2.77191843411e-05,-0.000175132977445,-0.000175360092045,-1.53416488241,-1.53615440631,-3.00711898564,-0.682705772993,0
tcn,2,direction,down,0,5244,12,0.079672286542,7861,1.49904652937,0.10135133767,1.5193037098e-05,1.5193037098e-05,1.48472835444e-05,0.133091004979,0.130062203849,-0.667150478808,0.851640413523,0.75
tcn,2,direction,down,0.5,5244,12,0.079672286542,7861,1.49904652937,0.10135133767,1.5193037098e-05,-5.97592893703e-05,-6.01050886714e-05,-0.523491374884,-0.526520576761,-1.32110881214,0.199305211729,0.0833333333333
tcn,2,direction,down,1,5244,12,0.079672286542,7861,1.49904652937,0.10135133767,1.5193037098e-05,-0.000134711615839,-0.000135057460887,-1.18007375475,-1.18310335737,-1.97506714547,-0.453029990064,0
tcn,2,direction,flat,0,7283,12,0.0164912341432,10933.75,1.50127008101,0.0150828710581,2.26434630553e-06,2.26434630553e-06,2.61056277193e-06,0.0198356736365,0.0228685298821,-0.570375535183,0.640049030699,0.5
tcn,2,direction,flat,0.5,7283,12,0.0164912341432,10933.75,1.50127008101,0.0150828710581,2.26434630553e-06,-7.2799157745e-05,-7.24506457295e-05,-0.637720621846,-0.634667656591,-1.21982986211,-0.0190064300516,0
tcn,2,direction,flat,1,7283,12,0.0164912341432,10933.75,1.50127008101,0.0150828710581,2.26434630553e-06,-0.000147862661796,-0.000147511854231,-1.29527691733,-1.29220384306,-1.86928418903,-0.678061890802,0
tcn,2,direction,up,0,5029,12,0.0981392175898,7589.75,1.50919665938,0.129304940993,1.95146584987e-05,1.95146584987e-05,1.90969084085e-05,0.170948408448,0.167288917658,-0.828318100886,1.41061725282,0.583333333333
tcn,2,direction,up,0.5,5029,12,0.0981392175898,7589.75,1.50919665938,0.129304940993,1.95146584987e-05,-5.59451744701e-05,-5.63602587552e-05,-0.490079728358,-0.493715866695,-1.48822752118,0.743569017523,0.333333333333
tcn,2,direction,up,1,5029,12,0.0981392175898,7589.75,1.50919665938,0.129304940993,1.95146584987e-05,-0.000131405007439,-0.000131817425919,-1.15110786516,-1.15472065105,-2.14813694147,0.076520782229,0.0833333333333
tcn,2,dispersion,high,0,4084,12,0.0391960688369,6128.25,1.50055093046,0.0639596440042,9.59747033224e-06,9.59747033224e-06,1.18965287565e-05,0.0840738401104,0.104213591907,-1.3857514833,2.1528037379,0.583333333333
tcn,2,dispersion,high,0.5,4084,12,0.0391960688369,6128.25,1.50055093046,0.0639596440042,9.59747033224e-06,-6.54300761908e-05,-6.31238420575e-05,-0.573167467431,-0.552964856423,-2.04557526553,1.49403760886,0.25
tcn,2,dispersion,high,1,4084,12,0.0391960688369,6128.25,1.50055093046,0.0639596440042,9.59747033224e-06,-0.000140457622714,-0.000138144212871,-1.23040877497,-1.21014330475,-2.70539904777,0.835271479832,0.166666666667
tcn,2,dispersion,low,0,7759,12,0.136113998083,11663,1.50315762341,0.116705820186,1.75427243309e-05,1.75427243309e-05,1.84014072997e-05,0.153674265138,0.161196327945,-0.454239168451,0.734055932256,0.583333333333
tcn,2,dispersion,low,0.5,7759,12,0.136113998083,11663,1.50315762341,0.116705820186,1.75427243309e-05,-5.76151568394e-05,-5.67561650818e-05,-0.504708773913,-0.497184006117,-1.10975721356,0.0846748642948,0.166666666667
tcn,2,dispersion,low,1,7759,12,0.136113998083,11663,1.50315762341,0.116705820186,1.75427243309e-05,-0.00013277303801,-0.000131913737463,-1.16309181296,-1.15556434018,-1.76527525868,-0.564706203666,0
tcn,2,dispersion,medium,0,5713,12,0.018992671355,8593.25,1.50415718537,0.022101848957,3.32446549186e-06,3.32446549186e-06,2.66117052596e-06,0.0291223177087,0.0233118538074,-1.10267970545,0.877150149273,0.75
tcn,2,dispersion,medium,0.5,5713,12,0.018992671355,8593.25,1.50415718537,0.022101848957,3.32446549186e-06,-7.18833937765e-05,-7.25439320425e-05,-0.629698529482,-0.635484844692,-1.76810278237,0.220859652513,0.166666666667
tcn,2,dispersion,medium,1,5713,12,0.018992671355,8593.25,1.50415718537,0.022101848957,3.32446549186e-06,-0.000147091253045,-0.000147749034611,-1.28851937667,-1.29428154319,-2.4335258593,-0.435430844248,0
tcn,2,volatility,high,0,3012,12,0.0443263636882,4479.25,1.48713479416,0.0989593429441,1.47165882099e-05,1.47165882099e-05,1.42098178562e-05,0.128917312719,0.12447800442,-1.37549921725,2.42567993799,0.5
tcn,2,volatility,high,0.5,3012,12,0.0443263636882,4479.25,1.48713479416,0.0989593429441,1.47165882099e-05,-5.96401514979e-05,-6.01442777847e-05,-0.522447727122,-0.526863873394,-2.02906392313,1.76607279514,0.166666666667
tcn,2,volatility,high,1,3012,12,0.0443263636882,4479.25,1.48713479416,0.0989593429441,1.47165882099e-05,-0.000133996891206,-0.000134498373426,-1.17381276696,-1.17820575121,-2.68262862901,1.10646565228,0.0833333333333
tcn,2,volatility,low,0,9208,12,-0.0475810444473,13919.75,1.51170178106,-0.0341823987121,-5.1673593014e-06,-5.1673593014e-06,-5.06321591476e-06,-0.0452660674803,-0.0443537714133,-0.522348462922,0.662755605307,0.333333333333
tcn,2,volatility,low,0.5,9208,12,-0.0475810444473,13919.75,1.51170178106,-0.0341823987121,-5.1673593014e-06,-8.07524483544e-05,-8.06481359826e-05,-0.707391447585,-0.706477671208,-1.18923786083,0.00260658569939,0.0833333333333
tcn,2,volatility,low,1,9208,12,-0.0475810444473,13919.75,1.51170178106,-0.0341823987121,-5.1673593014e-06,-0.000156337537407,-0.000156233056051,-1.36951682769,-1.368601571,-1.85612725873,-0.657542433908,0
tcn,2,volatility,medium,0,5336,12,0.197557419034,7985.5,1.49653298351,0.247395177552,3.70235043167e-05,3.70235043167e-05,3.68853897605e-05,0.324325897815,0.323116014302,-0.535867507063,0.891399660566,0.75
tcn,2,volatility,medium,0.5,5336,12,0.197557419034,7985.5,1.49653298351,0.247395177552,3.70235043167e-05,-3.78031448587e-05,-3.7942897465e-05,-0.331155548962,-0.332379781793,-1.19336186372,0.240643081618,0.25
tcn,2,volatility,medium,1,5336,12,0.197557419034,7985.5,1.49653298351,0.247395177552,3.70235043167e-05,-0.000112629794034,-0.00011277118469,-0.986636995739,-0.987875577889,-1.85085622038,-0.410113497329,0
tcn,3,direction,down,0,5920,12,-0.392493135064,7528.25,1.27166385135,-0.521360389286,-6.62995160581e-05,-6.62995160581e-05,-6.64003117481e-05,-0.580783760669,-0.581666730913,-1.77521361984,1.29427008801,0.166666666667
tcn,3,direction,down,0.5,5920,12,-0.392493135064,7528.25,1.27166385135,-0.521360389286,-6.62995160581e-05,-0.000129882708626,-0.000129979972559,-1.13777252756,-1.13862455961,-2.33861239284,0.733603755343,0.166666666667
tcn,3,direction,down,1,5920,12,-0.392493135064,7528.25,1.27166385135,-0.521360389286,-6.62995160581e-05,-0.000193465901193,-0.000193559633369,-1.69476129445,-1.69558238832,-2.90201116585,0.172937422677,0.0833333333333
tcn,3,direction,flat,0,5897,12,-0.0595056999476,7499.75,1.27179074105,-0.0793435780494,-1.00908427925e-05,-1.00908427925e-05,-1.0104979765e-05,-0.0883957828626,-0.0885196227414,-0.997210688129,0.917718511445,0.333333333333
tcn,3,direction,flat,0.5,5897,12,-0.0595056999476,7499.75,1.27179074105,-0.0793435780494,-1.00908427925e-05,-7.36803798453e-05,-7.36998289789e-05,-0.645440127445,-0.645610501855,-1.55234515028,0.37274897363,0.166666666667
tcn,3,direction,flat,1,5897,12,-0.0595056999476,7499.75,1.27179074105,-0.0793435780494,-1.00908427925e-05,-0.000137269916898,-0.000137294678193,-1.20248447203,-1.20270138097,-2.10747961243,-0.172220564185,0
tcn,3,direction,up,0,5739,12,-0.0686634051047,7116.5,1.24002439449,-0.096484796044,-1.19643500792e-05,-1.19643500792e-05,-1.21462028693e-05,-0.104807706694,-0.106400737135,-1.51821958771,0.847170722501,0.416666666667
tcn,3,direction,up,0.5,5739,12,-0.0686634051047,7116.5,1.24002439449,-0.096484796044,-1.19643500792e-05,-7.39655698039e-05,-7.41508005345e-05,-0.647938391482,-0.649561012682,-2.06028983564,0.307047564606,0.166666666667
tcn,3,direction,up,1,5739,12,-0.0686634051047,7116.5,1.24002439449,-0.096484796044,-1.19643500792e-05,-0.000135966789529,-0.0001361553982,-1.19106907627,-1.19272128823,-2.60236008357,-0.233075593289,0
tcn,3,dispersion,high,0,8276,12,-0.421688051448,10335.75,1.24888231029,-0.407989794111,-5.09531236646e-05,-5.09531236646e-05,-5.12439643467e-05,-0.446349363302,-0.448897127677,-1.20119866079,0.298927384651,0.166666666667
tcn,3,dispersion,high,0.5,8276,12,-0.421688051448,10335.75,1.24888231029,-0.407989794111,-5.09531236646e-05,-0.000113397239179,-0.00011368507167,-0.993359815211,-0.995881227832,-1.74515079628,-0.248572615349,0
tcn,3,dispersion,high,1,8276,12,-0.421688051448,10335.75,1.24888231029,-0.407989794111,-5.09531236646e-05,-0.000175841354694,-0.000176126178994,-1.54037026712,-1.54286532799,-2.28910293177,-0.796072615349,0
tcn,3,dispersion,low,0,4198,12,-0.0462346524703,5427.5,1.29287756074,-0.0851859096644,-1.10134951097e-05,-1.10134951097e-05,-1.07193049968e-05,-0.0964782171606,-0.0939011117719,-0.488953520447,0.786064126786,0.333333333333
tcn,3,dispersion,low,0.5,4198,12,-0.0462346524703,5427.5,1.29287756074,-0.0851859096644,-1.10134951097e-05,-7.56573731468e-05,-7.53572085893e-05,-0.662758588766,-0.660129147242,-1.05209637759,0.197911432175,0.0833333333333
tcn,3,dispersion,low,1,4198,12,-0.0462346524703,5427.5,1.29287756074,-0.0851859096644,-1.10134951097e-05,-0.000140301251184,-0.000139995112182,-1.22903896037,-1.22635718271,-1.61523923473,-0.390241262435,0
tcn,3,dispersion,medium,0,5082,12,-0.0527395361977,6381.25,1.25565722157,-0.0826476571169,-1.03777127504e-05,-1.03777127504e-05,-1.02357005722e-05,-0.0909087636938,-0.0896647370129,-1.1668376567,0.908412525164,0.416666666667
tcn,3,dispersion,medium,0.5,5082,12,-0.0527395361977,6381.25,1.25565722157,-0.0826476571169,-1.03777127504e-05,-7.31605738288e-05,-7.30256159148e-05,-0.64088662674,-0.639704395414,-1.70486169516,0.353465421889,0.0833333333333
tcn,3,dispersion,medium,1,5082,12,-0.0527395361977,6381.25,1.25565722157,-0.0826476571169,-1.03777127504e-05,-0.000135943434907,-0.000135815531257,-1.19086448979,-1.18974405381,-2.24288573362,-0.201481681385,0
tcn,3,volatility,high,0,5827,12,-0.168241331784,7227.25,1.24030375837,-0.232787480416,-2.88727186861e-05,-2.88727186861e-05,-2.91167218117e-05,-0.25292501569,-0.25506248307,-2.13782216905,0.886143157902,0.583333333333
tcn,3,volatility,high,0.5,5827,12,-0.168241331784,7227.25,1.24030375837,-0.232787480416,-2.88727186861e-05,-9.08879066044e-05,-9.11324014215e-05,-0.796178061855,-0.798319836452,-2.68440585106,0.348224407902,0.333333333333
tcn,3,volatility,high,1,5827,12,-0.168241331784,7227.25,1.24030375837,-0.232787480416,-2.88727186861e-05,-0.000152903094523,-0.000153148081031,-1.33943110802,-1.34157718983,-3.23098953307,-0.189694342098,0
tcn,3,volatility,low,0,5635,12,0.0208381568286,7328.75,1.30057675244,0.0284334393022,3.69798701483e-06,3.69798701483e-06,3.86240626074e-06,0.0323943662499,0.0338346788441,-0.484957745847,0.745345150847,0.416666666667
tcn,3,volatility,low,0.5,5635,12,0.0208381568286,7328.75,1.30057675244,0.0284334393022,3.69798701483e-06,-6.13308506072e-05,-6.11733622253e-05,-0.537258251319,-0.535878653093,-1.06840946258,0.150403137718,0.0833333333333
tcn,3,volatility,low,1,5635,12,0.0208381568286,7328.75,1.30057675244,0.0284334393022,3.69798701483e-06,-0.000126359688229,-0.000126209130711,-1.10691086889,-1.10559198503,-1.65186117932,-0.444538875411,0
tcn,3,volatility,medium,0,6094,12,-0.373259065161,7588.5,1.24524122087,-0.49187463288,-6.12502568364e-05,-6.12502568364e-05,-6.1748885685e-05,-0.536552249887,-0.5409202386,-1.46240368385,0.592914421996,0.333333333333
tcn,3,volatility,medium,0.5,6094,12,-0.373259065161,7588.5,1.24524122087,-0.49187463288,-6.12502568364e-05,-0.00012351231788,-0.00012400262799,-1.08196790463,-1.08626302119,-1.99605388148,0.0559474881284,0.0833333333333
tcn,3,volatility,medium,1,6094,12,-0.373259065161,7588.5,1.24524122087,-0.49187463288,-6.12502568364e-05,-0.000185774378924,-0.000186256370295,-1.62738355937,-1.63160580379,-2.52970407911,-0.481019445739,0
transformer,1,direction,down,0,5761,12,-0.154850213122,4992.5,0.866603020309,-0.310165674756,-2.6879051054e-05,-2.6879051054e-05,-2.73518234197e-05,-0.235460487233,-0.239601973157,-1.1879315441,0.253809039253,0.333333333333
transformer,1,direction,down,0.5,5761,12,-0.154850213122,4992.5,0.866603020309,-0.310165674756,-2.6879051054e-05,-7.02092020694e-05,-7.06615978888e-05,-0.615032610128,-0.618995597506,-1.57338080414,-0.128319034518,0
transformer,1,direction,down,1,5761,12,-0.154850213122,4992.5,0.866603020309,-0.310165674756,-2.6879051054e-05,-0.000113539353085,-0.000113971372358,-0.994604733024,-0.998389221855,-1.95883006418,-0.510447108288,0
transformer,1,direction,flat,0,5852,12,-0.0675872043914,5114.75,0.874017429938,-0.132141755494,-1.15494197525e-05,-1.15494197525e-05,-1.15775745606e-05,-0.101172917032,-0.101419553151,-1.52055534097,1.03164877203,0.5
transformer,1,direction,flat,0.5,5852,12,-0.0675872043914,5114.75,0.874017429938,-0.132141755494,-1.15494197525e-05,-5.52502912494e-05,-5.52947763988e-05,-0.483992551345,-0.484382241253,-1.89141336566,0.640249400962,0.25
transformer,1,direction,flat,1,5852,12,-0.0675872043914,5114.75,0.874017429938,-0.132141755494,-1.15494197525e-05,-9.89511627463e-05,-9.90119782369e-05,-0.866812185658,-0.867344929356,-2.26227139036,0.248850029893,0.0833333333333
transformer,1,direction,up,0,5367,12,1.07361393391,4655,0.867337432458,2.30636720497,0.000200039860986,0.000200039860986,0.000200359362947,1.75234918224,1.75514801941,0.641377825335,2.78700506103,1
transformer,1,direction,up,0.5,5367,12,1.07361393391,4655,0.867337432458,2.30636720497,0.000200039860986,0.000156672989363,0.000156989624522,1.37245538682,1.37522911082,0.273823649263,2.38440157266,1
transformer,1,direction,up,1,5367,12,1.07361393391,4655,0.867337432458,2.30636720497,0.000200039860986,0.00011330611774,0.000113619886098,0.992561591404,0.995310202218,-0.0937305268093,1.98179808429,0.916666666667
transformer,1,dispersion,high,0,5297,12,0.710062824072,4620,0.872191806683,1.53693251964,0.000134049995105,0.000134049995105,0.000134201275046,1.17427795712,1.1756031694,-0.00434201151859,3.31603770258,0.916666666667
transformer,1,dispersion,high,0.5,5297,12,0.710062824072,4620,0.872191806683,1.53693251964,0.000134049995105,9.04404047711e-05,9.05938835432e-05,0.792257945795,0.793602419839,-0.368771699019,2.91228770258,0.833333333333
transformer,1,dispersion,high,1,5297,12,0.710062824072,4620,0.872191806683,1.53693251964,0.000134049995105,4.68308144369e-05,4.69864920409e-05,0.410237934468,0.411601670278,-0.733201386519,2.50853770258,0.75
transformer,1,dispersion,low,0,5791,12,0.155537948155,5071.25,0.875712312209,0.306705345142,2.68585646961e-05,2.68585646961e-05,2.61738062499e-05,0.235281026738,0.229282542749,-0.342543990514,0.779431092388,0.75
transformer,1,dispersion,low,0.5,5791,12,0.155537948155,5071.25,0.875712312209,0.306705345142,2.68585646961e-05,-1.69270509143e-05,-1.76163144325e-05,-0.14828096601,-0.154318914429,-0.723227584264,0.388265429737,0.333333333333
transformer,1,dispersion,low,1,5791,12,0.155537948155,5071.25,0.875712312209,0.306705345142,2.68585646961e-05,-6.07126665248e-05,-6.14064351149e-05,-0.531842958757,-0.537920371607,-1.10391117801,-0.00290023291318,0
transformer,1,dispersion,medium,0,5892,12,-0.0144242558291,5071,0.860658520027,-0.0284445983614,-2.44810859285e-06,-2.44810859285e-06,-4.63594248464e-06,-0.0214454312733,-0.0406108561655,-1.6463279257,1.45651226617,0.416666666667
transformer,1,dispersion,medium,0.5,5892,12,-0.0144242558291,5071,0.860658520027,-0.0284445983614,-2.44810859285e-06,-4.54810345942e-05,-4.76736828581e-05,-0.398413863045,-0.417621461837,-2.0482841757,1.08450096673,0.25
transformer,1,dispersion,medium,1,5892,12,-0.0144242558291,5071,0.860658520027,-0.0284445983614,-2.44810859285e-06,-8.85139605956e-05,-9.07114232315e-05,-0.775382294817,-0.794632067508,-2.4502404257,0.712489667296,0.25
transformer,1,volatility,high,0,5317,12,1.15232868941,4605.5,0.866183938311,2.50207076193,0.00021672535065,0.00021672535065,0.000216672736166,1.8985140717,1.89805316881,0.840858872603,3.03674625832,1
transformer,1,volatility,high,0.5,5317,12,1.15232868941,4605.5,0.866183938311,2.50207076193,0.00021672535065,0.000173416153735,0.000173359515405,1.51912550672,1.51862935495,0.451387281694,2.65960730616,1
transformer,1,volatility,high,1,5317,12,1.15232868941,4605.5,0.866183938311,2.50207076193,0.00021672535065,0.000130106956819,0.000130046294644,1.13973694174,1.13920554108,0.0619156907849,2.282468354,1
transformer,1,volatility,low,0,6066,12,-0.045621770558,5355.75,0.882912957468,-0.0851827858992,-7.52089854236e-06,-7.52089854236e-06,-7.41594335484e-06,-0.0658830712311,-0.0649636637884,-0.686649049059,1.00304278247,0.416666666667
transformer,1,volatility,low,0.5,6066,12,-0.045621770558,5355.75,0.882912957468,-0.0851827858992,-7.52089854236e-06,-5.16665464158e-05,-5.15623729094e-05,-0.452598946602,-0.451686386686,-1.10231104906,0.614875117798,0.166666666667
transformer,1,volatility,low,1,6066,12,-0.045621770558,5355.75,0.882912957468,-0.0851827858992,-7.52089854236e-06,-9.58121942891e-05,-9.57088024639e-05,-0.839314821973,-0.838409109584,-1.51797304906,0.226707453127,0.0833333333333
transformer,1,volatility,medium,0,5597,12,-0.255530402451,4801,0.857780954083,-0.532244120914,-4.56548869842e-05,-4.56548869842e-05,-4.60909857091e-05,-0.399936809982,-0.403757034812,-1.01248559162,0.261714602105,0.333333333333
transformer,1,volatility,medium,0.5,5597,12,-0.255530402451,4801,0.857780954083,-0.532244120914,-4.56548869842e-05,-8.85439346884e-05,-8.89691059201e-05,-0.77564486787,-0.77936936786,-1.39080207513,-0.0964608180631,0
transformer,1,volatility,medium,1,5597,12,-0.255530402451,4801,0.857780954083,-0.532244120914,-4.56548869842e-05,-0.000131432982392,-0.000131847226131,-1.15135292576,-1.15498170091,-1.76911855865,-0.454636238231,0
transformer,2,direction,down,0,5244,12,0.48591127359,4522.75,0.862461861175,1.07437128647,9.26604259324e-05,9.26604259324e-05,9.36447834559e-05,0.811705331168,0.820328303073,-0.373736637985,1.92039258456,0.916666666667
transformer,2,direction,down,0.5,5244,12,0.48591127359,4522.75,0.862461861175,1.07437128647,9.26604259324e-05,4.95373328737e-05,5.05281130811e-05,0.433947035974,0.442626270591,-0.75968731063,1.55150960584,0.833333333333
transformer,2,direction,down,1,5244,12,0.48591127359,4522.75,0.862461861175,1.07437128647,9.26604259324e-05,6.41423981497e-06,7.41144270641e-06,0.0561887407791,0.0649242381081,-1.14563798328,1.18262662711,0.416666666667
transformer,2,direction,flat,0,7283,12,0.232999234254,5898.5,0.80989976658,0.395014383748,3.19922057193e-05,3.19922057193e-05,3.22006103426e-05,0.280251722101,0.282077346601,-0.187345204419,1.0293983908,0.75
transformer,2,direction,flat,0.5,7283,12,0.232999234254,5898.5,0.80989976658,0.395014383748,3.19922057193e-05,-8.50278260967e-06,-8.28737730324e-06,-0.0744843756607,-0.0725974251764,-0.548978699565,0.674596005796,0.333333333333
transformer,2,direction,flat,1,7283,12,0.232999234254,5898.5,0.80989976658,0.395014383748,3.19922057193e-05,-4.89977709387e-05,-4.87753649491e-05,-0.429220473423,-0.427272196954,-0.91061219471,0.319793620788,0.166666666667
transformer,2,direction,up,0,5029,12,0.342726996211,4274.5,0.849970172997,0.80179435305,6.81501284969e-05,6.81501284969e-05,6.82041493505e-05,0.596995125633,0.597468348311,-0.825352986745,1.59878060432,0.833333333333
transformer,2,direction,up,0.5,5029,12,0.342726996211,4274.5,0.849970172997,0.80179435305,6.81501284969e-05,2.56516198471e-05,2.57053058087e-05,0.224708189861,0.225178478884,-1.19250004557,1.22294331216,0.666666666667
transformer,2,direction,up,1,5029,12,0.342726996211,4274.5,0.849970172997,0.80179435305,6.81501284969e-05,-1.68468888027e-05,-1.67935377331e-05,-0.147578745912,-0.147111390542,-1.55964710439,0.847106019999,0.5
transformer,2,dispersion,high,0,4084,12,0.637008534749,3722.75,0.911545053869,1.71112359076,0.000155976624571,0.000155976624571,0.000155138541541,1.36635523124,1.3590136239,-0.346270791643,2.54898069536,0.833333333333
transformer,2,dispersion,high,0.5,4084,12,0.637008534749,3722.75,0.911545053869,1.71112359076,0.000155976624571,0.000110399371878,0.000109560035855,0.96709849765,0.959745914091,-0.744540703148,2.15275526184,0.833333333333
transformer,2,dispersion,high,1,4084,12,0.637008534749,3722.75,0.911545053869,1.71112359076,0.000155976624571,6.48221191844e-05,6.39815301695e-05,0.567841764056,0.560478204285,-1.14281061465,1.75652982831,0.833333333333
transformer,2,dispersion,low,0,7759,12,-0.0671062269085,6144.75,0.791951282382,-0.109209043344,-8.64882419236e-06,-8.64882419236e-06,-9.46899239313e-06,-0.0757636999251,-0.0829483733638,-1.20978240968,0.87741107212,0.333333333333
transformer,2,dispersion,low,0.5,7759,12,-0.0671062269085,6144.75,0.791951282382,-0.109209043344,-8.64882419236e-06,-4.82463883114e-05,-4.90602312847e-05,-0.422638361608,-0.429767626054,-1.54909066211,0.536269886473,0.25
transformer,2,dispersion,low,1,7759,12,-0.0671062269085,6144.75,0.791951282382,-0.109209043344,-8.64882419236e-06,-8.78439524305e-05,-8.86514701762e-05,-0.769513023291,-0.776586878743,-1.88839891454,0.195128700825,0.166666666667
transformer,2,dispersion,medium,0,5713,12,0.491735196214,4828.25,0.845133905129,1.01845429755,8.60730257682e-05,8.60730257682e-05,8.46766337437e-05,0.753999705729,0.741767311595,-0.51153319474,1.71522599826,0.75
transformer,2,dispersion,medium,0.5,5713,12,0.491735196214,4828.25,0.845133905129,1.01845429755,8.60730257682e-05,4.38163305118e-05,4.242168739e-05,0.383831055283,0.371613981536,-0.875340384282,1.34419488238,0.666666666667
transformer,2,dispersion,medium,1,5713,12,0.491735196214,4828.25,0.845133905129,1.01845429755,8.60730257682e-05,1.55963525534e-06,1.66741036319e-07,0.0136624048368,0.00146065147815,-1.23914757382,0.973163766496,0.583333333333
transformer,2,volatility,high,0,3012,12,0.472467277136,2922.5,0.970285524568,1.61665449833,0.000156861645795,0.000156861645795,0.000156961839166,1.37410801717,1.37498571109,-0.877824519651,3.17670446259,0.916666666667
transformer,2,volatility,high,0.5,3012,12,0.472467277136,2922.5,0.970285524568,1.61665449833,0.000156861645795,0.000108347369567,0.000108443458795,0.949122957407,0.949964699042,-1.29125168501,2.75397338689,0.916666666667
transformer,2,volatility,high,1,3012,12,0.472467277136,2922.5,0.970285524568,1.61665449833,0.000156861645795,5.98330933386e-05,5.9925078424e-05,0.524137897646,0.524943686994,-1.70467885036,2.33124231119,0.75
transformer,2,volatility,low,0,9208,12,0.00817454168728,7204.25,0.782390312772,0.0113468323382,8.87765170208e-07,8.87765170208e-07,8.03574677409e-07,0.00777682289102,0.0070393141741,-0.579426206161,0.308332930064,0.5
transformer,2,volatility,low,0.5,9208,12,0.00817454168728,7204.25,0.782390312772,0.0113468323382,8.87765170208e-07,-3.82317504684e-05,-3.83176842861e-05,-0.334910134103,-0.335662914346,-0.929826206161,-0.0387506208497,0
transformer,2,volatility,low,1,9208,12,0.00817454168728,7204.25,0.782390312772,0.0113468323382,8.87765170208e-07,-7.73512661069e-05,-7.74389432495e-05,-0.677597091097,-0.678365142866,-1.28022620616,-0.384010631822,0
transformer,2,volatility,medium,0,5336,12,0.580995685231,4569,0.856259370315,1.27160360086,0.000108882249856,0.000108882249856,0.000108747644695,0.953808508738,0.952629367524,-0.188368652904,1.60016981367,0.916666666667
transformer,2,volatility,medium,0.5,5336,12,0.580995685231,4569,0.856259370315,1.27160360086,0.000108882249856,6.60692813402e-05,6.5932612441e-05,0.57876690454,0.577569684983,-0.5568877112,1.22412376104,0.833333333333
transformer,2,volatility,medium,1,5336,12,0.580995685231,4569,0.856259370315,1.27160360086,0.000108882249856,2.32563128245e-05,2.31175801875e-05,0.203725300342,0.202510002442,-0.925406769496,0.849764518381,0.666666666667
transformer,3,direction,down,0,5920,12,-0.244911588474,7846.75,1.32546452703,-0.312118505718,-4.13702007558e-05,-4.13702007558e-05,-4.16596008674e-05,-0.362402958621,-0.364938103599,-1.31245077612,0.612122899703,0.333333333333
transformer,3,direction,down,0.5,5920,12,-0.244911588474,7846.75,1.32546452703,-0.312118505718,-4.13702007558e-05,-0.000107643427107,-0.000107933690358,-0.942956421459,-0.94549912754,-1.90022143728,0.0343634563627,0.0833333333333
transformer,3,direction,down,1,5920,12,-0.244911588474,7846.75,1.32546452703,-0.312118505718,-4.13702007558e-05,-0.000173916653458,-0.000174207779849,-1.5235098843,-1.52606015148,-2.48799209844,-0.543395986977,0
transformer,3,direction,flat,0,5897,12,0.0377722583754,7697.25,1.30528234696,0.0490724068666,6.40533464056e-06,6.40533464056e-06,6.29835163291e-06,0.0561107314513,0.0551735603043,-1.11112615241,1.38437862906,0.583333333333
transformer,3,direction,flat,0.5,5897,12,0.0377722583754,7697.25,1.30528234696,0.0490724068666,6.40533464056e-06,-5.88587827072e-05,-5.89728749797e-05,-0.515602936515,-0.516602384822,-1.68763710858,0.806995162929,0.166666666667
transformer,3,direction,flat,1,5897,12,0.0377722583754,7697.25,1.30528234696,0.0490724068666,6.40533464056e-06,-0.000124122900055,-0.000124244101592,-1.08731660448,-1.08837832995,-2.26414806476,0.229611696794,0.0833333333333
transformer,3,direction,up,0,5739,12,-0.286755778698,7555.25,1.31647499564,-0.379545056349,-4.99661576404e-05,-4.99661576404e-05,-4.90825996815e-05,-0.43770354093,-0.42996357321,-1.74864250259,0.634526626701,0.333333333333
transformer,3,direction,up,0.5,5739,12,-0.286755778698,7555.25,1.31647499564,-0.379545056349,-4.99661576404e-05,-0.000115789907423,-0.000114914939124,-1.01431958902,-1.00665486672,-2.31970027151,0.0504509005602,0.166666666667
transformer,3,direction,up,1,5739,12,-0.286755778698,7555.25,1.31647499564,-0.379545056349,-4.99661576404e-05,-0.000181613657205,-0.000180747278566,-1.59093563711,-1.58334616024,-2.89075804044,-0.533624825581,0
transformer,3,dispersion,high,0,8276,12,-0.222511763546,11003.25,1.32953721605,-0.202223673502,-2.68863899886e-05,-2.68863899886e-05,-2.66965267186e-05,-0.2355247763,-0.233861574055,-1.21201384761,0.853328055995,0.333333333333
transformer,3,dispersion,high,0.5,8276,12,-0.222511763546,11003.25,1.32953721605,-0.202223673502,-2.68863899886e-05,-9.33632507909e-05,-9.31740451532e-05,-0.817862076928,-0.816204635542,-1.79665419848,0.270820026798,0.0833333333333
transformer,3,dispersion,high,1,8276,12,-0.222511763546,11003.25,1.32953721605,-0.202223673502,-2.68863899886e-05,-0.000159840111593,-0.000159651563588,-1.40019937756,-1.39854769703,-2.38129454936,-0.311688002399,0
transformer,3,dispersion,low,0,4198,12,-0.125386732041,5429.25,1.29329442592,-0.230946690687,-2.98682067749e-05,-2.98682067749e-05,-3.0162243066e-05,-0.261645491348,-0.264221249259,-1.0377084524,0.41143947583,0.166666666667
transformer,3,dispersion,low,0.5,4198,12,-0.125386732041,5429.25,1.29329442592,-0.230946690687,-2.98682067749e-05,-9.45329280708e-05,-9.48336466382e-05,-0.8281084499,-0.830742744551,-1.61567801762,-0.149450469823,0
transformer,3,dispersion,low,1,4198,12,-0.125386732041,5429.25,1.29329442592,-0.230946690687,-2.98682067749e-05,-0.000159197649367,-0.00015950505021,-1.39457140845,-1.39726423984,-2.19364758283,-0.710340415475,0
transformer,3,dispersion,medium,0,5082,12,-0.14599661321,6666.75,1.31183589138,-0.218992182413,-2.87281804822e-05,-2.87281804822e-05,-2.8553332925e-05,-0.251658861024,-0.250127196423,-1.41206290786,0.776558298798,0.5
transformer,3,dispersion,medium,0.5,5082,12,-0.14599661321,6666.75,1.31183589138,-0.218992182413,-2.87281804822e-05,-9.43199750512e-05,-9.41453028468e-05,-0.826242981449,-0.824712852938,-1.9831433534,0.187900526177,0.0833333333333
transformer,3,dispersion,medium,1,5082,12,-0.14599661321,6666.75,1.31183589138,-0.218992182413,-2.87281804822e-05,-0.00015991176962,-0.000159737272769,-1.40082710187,-1.39929850945,-2.55422379895,-0.400757246445,0
transformer,3,volatility,high,0,5827,12,-0.203318207998,7756,1.33104513472,-0.262143125319,-3.48924331556e-05,-3.48924331556e-05,-3.44724900693e-05,-0.305657714443,-0.301979013007,-2.20734118947,0.777483333169,0.333333333333
transformer,3,volatility,high,0.5,5827,12,-0.203318207998,7756,1.33104513472,-0.262143125319,-3.48924331556e-05,-0.000101444689891,-0.000101024915388,-0.88865548345,-0.884978258803,-2.78698187773,0.194089142298,0.166666666667
transformer,3,volatility,high,1,5827,12,-0.203318207998,7756,1.33104513472,-0.262143125319,-3.48924331556e-05,-0.000167996946627,-0.000167577340708,-1.47165325246,-1.4679775046,-3.36662256599,-0.389305048573,0
transformer,3,volatility,low,0,5635,12,-0.298502492664,7309.75,1.29720496894,-0.408362109052,-5.29729356991e-05,-5.29729356991e-05,-5.28115664433e-05,-0.464042916724,-0.462629322044,-1.23815324783,0.010342273715,0.166666666667
transformer,3,volatility,low,0.5,5635,12,-0.298502492664,7309.75,1.29720496894,-0.408362109052,-5.29729356991e-05,-0.000117833184146,-0.000117676312608,-1.03221869312,-1.03084449845,-1.80293043334,-0.557406975444,0
transformer,3,volatility,low,1,5635,12,-0.298502492664,7309.75,1.29720496894,-0.408362109052,-5.29729356991e-05,-0.000182693432593,-0.000182541058773,-1.60039446952,-1.59905967485,-2.36770761884,-1.12323530162,0
transformer,3,volatility,medium,0,6094,12,0.0079255918647,8033.5,1.3182638661,0.00986567730716,1.30055659086e-06,1.30055659086e-06,2.0145283147e-06,0.0113928757359,0.0176472680367,-0.815347892539,1.36069663283,0.333333333333
transformer,3,volatility,medium,0.5,6094,12,0.0079255918647,8033.5,1.3182638661,0.00986567730716,1.30055659086e-06,-6.4612636714e-05,-6.39022055295e-05,-0.566006697615,-0.559783320438,-1.39848398721,0.773478195956,0.25
transformer,3,volatility,medium,1,6094,12,0.0079255918647,8033.5,1.3182638661,0.00986567730716,1.30055659086e-06,-0.000130525830019,-0.000129818939374,-1.14340627097,-1.13721390891,-1.98162008189,0.186259759082,0.166666666667
