model,excluded_symbol,cost_bps,cohort,period_count,mean_net_return,annualized_net_return,annualized_volatility,annualized_sharpe,positive_fraction,mean_turnover,cumulative_net_log_return
lightgbm,ADAUSDT,0,0,4341,3.14519848037e-05,0.27551938688,0.222391103283,1.23889572385,0.511172540889,0.323542962451,0.136533066033
lightgbm,ADAUSDT,0,1,4341,2.25508011738e-05,0.197545018282,0.223791510891,0.882718998123,0.506104584197,0.324579589956,0.0978930278955
lightgbm,ADAUSDT,0,2,4341,1.13883871176e-05,0.0997622711506,0.218969629027,0.45559866724,0.508638562543,0.324291637871,0.0494369884777
lightgbm,ADAUSDT,0,3,4341,2.85694944123e-05,0.250268771052,0.219461908615,1.14037453074,0.51002073255,0.320836212854,0.124020175244
lightgbm,ADAUSDT,0,4,4341,8.186121014e-06,0.0717104200826,0.215618724367,0.33257974368,0.507486754204,0.320317899102,0.0355359513218
lightgbm,ADAUSDT,0,5,4341,2.59050445223e-06,0.0226928190015,0.220955652537,0.10270304806,0.503570605851,0.320375489519,0.0112453798271
lightgbm,ADAUSDT,0,6,4341,-2.71867676276e-05,-0.238156084418,0.22056326186,-1.07976315915,0.509329647547,0.334427551255,-0.118017758271
lightgbm,ADAUSDT,0,7,4341,-1.08587692699e-05,-0.0951228188042,0.216093516363,-0.440192840604,0.509329647547,0.328322967058,-0.0471379174006
lightgbm,ADAUSDT,0,8,4341,-2.0064420363e-05,-0.17576432238,0.216154936431,-0.813140450463,0.511633264225,0.325788988712,-0.0870996487956
lightgbm,ADAUSDT,0,9,4341,-1.33428719297e-05,-0.116883558104,0.218265970066,-0.535509763932,0.508638562543,0.323485372034,-0.0579214070469
lightgbm,ADAUSDT,0,10,4341,-1.15164915765e-05,-0.10088446621,0.218200359675,-0.462347845624,0.50794747754,0.326364892882,-0.0499930899336
lightgbm,ADAUSDT,0,11,4341,3.11114672718e-05,0.272536453301,0.22112092858,1.23252219974,0.512554710896,0.325213084543,0.135054879427
lightgbm,ADAUSDT,1,0,4341,-9.02311441447e-07,-0.00790424822707,0.222359995195,-0.0355470786017,0.503570605851,0.323542962451,-0.00391693396732
lightgbm,ADAUSDT,1,1,4341,-9.90715782183e-06,-0.0867867025192,0.22379047207,-0.387803384641,0.495968670813,0.324579589956,-0.0430069721045
lightgbm,ADAUSDT,1,2,4341,-2.10407766695e-05,-0.184317203625,0.219019547514,-0.841555951134,0.502879520848,0.324291637871,-0.0913380115223
lightgbm,ADAUSDT,1,3,4341,-3.5141268731e-06,-0.0307837514083,0.219374905243,-0.140324853357,0.505183137526,0.320836212854,-0.0152548247561
lightgbm,ADAUSDT,1,4,4341,-2.38456688962e-05,-0.20888805953,0.21569118198,-0.968458968107,0.500115180834,0.320317899102,-0.103514048678
lightgbm,ADAUSDT,1,5,4341,-2.94470444996e-05,-0.257956109817,0.221117355699,-1.16660272551,0.497581202488,0.320375489519,-0.127829620173
lightgbm,ADAUSDT,1,6,4341,-6.06295227531e-05,-0.531114619318,0.220674296837,-2.40678061256,0.501958074176,0.334427551255,-0.263192758271
lightgbm,ADAUSDT,1,7,4341,-4.36910659757e-05,-0.382733737947,0.216089928035,-1.77117805271,0.504261690855,0.328322967058,-0.189662917401
lightgbm,ADAUSDT,1,8,4341,-5.26433192342e-05,-0.461155476492,0.216157420759,-2.13342421866,0.505413499194,0.325788988712,-0.228524648796
lightgbm,ADAUSDT,1,9,4341,-4.56914091331e-05,-0.400256744006,0.218297652025,-1.83353664272,0.500345542502,0.323485372034,-0.198346407047
lightgbm,ADAUSDT,1,10,4341,-4.41529808647e-05,-0.386780112375,0.218215843927,-1.77246576332,0.500806265837,0.326364892882,-0.191668089934
lightgbm,ADAUSDT,1,11,4341,-1.40984118247e-06,-0.0123502087584,0.221159928581,-0.0558428863567,0.505874222529,0.325213084543,-0.00612012057308
lightgbm,APTUSDT,0,0,4341,3.18930978243e-05,0.279383536941,0.202688119354,1.37839128327,0.51531905091,0.331144897489,0.138447937655
lightgbm,APTUSDT,0,1,4341,2.11403173017e-05,0.185189179563,0.203466864484,0.910168739428,0.510942179221,0.33074176457,0.0917701174066
lightgbm,APTUSDT,0,2,4341,1.90840417427e-05,0.167176205666,0.198388424399,0.842671169812,0.519465560931,0.326883206634,0.0828438252049
lightgbm,APTUSDT,0,3,4341,2.07893454986e-05,0.182114666567,0.199766961981,0.911635561561,0.514397604239,0.326364892882,0.0902465488092
lightgbm,APTUSDT,0,4,4341,8.64776607644e-07,0.00757544308296,0.196383109485,0.0385748199162,0.505413499194,0.32659525455,0.00375399525378
lightgbm,APTUSDT,0,5,4341,9.17611502992e-07,0.00803827676621,0.197093129855,0.0407841550445,0.514167242571,0.324867542041,0.00398335153449
lightgbm,APTUSDT,0,6,4341,-1.32621994311e-05,-0.116176867017,0.201389646684,-0.576876065527,0.513706519235,0.340992858788,-0.0575712077306
lightgbm,APTUSDT,0,7,4341,-6.3608532413e-06,-0.0557210743938,0.198551187655,-0.280638333379,0.509560009214,0.336788758351,-0.0276124639205
lightgbm,APTUSDT,0,8,4341,-7.6219919114e-06,-0.0667686491439,0.197195995034,-0.338590289992,0.509099285879,0.33074176457,-0.0330870668874
lightgbm,APTUSDT,0,9,4341,-2.03159170802e-05,-0.177967433622,0.200272210014,-0.888627701315,0.514397604239,0.331893572909,-0.088191396045
lightgbm,APTUSDT,0,10,4341,-1.69718256035e-05,-0.148673192286,0.200339572908,-0.742105966027,0.514167242571,0.333448514167,-0.0736746949446
lightgbm,APTUSDT,0,11,4341,2.56052747846e-05,0.224302207113,0.201981927906,1.11050631826,0.524303155955,0.331778392076,0.11115249784
lightgbm,APTUSDT,1,0,4341,-1.22139192462e-06,-0.0106993932597,0.202671192886,-0.052791879829,0.508868924211,0.331144897489,-0.00530206234477
lightgbm,APTUSDT,1,1,4341,-1.19338591553e-05,-0.104540606201,0.203461534746,-0.513810172186,0.503109882516,0.33074176457,-0.0518048825934
lightgbm,APTUSDT,1,2,4341,-1.36042789208e-05,-0.119173483346,0.198412168114,-0.600635961385,0.5132457959,0.326883206634,-0.0590561747951
lightgbm,APTUSDT,1,3,4341,-1.18471437896e-05,-0.103780979597,0.199705096613,-0.519671161914,0.507256392536,0.326364892882,-0.0514284511908
lightgbm,APTUSDT,1,4,4341,-3.17947488473e-05,-0.278521999903,0.196470788858,-1.41762549803,0.497811564156,0.32659525455,-0.138021004746
lightgbm,APTUSDT,1,5,4341,-3.15691427011e-05,-0.276545690062,0.197219500205,-1.40222285207,0.505874222529,0.324867542041,-0.137041648466
lightgbm,APTUSDT,1,6,4341,-4.736148531e-05,-0.414886611315,0.201450230758,-2.05949931035,0.505874222529,0.340992858788,-0.205596207731
lightgbm,APTUSDT,1,7,4341,-4.00397290764e-05,-0.350748026709,0.198500876919,-1.76698477182,0.501497350841,0.336788758351,-0.173812463921
lightgbm,APTUSDT,1,8,4341,-4.06961683684e-05,-0.356498434908,0.197183090264,-1.80795642481,0.499654457498,0.33074176457,-0.176662066887
lightgbm,APTUSDT,1,9,4341,-5.35052743711e-05,-0.468706203491,0.200298680377,-2.34003640268,0.507026030868,0.331893572909,-0.232266396045
lightgbm,APTUSDT,1,10,4341,-5.03166770202e-05,-0.440774090697,0.200352907563,-2.1999884906,0.507717115872,0.333448514167,-0.218424694945
lightgbm,APTUSDT,1,11,4341,-7.57256442299e-06,-0.0663356643454,0.202019960209,-0.328361931547,0.517622667588,0.331778392076,-0.0328725021602
lightgbm,ARBUSDT,0,0,4341,3.27847154732e-05,0.287194107545,0.204987072222,1.40103521863,0.516931582585,0.332584657913,0.142318449869
lightgbm,ARBUSDT,0,1,4341,1.83727275025e-05,0.160945092922,0.207014107776,0.7774595396,0.510251094218,0.332584657913,0.0797560100885
lightgbm,ARBUSDT,0,2,4341,6.41058976675e-06,0.0561567663568,0.204504282822,0.27459946355,0.51739230592,0.330108269984,0.0278283701775
lightgbm,ARBUSDT,0,3,4341,3.07715287789e-05,0.269558592103,0.204066559539,1.32093466324,0.511633264225,0.329129232896,0.133579206429
lightgbm,ARBUSDT,0,4,4341,6.43042743284e-06,0.0563305443117,0.20020850439,0.28135939821,0.509790370882,0.326537664133,0.027914485486
lightgbm,ARBUSDT,0,5,4341,-6.61889803944e-07,-0.00579815468255,0.203563363381,-0.0284832918176,0.507026030868,0.326364892882,-0.00287326363892
lightgbm,ARBUSDT,0,6,4341,-2.00914661503e-05,-0.176001243477,0.205033617774,-0.858401882517,0.514167242571,0.341683943792,-0.0872170545584
lightgbm,ARBUSDT,0,7,4341,-4.26896205789e-06,-0.0373961076271,0.199897331844,-0.187076572169,0.513015434232,0.337134300852,-0.0185315642933
lightgbm,ARBUSDT,0,8,4341,-1.00715618666e-05,-0.0882268819512,0.200385690174,-0.440285341106,0.515779774246,0.331490439991,-0.0437206500628
lightgbm,ARBUSDT,0,9,4341,-1.98660931935e-05,-0.174026976375,0.203703734889,-0.854314116872,0.508868924211,0.332008753743,-0.0862387105529
lightgbm,ARBUSDT,0,10,4341,-1.20944592071e-05,-0.105947462654,0.203414093135,-0.520846225653,0.508868924211,0.332930200415,-0.0525020474179
lightgbm,ARBUSDT,0,11,4341,2.78916140183e-05,0.2443305388,0.206349719179,1.18406043765,0.516931582585,0.330511402903,0.121077496453
lightgbm,ARBUSDT,1,0,4341,-4.73750318074e-07,-0.00415005278633,0.204904313426,-0.0202536135864,0.507717115872,0.332584657913,-0.00205655013076
lightgbm,ARBUSDT,1,1,4341,-1.48857382888e-05,-0.130399067409,0.206986687621,-0.629987700698,0.501727712509,0.332584657913,-0.0646189899115
lightgbm,ARBUSDT,1,2,4341,-2.66002372316e-05,-0.233018078149,0.204550556656,-1.13917107809,0.51002073255,0.330108269984,-0.115471629823
lightgbm,ARBUSDT,1,3,4341,-2.1413945107e-06,-0.0187586159138,0.203949423202,-0.0919768029703,0.506104584197,0.329129232896,-0.00929579357096
lightgbm,ARBUSDT,1,4,4341,-2.62233389804e-05,-0.229716449469,0.200289510976,-1.14692201478,0.501727712509,0.326537664133,-0.113835514514
lightgbm,ARBUSDT,1,5,4341,-3.32983790921e-05,-0.291693800847,0.203681477824,-1.43210764162,0.498733010827,0.326364892882,-0.144548263639
lightgbm,ARBUSDT,1,6,4341,-5.42598605295e-05,-0.475316378238,0.205100165343,-2.31748412998,0.506795669201,0.341683943792,-0.235542054558
lightgbm,ARBUSDT,1,7,4341,-3.79823921431e-05,-0.332725755174,0.199860973073,-1.6647860263,0.505874222529,0.337134300852,-0.164881564293
lightgbm,ARBUSDT,1,8,4341,-4.32206058657e-05,-0.378612507383,0.2003791318,-1.88948072577,0.508177839208,0.331490439991,-0.187620650063
lightgbm,ARBUSDT,1,9,4341,-5.30669685678e-05,-0.464866644654,0.203741969988,-2.2816440063,0.501266989173,0.332008753743,-0.230363710553
lightgbm,ARBUSDT,1,10,4341,-4.53874792485e-05,-0.397594318217,0.203405795919,-1.95468529508,0.502879520848,0.332930200415,-0.197027047418
lightgbm,ARBUSDT,1,11,4341,-5.15952627196e-06,-0.0451974501424,0.206350429368,-0.219032498653,0.508868924211,0.330511402903,-0.0223975035466
lightgbm,ATOMUSDT,0,0,4341,4.78887776388e-05,0.419505692116,0.216274832939,1.93968797209,0.519235199263,0.328150195807,0.20788518373
lightgbm,ATOMUSDT,0,1,4341,3.0149004391e-05,0.264105278465,0.218380310536,1.20938228276,0.513706519235,0.32791983414,0.130876828061
lightgbm,ATOMUSDT,0,2,4341,2.5801526856e-05,0.226021375259,0.214997352601,1.05127515537,0.516010135913,0.325961759963,0.112004428082
lightgbm,ATOMUSDT,0,3,4341,4.13249130803e-05,0.362006238584,0.215057809865,1.6832973367,0.520156645934,0.323542962451,0.179391447682
lightgbm,ATOMUSDT,0,4,4341,1.65739616085e-05,0.145187903691,0.210336946166,0.690263438437,0.510942179221,0.322909467865,0.0719475673426
lightgbm,ATOMUSDT,0,5,4341,1.81673707938e-05,0.159146168154,0.215619851768,0.738086808097,0.515088689242,0.321124164939,0.0788645566159
lightgbm,ATOMUSDT,0,6,4341,-2.17123497199e-06,-0.0190200183546,0.214655388789,-0.0886072251059,0.513706519235,0.336500806266,-0.00942533101339
lightgbm,ATOMUSDT,0,7,4341,2.80468790292e-06,0.0245690660296,0.211744731282,0.116031534201,0.513936880903,0.333678875835,0.0121751501866
lightgbm,ATOMUSDT,0,8,4341,5.16122148205e-06,0.0452123001827,0.210505247091,0.214779920252,0.516240497581,0.327977424557,0.0224048624536
lightgbm,ATOMUSDT,0,9,4341,1.24078992951e-06,0.0108693197825,0.211900162557,0.0512945325351,0.517622667588,0.325961759963,0.00538626908399
lightgbm,ATOMUSDT,0,10,4341,3.42873436763e-06,0.0300357130604,0.213219379593,0.140867650576,0.51531905091,0.32734392997,0.0148841358899
lightgbm,ATOMUSDT,0,11,4341,4.94769087539e-05,0.433417720684,0.215892358675,2.00756397004,0.529601474315,0.324579589956,0.214779260901
lightgbm,ATOMUSDT,1,0,4341,1.50737580581e-05,0.132046120589,0.216252964412,0.610609528281,0.512324349228,0.328150195807,0.0654351837301
lightgbm,ATOMUSDT,1,1,4341,-2.64297902295e-06,-0.0231524962411,0.218422090249,-0.105998876829,0.506334945865,0.32791983414,-0.0114731719386
lightgbm,ATOMUSDT,1,2,4341,-6.79464914032e-06,-0.0595211264692,0.215055835459,-0.27677057143,0.509329647547,0.325961759963,-0.0294955719181
lightgbm,ATOMUSDT,1,3,4341,8.97061683523e-06,0.0785826034766,0.214979272415,0.365535721624,0.512554710896,0.323542962451,0.0389414476817
lightgbm,ATOMUSDT,1,4,4341,-1.57169851779e-05,-0.137680790159,0.210427002185,-0.654292408906,0.503570605851,0.322909467865,-0.0682274326574
lightgbm,ATOMUSDT,1,5,4341,-1.39450457001e-05,-0.122158600333,0.215781981146,-0.566120487373,0.508177839208,0.321124164939,-0.0605354433841
lightgbm,ATOMUSDT,1,6,4341,-3.58213155986e-05,-0.313794724643,0.214759590471,-1.461144175,0.506565307533,0.336500806266,-0.155500331013
lightgbm,ATOMUSDT,1,7,4341,-3.05631996806e-05,-0.267733629202,0.211754930358,-1.26435605891,0.507026030868,0.333678875835,-0.132674849813
lightgbm,ATOMUSDT,1,8,4341,-2.76365209736e-05,-0.242095923729,0.210539588776,-1.14988314139,0.51002073255,0.327977424557,-0.119970137546
lightgbm,ATOMUSDT,1,9,4341,-3.13553860668e-05,-0.274673181945,0.211952528426,-1.29591840204,0.510251094218,0.325961759963,-0.136113730916
lightgbm,ATOMUSDT,1,10,4341,-2.93056586294e-05,-0.256717569593,0.213275180705,-1.20369172233,0.507486754204,0.32734392997,-0.12721586411
lightgbm,ATOMUSDT,1,11,4341,1.70189497583e-05,0.149085999883,0.215946293933,0.6903846191,0.521078092605,0.324579589956,0.0738792609008
lightgbm,AVAXUSDT,0,0,4341,4.11415102129e-05,0.360399629465,0.216328191543,1.6659854959,0.514167242571,0.327977424557,0.178595295834
lightgbm,AVAXUSDT,0,1,4341,2.0860042817e-05,0.182733975077,0.218286944672,0.837127366237,0.517161944252,0.32941718498,0.0905534458687
lightgbm,AVAXUSDT,0,2,4341,1.51803546068e-05,0.132979906356,0.214087123048,0.621148551404,0.519695922598,0.328726099977,0.0658979193482
lightgbm,AVAXUSDT,0,3,4341,3.52386810581e-05,0.308690846069,0.214878658691,1.43658215269,0.514167242571,0.32394609537,0.152971114473
lightgbm,AVAXUSDT,0,4,4341,9.68631793119e-06,0.0848521450772,0.210251003223,0.403575458744,0.509099285879,0.324406818705,0.0420483061393
lightgbm,AVAXUSDT,0,5,4341,1.26693072836e-05,0.110983131804,0.214842093496,0.516580014644,0.511402902557,0.321469707441,0.054997462918
lightgbm,AVAXUSDT,0,6,4341,-8.9507844878e-06,-0.0784088721131,0.215042277882,-0.364620728935,0.514627965906,0.338170928358,-0.0388553554615
lightgbm,AVAXUSDT,0,7,4341,-9.91342749557e-07,-0.00868416248612,0.211554799198,-0.0410492341419,0.5132457959,0.334254780005,-0.00430341887583
lightgbm,AVAXUSDT,0,8,4341,2.86124861803e-06,0.0250645378939,0.211658486759,0.118419716014,0.512554710896,0.328841280811,0.0124206802509
lightgbm,AVAXUSDT,0,9,4341,-1.28325040581e-06,-0.0112412735549,0.213388047019,-0.0526799589383,0.512324349228,0.327689472472,-0.00557059001161
lightgbm,AVAXUSDT,0,10,4341,-5.3649125304e-06,-0.0469966337663,0.213819164908,-0.219796171155,0.509329647547,0.329071642479,-0.0232890852945
lightgbm,AVAXUSDT,0,11,4341,4.29142029618e-05,0.375928417945,0.217910923952,1.72514718917,0.521078092605,0.32734392997,0.186290555057
lightgbm,AVAXUSDT,1,0,4341,8.34376775721e-06,0.0730914055532,0.216306996089,0.337905878565,0.505643860862,0.327977424557,0.0362202958341
lightgbm,AVAXUSDT,1,1,4341,-1.2081675681e-05,-0.105835478966,0.218301704279,-0.484812884606,0.510711817554,0.32941718498,-0.0524465541313
lightgbm,AVAXUSDT,1,2,4341,-1.76922553909e-05,-0.154984157224,0.214151188366,-0.723713738908,0.512554710896,0.328726099977,-0.0768020806518
lightgbm,AVAXUSDT,1,3,4341,2.8440715211e-06,0.0249140665248,0.214779026608,0.1159986006,0.507717115872,0.32394609537,0.0123461144731
lightgbm,AVAXUSDT,1,4,4341,-2.27543639393e-05,-0.199328228109,0.210336712592,-0.947662562814,0.500115180834,0.324406818705,-0.0987766938607
lightgbm,AVAXUSDT,1,5,4341,-1.94776634605e-05,-0.170624331914,0.214958817667,-0.7937535839,0.505183137526,0.321469707441,-0.084552537082
lightgbm,AVAXUSDT,1,6,4341,-4.27678773235e-05,-0.374646605354,0.215124138626,-1.74153680636,0.506565307533,0.338170928358,-0.185655355462
lightgbm,AVAXUSDT,1,7,4341,-3.441682075e-05,-0.30149134977,0.211545817172,-1.42518227872,0.506565307533,0.334254780005,-0.149403418876
lightgbm,AVAXUSDT,1,8,4341,-3.00228794631e-05,-0.263000424096,0.2116585639,-1.24256925517,0.506565307533,0.328841280811,-0.130329319749
lightgbm,AVAXUSDT,1,9,4341,-3.4052197653e-05,-0.29829725144,0.213434955353,-1.39760261363,0.505874222529,0.327689472472,-0.147820590012
lightgbm,AVAXUSDT,1,10,4341,-3.82720767783e-05,-0.335263392578,0.213852508772,-1.56773186577,0.503800967519,0.329071642479,-0.166139085294
lightgbm,AVAXUSDT,1,11,4341,1.01798099648e-05,0.0891751352913,0.217962734646,0.40913019116,0.514858327574,0.32734392997,0.044190555057
lightgbm,BCHUSDT,0,0,4341,4.10000185317e-05,0.359160162337,0.215325066536,1.6679904858,0.514627965906,0.322391154112,0.177981080446
lightgbm,BCHUSDT,0,1,4341,2.56059817876e-05,0.224308400459,0.217509421047,1.0312583215,0.517853029256,0.3233701912,0.11115556694
lightgbm,BCHUSDT,0,2,4341,1.72964998477e-05,0.151517338666,0.213269745394,0.710449287526,0.521308454273,0.323024648698,0.0750841058388
lightgbm,BCHUSDT,0,3,4341,4.05118566303e-05,0.354883864081,0.215050713632,1.65023337095,0.515779774246,0.319799585349,0.175861969632
lightgbm,BCHUSDT,0,4,4341,5.73415385838e-06,0.0502311877994,0.210495865798,0.238632657268,0.512785072564,0.320605851186,0.0248919618992
lightgbm,BCHUSDT,0,5,4341,7.18907467795e-06,0.0629762941789,0.215775945098,0.291859660957,0.509099285879,0.318475005759,0.031207773177
lightgbm,BCHUSDT,0,6,4341,-1.53582995106e-05,-0.134538703713,0.214804270885,-0.626331604856,0.516931582585,0.333851647086,-0.0666703781756
lightgbm,BCHUSDT,0,7,4341,-3.97429903688e-06,-0.034814859563,0.211675377246,-0.164472883034,0.511863625893,0.329820317899,-0.0172524321191
lightgbm,BCHUSDT,0,8,4341,8.30121445539e-06,0.0727186386293,0.212427746488,0.342321753309,0.5132457959,0.3233701912,0.0360355719509
lightgbm,BCHUSDT,0,9,4341,-6.5526182049e-06,-0.0574009354749,0.212478032245,-0.270149976769,0.513015434232,0.322563925363,-0.0284449156275
lightgbm,BCHUSDT,0,10,4341,-6.32562908325e-06,-0.0554125107693,0.214429993879,-0.258417723038,0.511633264225,0.322851877448,-0.0274595558504
lightgbm,BCHUSDT,0,11,4341,3.9439134348e-05,0.345486816888,0.216712672013,1.59421603582,0.521078092605,0.322391154112,0.171205282205
lightgbm,BCHUSDT,1,0,4341,8.76090312048e-06,0.0767455113354,0.215287243909,0.356479603444,0.506565307533,0.322391154112,0.038031080446
lightgbm,BCHUSDT,1,1,4341,-6.73103733245e-06,-0.0589638870323,0.217519770479,-0.271073690923,0.509790370882,0.3233701912,-0.0292194330602
lightgbm,BCHUSDT,1,2,4341,-1.50059650222e-05,-0.131452253594,0.213317936331,-0.616226913944,0.514397604239,0.323024648698,-0.0651408941612
lightgbm,BCHUSDT,1,3,4341,8.53189809535e-06,0.0747394273153,0.21494356488,0.347716515064,0.509329647547,0.319799585349,0.0370369696319
lightgbm,BCHUSDT,1,4,4341,-2.63264312603e-05,-0.23061953784,0.210551083036,-1.09531394717,0.505643860862,0.320605851186,-0.114283038101
lightgbm,BCHUSDT,1,5,4341,-2.4658425898e-05,-0.216007810866,0.215897997479,-1.00050863551,0.503800967519,0.318475005759,-0.107042226823
lightgbm,BCHUSDT,1,6,4341,-4.87434642192e-05,-0.42699274656,0.214875530183,-1.98716320186,0.509560009214,0.333851647086,-0.211595378176
lightgbm,BCHUSDT,1,7,4341,-3.69563308268e-05,-0.323737458043,0.211673922243,-1.52941587992,0.50472241419,0.329820317899,-0.160427432119
lightgbm,BCHUSDT,1,8,4341,-2.40358046646e-05,-0.210553648862,0.212422773754,-0.991200920415,0.506334945865,0.3233701912,-0.104339428049
lightgbm,BCHUSDT,1,9,4341,-3.88090107412e-05,-0.339966934093,0.212564136143,-1.59936168096,0.505183137526,0.322563925363,-0.168469915627
lightgbm,BCHUSDT,1,10,4341,-3.8610816828e-05,-0.338230755413,0.214469312925,-1.57705897781,0.505183137526,0.322851877448,-0.16760955585
lightgbm,BCHUSDT,1,11,4341,7.2000189368e-06,0.0630721658863,0.216743508115,0.290999100434,0.514858327574,0.322391154112,0.0312552822046
lightgbm,BNBUSDT,0,0,4341,4.40931628524e-05,0.386256106587,0.215442454552,1.79285047318,0.51531905091,0.32809260539,0.191408419942
lightgbm,BNBUSDT,0,1,4341,2.67727971341e-05,0.234529702895,0.216864412034,1.08145776753,0.51531905091,0.32999308915,0.116220712359
lightgbm,BNBUSDT,0,2,4341,1.41679284209e-05,0.124111052967,0.213492809548,0.581335986115,0.518083390924,0.329474775397,0.0615029772751
lightgbm,BNBUSDT,0,3,4341,4.09513096567e-05,0.358733472593,0.216061870033,1.66032753737,0.515779774246,0.327459110804,0.17776963522
lightgbm,BNBUSDT,0,4,4341,1.26006420739e-05,0.110381624567,0.20988283269,0.525920215354,0.509560009214,0.327228749136,0.0546993872428
lightgbm,BNBUSDT,0,5,4341,6.56404802256e-06,0.0575010606776,0.21398234513,0.268718714353,0.510942179221,0.323773324119,0.0284945324659
lightgbm,BNBUSDT,0,6,4341,-9.55696193612e-06,-0.0837189865604,0.213697956537,-0.391763159167,0.51739230592,0.33868924211,-0.0414867717647
lightgbm,BNBUSDT,0,7,4341,-5.92823766604e-06,-0.0519313619545,0.210868525391,-0.246273652543,0.513936880903,0.336385625432,-0.0257344797083
lightgbm,BNBUSDT,0,8,4341,1.99319714704e-06,0.0174604070081,0.210403927469,0.082985176266,0.514858327574,0.329532365814,0.00865246881532
lightgbm,BNBUSDT,0,9,4341,-2.14899515063e-06,-0.0188251975195,0.212510267268,-0.0885848846813,0.515779774246,0.330108269984,-0.00932878794887
lightgbm,BNBUSDT,0,10,4341,-6.44495619918e-06,-0.0564578163048,0.213467517921,-0.264479658801,0.512324349228,0.330108269984,-0.0279775548606
lightgbm,BNBUSDT,0,11,4341,4.88332563451e-05,0.427779325583,0.217027320729,1.9710851341,0.523151347616,0.330453812486,0.211985165794
lightgbm,BNBUSDT,1,0,4341,1.12839023134e-05,0.098846984265,0.215407457885,0.458883760273,0.50794747754,0.32809260539,0.0489834199423
lightgbm,BNBUSDT,1,1,4341,-6.22651178088e-06,-0.0545442432005,0.216866537886,-0.251510646743,0.50794747754,0.32999308915,-0.0270292876408
lightgbm,BNBUSDT,1,2,4341,-1.87795491188e-05,-0.164508850281,0.213547839164,-0.770360641086,0.510711817554,0.329474775397,-0.0815220227249
lightgbm,BNBUSDT,1,3,4341,8.20539857632e-06,0.0718792915286,0.215939414812,0.332867862919,0.509099285879,0.327459110804,0.0356196352198
lightgbm,BNBUSDT,1,4,4341,-2.01222328397e-05,-0.176270759676,0.209953568899,-0.839570199262,0.502188435844,0.327228749136,-0.0873506127572
lightgbm,BNBUSDT,1,5,4341,-2.58132843893e-05,-0.226124371251,0.214126054123,-1.05603389638,0.505183137526,0.323773324119,-0.112055467534
lightgbm,BNBUSDT,1,6,4341,-4.34258861471e-05,-0.380410762649,0.21379036227,-1.77936347836,0.509560009214,0.33868924211,-0.188511771765
lightgbm,BNBUSDT,1,7,4341,-3.95668002092e-05,-0.346605169833,0.210880312803,-1.64361084838,0.506565307533,0.336385625432,-0.171759479708
lightgbm,BNBUSDT,1,8,4341,-3.09600394344e-05,-0.271209945445,0.21042574291,-1.28886295799,0.508638562543,0.329532365814,-0.134397531185
lightgbm,BNBUSDT,1,9,4341,-3.5159822149e-05,-0.308000042025,0.212552294331,-1.44905536304,0.50794747754,0.330108269984,-0.152628787949
lightgbm,BNBUSDT,1,10,4341,-3.94557831976e-05,-0.345632660811,0.213513990776,-1.61878226131,0.505874222529,0.330108269984,-0.171277554861
lightgbm,BNBUSDT,1,11,4341,1.57878750965e-05,0.138301785845,0.21706370763,0.637148362367,0.516010135913,0.330453812486,0.068535165794
lightgbm,BTCUSDT,0,0,4341,4.50060149573e-05,0.394252691026,0.214913083836,1.83447505377,0.514397604239,0.334024418337,0.19537111093
lightgbm,BTCUSDT,0,1,4341,2.9279731907e-05,0.256490451506,0.216506384052,1.18467846862,0.51531905091,0.335406588344,0.127103316208
lightgbm,BTCUSDT,0,2,4341,1.91029971326e-05,0.167342254882,0.211978220078,0.789431361488,0.518774475927,0.335003455425,0.0829261105528
lightgbm,BTCUSDT,0,3,4341,3.77586009954e-05,0.33076534472,0.212977882017,1.55305021154,0.512785072564,0.332815019581,0.163910086921
lightgbm,BTCUSDT,0,4,4341,9.02640882991e-06,0.07907134135,0.209168298793,0.378027367466,0.5132457959,0.330281041235,0.0391836407306
lightgbm,BTCUSDT,0,5,4341,1.24954168373e-05,0.109459851495,0.21299478405,0.513908601016,0.512554710896,0.331202487906,0.0542426044907
lightgbm,BTCUSDT,0,6,4341,-9.9171757467e-06,-0.0868744595411,0.21380643439,-0.406322942473,0.513015434232,0.342317438378,-0.0430504599164
lightgbm,BTCUSDT,0,7,4341,-2.72159436584e-06,-0.0238411666448,0.210272006,-0.113382504397,0.510481455886,0.338286109191,-0.0118144411421
lightgbm,BTCUSDT,0,8,4341,5.72310094364e-06,0.0501343642663,0.209529220902,0.239271467962,0.512324349228,0.333851647086,0.0248439811963
lightgbm,BTCUSDT,0,9,4341,6.84859120197e-06,0.0599936589292,0.212343561076,0.282531095482,0.51531905091,0.333678875835,0.0297297344077
lightgbm,BTCUSDT,0,10,4341,-4.7126084799e-06,-0.0412824502839,0.211665554916,-0.195036222593,0.5132457959,0.334657912923,-0.0204574334112
lightgbm,BTCUSDT,0,11,4341,4.26306034925e-05,0.373444086594,0.214764566059,1.73885335671,0.524072794287,0.333736466252,0.185059449761
lightgbm,BTCUSDT,1,0,4341,1.16035731236e-05,0.101647300563,0.214875147137,0.473052849142,0.506565307533,0.334024418337,0.0503711109297
lightgbm,BTCUSDT,1,1,4341,-4.26092692735e-06,-0.0373257198836,0.216534309638,-0.172377855251,0.509099285879,0.335406588344,-0.0184966837916
lightgbm,BTCUSDT,1,2,4341,-1.43973484099e-05,-0.12612077207,0.212045258412,-0.594782326258,0.51209398756,0.335003455425,-0.0624988894472
lightgbm,BTCUSDT,1,3,4341,4.47709903735e-06,0.0392193875672,0.212902697054,0.184212732436,0.507026030868,0.332815019581,0.0194350869212
lightgbm,BTCUSDT,1,4,4341,-2.40016952936e-05,-0.210254850772,0.209253234805,-1.00478662118,0.504261690855,0.330281041235,-0.104191359269
lightgbm,BTCUSDT,1,5,4341,-2.06248319533e-05,-0.180673527911,0.213124793151,-0.847735851095,0.505183137526,0.331202487906,-0.0895323955093
lightgbm,BTCUSDT,1,6,4341,-4.41489195845e-05,-0.38674453556,0.213893292607,-1.80811904313,0.505413499194,0.342317438378,-0.191650459916
lightgbm,BTCUSDT,1,7,4341,-3.6550205285e-05,-0.320179798296,0.210298342741,-1.52250271744,0.50264915918,0.338286109191,-0.158664441142
lightgbm,BTCUSDT,1,8,4341,-2.7662063765e-05,-0.242319678581,0.209547170448,-1.15639680585,0.506565307533,0.333851647086,-0.120081018804
lightgbm,BTCUSDT,1,9,4341,-2.65192963815e-05,-0.232309036302,0.212372121504,-1.09387726909,0.507026030868,0.333678875835,-0.115120265592
lightgbm,BTCUSDT,1,10,4341,-3.81783997722e-05,-0.334442782005,0.211705629107,-1.57975384696,0.50472241419,0.334657912923,-0.165732433411
lightgbm,BTCUSDT,1,11,4341,9.25695686725e-06,0.0810909421572,0.21481628975,0.377489725064,0.516470859249,0.333736466252,0.0401844497608
lightgbm,DOGEUSDT,0,0,4341,4.15816785098e-05,0.364255503746,0.216158157681,1.68513419828,0.513476157567,0.319166090762,0.180506066411
lightgbm,DOGEUSDT,0,1,4341,2.4508144397e-05,0.214691344918,0.217958264847,0.985011259239,0.512785072564,0.319626814098,0.106389854828
lightgbm,DOGEUSDT,0,2,4341,1.69112819556e-05,0.148142829931,0.213913264462,0.692536904167,0.517853029256,0.321469707441,0.0734118749691
lightgbm,DOGEUSDT,0,3,4341,4.09913018226e-05,0.359083803966,0.216067958205,1.66190214851,0.515549412578,0.317438378254,0.177943241212
lightgbm,DOGEUSDT,0,4,4341,1.0167683889e-05,0.0890689108673,0.209951627182,0.424235392042,0.509790370882,0.316056208247,0.044137915762
lightgbm,DOGEUSDT,0,5,4341,4.92311890876e-06,0.0431265216408,0.215245424852,0.20035975989,0.508408200875,0.313695001152,0.0213712591829
lightgbm,DOGEUSDT,0,6,4341,-1.81822342669e-05,-0.159276372178,0.215265412756,-0.739906936924,0.514167242571,0.328841280811,-0.0789290789525
lightgbm,DOGEUSDT,0,7,4341,-7.9329512174e-06,-0.0694926526644,0.211498990334,-0.328572030318,0.515088689242,0.323600552868,-0.0344369412347
lightgbm,DOGEUSDT,0,8,4341,-3.86840489841e-06,-0.0338872269101,0.21093039982,-0.160655964901,0.511172540889,0.321700069109,-0.016792745664
lightgbm,DOGEUSDT,0,9,4341,-2.45079166565e-06,-0.0214689349911,0.213397422698,-0.100605409005,0.514167242571,0.321642478692,-0.0106388866206
lightgbm,DOGEUSDT,0,10,4341,-1.0622210189e-05,-0.0930505612555,0.21406570434,-0.434682246473,0.511863625893,0.320663441603,-0.0461110144304
lightgbm,DOGEUSDT,0,11,4341,3.72710201378e-05,0.326494136407,0.216594341831,1.50739919449,0.521999539277,0.32072103202,0.161793498418
lightgbm,DOGEUSDT,1,0,4341,9.66506943353e-06,0.0846660082377,0.216143532419,0.391711966997,0.505874222529,0.319166090762,0.0419560664109
lightgbm,DOGEUSDT,1,1,4341,-7.45453701277e-06,-0.0653017442319,0.217988027922,-0.299565736955,0.504952775858,0.319626814098,-0.0323601451724
lightgbm,DOGEUSDT,1,2,4341,-1.52356887885e-05,-0.133464633787,0.213975595994,-0.623737642452,0.511172540889,0.321469707441,-0.0661381250309
lightgbm,DOGEUSDT,1,3,4341,9.24746399718e-06,0.0810077846153,0.215964917133,0.37509696339,0.509790370882,0.317438378254,0.0401432412118
lightgbm,DOGEUSDT,1,4,4341,-2.14379369357e-05,-0.187796327557,0.210017293301,-0.894194590386,0.501036627505,0.316056208247,-0.093062084238
lightgbm,DOGEUSDT,1,5,4341,-2.64463812064e-05,-0.231670299368,0.215390877311,-1.0755808336,0.502188435844,0.313695001152,-0.114803740817
lightgbm,DOGEUSDT,1,6,4341,-5.1066362348e-05,-0.447341334168,0.215359306232,-2.07718599208,0.508868924211,0.328841280811,-0.221679078953
lightgbm,DOGEUSDT,1,7,4341,-4.02930065042e-05,-0.352966736977,0.211511442055,-1.66878318046,0.508408200875,0.323600552868,-0.174911941235
lightgbm,DOGEUSDT,1,8,4341,-3.60384118093e-05,-0.315696487449,0.210947502827,-1.49656423147,0.504492052522,0.321700069109,-0.156442745664
lightgbm,DOGEUSDT,1,9,4341,-3.46150395348e-05,-0.303227746325,0.213454032208,-1.42057633294,0.506104584197,0.321642478692,-0.150263886621
lightgbm,DOGEUSDT,1,10,4341,-4.26885543493e-05,-0.3739517361,0.214131679486,-1.7463634386,0.505183137526,0.320663441603,-0.18531101443
lightgbm,DOGEUSDT,1,11,4341,5.19891693573e-06,0.045542512357,0.216654137234,0.210208366839,0.514627965906,0.32072103202,0.022568498418
lightgbm,DOTUSDT,0,0,4341,4.51735034955e-05,0.395719890621,0.214100814364,1.84828764803,0.519695922598,0.320951393688,0.196098178674
lightgbm,DOTUSDT,0,1,4341,2.88245844707e-05,0.252503359963,0.215913984488,1.16946274028,0.51531905091,0.322103202027,0.125127521187
lightgbm,DOTUSDT,0,2,4341,2.74948947421e-05,0.240855277941,0.212404142579,1.13394811898,0.520156645934,0.321354526607,0.119355338075
lightgbm,DOTUSDT,0,3,4341,3.7229824495e-05,0.326133262577,0.214380579403,1.52128174802,0.516470859249,0.320375489519,0.161614668133
lightgbm,DOTUSDT,0,4,4341,1.80088245561e-05,0.157757303112,0.210367319701,0.749913548052,0.510251094218,0.318244644091,0.0781763073981
lightgbm,DOTUSDT,0,5,4341,1.33425595108e-05,0.116880821314,0.212719070005,0.549460945423,0.511172540889,0.316344160332,0.0579200508363
lightgbm,DOTUSDT,0,6,4341,-5.74745775307e-06,-0.0503477299169,0.21230508544,-0.237148016556,0.516240497581,0.330856945404,-0.0249497141061
lightgbm,DOTUSDT,0,7,4341,3.7986632946e-06,0.0332762904607,0.210079482859,0.158398573758,0.513936880903,0.327689472472,0.0164899973619
lightgbm,DOTUSDT,0,8,4341,3.10544560419e-06,0.0272037034927,0.209376588014,0.129927150646,0.511402902557,0.323024648698,0.0134807393678
lightgbm,DOTUSDT,0,9,4341,-2.04269273497e-06,-0.0178939883583,0.212119119143,-0.084358206043,0.515088689242,0.320433079935,-0.0088673291625
lightgbm,DOTUSDT,0,10,4341,-3.38561224812e-06,-0.0296579632935,0.212553030425,-0.139532065171,0.514858327574,0.323024648698,-0.0146969427691
lightgbm,DOTUSDT,0,11,4341,4.26735145992e-05,0.373819987889,0.21574579935,1.73268721345,0.52476387929,0.322218382861,0.185245726875
lightgbm,DOTUSDT,1,0,4341,1.30783641267e-05,0.11456646975,0.214063964756,0.535197364398,0.510481455886,0.320951393688,0.056773178674
lightgbm,DOTUSDT,1,1,4341,-3.385735732e-06,-0.0296590450123,0.215916172438,-0.137363703133,0.507256392536,0.322103202027,-0.0146974788126
lightgbm,DOTUSDT,1,2,4341,-4.64055791859e-06,-0.0406512873668,0.212427054101,-0.191365866927,0.513476157567,0.321354526607,-0.0201446619246
lightgbm,DOTUSDT,1,3,4341,5.19227554319e-06,0.0454843337583,0.214291063438,0.212254925747,0.509560009214,0.320375489519,0.022539668133
lightgbm,DOTUSDT,1,4,4341,-1.3815639853e-05,-0.121025005112,0.210437127389,-0.575112417727,0.503109882516,0.318244644091,-0.0599736926019
lightgbm,DOTUSDT,1,5,4341,-1.82918565224e-05,-0.160236663136,0.212850991509,-0.752811448048,0.504031329187,0.316344160332,-0.0794049491637
lightgbm,DOTUSDT,1,6,4341,-3.88331522935e-05,-0.340178414091,0.212371751615,-1.60180632077,0.508177839208,0.330856945404,-0.168574714106
lightgbm,DOTUSDT,1,7,4341,-2.89702839526e-05,-0.253779687425,0.210066052937,-1.20809471057,0.506795669201,0.327689472472,-0.125760002638
lightgbm,DOTUSDT,1,8,4341,-2.91970192657e-05,-0.255765888767,0.209384637323,-1.22151219897,0.503800967519,0.323024648698,-0.126744260632
lightgbm,DOTUSDT,1,9,4341,-3.40860007285e-05,-0.298593366382,0.212159883661,-1.40739786066,0.507486754204,0.320433079935,-0.147967329162
lightgbm,DOTUSDT,1,10,4341,-3.5688077118e-05,-0.312627555553,0.212597815829,-1.47051160584,0.508868924211,0.323024648698,-0.154921942769
lightgbm,DOTUSDT,1,11,4341,1.04516763131e-05,0.0915566845024,0.215799555559,0.424267252383,0.518083390924,0.322218382861,0.045370726875
lightgbm,ETCUSDT,0,0,4341,4.90252679986e-05,0.429461347667,0.216840269886,1.98054239599,0.516240497581,0.330511402903,0.212818688382
lightgbm,ETCUSDT,0,1,4341,2.51333073958e-05,0.220167772788,0.218579144526,1.0072679773,0.516240497581,0.332296705828,0.109103687405
lightgbm,ETCUSDT,0,2,4341,1.80660483324e-05,0.158258583392,0.213918929549,0.73980635433,0.518313752592,0.331087307072,0.0784247158109
lightgbm,ETCUSDT,0,3,4341,3.80496053246e-05,0.333314542644,0.215195460277,1.54889207335,0.515549412578,0.32866850956,0.165173336714
lightgbm,ETCUSDT,0,4,4341,9.55553939429e-06,0.083706525094,0.211158192261,0.396416185409,0.51002073255,0.327574291638,0.0414805965106
lightgbm,ETCUSDT,0,5,4341,1.03347767329e-05,0.0905326441804,0.215142298297,0.42080355605,0.512785072564,0.325501036628,0.0448632657976
lightgbm,ETCUSDT,0,6,4341,-1.05701198195e-05,-0.0925942496185,0.214902132468,-0.430867058206,0.515088689242,0.339092375029,-0.0458848901363
lightgbm,ETCUSDT,0,7,4341,-3.73532961684e-06,-0.0327214874435,0.211537391608,-0.154684177558,0.514858327574,0.337479843354,-0.0162150658667
lightgbm,ETCUSDT,0,8,4341,6.92221987037e-06,0.0606386460645,0.21129461436,0.28698623601,0.514858327574,0.332239115411,0.0300493564573
lightgbm,ETCUSDT,0,9,4341,-4.33285651912e-07,-0.00379558231075,0.212812945513,-0.0178352980435,0.513936880903,0.330453812486,-0.00188089301495
lightgbm,ETCUSDT,0,10,4341,-7.63788121136e-06,-0.0669078394115,0.21425028162,-0.31228822154,0.510711817554,0.332008753743,-0.0331560423385
lightgbm,ETCUSDT,0,11,4341,4.18522725849e-05,0.366625907843,0.216852556747,1.69066905801,0.52269062428,0.330511402903,0.181680715291
lightgbm,ETCUSDT,1,0,4341,1.59741277083e-05,0.139933358725,0.21679776158,0.64545573582,0.50794747754,0.330511402903,0.0693436883817
lightgbm,ETCUSDT,1,1,4341,-8.09636318697e-06,-0.0709241415178,0.218593497597,-0.324456776151,0.508408200875,0.332296705828,-0.0351463125946
lightgbm,ETCUSDT,1,2,4341,-1.50426823748e-05,-0.131773897603,0.213967518374,-0.615859353816,0.511172540889,0.331087307072,-0.0653002841891
lightgbm,ETCUSDT,1,3,4341,5.18275436864e-06,0.0454009282693,0.215092667945,0.211076131525,0.50794747754,0.32866850956,0.0224983367143
lightgbm,ETCUSDT,1,4,4341,-2.32018897695e-05,-0.203248554381,0.21123482727,-0.962192442449,0.50264915918,0.327574291638,-0.100719403489
lightgbm,ETCUSDT,1,5,4341,-2.22153269298e-05,-0.194606263905,0.215284181032,-0.903950596706,0.506795669201,0.325501036628,-0.0964367342024
lightgbm,ETCUSDT,1,6,4341,-4.44793573223e-05,-0.389639170144,0.214966835699,-1.81255480119,0.508638562543,0.339092375029,-0.193084890136
lightgbm,ETCUSDT,1,7,4341,-3.74833139522e-05,-0.328353830222,0.211530769127,-1.55227455361,0.507256392536,0.337479843354,-0.162715065867
lightgbm,ETCUSDT,1,8,4341,-2.63016916707e-05,-0.230402819036,0.211292592704,-1.09044437425,0.50794747754,0.332239115411,-0.114175643543
lightgbm,ETCUSDT,1,9,4341,-3.34786669005e-05,-0.293273122048,0.212835717267,-1.37793188951,0.506334945865,0.330453812486,-0.145330893015
lightgbm,ETCUSDT,1,10,4341,-4.08387565857e-05,-0.357747507691,0.214296076671,-1.66940764035,0.504031329187,0.332008753743,-0.177281042339
lightgbm,ETCUSDT,1,11,4341,8.8011322946e-06,0.0770979189007,0.216901264133,0.355451680785,0.515088689242,0.330511402903,0.0382057152909
lightgbm,ETHUSDT,0,0,4341,4.74593429654e-05,0.415743844377,0.215936432325,1.92530662797,0.514627965906,0.331144897489,0.206021007813
lightgbm,ETHUSDT,0,1,4341,3.32527495907e-05,0.291294086415,0.2168771719,1.34312931076,0.515088689242,0.331548030408,0.144350185973
lightgbm,ETHUSDT,0,2,4341,2.87622368245e-05,0.251957194583,0.214338070866,1.17551302746,0.52061736927,0.331432849574,0.124856870055
lightgbm,ETHUSDT,0,3,4341,4.85821123353e-05,0.425579304058,0.215916309869,1.97103824308,0.515779774246,0.328495738309,0.210894949648
lightgbm,ETHUSDT,0,4,4341,1.92261362127e-05,0.168420953223,0.211284441121,0.797128990329,0.509560009214,0.326249712048,0.0834606572993
lightgbm,ETHUSDT,0,5,4341,1.25860443076e-05,0.110253748134,0.215097309919,0.512576136706,0.509329647547,0.325788988712,0.0546360183391
lightgbm,ETHUSDT,0,6,4341,-6.10003918582e-06,-0.0534363432678,0.21523975642,-0.248264280524,0.51209398756,0.337710205022,-0.0264802701056
lightgbm,ETHUSDT,0,7,4341,-1.86436668968e-06,-0.0163318522016,0.211828611366,-0.0770993686655,0.510481455886,0.335118636259,-0.00809321579991
lightgbm,ETHUSDT,0,8,4341,4.93740498436e-06,0.043251667663,0.211695745295,0.204310519339,0.508868924211,0.332930200415,0.0214332750371
lightgbm,ETHUSDT,0,9,4341,8.27182798307e-06,0.0724612131317,0.213797639483,0.338924289842,0.516010135913,0.330511402903,0.0359080052745
lightgbm,ETHUSDT,0,10,4341,-9.11181825734e-07,-0.00798195279343,0.2138762107,-0.0373204330081,0.511863625893,0.33264224833,-0.00395544030551
lightgbm,ETHUSDT,0,11,4341,4.65609933219e-05,0.4078743015,0.217263289742,1.87732728334,0.523381709284,0.32999308915,0.20212127201
lightgbm,ETHUSDT,1,0,4341,1.43448532165e-05,0.125660914176,0.215908070679,0.582011194769,0.506795669201,0.331144897489,0.0622710078127
lightgbm,ETHUSDT,1,1,4341,9.79465499467e-08,0.000858011777533,0.21687874871,0.00395618188798,0.508868924211,0.331548030408,0.000425185973319
lightgbm,ETHUSDT,1,2,4341,-4.38104813288e-06,-0.038377981644,0.214380140825,-0.179018361945,0.514167242571,0.331432849574,-0.0190181299448
lightgbm,ETHUSDT,1,3,4341,1.57325385044e-05,0.137817037299,0.215812839386,0.638595172053,0.507486754204,0.328495738309,0.0682949496477
lightgbm,ETHUSDT,1,4,4341,-1.33988349921e-05,-0.117373794531,0.211343323155,-0.555370251488,0.502879520848,0.326249712048,-0.0581643427007
lightgbm,ETHUSDT,1,5,4341,-1.99928545637e-05,-0.175137405978,0.21523521967,-0.813702358966,0.50472241419,0.325788988712,-0.0867889816609
lightgbm,ETHUSDT,1,6,4341,-3.9871059688e-05,-0.349270482867,0.215317490751,-1.62211848953,0.506104584197,0.337710205022,-0.173080270106
lightgbm,ETHUSDT,1,7,4341,-3.53762303156e-05,-0.309895777564,0.211834202952,-1.46291662652,0.503109882516,0.335118636259,-0.1535682158
lightgbm,ETHUSDT,1,8,4341,-2.83556150571e-05,-0.2483951879,0.211714732588,-1.17325414658,0.502188435844,0.332930200415,-0.123091724963
lightgbm,ETHUSDT,1,9,4341,-2.47793123072e-05,-0.217066775811,0.213823774948,-1.01516669914,0.508177839208,0.330511402903,-0.107566994725
lightgbm,ETHUSDT,1,10,4341,-3.41754066587e-05,-0.29937656233,0.213916177661,-1.39950407493,0.505874222529,0.33264224833,-0.148355440306
lightgbm,ETHUSDT,1,11,4341,1.35616844069e-05,0.118800355405,0.217296602466,0.546719801673,0.516470859249,0.32999308915,0.0588712720104
lightgbm,FILUSDT,0,0,4341,4.47825495235e-05,0.392295133826,0.20997445358,1.86829934374,0.516931582585,0.307187284036,0.194401047481
lightgbm,FILUSDT,0,1,4341,2.85097644336e-05,0.249745536438,0.211410263574,1.18133118145,0.519004837595,0.310066804884,0.123760887406
lightgbm,FILUSDT,0,2,4341,2.50224377168e-05,0.219196554399,0.209202451479,1.0477723987,0.51739230592,0.307532826538,0.108622402129
lightgbm,FILUSDT,0,3,4341,4.80300519851e-05,0.42074325539,0.210811263179,1.9958291082,0.517622667588,0.306208246948,0.208498455667
lightgbm,FILUSDT,0,4,4341,1.20803691524e-05,0.105824033775,0.206051246359,0.513581138893,0.509099285879,0.303098364432,0.0524408824908
lightgbm,FILUSDT,0,5,4341,2.06475695719e-05,0.18087270945,0.208545975211,0.867303764877,0.509560009214,0.30125547109,0.0896310995117
lightgbm,FILUSDT,0,6,4341,6.38788042339e-06,0.0559578325089,0.208295692917,0.268646133414,0.517161944252,0.314501266989,0.0277297889179
lightgbm,FILUSDT,0,7,4341,1.97276530435e-06,0.0172814240661,0.205455187906,0.0841128629667,0.513476157567,0.314616447823,0.00856377418618
lightgbm,FILUSDT,0,8,4341,1.17169634977e-06,0.010264060024,0.205459774482,0.0499565428314,0.512554710896,0.306668970283,0.00508633385437
lightgbm,FILUSDT,0,9,4341,2.45990126215e-06,0.0215487350564,0.206989177715,0.104105612159,0.514167242571,0.307014512785,0.010678431379
lightgbm,FILUSDT,0,10,4341,3.163578735e-06,0.0277129497186,0.2069363837,0.133920141171,0.514397604239,0.305862704446,0.0137330952887
lightgbm,FILUSDT,0,11,4341,4.30385804637e-05,0.377017964862,0.209430938355,1.80020186045,0.521769177609,0.306265837365,0.186830477793
lightgbm,FILUSDT,1,0,4341,1.40638211199e-05,0.12319907301,0.209910968625,0.586911078622,0.509329647547,0.307187284036,0.0610510474815
lightgbm,FILUSDT,1,1,4341,-2.4969160548e-06,-0.02187298464,0.211414956987,-0.103459967789,0.510942179221,0.310066804884,-0.0108391125939
lightgbm,FILUSDT,1,2,4341,-5.73084493695e-06,-0.0502022016477,0.209249421713,-0.239915605199,0.510942179221,0.307532826538,-0.0248775978713
lightgbm,FILUSDT,1,3,4341,1.74092272903e-05,0.152504831063,0.210710757797,0.723763858372,0.511633264225,0.306208246948,0.0755734556673
lightgbm,FILUSDT,1,4,4341,-1.82294672908e-05,-0.159690133467,0.206117295938,-0.77475367965,0.502188435844,0.303098364432,-0.0791341175092
lightgbm,FILUSDT,1,5,4341,-9.47797753703e-06,-0.0830270832244,0.208671372988,-0.397884396099,0.504031329187,0.30125547109,-0.0411439004883
lightgbm,FILUSDT,1,6,4341,-2.50622462755e-05,-0.219545277374,0.208345183092,-1.05375739489,0.510711817554,0.314501266989,-0.108795211082
lightgbm,FILUSDT,1,7,4341,-2.9488879478e-05,-0.258322584227,0.205420364561,-1.25753152458,0.50794747754,0.314616447823,-0.128011225814
lightgbm,FILUSDT,1,8,4341,-2.94952006786e-05,-0.258377957944,0.205473090995,-1.25747832328,0.506565307533,0.306668970283,-0.128038666146
lightgbm,FILUSDT,1,9,4341,-2.82415500164e-05,-0.247395978143,0.207024770439,-1.19500665364,0.506795669201,0.307014512785,-0.122596568621
lightgbm,FILUSDT,1,10,4341,-2.74226917096e-05,-0.240222779376,0.207001471284,-1.16048827038,0.506795669201,0.305862704446,-0.119041904711
lightgbm,FILUSDT,1,11,4341,1.24119967273e-05,0.108729091331,0.209493524159,0.519009319105,0.515088689242,0.306265837365,0.053880477793
lightgbm,LINKUSDT,0,0,4341,4.30679553225e-05,0.377275288625,0.216590555105,1.74188245855,0.515549412578,0.33074176457,0.186957994055
lightgbm,LINKUSDT,0,1,4341,2.62446263803e-05,0.229902927092,0.218300068485,1.05315096183,0.515549412578,0.33206634416,0.113927923117
lightgbm,LINKUSDT,0,2,4341,1.83711279974e-05,0.160931081257,0.214238687767,0.751176563554,0.519465560931,0.330856945404,0.0797490666367
lightgbm,LINKUSDT,0,3,4341,4.24744457199e-05,0.372076144506,0.215683665258,1.72510117566,0.515088689242,0.327862243723,0.18438156887
lightgbm,LINKUSDT,0,4,4341,1.13078492349e-05,0.099056759298,0.210863509647,0.469767194257,0.510251094218,0.327171158719,0.0490873735288
lightgbm,LINKUSDT,0,5,4341,7.66208870154e-06,0.0671198970255,0.215690238227,0.311186531098,0.51209398756,0.325097903709,0.0332611270534
lightgbm,LINKUSDT,0,6,4341,-1.41421227695e-05,-0.123884995461,0.215282052459,-0.575454358807,0.516240497581,0.339437917531,-0.0613909549423
lightgbm,LINKUSDT,0,7,4341,-5.54250959798e-06,-0.0485523840783,0.211895559683,-0.229133560661,0.516240497581,0.337191891269,-0.0240600341648
lightgbm,LINKUSDT,0,8,4341,1.109482108e-06,0.00971906326605,0.211550338225,0.0459420833244,0.513706519235,0.331778392076,0.00481626183081
lightgbm,LINKUSDT,0,9,4341,-3.93635454428e-06,-0.0344824658079,0.213797134915,-0.161285911626,0.512554710896,0.329705137065,-0.0170877150767
lightgbm,LINKUSDT,0,10,4341,-7.74201478891e-06,-0.0678200495509,0.214562826468,-0.316084806801,0.512785072564,0.331605620825,-0.0336080861987
lightgbm,LINKUSDT,0,11,4341,4.05169543005e-05,0.354928519672,0.217160882201,1.63440356327,0.52269062428,0.331202487906,0.175884098618
lightgbm,LINKUSDT,1,0,4341,9.9937788655e-06,0.0875455028618,0.216562495825,0.404250526059,0.508868924211,0.33074176457,0.0433829940551
lightgbm,LINKUSDT,1,1,4341,-6.96200803569e-06,-0.0609871903927,0.218303551371,-0.279368750575,0.507717115872,0.33206634416,-0.0302220768829
lightgbm,LINKUSDT,1,2,4341,-1.4714566543e-05,-0.128899602917,0.214282849438,-0.601539522436,0.511402902557,0.330856945404,-0.0638759333633
lightgbm,LINKUSDT,1,3,4341,9.68822134764e-06,0.0848688190053,0.215565058341,0.393703968808,0.508638562543,0.327862243723,0.0420565688701
lightgbm,LINKUSDT,1,4,4341,-2.1409266637e-05,-0.18754517574,0.21092764057,-0.889144614871,0.502418797512,0.327171158719,-0.0929376264712
lightgbm,LINKUSDT,1,5,4341,-2.48477016693e-05,-0.217665866623,0.215830834604,-1.00850217728,0.506795669201,0.325097903709,-0.107863872947
lightgbm,LINKUSDT,1,6,4341,-4.80859145225e-05,-0.421232611217,0.215369213,-1.95586270363,0.51002073255,0.339437917531,-0.208740954942
lightgbm,LINKUSDT,1,7,4341,-3.92616987249e-05,-0.34393248083,0.211892500761,-1.62314607452,0.509560009214,0.337191891269,-0.170435034165
lightgbm,LINKUSDT,1,8,4341,-3.20683570996e-05,-0.280918808192,0.211560618565,-1.32784073944,0.507026030868,0.331778392076,-0.139208738169
lightgbm,LINKUSDT,1,9,4341,-3.69068682508e-05,-0.323304165877,0.213847186558,-1.51184671204,0.505413499194,0.329705137065,-0.160212715077
lightgbm,LINKUSDT,1,10,4341,-4.09025768714e-05,-0.358306573393,0.214612724686,-1.66954952889,0.505874222529,0.331605620825,-0.177558086199
lightgbm,LINKUSDT,1,11,4341,7.3967055099e-06,0.0647951402668,0.217216786045,0.298297113434,0.515779774246,0.331202487906,0.0321090986185
lightgbm,LTCUSDT,0,0,4341,4.61672487493e-05,0.404425099044,0.215956169979,1.87271842746,0.516240497581,0.333160562082,0.200412026821
lightgbm,LTCUSDT,0,1,4341,2.04028590081e-05,0.178729044911,0.217632219509,0.821243496546,0.515779774246,0.333045381249,0.088568810954
lightgbm,LTCUSDT,0,2,4341,1.53788320403e-05,0.134718568673,0.213710583794,0.630378553471,0.518313752592,0.332181524994,0.066759509887
lightgbm,LTCUSDT,0,3,4341,3.70989568143e-05,0.324986861693,0.214312274812,1.51641739596,0.514627965906,0.330050679567,0.161046571531
lightgbm,LTCUSDT,0,4,4341,8.79698033713e-06,0.0770615477532,0.209697607797,0.367488921608,0.510251094218,0.329302004147,0.0381876916435
lightgbm,LTCUSDT,0,5,4341,7.82575210741e-06,0.0685535884609,0.214555631092,0.319514282202,0.511402902557,0.327459110804,0.0339715898983
lightgbm,LTCUSDT,0,6,4341,-7.78957332543e-06,-0.0682366623308,0.21458259873,-0.317997184928,0.518083390924,0.341799124626,-0.0338145378057
lightgbm,LTCUSDT,0,7,4341,-1.22521415133e-06,-0.0107328759657,0.211457949575,-0.0507565498826,0.514627965906,0.338401290025,-0.00531865463094
lightgbm,LTCUSDT,0,8,4341,2.84324551833e-06,0.0249068307406,0.210826371648,0.118139066502,0.513015434232,0.332584657913,0.0123425287951
lightgbm,LTCUSDT,0,9,4341,-1.56523195186e-06,-0.0137114318983,0.212701872608,-0.0644631461405,0.514167242571,0.331605620825,-0.00679467190301
lightgbm,LTCUSDT,0,10,4341,-6.1678967209e-06,-0.0540307752751,0.213594986693,-0.252959004851,0.5132457959,0.335348997927,-0.0267748396654
lightgbm,LTCUSDT,0,11,4341,4.1212359835e-05,0.361020272154,0.21659561625,1.66679399336,0.521538815941,0.331778392076,0.178902854044
lightgbm,LTCUSDT,1,0,4341,1.2851192541e-05,0.112576446659,0.215930238473,0.5213556353,0.507717115872,0.333160562082,0.0557870268206
lightgbm,LTCUSDT,1,1,4341,-1.29016791168e-05,-0.113018709063,0.21766609728,-0.519229730655,0.507486754204,0.333045381249,-0.056006189046
lightgbm,LTCUSDT,1,2,4341,-1.78393204591e-05,-0.156272447222,0.213771488728,-0.731025676771,0.511863625893,0.332181524994,-0.077440490113
lightgbm,LTCUSDT,1,3,4341,4.09388885759e-06,0.0358624663925,0.214211473474,0.167416179026,0.507717115872,0.330050679567,0.0177715715308
lightgbm,LTCUSDT,1,4,4341,-2.41332200775e-05,-0.211407007879,0.20977581305,-1.00777589564,0.501958074176,0.329302004147,-0.104762308357
lightgbm,LTCUSDT,1,5,4341,-2.4920158973e-05,-0.218300592603,0.214698513454,-1.01677738281,0.503340244183,0.327459110804,-0.108178410102
lightgbm,LTCUSDT,1,6,4341,-4.1969485788e-05,-0.367652695503,0.214650587835,-1.712796127,0.510942179221,0.341799124626,-0.182189537806
lightgbm,LTCUSDT,1,7,4341,-3.50653431539e-05,-0.307172406028,0.211440346843,-1.45276155008,0.507256392536,0.338401290025,-0.152218654631
lightgbm,LTCUSDT,1,8,4341,-3.0415220273e-05,-0.266437329591,0.210838951669,-1.26370069421,0.507256392536,0.332584657913,-0.132032471205
lightgbm,LTCUSDT,1,9,4341,-3.47257940343e-05,-0.304197955741,0.212741300723,-1.42989609778,0.507026030868,0.331605620825,-0.150744671903
lightgbm,LTCUSDT,1,10,4341,-3.97027965136e-05,-0.347796497459,0.213638676939,-1.62796597714,0.505413499194,0.335348997927,-0.172349839665
lightgbm,LTCUSDT,1,11,4341,8.03452062741e-06,0.0703824006961,0.216635773988,0.324888172441,0.514397604239,0.331778392076,0.0348778540436
lightgbm,NEARUSDT,0,0,4341,4.87989488581e-05,0.427478791997,0.205317461096,2.08203817501,0.513936880903,0.305459571527,0.211836236993
lightgbm,NEARUSDT,0,1,4341,2.39770568016e-05,0.210039017582,0.207452546103,1.01246777409,0.518544114259,0.305920294863,0.104084403576
lightgbm,NEARUSDT,0,2,4341,2.32288622402e-05,0.203484833224,0.202904989828,1.0028577089,0.518544114259,0.305114029026,0.100836490985
lightgbm,NEARUSDT,0,3,4341,4.88071441712e-05,0.42755058294,0.203475922407,2.10123427816,0.511633264225,0.300218843584,0.211871812847
lightgbm,NEARUSDT,0,4,4341,2.01019679258e-05,0.17609323903,0.201073016575,0.875767629239,0.507486754204,0.301831375259,0.0872626427659
lightgbm,NEARUSDT,0,5,4341,1.48669849603e-05,0.130234788252,0.204292935743,0.637490414333,0.51002073255,0.29803040774,0.0645375817126
lightgbm,NEARUSDT,0,6,4341,6.61354902386e-06,0.057934689449,0.205873103998,0.281409704929,0.517622667588,0.310527528219,0.0287094163126
lightgbm,NEARUSDT,0,7,4341,1.71939946612e-05,0.150619393232,0.198268709112,0.759673041231,0.514858327574,0.310412347385,0.0746391308241
lightgbm,NEARUSDT,0,8,4341,2.10859071997e-05,0.184712547069,0.200067949819,0.923249062312,0.516931582585,0.305171619443,0.0915339231539
lightgbm,NEARUSDT,0,9,4341,1.18107924742e-05,0.103462542074,0.202029876539,0.512115058654,0.513706519235,0.305056438609,0.0512706501305
lightgbm,NEARUSDT,0,10,4341,6.45955692752e-06,0.0565857186851,0.203447580356,0.278134144364,0.517853029256,0.306496199032,0.0280409366224
lightgbm,NEARUSDT,0,11,4341,3.6987041396e-05,0.324006482629,0.20571982991,1.57498906532,0.519004837595,0.306035475697,0.1605607467
lightgbm,NEARUSDT,1,0,4341,1.82529917054e-05,0.159896207339,0.20531115392,0.778799418764,0.506565307533,0.305459571527,0.0792362369929
lightgbm,NEARUSDT,1,1,4341,-6.61497268469e-06,-0.0579471607179,0.207466026577,-0.279309155692,0.509329647547,0.305920294863,-0.0287155964242
lightgbm,NEARUSDT,1,2,4341,-7.2825406624e-06,-0.0637950562026,0.202960916936,-0.31432187618,0.51209398756,0.305114029026,-0.0316135090155
lightgbm,NEARUSDT,1,3,4341,1.87852598128e-05,0.16455887596,0.203381532564,0.809114150561,0.504031329187,0.300218843584,0.0815468128474
lightgbm,NEARUSDT,1,4,4341,-1.00811696001e-05,-0.0883110456971,0.201139453182,-0.439053822112,0.49942409583,0.301831375259,-0.0437623572341
lightgbm,NEARUSDT,1,5,4341,-1.49360558137e-05,-0.130839848928,0.20443956588,-0.639992793789,0.502879520848,0.29803040774,-0.0648374182874
lightgbm,NEARUSDT,1,6,4341,-2.44392037981e-05,-0.214087425271,0.205964779177,-1.03943706359,0.509790370882,0.310527528219,-0.106090583687
lightgbm,NEARUSDT,1,7,4341,-1.38472400774e-05,-0.121301823078,0.198267485563,-0.611808954623,0.508638562543,0.310412347385,-0.0601108691759
lightgbm,NEARUSDT,1,8,4341,-9.43125474454e-06,-0.0826177915622,0.200113625327,-0.412854404227,0.51002073255,0.305171619443,-0.0409410768461
lightgbm,NEARUSDT,1,9,4341,-1.86948513867e-05,-0.163766898147,0.202090959505,-0.810362316791,0.506795669201,0.305056438609,-0.0811543498695
lightgbm,NEARUSDT,1,10,4341,-2.41900629757e-05,-0.211904951667,0.203500175064,-1.041301078,0.510251094218,0.306496199032,-0.105009063378
lightgbm,NEARUSDT,1,11,4341,6.38349382628e-06,0.0559194059182,0.205768847407,0.271758366842,0.512785072564,0.306035475697,0.0277107466999
lightgbm,SOLUSDT,0,0,4341,5.51846799705e-05,0.483417796542,0.217455276309,2.22306767969,0.519926284266,0.336903939185,0.239556695752
lightgbm,SOLUSDT,0,1,4341,3.481129874e-05,0.304946976962,0.218782959418,1.39383331212,0.514627965906,0.334485141672,0.15111584783
lightgbm,SOLUSDT,0,2,4341,2.52154508958e-05,0.220887349847,0.214507710552,1.02974083905,0.51531905091,0.33131766874,0.109460272338
lightgbm,SOLUSDT,0,3,4341,5.32046825949e-05,0.466073019531,0.216043125964,2.15731473728,0.514858327574,0.334312370422,0.230961527145
lightgbm,SOLUSDT,0,4,4341,2.15306016312e-05,0.18860807029,0.210523668417,0.895899599831,0.513476157567,0.329071642479,0.0934643416812
lightgbm,SOLUSDT,0,5,4341,2.46868301821e-05,0.216256632395,0.21550651167,1.00348073346,0.512554710896,0.327401520387,0.10716552982
lightgbm,SOLUSDT,0,6,4341,1.36213159805e-05,0.119322727989,0.21540792387,0.553938433859,0.514858327574,0.345081778392,0.0591301326714
lightgbm,SOLUSDT,0,7,4341,1.21139443756e-05,0.10611815273,0.211880480806,0.500839682477,0.509790370882,0.339956231283,0.0525866325343
lightgbm,SOLUSDT,0,8,4341,1.46262220734e-05,0.128125705363,0.212025807172,0.604292972973,0.521078092605,0.334082008754,0.0634924300207
lightgbm,SOLUSDT,0,9,4341,1.63869322588e-05,0.143549526587,0.21375438948,0.671562941638,0.512324349228,0.334773093757,0.0711356729356
lightgbm,SOLUSDT,0,10,4341,6.86062570277e-06,0.0600990811563,0.21364436118,0.281304317252,0.51531905091,0.332527067496,0.0297819761757
lightgbm,SOLUSDT,0,11,4341,4.71100094971e-05,0.412683683195,0.217098100721,1.90090876808,0.522920985948,0.326998387468,0.204504551227
lightgbm,SOLUSDT,1,0,4341,2.1494286052e-05,0.188289945816,0.217430183336,0.865978876192,0.512785072564,0.336903939185,0.0933066957519
lightgbm,SOLUSDT,1,1,4341,1.36278457276e-06,0.0119379928574,0.218807317976,0.054559385709,0.50794747754,0.334485141672,0.00591584783036
lightgbm,SOLUSDT,1,2,4341,-7.91631597823e-06,-0.0693469279693,0.214546736449,-0.323225275375,0.510481455886,0.33131766874,-0.0343647276615
lightgbm,SOLUSDT,1,3,4341,1.97734455528e-05,0.173215383042,0.215954775808,0.802091004442,0.508408200875,0.334312370422,0.0858365271445
lightgbm,SOLUSDT,1,4,4341,-1.13765626166e-05,-0.0996586885216,0.210602817809,-0.473206814413,0.506104584197,0.329071642479,-0.0493856583188
lightgbm,SOLUSDT,1,5,4341,-8.05332185661e-06,-0.0705470994639,0.215647792138,-0.327140374425,0.505413499194,0.327401520387,-0.0349594701795
lightgbm,SOLUSDT,1,6,4341,-2.08868618587e-05,-0.182968909882,0.215462001241,-0.849193402217,0.507717115872,0.345081778392,-0.0906698673286
lightgbm,SOLUSDT,1,7,4341,-2.18816787528e-05,-0.191683505874,0.211901961313,-0.904585803201,0.50264915918,0.339956231283,-0.0949883674657
lightgbm,SOLUSDT,1,8,4341,-1.8781978802e-05,-0.164530134305,0.212056417512,-0.775879061977,0.514627965906,0.334082008754,-0.0815325699793
lightgbm,SOLUSDT,1,9,4341,-1.70903771169e-05,-0.149711703544,0.213777381189,-0.700315920754,0.504952775858,0.334773093757,-0.0741893270644
lightgbm,SOLUSDT,1,10,4341,-2.63920810468e-05,-0.23119462997,0.213700751964,-1.08186156504,0.508638562543,0.332527067496,-0.114568023824
lightgbm,SOLUSDT,1,11,4341,1.44101707503e-05,0.126233095773,0.217159063558,0.58129324056,0.515549412578,0.326998387468,0.062554551227
lightgbm,TRXUSDT,0,0,4341,4.23572133877e-05,0.371049189276,0.198534701169,1.86893871495,0.520847730938,0.351762266759,0.183872663316
lightgbm,TRXUSDT,0,1,4341,2.06278469217e-05,0.180699939034,0.201491594305,0.896811302018,0.515779774246,0.351819857176,0.0895454834871
lightgbm,TRXUSDT,0,2,4341,2.12619563367e-06,0.0186254737509,0.195118977908,0.0954570075684,0.512785072564,0.350956000921,0.00922981524574
lightgbm,TRXUSDT,0,3,4341,2.36130454094e-05,0.206850277786,0.195302685523,1.05912664351,0.509099285879,0.350092144667,0.102504230122
lightgbm,TRXUSDT,0,4,4341,2.09503565326e-06,0.0183525123225,0.192478661498,0.0953482956485,0.501958074176,0.348652384243,0.0090945497708
lightgbm,TRXUSDT,0,5,4341,7.27552819882e-06,0.0637336270217,0.196506571199,0.324333311771,0.5132457959,0.348076480074,0.0315830679111
lightgbm,TRXUSDT,0,6,4341,-8.1939146305e-06,-0.0717786921632,0.196073692855,-0.366080176887,0.525454964294,0.361552637641,-0.035569783411
lightgbm,TRXUSDT,0,7,4341,-4.13384202178e-06,-0.0362124561108,0.194057264823,-0.186607062322,0.51209398756,0.356369500115,-0.0179450082165
lightgbm,TRXUSDT,0,8,4341,2.63628014998e-06,0.0230938141139,0.194913659073,0.118482276838,0.518774475927,0.351301543423,0.0114440921311
lightgbm,TRXUSDT,0,9,4341,-4.87929250175e-06,-0.0427426023153,0.196006202078,-0.21806760124,0.514627965906,0.351186362589,-0.0211810087501
lightgbm,TRXUSDT,0,10,4341,-7.52350993674e-06,-0.0659059470459,0.196206348575,-0.335901195473,0.511863625893,0.350783229671,-0.0326595566354
lightgbm,TRXUSDT,0,11,4341,3.49716402746e-05,0.306351568806,0.199424729383,1.53617642984,0.520156645934,0.350264915918,0.151811890432
lightgbm,TRXUSDT,1,0,4341,7.1809867118e-06,0.0629054435954,0.198504468412,0.316896864331,0.51209398756,0.351762266759,0.0311726633159
lightgbm,TRXUSDT,1,1,4341,-1.45541387959e-05,-0.127494255852,0.201520923012,-0.632660142412,0.505413499194,0.351819857176,-0.0631795165129
lightgbm,TRXUSDT,1,2,4341,-3.29694044585e-05,-0.288811983056,0.195204132305,-1.4795382641,0.503109882516,0.350956000921,-0.143120184754
lightgbm,TRXUSDT,1,3,4341,-1.13961690573e-05,-0.0998304409421,0.195254309831,-0.511284186396,0.501266989173,0.350092144667,-0.0494707698778
lightgbm,TRXUSDT,1,4,4341,-3.27702027711e-05,-0.287066976275,0.192558668784,-1.49080266335,0.496429394149,0.348652384243,-0.142255450229
lightgbm,TRXUSDT,1,5,4341,-2.75321198086e-05,-0.241181369523,0.196655023042,-1.22641855668,0.503800967519,0.348076480074,-0.119516932089
lightgbm,TRXUSDT,1,6,4341,-4.43491783946e-05,-0.388498802737,0.196138852729,-1.98073353306,0.516701220917,0.361552637641,-0.192519783411
lightgbm,TRXUSDT,1,7,4341,-3.97707920333e-05,-0.348392138212,0.194044244076,-1.79542629502,0.502879520848,0.356369500115,-0.172645008217
lightgbm,TRXUSDT,1,8,4341,-3.24938741923e-05,-0.284646337925,0.194923747023,-1.46029584528,0.511172540889,0.351301543423,-0.141055907869
lightgbm,TRXUSDT,1,9,4341,-3.99979287607e-05,-0.350381855944,0.196036456352,-1.78733008372,0.504952775858,0.351186362589,-0.17363100875
lightgbm,TRXUSDT,1,10,4341,-4.26018329038e-05,-0.373192056237,0.196251876528,-1.90159739025,0.502879520848,0.350783229671,-0.184934556635
lightgbm,TRXUSDT,1,11,4341,-5.48513171967e-08,-0.000480497538643,0.199479497484,-0.00240875651234,0.510251094218,0.350264915918,-0.000238109567951
lightgbm,XLMUSDT,0,0,4341,6.0043251982e-05,0.525978887363,0.209234217808,2.5138282489,0.514397604239,0.326480073716,0.260647756854
lightgbm,XLMUSDT,0,1,4341,4.16298614068e-05,0.364677585924,0.20982437598,1.73801344205,0.514627965906,0.330050679567,0.180715228367
lightgbm,XLMUSDT,0,2,4341,2.34483120934e-05,0.205407213938,0.20798936612,0.987585172117,0.5132457959,0.325961759963,0.101789122797
lightgbm,XLMUSDT,0,3,4341,4.48392800682e-05,0.392792093397,0.2068092624,1.89929642821,0.515779774246,0.324521999539,0.194647314776
lightgbm,XLMUSDT,0,4,4341,2.10334909174e-05,0.184253380437,0.201892090863,0.912632979576,0.505874222529,0.324061276204,0.0913063840726
lightgbm,XLMUSDT,0,5,4341,3.06509671672e-05,0.268502472384,0.205182721139,1.3086017716,0.517161944252,0.322103202027,0.133055848473
lightgbm,XLMUSDT,0,6,4341,3.82179250942e-06,0.0334789023825,0.207395087728,0.161425724926,0.524072794287,0.335521769178,0.0165904012834
lightgbm,XLMUSDT,0,7,4341,8.86996501499e-06,0.0777008935313,0.205192402193,0.378673346093,0.519465560931,0.330799354987,0.0385045181301
lightgbm,XLMUSDT,0,8,4341,1.45334150899e-05,0.127312716188,0.204873851119,0.621420037217,0.518083390924,0.327171158719,0.0630895549053
lightgbm,XLMUSDT,0,9,4341,6.24155976467e-06,0.0546760635385,0.206440340861,0.264851643387,0.515549412578,0.325155494126,0.0270946109384
lightgbm,XLMUSDT,0,10,4341,-4.30990914496e-06,-0.0377548041099,0.206556971525,-0.182781553346,0.511863625893,0.329186823313,-0.0187093155983
lightgbm,XLMUSDT,0,11,4341,4.81906780227e-05,0.422150339479,0.208042100065,2.02915822974,0.519004837595,0.326537664133,0.209195733297
lightgbm,XLMUSDT,1,0,4341,2.73952446105e-05,0.239982342788,0.209209631553,1.147090318,0.507717115872,0.326480073716,0.118922756854
lightgbm,XLMUSDT,1,1,4341,8.62479345013e-06,0.0755531906231,0.209845883853,0.360041327644,0.50794747754,0.330050679567,0.037440228367
lightgbm,XLMUSDT,1,2,4341,-9.14786390292e-06,-0.0801352877896,0.208031460377,-0.385207543341,0.505183137526,0.325961759963,-0.0397108772026
lightgbm,XLMUSDT,1,3,4341,1.23870801143e-05,0.108510821801,0.206718090259,0.52492175051,0.509790370882,0.324521999539,0.053772314776
lightgbm,XLMUSDT,1,4,4341,-1.13726367029e-05,-0.0996242975176,0.201970948074,-0.4932605331,0.498502649159,0.324061276204,-0.0493686159274
lightgbm,XLMUSDT,1,5,4341,-1.55935303554e-06,-0.0136599325914,0.205346314456,-0.0665214402683,0.510942179221,0.322103202027,-0.0067691515273
lightgbm,XLMUSDT,1,6,4341,-2.97303844083e-05,-0.260438167417,0.207512596792,-1.25504750768,0.517853029256,0.335521769178,-0.129059598717
lightgbm,XLMUSDT,1,7,4341,-2.42099704837e-05,-0.212079341438,0.20521121416,-1.03346857678,0.509790370882,0.330799354987,-0.10509548187
lightgbm,XLMUSDT,1,8,4341,-1.8183700782e-05,-0.15928921885,0.204919027573,-0.777327614409,0.511633264225,0.327171158719,-0.0789354450947
lightgbm,XLMUSDT,1,9,4341,-2.62739896479e-05,-0.230160149316,0.20650949906,-1.11452572576,0.50794747754,0.325155494126,-0.114055389062
lightgbm,XLMUSDT,1,10,4341,-3.72285914762e-05,-0.326122461332,0.206645365181,-1.57817457482,0.504261690855,0.329186823313,-0.161609315598
lightgbm,XLMUSDT,1,11,4341,1.55369116094e-05,0.136103345699,0.208133658171,0.653922805637,0.513936880903,0.326537664133,0.0674457332966
lightgbm,XRPUSDT,0,0,4341,6.23485677852e-05,0.546173453798,0.212820023956,2.56636308768,0.518774475927,0.34870997466,0.270655132755
lightgbm,XRPUSDT,0,1,4341,3.55723706594e-05,0.311613966976,0.215444948907,1.44637397422,0.518083390924,0.347788527989,0.154419661032
lightgbm,XRPUSDT,0,2,4341,2.70590599185e-05,0.237037364886,0.210349479737,1.12687402499,0.51531905091,0.346809490901,0.117463379106
lightgbm,XRPUSDT,0,3,4341,5.64853670641e-05,0.494811815481,0.211028250034,2.34476576194,0.51739230592,0.347155033402,0.245202978425
lightgbm,XRPUSDT,0,4,4341,2.47641587257e-05,0.216934030437,0.207126818395,1.04734882773,0.51002073255,0.345196959226,0.107501213028
lightgbm,XRPUSDT,0,5,4341,3.12440534912e-05,0.273697908583,0.210833994462,1.29816782764,0.514397604239,0.341223220456,0.135630436205
lightgbm,XRPUSDT,0,6,4341,1.41580088052e-05,0.124024157133,0.212260383516,0.584301955357,0.523612070951,0.360688781387,0.0614599162232
lightgbm,XRPUSDT,0,7,4341,1.64588757535e-05,0.144179751601,0.207638922798,0.694377285617,0.513476157567,0.354872149274,0.0714479796461
lightgbm,XRPUSDT,0,8,4341,2.65353733365e-05,0.232449870428,0.208376880331,1.11552620453,0.518083390924,0.350207325501,0.115190055654
lightgbm,XRPUSDT,0,9,4341,1.9318507091e-05,0.169230122117,0.211431913921,0.80040008615,0.518313752592,0.349631421331,0.0838616392821
lightgbm,XRPUSDT,0,10,4341,6.88780541148e-06,0.0603371754045,0.210882433079,0.286117598908,0.513706519235,0.348134070491,0.0298999632912
lightgbm,XRPUSDT,0,11,4341,4.60037328129e-05,0.402992699441,0.214019785358,1.8829693655,0.519926284266,0.344505874223,0.199702204141
lightgbm,XRPUSDT,1,0,4341,2.74775703192e-05,0.240703515996,0.212792168913,1.1311671723,0.511633264225,0.34870997466,0.119280132755
lightgbm,XRPUSDT,1,1,4341,7.93517860497e-07,0.00695121645795,0.215471753257,0.0322604534138,0.509790370882,0.347788527989,0.00344466103242
lightgbm,XRPUSDT,1,2,4341,-7.62188917161e-06,-0.0667677491433,0.210381451923,-0.317365188486,0.507717115872,0.346809490901,-0.033086620894
lightgbm,XRPUSDT,1,3,4341,2.17698637238e-05,0.190704006221,0.210926773006,0.904124229956,0.511172540889,0.347155033402,0.0945029784252
lightgbm,XRPUSDT,1,4,4341,-9.75553719686e-06,-0.0854585058445,0.20721177752,-0.412421083721,0.500806265837,0.345196959226,-0.0423487869716
lightgbm,XRPUSDT,1,5,4341,-2.87826855437e-06,-0.0252136325363,0.210940523344,-0.119529581782,0.508177839208,0.341223220456,-0.0124945637945
lightgbm,XRPUSDT,1,6,4341,-2.19108693335e-05,-0.191939215362,0.212314928064,-0.904030710942,0.517161944252,0.360688781387,-0.0951150837768
lightgbm,XRPUSDT,1,7,4341,-1.90283391739e-05,-0.166688251163,0.207648122722,-0.802743838845,0.504952775858,0.354872149274,-0.0826020203539
lightgbm,XRPUSDT,1,8,4341,-8.48535921361e-06,-0.0743317467112,0.208382112963,-0.356708863608,0.510942179221,0.350207325501,-0.0368349443463
lightgbm,XRPUSDT,1,9,4341,-1.56446350421e-05,-0.137047002969,0.211460431346,-0.64809762326,0.510942179221,0.349631421331,-0.0679133607179
lightgbm,XRPUSDT,1,10,4341,-2.79256016376e-05,-0.244628270345,0.210948885312,-1.15965661531,0.504492052522,0.348134070491,-0.121225036709
lightgbm,XRPUSDT,1,11,4341,1.15531453906e-05,0.101205553622,0.214083571172,0.472738534152,0.5132457959,0.344505874223,0.0501522041407
mlp,ADAUSDT,0,0,4341,1.97789294245e-05,0.173263421758,0.177946653443,0.973681822085,0.498733010827,1.46579129233,0.0858603326316
mlp,ADAUSDT,0,1,4341,1.43967243813e-05,0.126115305581,0.174566782926,0.722447326272,0.511172540889,1.47506334946,0.0624961805394
mlp,ADAUSDT,0,2,4341,-1.63972159128e-05,-0.143639611397,0.167938270403,-0.855311961067,0.495507947478,1.47143515319,-0.0711803142777
mlp,ADAUSDT,0,3,4341,-1.56954125684e-05,-0.137491814099,0.174689604139,-0.787063516324,0.504261690855,1.4663671965,-0.0681337859595
mlp,ADAUSDT,0,4,4341,-5.47316463939e-06,-0.0479449222411,0.176314662392,-0.271928162926,0.509560009214,1.45778622437,-0.0237590076996
mlp,ADAUSDT,0,5,4341,7.50489295672e-06,0.0657428623009,0.18045143085,0.364324416777,0.507486754204,1.45859249021,0.0325787403251
mlp,ADAUSDT,0,6,4341,9.74273012243e-06,0.0853463158725,0.177478514482,0.480882523283,0.511863625893,1.46389080857,0.0422931914615
mlp,ADAUSDT,0,7,4341,3.32692497564e-05,0.291438627866,0.171852636545,1.69586358246,0.518313752592,1.46250863856,0.144421813192
mlp,ADAUSDT,0,8,4341,4.21768251729e-06,0.0369468988515,0.173661330099,0.212752596277,0.504952775858,1.46394839899,0.0183089598076
mlp,ADAUSDT,0,9,4341,2.96580543482e-05,0.25980455609,0.172212012593,1.50863201804,0.514397604239,1.45139368809,0.128745613926
mlp,ADAUSDT,0,10,4341,1.31926957847e-05,0.115568015074,0.169510597546,0.681774571899,0.505183137526,1.45980188897,0.0572694924015
mlp,ADAUSDT,0,11,4341,7.31823183626e-07,0.00641077108857,0.164014140996,0.0390866973399,0.518083390924,1.45421561852,0.00317684444012
mlp,ADAUSDT,1,0,4341,-0.000126800199808,-1.11076975032,0.177908958626,-6.24347283521,0.454964293941,1.46579129233,-0.550439667368
mlp,ADAUSDT,1,1,4341,-0.000133109610565,-1.16604018855,0.174540240893,-6.68063813009,0.462796590647,1.47506334946,-0.577828819461
mlp,ADAUSDT,1,2,4341,-0.000163540731232,-1.43261680559,0.16799571533,-8.52769847599,0.457037548952,1.47143515319,-0.709930314278
mlp,ADAUSDT,1,3,4341,-0.000162332132218,-1.42202947823,0.174744595778,-8.13775940765,0.46141442064,1.4663671965,-0.704683785959
mlp,ADAUSDT,1,4,4341,-0.000151251787077,-1.32496565479,0.17632034861,-7.51453627011,0.467634185672,1.45778622437,-0.6565840077
mlp,ADAUSDT,1,5,4341,-0.000138354356064,-1.21198415912,0.180490136014,-6.71496063932,0.464178760654,1.45859249021,-0.600596259675
mlp,ADAUSDT,1,6,4341,-0.000136646350735,-1.19702203243,0.177489012675,-6.74420356728,0.470628887353,1.46389080857,-0.593181808539
mlp,ADAUSDT,1,7,4341,-0.0001129816141,-0.989718939515,0.171857048733,-5.75896622695,0.475466482377,1.46250863856,-0.490453186808
mlp,ADAUSDT,1,8,4341,-0.000142177157381,-1.24547189866,0.173668767715,-7.17153645442,0.465560930661,1.46394839899,-0.617191040192
mlp,ADAUSDT,1,9,4341,-0.000115481314461,-1.01161631468,0.172276881312,-5.87203754198,0.469707440682,1.45139368809,-0.501304386074
mlp,ADAUSDT,1,10,4341,-0.000132787493112,-1.16321843966,0.169551130045,-6.86057615394,0.466712739,1.45980188897,-0.576430507599
mlp,ADAUSDT,1,11,4341,-0.000144689738668,-1.26748211074,0.164033530833,-7.72696962811,0.470398525685,1.45421561852,-0.62809815556
mlp,APTUSDT,0,0,4341,7.1263896734e-06,0.062427173539,0.174758660126,0.357219341771,0.506565307533,1.4663671965,0.0309356575722
mlp,APTUSDT,0,1,4341,1.32619224118e-05,0.116174440327,0.169957446239,0.683550164455,0.51209398756,1.47667588113,0.0575700051895
mlp,APTUSDT,0,2,4341,-2.81984509048e-05,-0.247018429926,0.165416139844,-1.49331516356,0.493665054135,1.47437226446,-0.122409475378
mlp,APTUSDT,0,3,4341,-3.27412297554e-05,-0.286813172657,0.170354035031,-1.68363005082,0.503570605851,1.46308454273,-0.142129678368
mlp,APTUSDT,0,4,4341,4.53581091085e-06,0.0397337035791,0.169706582395,0.23413177626,0.51531905091,1.46020502188,0.019689955164
mlp,APTUSDT,0,5,4341,1.00948790782e-05,0.0884311407252,0.176562393985,0.500849239349,0.510942179221,1.4609536973,0.0438218700785
mlp,APTUSDT,0,6,4341,8.97783899639e-06,0.0786458696084,0.17268504501,0.455429534179,0.508177839208,1.46112646856,0.0389727990833
mlp,APTUSDT,0,7,4341,3.08719365365e-05,0.27043816406,0.167249999581,1.61696959484,0.514397604239,1.45962911771,0.134015076505
mlp,APTUSDT,0,8,4341,-3.48950308102e-06,-0.0305680469897,0.169355917055,-0.180495890083,0.502879520848,1.46377562774,-0.0151479328747
mlp,APTUSDT,0,9,4341,3.28968813793e-05,0.288176680883,0.165641082043,1.7397657473,0.511863625893,1.45122091684,0.142805362068
mlp,APTUSDT,0,10,4341,6.50579827452e-06,0.0569907928848,0.16494561596,0.345512625802,0.516010135913,1.45795899562,0.0282416703097
mlp,APTUSDT,0,11,4341,-1.0417211187e-05,-0.0912547699984,0.158468912405,-0.575852819419,0.509560009214,1.45985947938,-0.0452211137629
mlp,APTUSDT,1,0,4341,-0.000139510329976,-1.22211049059,0.174708570579,-6.99513759711,0.458880442294,1.4663671965,-0.605614342428
mlp,APTUSDT,1,1,4341,-0.000134405665702,-1.17739363155,0.169943916365,-6.92813050756,0.466712739,1.47667588113,-0.583454994811
mlp,APTUSDT,1,2,4341,-0.00017563567735,-1.53856853359,0.165441938903,-9.29974916752,0.453582123935,1.47437226446,-0.762434475378
mlp,APTUSDT,1,3,4341,-0.000179049684029,-1.56847523209,0.170411345786,-9.20405401914,0.458650080627,1.46308454273,-0.777254678368
mlp,APTUSDT,1,4,4341,-0.000141484691278,-1.23940589559,0.169707024571,-7.30320915546,0.470398525685,1.46020502188,-0.614185044836
mlp,APTUSDT,1,5,4341,-0.000136000490652,-1.19136429811,0.176599124543,-6.74615064598,0.46463948399,1.4609536973,-0.590378129921
mlp,APTUSDT,1,6,4341,-0.000137134807859,-1.20130091685,0.172714332388,-6.95542112941,0.468094909007,1.46112646856,-0.595302200917
mlp,APTUSDT,1,7,4341,-0.000115090975235,-1.00819694306,0.16721820087,-6.02922969996,0.469707440682,1.45962911771,-0.499609923495
mlp,APTUSDT,1,8,4341,-0.000149867065855,-1.31283549689,0.169389150111,-7.75041079092,0.459110803962,1.46377562774,-0.650572932875
mlp,APTUSDT,1,9,4341,-0.000112225210305,-0.983092842269,0.16573277502,-5.93179497627,0.466712739,1.45122091684,-0.487169637932
mlp,APTUSDT,1,10,4341,-0.000139290101288,-1.22018128728,0.164957977904,-7.39692194814,0.470628887353,1.45795899562,-0.60465832969
mlp,APTUSDT,1,11,4341,-0.000156403159125,-1.37009167394,0.158479408958,-8.64523462666,0.462335867312,1.45985947938,-0.678946113763
mlp,ARBUSDT,0,0,4341,2.42766932413e-05,0.212663832794,0.174199145735,1.22080870085,0.501497350841,1.46895876526,0.105385125361
mlp,ARBUSDT,0,1,4341,1.04336743752e-05,0.091398987527,0.170975335292,0.534574109014,0.512785072564,1.47471780696,0.0452925804629
mlp,ARBUSDT,0,2,4341,-1.35394690187e-05,-0.118605748604,0.167436469354,-0.708362694587,0.50264915918,1.47028334485,-0.0587748350102
mlp,ARBUSDT,0,3,4341,-1.25627955226e-05,-0.110050088778,0.170104608863,-0.646955361843,0.508408200875,1.46538815941,-0.0545350953637
mlp,ARBUSDT,0,4,4341,-1.53646295574e-06,-0.0134594154922,0.171258771259,-0.0785911016021,0.511402902557,1.45818935729,-0.00666978569085
mlp,ARBUSDT,0,5,4341,8.40140247472e-06,0.0735962856785,0.176385744569,0.417246222807,0.513476157567,1.45767104354,0.0364704881428
mlp,ARBUSDT,0,6,4341,1.00320452261e-05,0.087880716181,0.17449067416,0.503641335583,0.51209398756,1.46475466482,0.0435491083267
mlp,ARBUSDT,0,7,4341,2.32139879988e-05,0.203354534869,0.168410414362,1.2074938218,0.514167242571,1.46389080857,0.100771921903
mlp,ARBUSDT,0,8,4341,-2.24482584755e-06,-0.0196646744245,0.169307581394,-0.116147630618,0.509560009214,1.46590647316,-0.00974478900421
mlp,ARBUSDT,0,9,4341,2.05658988458e-05,0.180157273889,0.167516803627,1.07545792415,0.508177839208,1.4565192352,0.0892765668894
mlp,ARBUSDT,0,10,4341,2.21315413543e-05,0.193872302263,0.16575955726,1.16959954206,0.514167242571,1.45790140521,0.0960730210189
mlp,ARBUSDT,0,11,4341,1.50631243386e-05,0.131952969206,0.159518665883,0.827194538495,0.518083390924,1.45294862935,0.065389022754
mlp,ARBUSDT,1,0,4341,-0.000122619183285,-1.07414404558,0.174133209181,-6.16851920793,0.460723335637,1.46895876526,-0.532289874639
mlp,ARBUSDT,1,1,4341,-0.00013703810632,-1.20045381137,0.170997836009,-7.02028656846,0.466252015665,1.47471780696,-0.594882419537
mlp,ARBUSDT,1,2,4341,-0.000160567803504,-1.40657395869,0.167517670256,-8.39657068143,0.461644782308,1.47028334485,-0.69702483501
mlp,ARBUSDT,1,3,4341,-0.000159101611464,-1.39373011642,0.170204313945,-8.18857104215,0.458880442294,1.46538815941,-0.690660095364
mlp,ARBUSDT,1,4,4341,-0.000147355398685,-1.29083329248,0.171263410773,-7.53712241661,0.468555632343,1.45818935729,-0.639669785691
mlp,ARBUSDT,1,5,4341,-0.000137365701879,-1.20332354846,0.176406789149,-6.82129953314,0.467173462336,1.45767104354,-0.596304511857
mlp,ARBUSDT,1,6,4341,-0.000136443421256,-1.1952443702,0.174522658607,-6.84864864965,0.468785994011,1.46475466482,-0.592300891673
mlp,ARBUSDT,1,7,4341,-0.000123175092858,-1.07901381344,0.168411217716,-6.40701865393,0.469246717346,1.46389080857,-0.534703078097
mlp,ARBUSDT,1,8,4341,-0.000148835473164,-1.30379874492,0.169338428933,-7.69936719696,0.464869845658,1.46590647316,-0.646094789004
mlp,ARBUSDT,1,9,4341,-0.000125086024674,-1.09575357615,0.167607672692,-6.53760987519,0.462566228979,1.4565192352,-0.542998433111
mlp,ARBUSDT,1,10,4341,-0.000123658599166,-1.0832493287,0.165759498385,-6.53506640195,0.475466482377,1.45790140521,-0.536801978981
mlp,ARBUSDT,1,11,4341,-0.000130231738596,-1.1408300301,0.159523486861,-7.15148629554,0.466712739,1.45294862935,-0.565335977246
mlp,ATOMUSDT,0,0,4341,1.85020764032e-05,0.162078189292,0.177384066455,0.913713348281,0.508638562543,1.46872840359,0.0803175136663
mlp,ATOMUSDT,0,1,4341,9.86861852221e-06,0.0864490982546,0.177473948661,0.487108665283,0.5132457959,1.47609997696,0.0428396730049
mlp,ATOMUSDT,0,2,4341,-5.96663147124e-06,-0.052267691688,0.168417902827,-0.310345223462,0.50264915918,1.47206864778,-0.0259011472166
mlp,ATOMUSDT,0,3,4341,-2.02565489176e-05,-0.177447368518,0.1721419855,-1.03081980845,0.503570605851,1.4670582815,-0.0879336788515
mlp,ATOMUSDT,0,4,4341,-8.14962041633e-07,-0.00713906748471,0.170295536401,-0.0419216359723,0.505874222529,1.45968670813,-0.00353775022273
mlp,ATOMUSDT,0,5,4341,1.82651414749e-05,0.16000263932,0.178298628894,0.897385696753,0.511863625893,1.46204791523,0.0792889791424
mlp,ATOMUSDT,0,6,4341,1.58534691607e-05,0.138876389848,0.175397118403,0.79178261942,0.511863625893,1.46435153191,0.0688199096266
mlp,ATOMUSDT,0,7,4341,1.61209664642e-05,0.141219666226,0.169610422015,0.832611961862,0.507486754204,1.46486984566,0.0699811154211
mlp,ATOMUSDT,0,8,4341,1.4048016644e-05,0.123060625802,0.171859968226,0.716051719733,0.510942179221,1.46193273439,0.0609824402517
mlp,ATOMUSDT,0,9,4341,4.11338479336e-05,0.360332507898,0.167981093486,2.14507776096,0.516240497581,1.45461875144,0.17856203388
mlp,ATOMUSDT,0,10,4341,7.13787153122e-06,0.0625277546135,0.167982437407,0.372227927982,0.502418797512,1.45790140521,0.030985500317
mlp,ATOMUSDT,0,11,4341,1.31257211272e-05,0.114981317075,0.161483877425,0.712029701715,0.521078092605,1.4561736927,0.0569787554133
mlp,ATOMUSDT,1,0,4341,-0.000128370763956,-1.12452789226,0.177349565097,-6.34074231667,0.460953697305,1.46872840359,-0.557257486334
mlp,ATOMUSDT,1,1,4341,-0.000137741379174,-1.20661448157,0.177430076243,-6.80050703418,0.46993780235,1.47609997696,-0.597935326995
mlp,ATOMUSDT,1,2,4341,-0.000153173496249,-1.34179982714,0.168450845308,-7.96552741952,0.455194655609,1.47206864778,-0.664926147217
mlp,ATOMUSDT,1,3,4341,-0.000166962377068,-1.46259042311,0.172191072811,-8.49399680968,0.458419718959,1.4670582815,-0.724783678851
mlp,ATOMUSDT,1,4,4341,-0.000146783632855,-1.28582462381,0.170291938433,-7.55070754167,0.463257313983,1.45968670813,-0.637187750223
mlp,ATOMUSDT,1,5,4341,-0.000127939650048,-1.12075133442,0.178335709782,-6.28450317542,0.464178760654,1.46204791523,-0.555386020858
mlp,ATOMUSDT,1,6,4341,-0.00013058168403,-1.1438955521,0.175393694264,-6.52187387294,0.468785994011,1.46435153191,-0.566855090373
mlp,ATOMUSDT,1,7,4341,-0.000130366018102,-1.14200631857,0.169627967965,-6.73241760936,0.470398525685,1.46486984566,-0.565918884579
mlp,ATOMUSDT,1,8,4341,-0.000132145256795,-1.15759244953,0.171912990586,-6.73359497489,0.46993780235,1.46193273439,-0.573642559748
mlp,ATOMUSDT,1,9,4341,-0.00010432802721,-0.913913518363,0.168063909821,-5.43789275957,0.476157567381,1.45461875144,-0.45288796612
mlp,ATOMUSDT,1,10,4341,-0.000138652268989,-1.21459387635,0.168024247895,-7.22868211917,0.464409122322,1.45790140521,-0.601889499683
mlp,ATOMUSDT,1,11,4341,-0.000132491648143,-1.16062683773,0.16148448143,-7.1872345098,0.474314674038,1.4561736927,-0.575146244587
mlp,AVAXUSDT,0,0,4341,1.25231224245e-05,0.109702552439,0.178704184235,0.613877917342,0.503570605851,1.46504261691,0.0543628744448
mlp,AVAXUSDT,0,1,4341,1.24432042919e-05,0.109002469597,0.174677878466,0.624019884799,0.509329647547,1.47408431237,0.0540159498312
mlp,AVAXUSDT,0,2,4341,-1.44365442462e-05,-0.126464127597,0.166935738147,-0.757561736033,0.498041925824,1.4735084082,-0.0626690385728
mlp,AVAXUSDT,0,3,4341,-2.67506541983e-05,-0.234335730777,0.17390658552,-1.34748048831,0.50057590417,1.46728864317,-0.116124589875
mlp,AVAXUSDT,0,4,4341,-9.92639338574e-06,-0.0869552060591,0.176544898164,-0.492538764718,0.509790370882,1.45830453812,-0.0430904736875
mlp,AVAXUSDT,0,5,4341,3.86277764726e-06,0.03383793219,0.181157636699,0.186787224688,0.509790370882,1.45968670813,0.0167683177668
mlp,AVAXUSDT,0,6,4341,7.37701914962e-06,0.0646226877507,0.178148677104,0.362745818837,0.513476157567,1.46245104815,0.0320236401285
mlp,AVAXUSDT,0,7,4341,2.54724549046e-05,0.223138704964,0.170423095935,1.3093219774,0.512785072564,1.46250863856,0.110575926741
mlp,AVAXUSDT,0,8,4341,9.63917806841e-07,0.00844391998793,0.173580257147,0.0486456243741,0.505643860862,1.4640059894,0.0041843671995
mlp,AVAXUSDT,0,9,4341,3.24721584251e-05,0.284456107804,0.17087281229,1.66472421207,0.514397604239,1.45122091684,0.140961639723
mlp,AVAXUSDT,0,10,4341,1.68759779349e-05,0.14783356671,0.170247507146,0.868344971317,0.509560009214,1.45916839438,0.0732586202153
mlp,AVAXUSDT,0,11,4341,7.57195182027e-06,0.0663302979456,0.163642805931,0.405335862877,0.512554710896,1.4541580281,0.0328698428518
mlp,AVAXUSDT,1,0,4341,-0.000133981139266,-1.17367477997,0.178664187733,-6.56916640578,0.460262612301,1.46504261691,-0.581612125555
mlp,AVAXUSDT,1,1,4341,-0.000134965226945,-1.18229538804,0.174721890045,-6.76672732726,0.466021653997,1.47408431237,-0.585884050169
mlp,AVAXUSDT,1,2,4341,-0.000161787385066,-1.41725749318,0.166968800305,-8.48815761144,0.456807187284,1.4735084082,-0.702319038573
mlp,AVAXUSDT,1,3,4341,-0.000173479518515,-1.51968058219,0.173933823186,-8.7371194076,0.456116102281,1.46728864317,-0.753074589875
mlp,AVAXUSDT,1,4,4341,-0.000155756847198,-1.36442998146,0.176530722015,-7.7291361293,0.466482377332,1.45830453812,-0.676140473687
mlp,AVAXUSDT,1,5,4341,-0.000142105893166,-1.24484762413,0.181221273358,-6.86921353695,0.464409122322,1.45968670813,-0.616881682233
mlp,AVAXUSDT,1,6,4341,-0.000138868085665,-1.21648443042,0.178152608628,-6.82832791388,0.473623589035,1.46245104815,-0.602826359871
mlp,AVAXUSDT,1,7,4341,-0.000120778408952,-1.05801886242,0.170422319626,-6.20821770729,0.472702142364,1.46250863856,-0.524299073259
mlp,AVAXUSDT,1,8,4341,-0.000145436681133,-1.27402532673,0.173625645257,-7.33777158809,0.468094909007,1.4640059894,-0.631340632801
mlp,AVAXUSDT,1,9,4341,-0.000112649933259,-0.986813415347,0.170936964148,-5.77296677911,0.466712739,1.45122091684,-0.489013360277
mlp,AVAXUSDT,1,10,4341,-0.000129040861503,-1.13039794677,0.170272981355,-6.63873938055,0.46993780235,1.45916839438,-0.560166379785
mlp,AVAXUSDT,1,11,4341,-0.00013784385099,-1.20751213467,0.163631409169,-7.37946425325,0.465100207326,1.4541580281,-0.598380157148
mlp,BCHUSDT,0,0,4341,8.7791234084e-06,0.0769051210576,0.176156418069,0.436572915711,0.501727712509,1.46809490901,0.0381101747159
mlp,BCHUSDT,0,1,4341,2.55954894398e-06,0.0224216487492,0.171804483722,0.130506772952,0.501958074176,1.47189587653,0.0111110019658
mlp,BCHUSDT,0,2,4341,-1.54758836314e-05,-0.135568740611,0.165852032739,-0.817407772289,0.50472241419,1.47494816862,-0.0671808108438
mlp,BCHUSDT,0,3,4341,-1.58396078028e-05,-0.138754964353,0.170761843522,-0.812564220972,0.506334945865,1.466712739,-0.0687597374721
mlp,BCHUSDT,0,4,4341,-2.31961210446e-06,-0.0203198020351,0.171849686438,-0.11824171726,0.513706519235,1.45554019811,-0.0100694361455
mlp,BCHUSDT,0,5,4341,1.42744447449e-05,0.125044135965,0.177674827155,0.703780822346,0.511633264225,1.46083851647,0.0619653646375
mlp,BCHUSDT,0,6,4341,8.94344277429e-06,0.0783445587028,0.175395752633,0.446673066631,0.510711817554,1.46037779314,0.0388234850832
mlp,BCHUSDT,0,7,4341,1.79668608401e-05,0.157389700959,0.167810622936,0.937900701431,0.513476157567,1.46101128772,0.077994142907
mlp,BCHUSDT,0,8,4341,7.30885184284e-06,0.0640255421433,0.169127441473,0.378563889962,0.510942179221,1.46579129233,0.0317277258498
mlp,BCHUSDT,0,9,4341,2.99914713343e-05,0.262725288889,0.16846668808,1.55950883752,0.511633264225,1.45231513476,0.130192977062
mlp,BCHUSDT,0,10,4341,2.90583842546e-06,0.025455144607,0.165443437636,0.153860104521,0.506334945865,1.4572103202,0.0126142446049
mlp,BCHUSDT,0,11,4341,1.10930736793e-05,0.0971753254304,0.161017622052,0.603507393738,0.516240497581,1.45600092145,0.0481550328417
mlp,BCHUSDT,1,0,4341,-0.000138030367492,-1.20914601923,0.176154088627,-6.86413825903,0.460953697305,1.46809490901,-0.599189825284
mlp,BCHUSDT,1,1,4341,-0.000144630038709,-1.26695913909,0.171804616121,-7.37441849757,0.460032250633,1.47189587653,-0.627838998034
mlp,BCHUSDT,1,2,4341,-0.000162970700494,-1.42762333633,0.16591052378,-8.60477867108,0.459801888966,1.47494816862,-0.707455810844
mlp,BCHUSDT,1,3,4341,-0.000162510881703,-1.42359532372,0.17085034422,-8.3324112118,0.460953697305,1.466712739,-0.705459737472
mlp,BCHUSDT,1,4,4341,-0.000147873631916,-1.29537301558,0.171874700622,-7.53672885477,0.472932504031,1.45554019811,-0.641919436145
mlp,BCHUSDT,1,5,4341,-0.000131809406902,-1.15465040446,0.177700284241,-6.49774089778,0.463026952315,1.46083851647,-0.572184635362
mlp,BCHUSDT,1,6,4341,-0.000137094336539,-1.20094638808,0.175376996781,-6.84779879988,0.473393227367,1.46037779314,-0.595126514917
mlp,BCHUSDT,1,7,4341,-0.000128134267932,-1.12245618708,0.167813289092,-6.68872050098,0.466482377332,1.46101128772,-0.556230857093
mlp,BCHUSDT,1,8,4341,-0.00013927027739,-1.22000762994,0.169144640008,-7.21280692003,0.469246717346,1.46579129233,-0.60457227415
mlp,BCHUSDT,1,9,4341,-0.000115240042142,-1.00950276916,0.168532538604,-5.98995765165,0.467403824004,1.45231513476,-0.500257022938
mlp,BCHUSDT,1,10,4341,-0.000142815193595,-1.25106109589,0.165424588299,-7.56272757728,0.465560930661,1.4572103202,-0.619960755395
mlp,BCHUSDT,1,11,4341,-0.000134507018465,-1.17828148176,0.161010077456,-7.31806046162,0.468785994011,1.45600092145,-0.583894967158
mlp,BNBUSDT,0,0,4341,9.16013994321e-06,0.0802428259026,0.176540979498,0.454528042899,0.504952775858,1.47356599862,0.0397641674935
mlp,BNBUSDT,0,1,4341,1.72440395356e-05,0.151057786332,0.173228775138,0.872013244981,0.513476157567,1.47932504031,0.0748563756241
mlp,BNBUSDT,0,2,4341,-1.84511693749e-05,-0.161632243724,0.167102886926,-0.967261827113,0.493204330799,1.4724717807,-0.0800965262564
mlp,BNBUSDT,0,3,4341,-1.16032611512e-05,-0.101644567685,0.174416135696,-0.582770437376,0.508408200875,1.46746141442,-0.0503697566575
mlp,BNBUSDT,0,4,4341,-6.01884349639e-06,-0.0527250690284,0.171691821791,-0.3070913249,0.511863625893,1.46291177148,-0.0261277996178
mlp,BNBUSDT,0,5,4341,5.57147560634e-06,0.0488061263115,0.18100506585,0.269639559989,0.508177839208,1.46135683022,0.0241857756071
mlp,BNBUSDT,0,6,4341,1.11436281197e-05,0.0976181823283,0.176579183141,0.552829504542,0.514167242571,1.46199032481,0.0483744896675
mlp,BNBUSDT,0,7,4341,2.71600531569e-05,0.237922065655,0.170341558838,1.39673528455,0.519004837595,1.46423635107,0.117901790754
mlp,BNBUSDT,0,8,4341,1.36341757734e-05,0.119435379775,0.172819597096,0.691098589406,0.511172540889,1.46746141442,0.0591859570321
mlp,BNBUSDT,0,9,4341,2.5351966479e-05,0.222083226356,0.170775819757,1.30043718527,0.514627965906,1.45674959687,0.110052886486
mlp,BNBUSDT,0,10,4341,1.51129678522e-05,0.132389598386,0.167089134254,0.792329189907,0.514627965906,1.46089610689,0.0656053934465
mlp,BNBUSDT,0,11,4341,1.11260829875e-05,0.0974644869706,0.161530210704,0.603382404726,0.514858327574,1.45744068187,0.0482983262488
mlp,BNBUSDT,1,0,4341,-0.000138196459919,-1.21060098889,0.176484516638,-6.85953086394,0.456807187284,1.47356599862,-0.599910832507
mlp,BNBUSDT,1,1,4341,-0.000130688464496,-1.14483094898,0.173261240213,-6.60754215757,0.466712739,1.47932504031,-0.567318624376
mlp,BNBUSDT,1,2,4341,-0.000165698347444,-1.45151752361,0.1671268403,-8.68512514811,0.453351762267,1.4724717807,-0.719296526256
mlp,BNBUSDT,1,3,4341,-0.000158349402593,-1.38714076672,0.174463164818,-7.95090911117,0.461875143976,1.46746141442,-0.687394756657
mlp,BNBUSDT,1,4,4341,-0.000152310020645,-1.33423578085,0.171719542029,-7.76985406018,0.465330568993,1.46291177148,-0.661177799618
mlp,BNBUSDT,1,5,4341,-0.000140564207416,-1.23134245696,0.181051873223,-6.80104787121,0.462105505644,1.46135683022,-0.610189224393
mlp,BNBUSDT,1,6,4341,-0.000135055404361,-1.18308534221,0.176544372379,-6.70134837076,0.47408431237,1.46199032481,-0.586275510333
mlp,BNBUSDT,1,7,4341,-0.00011926358195,-1.04474897788,0.170343155347,-6.13320198135,0.475466482377,1.46423635107,-0.517723209246
mlp,BNBUSDT,1,8,4341,-0.000133111965669,-1.16606081926,0.172855413555,-6.74587387966,0.47201105736,1.46746141442,-0.577839042968
mlp,BNBUSDT,1,9,4341,-0.000120322993208,-1.0540294205,0.170830940983,-6.17001472,0.469016355678,1.45674959687,-0.522322113514
mlp,BNBUSDT,1,10,4341,-0.000130976642837,-1.14735539125,0.167145928242,-6.86439330779,0.474775397374,1.46089610689,-0.568569606553
mlp,BNBUSDT,1,11,4341,-0.0001346179852,-1.17925355035,0.161551681751,-7.29954363563,0.467403824004,1.45744068187,-0.584376673751
mlp,BTCUSDT,0,0,4341,1.09129425912e-05,0.0955973770987,0.17634190742,0.542113774868,0.494816862474,1.47535130154,0.0473730837883
mlp,BTCUSDT,0,1,4341,1.51418674257e-05,0.132642758649,0.172503680174,0.768927123844,0.509099285879,1.48519926284,0.0657308464949
mlp,BTCUSDT,0,2,4341,-5.8726257366e-06,-0.0514442014526,0.167054390519,-0.307948814113,0.498963372495,1.48041925824,-0.0254930683226
mlp,BTCUSDT,0,3,4341,-1.7254672005e-05,-0.151150926764,0.1719045715,-0.879272293025,0.503800967519,1.47575443446,-0.0749025311737
mlp,BTCUSDT,0,4,4341,-4.85870375724e-06,-0.0425622449134,0.171933655114,-0.247550398933,0.507717115872,1.4708016586,-0.0210916330102
mlp,BTCUSDT,0,5,4341,-3.61251470222e-06,-0.0316456287914,0.178403650198,-0.177382182238,0.508408200875,1.47494816862,-0.0156819263223
mlp,BTCUSDT,0,6,4341,4.63440926039e-06,0.040597425121,0.176651051329,0.2298170592,0.509329647547,1.47131997236,0.0201179705993
mlp,BTCUSDT,0,7,4341,1.53290508438e-05,0.134282485392,0.171788720696,0.781672305653,0.51209398756,1.47322045612,0.066543409713
mlp,BTCUSDT,0,8,4341,4.13535478901e-06,0.0362257079517,0.171063979894,0.211767012402,0.506795669201,1.48116793366,0.0179515751391
mlp,BTCUSDT,0,9,4341,3.72966977716e-05,0.326719072479,0.168144309687,1.94308729857,0.5132457959,1.46377562774,0.161904965027
mlp,BTCUSDT,0,10,4341,1.35365447728e-05,0.11858013221,0.167758476152,0.706850317966,0.509099285879,1.47512093988,0.0587621408588
mlp,BTCUSDT,0,11,4341,1.42639471328e-05,0.124952176883,0.161814651663,0.772193219827,0.513706519235,1.4724717807,0.0619197945033
mlp,BTCUSDT,1,0,4341,-0.000136622187563,-1.19681036305,0.176287877093,-6.78895442382,0.45196959226,1.47535130154,-0.593076916212
mlp,BTCUSDT,1,1,4341,-0.000133378058859,-1.1683917956,0.172520344609,-6.77248702609,0.465330568993,1.48519926284,-0.578994153505
mlp,BTCUSDT,1,2,4341,-0.00015391455156,-1.34829147167,0.16709090548,-8.06920919961,0.461184058973,1.48041925824,-0.668143068323
mlp,BTCUSDT,1,3,4341,-0.000164830115451,-1.44391181135,0.17195430204,-8.39706709413,0.459801888966,1.47575443446,-0.715527531174
mlp,BTCUSDT,1,4,4341,-0.000151938869618,-1.33098449785,0.171917130327,-7.74201206896,0.463487675651,1.4708016586,-0.65956663301
mlp,BTCUSDT,1,5,4341,-0.000151107331565,-1.32370022451,0.178428917827,-7.41864177976,0.460032250633,1.47494816862,-0.655956926322
mlp,BTCUSDT,1,6,4341,-0.000142497587975,-1.24827887066,0.17663425704,-7.06702590757,0.471550334024,1.47131997236,-0.618582029401
mlp,BTCUSDT,1,7,4341,-0.000131992994768,-1.15625863417,0.171790457022,-6.73063366971,0.470168164018,1.47322045612,-0.572981590287
mlp,BTCUSDT,1,8,4341,-0.000143981438577,-1.26127740193,0.171080130567,-7.37243651705,0.467403824004,1.48116793366,-0.625023424861
mlp,BTCUSDT,1,9,4341,-0.000109080865002,-0.955548377417,0.168175866084,-5.68184008602,0.463487675651,1.46377562774,-0.473520034973
mlp,BTCUSDT,1,10,4341,-0.000133975549215,-1.17362581112,0.167799802566,-6.99420257458,0.474314674038,1.47512093988,-0.581587859141
mlp,BTCUSDT,1,11,4341,-0.000132983230937,-1.16493310301,0.161789044401,-7.2003213031,0.462335867312,1.4724717807,-0.577280205497
mlp,DOGEUSDT,0,0,4341,2.63609306167e-05,0.230921752203,0.178612021977,1.29286791363,0.504952775858,1.46867081318,0.114432799807
mlp,DOGEUSDT,0,1,4341,2.55427769303e-06,0.0223754725909,0.175611029897,0.127414961372,0.513015434232,1.47558166321,0.0110881194654
mlp,DOGEUSDT,0,2,4341,6.63545186955e-07,0.00581265583773,0.166904973199,0.0348261392474,0.502418797512,1.47379636029,0.00288044965657
mlp,DOGEUSDT,0,3,4341,-1.85575588608e-05,-0.16256421562,0.174746119807,-0.930287984645,0.506334945865,1.46435153191,-0.0805583630146
mlp,DOGEUSDT,0,4,4341,-4.6792481297e-06,-0.0409902136162,0.173379047658,-0.236419649144,0.510711817554,1.45905321355,-0.020312616131
mlp,DOGEUSDT,0,5,4341,6.00148290463e-07,0.00525729902445,0.181127603506,0.0290253883046,0.505183137526,1.46106887814,0.0026052437289
mlp,DOGEUSDT,0,6,4341,8.36005056236e-06,0.0732340429263,0.177775983501,0.411945649148,0.516701220917,1.46066574522,0.0362909794912
mlp,DOGEUSDT,0,7,4341,2.48481311385e-05,0.217669628773,0.171561391704,1.26875648776,0.510711817554,1.46285418106,0.107865737272
mlp,DOGEUSDT,0,8,4341,3.61983495908e-06,0.0317097542415,0.173130323571,0.183155403325,0.510711817554,1.46458189357,0.0157137035573
mlp,DOGEUSDT,0,9,4341,3.01987392873e-05,0.264540956157,0.171675256202,1.54093817601,0.513476157567,1.45254549643,0.131092727246
mlp,DOGEUSDT,0,10,4341,1.0908382417e-05,0.0955574299726,0.169283316741,0.564482264481,0.506565307533,1.46158719189,0.0473532880721
mlp,DOGEUSDT,0,11,4341,8.21952073556e-06,0.0720030016435,0.163553288643,0.440241845582,0.514167242571,1.45387007602,0.035680939513
mlp,DOGEUSDT,1,0,4341,-0.000120506150701,-1.05563388014,0.178575060017,-5.9114295134,0.466943100668,1.46867081318,-0.523117200193
mlp,DOGEUSDT,1,1,4341,-0.000145003888628,-1.27023406438,0.175621166361,-7.23280735859,0.463948398986,1.47558166321,-0.629461880535
mlp,DOGEUSDT,1,2,4341,-0.000146716090842,-1.28523295577,0.166948093697,-7.69839851005,0.462335867312,1.47379636029,-0.636894550343
mlp,DOGEUSDT,1,3,4341,-0.000164992712051,-1.44533615757,0.174791064508,-8.26893618181,0.462796590647,1.46435153191,-0.716233363015
mlp,DOGEUSDT,1,4,4341,-0.000150584569484,-1.31912082868,0.173402070579,-7.60729571612,0.466482377332,1.45905321355,-0.653687616131
mlp,DOGEUSDT,1,5,4341,-0.000145506739523,-1.27463903823,0.181176726962,-7.03533538552,0.465100207326,1.46106887814,-0.631644756271
mlp,DOGEUSDT,1,6,4341,-0.00013770652396,-1.20630914989,0.177793625176,-6.78488415257,0.476848652384,1.46066574522,-0.597784020509
mlp,DOGEUSDT,1,7,4341,-0.000121437286968,-1.06379063384,0.171583260605,-6.19985090672,0.470398525685,1.46285418106,-0.527159262728
mlp,DOGEUSDT,1,8,4341,-0.000142838354398,-1.25126398453,0.173163861549,-7.22589559587,0.472241419028,1.46458189357,-0.620061296443
mlp,DOGEUSDT,1,9,4341,-0.000115055810356,-1.00788889872,0.171759960192,-5.86800845545,0.468094909007,1.45254549643,-0.499457272754
mlp,DOGEUSDT,1,10,4341,-0.000135250336772,-1.18479295012,0.169306720573,-6.99790856569,0.46993780235,1.46158719189,-0.587121711928
mlp,DOGEUSDT,1,11,4341,-0.000137167486866,-1.20158718495,0.163540428124,-7.34734034104,0.463257313983,1.45387007602,-0.595444060487
mlp,DOTUSDT,0,0,4341,1.40838144269e-05,0.123374214379,0.177842826472,0.693726122255,0.504952775858,1.46279659065,0.0611378384271
mlp,DOTUSDT,0,1,4341,-1.04483860632e-06,-0.00915278619135,0.174427715862,-0.0524732330876,0.512785072564,1.47287491361,-0.00453564439003
mlp,DOTUSDT,0,2,4341,-2.79792588343e-06,-0.0245098307389,0.166735383846,-0.146998376551,0.496659755817,1.46953466943,-0.01214579626
mlp,DOTUSDT,0,3,4341,-2.09078352286e-05,-0.183152636602,0.174338431993,-1.05055801241,0.504261690855,1.46452430316,-0.0907609127272
mlp,DOTUSDT,0,4,4341,-1.10426939447e-05,-0.0967339989555,0.17165013412,-0.563553296659,0.511402902557,1.46055056439,-0.0479363344139
mlp,DOTUSDT,0,5,4341,-2.85383047499e-06,-0.0249995549609,0.179864453998,-0.138991081368,0.511402902557,1.45744068187,-0.0123884780919
mlp,DOTUSDT,0,6,4341,1.74683284717e-06,0.0153022557412,0.175331945331,0.0872759137665,0.510481455886,1.46175996314,0.00758300138956
mlp,DOTUSDT,0,7,4341,2.08720511331e-05,0.182839167926,0.169008459377,1.08183441586,0.514627965906,1.46101128772,0.0906055739686
mlp,DOTUSDT,0,8,4341,1.18599400321e-06,0.0103893074681,0.17275968343,0.0601373379589,0.505183137526,1.46717346234,0.00514839996792
mlp,DOTUSDT,0,9,4341,2.4652756397e-05,0.215958146037,0.170185225313,1.26895942723,0.513936880903,1.44770790141,0.107017615519
mlp,DOTUSDT,0,10,4341,4.66342932991e-06,0.04085164093,0.168118140675,0.242993651761,0.512554710896,1.45611610228,0.0202439467211
mlp,DOTUSDT,0,11,4341,1.66602201668e-06,0.0145943528661,0.160808419725,0.0907561487825,0.514167242571,1.45513706519,0.00723220157439
mlp,DOTUSDT,1,0,4341,-0.000132195844638,-1.15803559903,0.177806993608,-6.51287992408,0.463487675651,1.46279659065,-0.573862161573
mlp,DOTUSDT,1,1,4341,-0.000148332329968,-1.29939121052,0.174445864935,-7.44867876919,0.466943100668,1.47287491361,-0.64391064439
mlp,DOTUSDT,1,2,4341,-0.000149751392827,-1.31182220116,0.166780078792,-7.86558089349,0.454273208938,1.46953466943,-0.65007079626
mlp,DOTUSDT,1,3,4341,-0.000167360265544,-1.46607592617,0.174383136742,-8.40721157768,0.460953697305,1.46452430316,-0.726510912727
mlp,DOTUSDT,1,4,4341,-0.000157097750383,-1.37617629336,0.171643042335,-8.01766430285,0.470628887353,1.46055056439,-0.681961334414
mlp,DOTUSDT,1,5,4341,-0.000148597898662,-1.30171759228,0.179896251912,-7.23593503725,0.463026952315,1.45744068187,-0.645063478092
mlp,DOTUSDT,1,6,4341,-0.000144429163467,-1.26519947197,0.175346495923,-7.21542489522,0.468555632343,1.46175996314,-0.62696699861
mlp,DOTUSDT,1,7,4341,-0.000125229077639,-1.09700672012,0.16901146944,-6.49072352162,0.474775397374,1.46101128772,-0.543619426031
mlp,DOTUSDT,1,8,4341,-0.00014553135223,-1.27485464554,0.17279664073,-7.37777447612,0.467173462336,1.46717346234,-0.631751600032
mlp,DOTUSDT,1,9,4341,-0.000120118033744,-1.05223397559,0.170263660898,-6.18002673055,0.469477079014,1.44770790141,-0.521432384481
mlp,DOTUSDT,1,10,4341,-0.000140948180898,-1.23470606467,0.168151829352,-7.34280482956,0.47201105736,1.45611610228,-0.611856053279
mlp,DOTUSDT,1,11,4341,-0.000143847684503,-1.26010571624,0.160796749431,-7.83663675233,0.463487675651,1.45513706519,-0.624442798426
mlp,ETCUSDT,0,0,4341,1.43171038159e-05,0.125417829427,0.180122914334,0.696290252081,0.50264915918,1.46763418567,0.0621505476647
mlp,ETCUSDT,0,1,4341,7.58268719514e-06,0.0664243398295,0.175847372384,0.377738597563,0.512324349228,1.47805805114,0.0329164451141
mlp,ETCUSDT,0,2,4341,-1.1459803528e-05,-0.100387878905,0.168559178759,-0.595564594254,0.494125777471,1.47563925363,-0.0497470071151
mlp,ETCUSDT,0,3,4341,-2.64612529472e-05,-0.231800575818,0.175411969483,-1.32146384594,0.502188435844,1.46700069109,-0.114868299044
mlp,ETCUSDT,0,4,4341,-1.77699449655e-05,-0.155664717898,0.175430020429,-0.887332267977,0.508638562543,1.46135683022,-0.0771393310954
mlp,ETCUSDT,0,5,4341,1.09914172747e-05,0.0962848153268,0.181807407547,0.529597867467,0.50472241419,1.45876526146,0.0477137423897
mlp,ETCUSDT,0,6,4341,7.26876426337e-06,0.0636743749471,0.177313576339,0.359106032725,0.507486754204,1.46348767565,0.0315537056673
mlp,ETCUSDT,0,7,4341,3.25379542939e-05,0.285032479614,0.170458616835,1.67215060703,0.515549412578,1.46170237273,0.14124725959
mlp,ETCUSDT,0,8,4341,6.17739660267e-06,0.0541139942394,0.173877451985,0.311219158215,0.504952775858,1.46319972357,0.0268160786522
mlp,ETCUSDT,0,9,4341,3.82015333227e-05,0.334645431907,0.172625552495,1.93856255386,0.51002073255,1.45438838977,0.165832856154
mlp,ETCUSDT,0,10,4341,9.3340495001e-06,0.0817662736209,0.172171932323,0.474910588026,0.515549412578,1.45847730938,0.04051910888
mlp,ETCUSDT,0,11,4341,-1.47424455471e-06,-0.0129143822992,0.162653120596,-0.0793983063585,0.514858327574,1.45836212854,-0.00639969561198
mlp,ETCUSDT,1,0,4341,-0.000132446314751,-1.16022971722,0.180066359627,-6.44334521799,0.458880442294,1.46763418567,-0.574949452335
mlp,ETCUSDT,1,1,4341,-0.000140223117919,-1.22835451297,0.175862496528,-6.98474397453,0.469707440682,1.47805805114,-0.608708554886
mlp,ETCUSDT,1,2,4341,-0.000159023728891,-1.39304786508,0.168570106772,-8.26390806627,0.449665975582,1.47563925363,-0.690322007115
mlp,ETCUSDT,1,3,4341,-0.000173161322056,-1.51689318121,0.175471139614,-8.64468757964,0.459110803962,1.46700069109,-0.751693299044
mlp,ETCUSDT,1,4,4341,-0.000163905627988,-1.43581330117,0.175417349344,-8.18512710711,0.465330568993,1.46135683022,-0.711514331095
mlp,ETCUSDT,1,5,4341,-0.000134885108871,-1.18159355371,0.181807588913,-6.49914319187,0.460492973969,1.45876526146,-0.58553625761
mlp,ETCUSDT,1,6,4341,-0.000139080003302,-1.21834082892,0.177318580951,-6.87091461248,0.470168164018,1.46348767565,-0.603746294333
mlp,ETCUSDT,1,7,4341,-0.000113632282979,-0.995418798893,0.170481687552,-5.83886054383,0.480304077402,1.46170237273,-0.49327774041
mlp,ETCUSDT,1,8,4341,-0.000140142575754,-1.2276489636,0.173908964995,-7.05914708676,0.467403824004,1.46319972357,-0.608358921348
mlp,ETCUSDT,1,9,4341,-0.000107237305655,-0.939398797534,0.172691028428,-5.43976607289,0.467173462336,1.45438838977,-0.465517143846
mlp,ETCUSDT,1,10,4341,-0.000136513681437,-1.19585984939,0.172199595067,-6.94461475897,0.473853950703,1.45847730938,-0.59260589112
mlp,ETCUSDT,1,11,4341,-0.000147310457409,-1.2904396069,0.162665635794,-7.93308064487,0.466482377332,1.45836212854,-0.639474695612
mlp,ETHUSDT,0,0,4341,9.95900973151e-06,0.087240925248,0.177686792059,0.490981486228,0.498733010827,1.47189587653,0.0432320612445
mlp,ETHUSDT,0,1,4341,1.51155370466e-05,0.132412104528,0.174702209587,0.757930336662,0.512554710896,1.48197419949,0.0656165463192
mlp,ETHUSDT,0,2,4341,-1.71716730367e-05,-0.150423855801,0.167701720718,-0.896972643796,0.498272287491,1.47955540198,-0.0745422326523
mlp,ETHUSDT,0,3,4341,-1.88541960229e-05,-0.165162757161,0.174372645426,-0.947182723286,0.500115180834,1.47183828611,-0.0818460649355
mlp,ETHUSDT,0,4,4341,-1.32243041559e-05,-0.115844904405,0.172609790854,-0.671137505192,0.510481455886,1.46746141442,-0.0574067043406
mlp,ETHUSDT,0,5,4341,3.17957163128e-06,0.02785304749,0.182409749069,0.152694949871,0.506795669201,1.46797972817,0.0138025204514
mlp,ETHUSDT,0,6,4341,8.20757489263e-06,0.0718983560595,0.176589129057,0.407150521911,0.510481455886,1.46642478692,0.0356290826089
mlp,ETHUSDT,0,7,4341,2.39406941378e-05,0.209720480647,0.172077197248,1.21875811555,0.514397604239,1.4731628657,0.103926553252
mlp,ETHUSDT,0,8,4341,1.18930632559e-05,0.104183234122,0.173751748434,0.599609702124,0.505413499194,1.47765491822,0.051627787594
mlp,ETHUSDT,0,9,4341,2.6639736137e-05,0.233364088561,0.171633250737,1.35966712486,0.508868924211,1.46181755356,0.115643094571
mlp,ETHUSDT,0,10,4341,1.27378328689e-05,0.111583415931,0.168408822574,0.662574645589,0.510942179221,1.47437226446,0.0552949324837
mlp,ETHUSDT,0,11,4341,-1.01249331784e-06,-0.00886944146426,0.164416146252,-0.0539450757511,0.511863625893,1.46734623359,-0.00439523349274
mlp,ETHUSDT,1,0,4341,-0.000137230577921,-1.20213986259,0.177635078927,-6.76746884596,0.456346463948,1.47189587653,-0.595717938756
mlp,ETHUSDT,1,1,4341,-0.000133081882903,-1.16579729423,0.174706085074,-6.67290606239,0.468785994011,1.48197419949,-0.577708453681
mlp,ETHUSDT,1,2,4341,-0.000165127213235,-1.44651438794,0.167736323666,-8.62373966666,0.458650080627,1.47955540198,-0.716817232652
mlp,ETHUSDT,1,3,4341,-0.000166038024634,-1.45449309579,0.174441607807,-8.33799409485,0.456576825616,1.47183828611,-0.720771064936
mlp,ETHUSDT,1,4,4341,-0.000159970445598,-1.40134110344,0.172591372058,-8.11941574327,0.470398525685,1.46746141442,-0.694431704341
mlp,ETHUSDT,1,5,4341,-0.000143618401186,-1.25809719439,0.182425744884,-6.8964892822,0.463257313983,1.46797972817,-0.623447479549
mlp,ETHUSDT,1,6,4341,-0.000138434903799,-1.21268975728,0.176571826783,-6.86796857331,0.47201105736,1.46642478692,-0.600945917391
mlp,ETHUSDT,1,7,4341,-0.000123375592432,-1.08077018971,0.172102196104,-6.27981637756,0.473393227367,1.4731628657,-0.535573446748
mlp,ETHUSDT,1,8,4341,-0.000135872428566,-1.19024247424,0.173767472355,-6.84962759779,0.468555632343,1.47765491822,-0.589822212406
mlp,ETHUSDT,1,9,4341,-0.000119542019219,-1.04718808836,0.171690308329,-6.09928480266,0.462566228979,1.46181755356,-0.518931905429
mlp,ETHUSDT,1,10,4341,-0.000134699393577,-1.17996668773,0.168426504559,-7.00582542412,0.472932504031,1.47437226446,-0.584730067516
mlp,ETHUSDT,1,11,4341,-0.000147747116677,-1.29426474209,0.164389095851,-7.8731787859,0.459801888966,1.46734623359,-0.641370233493
mlp,FILUSDT,0,0,4341,1.2748421668e-05,0.111676173812,0.170004134791,0.656902692097,0.508638562543,1.46838286109,0.055340898461
mlp,FILUSDT,0,1,4341,1.27982252809e-05,0.112112453461,0.167921213498,0.667649138102,0.514397604239,1.47500575904,0.0555570959445
mlp,FILUSDT,0,2,4341,-1.51088823538e-05,-0.13235380942,0.164553990691,-0.804318442014,0.500806265837,1.47212623819,-0.0655876582981
mlp,FILUSDT,0,3,4341,-1.894400695e-05,-0.165949500882,0.171155990109,-0.969580443993,0.505643860862,1.46233586731,-0.0822359341701
mlp,FILUSDT,0,4,4341,-1.8892964056e-05,-0.165502365131,0.170497886539,-0.970700391017,0.503109882516,1.45605851186,-0.0820143569673
mlp,FILUSDT,0,5,4341,5.41741606589e-06,0.0474565647372,0.174708257195,0.271633210125,0.511402902557,1.4572103202,0.023517003142
mlp,FILUSDT,0,6,4341,8.61466701586e-06,0.0754644830589,0.171692544904,0.439532672203,0.513015434232,1.46199032481,0.0373962695158
mlp,FILUSDT,0,7,4341,2.62343540228e-05,0.22981294124,0.166217967773,1.38259987364,0.510711817554,1.46055056439,0.113883330813
mlp,FILUSDT,0,8,4341,8.92273988373e-06,0.0781632013814,0.166287896517,0.470047447941,0.511402902557,1.46250863856,0.0387336138353
mlp,FILUSDT,0,9,4341,3.84928519957e-05,0.337197383483,0.16586820185,2.03292360875,0.510251094218,1.45104814559,0.167097470514
mlp,FILUSDT,0,10,4341,8.33380142445e-06,0.0730041004782,0.160647176389,0.454437495381,0.511863625893,1.45968670813,0.0361770319835
mlp,FILUSDT,0,11,4341,1.3824496985e-05,0.121102593589,0.157865864225,0.767123368835,0.513936880903,1.45479152269,0.0600121414119
mlp,FILUSDT,1,0,4341,-0.000134089864441,-1.1746272125,0.169976090138,-6.91054378033,0.46463948399,1.46838286109,-0.582084101539
mlp,FILUSDT,1,1,4341,-0.000134702350623,-1.17999259146,0.16794533638,-7.02605155283,0.465560930661,1.47500575904,-0.584742904056
mlp,FILUSDT,1,2,4341,-0.000162321506173,-1.42193639408,0.164595859469,-8.63895603851,0.458189357291,1.47212623819,-0.704637658298
mlp,FILUSDT,1,3,4341,-0.000165177593681,-1.44695572065,0.17121119334,-8.45129160321,0.461184058973,1.46233586731,-0.71703593417
mlp,FILUSDT,1,4,4341,-0.000164498815242,-1.44100962152,0.170499785016,-8.45167999118,0.458650080627,1.45605851186,-0.714089356967
mlp,FILUSDT,1,5,4341,-0.000140303615954,-1.22905967576,0.174746011944,-7.03340615382,0.469246717346,1.4572103202,-0.609057996858
mlp,FILUSDT,1,6,4341,-0.000137584365465,-1.20523904147,0.17173725641,-7.01792416317,0.470398525685,1.46199032481,-0.597253730484
mlp,FILUSDT,1,7,4341,-0.000119820702416,-1.04962935316,0.166252560308,-6.31346278949,0.472471780696,1.46055056439,-0.520141669187
mlp,FILUSDT,1,8,4341,-0.000137328123973,-1.202994366,0.16632907705,-7.23261613266,0.469016355678,1.46250863856,-0.596141386165
mlp,FILUSDT,1,9,4341,-0.000106611962563,-0.933920792053,0.165952121261,-5.62765202975,0.46463948399,1.45104814559,-0.462802529486
mlp,FILUSDT,1,10,4341,-0.000137634869389,-1.20568145585,0.16066406386,-7.50436299742,0.470628887353,1.45968670813,-0.597472968016
mlp,FILUSDT,1,11,4341,-0.000131654655284,-1.15329478029,0.1578930848,-7.30427669932,0.463948398986,1.45479152269,-0.571512858588
mlp,LINKUSDT,0,0,4341,7.11891664147e-06,0.0623617097793,0.179823271327,0.346794434998,0.504261690855,1.4670582815,0.0309032171406
mlp,LINKUSDT,0,1,4341,9.18157774703e-06,0.080430621064,0.17558416221,0.458074464415,0.508638562543,1.47627274821,0.0398572289999
mlp,LINKUSDT,0,2,4341,-8.50567480887e-06,-0.0745097113257,0.168823551283,-0.441346664962,0.498272287491,1.47287491361,-0.0369231343453
mlp,LINKUSDT,0,3,4341,-1.99712084367e-05,-0.174947785905,0.175031469918,-0.99952189162,0.502418797512,1.46792213776,-0.0866950158236
mlp,LINKUSDT,0,4,4341,-1.86128891579e-06,-0.0163048909023,0.175145637321,-0.0930933316508,0.511633264225,1.45818935729,-0.00807985518344
mlp,LINKUSDT,0,5,4341,1.74172863082e-05,0.15257542806,0.182828149074,0.834529194943,0.505874222529,1.46129923981,0.0756084398638
mlp,LINKUSDT,0,6,4341,2.06724444777e-06,0.0181090613625,0.176962808009,0.1023325837,0.507486754204,1.46233586731,0.00897390814778
mlp,LINKUSDT,0,7,4341,2.85362480038e-05,0.249977532514,0.17256232084,1.44862175762,0.515779774246,1.46164478231,0.123875852585
mlp,LINKUSDT,0,8,4341,9.68269243466e-06,0.0848203857277,0.174587579459,0.485832875342,0.505183137526,1.46711587192,0.0420325678589
mlp,LINKUSDT,0,9,4341,3.19842395795e-05,0.280181938717,0.172086790808,1.62814320263,0.509790370882,1.45375489519,0.138843584015
mlp,LINKUSDT,0,10,4341,1.21282556734e-05,0.106243519699,0.169802379473,0.625689227849,0.511863625893,1.45749827229,0.0526487578783
mlp,LINKUSDT,0,11,4341,9.83072426002e-06,0.0861171445178,0.164011006581,0.525069300609,0.517161944252,1.45490670352,0.0426751740127
mlp,LINKUSDT,1,0,4341,-0.000139586911509,-1.22278134482,0.179762362207,-6.80221003889,0.462566228979,1.4670582815,-0.605946782859
mlp,LINKUSDT,1,1,4341,-0.000138445697074,-1.21278430637,0.175598705991,-6.9065674461,0.46463948399,1.47627274821,-0.600992771
mlp,LINKUSDT,1,2,4341,-0.00015579316617,-1.36474813565,0.168870739439,-8.08161402137,0.457728633955,1.47287491361,-0.676298134345
mlp,LINKUSDT,1,3,4341,-0.000166763422212,-1.46084757858,0.175088615773,-8.34347551455,0.460262612301,1.46792213776,-0.723920015824
mlp,LINKUSDT,1,4,4341,-0.000147680224645,-1.29367876789,0.17512877638,-7.38701425677,0.468555632343,1.45818935729,-0.641079855183
mlp,LINKUSDT,1,5,4341,-0.000128712637672,-1.12752270601,0.182876530668,-6.16548608995,0.461644782308,1.46129923981,-0.558741560136
mlp,LINKUSDT,1,6,4341,-0.000144166342283,-1.2628971584,0.176994699085,-7.13522588491,0.470168164018,1.46233586731,-0.625826091852
mlp,LINKUSDT,1,7,4341,-0.000117628230227,-1.03042329679,0.172554710912,-5.97157441453,0.475927205713,1.46164478231,-0.510624147415
mlp,LINKUSDT,1,8,4341,-0.000137028894757,-1.20037311807,0.174601367174,-6.87493538855,0.467864547339,1.46711587192,-0.594842432141
mlp,LINKUSDT,1,9,4341,-0.000113391249939,-0.993307349466,0.172142562097,-5.77026005287,0.462566228979,1.45375489519,-0.492231415985
mlp,LINKUSDT,1,10,4341,-0.000133621571555,-1.17052496682,0.16982657449,-6.89247233739,0.469477079014,1.45749827229,-0.580051242122
mlp,LINKUSDT,1,11,4341,-0.000135659946092,-1.18838112777,0.164005812841,-7.24596956159,0.46993780235,1.45490670352,-0.588899825987
mlp,LTCUSDT,0,0,4341,1.56791980717e-05,0.137349775108,0.178716501831,0.7685343754,0.507717115872,1.46849804193,0.0680633988292
mlp,LTCUSDT,0,1,4341,1.23492397239e-05,0.108179339981,0.176072270311,0.614403050466,0.51002073255,1.4741994932,0.0536080496415
mlp,LTCUSDT,0,2,4341,-8.38337819898e-06,-0.0734383930231,0.169359053089,-0.433625434741,0.499654457498,1.47160792444,-0.0363922447618
mlp,LTCUSDT,0,3,4341,-1.43262277053e-05,-0.125497754698,0.175701526993,-0.714266727477,0.501727712509,1.46406357982,-0.0621901544686
mlp,LTCUSDT,0,4,4341,-5.92534213178e-06,-0.0519059970744,0.175043084516,-0.29653269204,0.506334945865,1.45934116563,-0.0257219101941
mlp,LTCUSDT,0,5,4341,1.8413178993e-06,0.0161299447979,0.182808633797,0.0882340426865,0.507026030868,1.45605851186,0.00799316100087
mlp,LTCUSDT,0,6,4341,5.07489824083e-06,0.0444561085896,0.178894018668,0.248505282181,0.512324349228,1.4606081548,0.0220301332634
mlp,LTCUSDT,0,7,4341,1.73177694867e-05,0.151703660703,0.173868081942,0.872521621043,0.515088689242,1.46199032481,0.0751764373418
mlp,LTCUSDT,0,8,4341,1.79436965268e-05,0.157186781575,0.17424287727,0.902113096599,0.507486754204,1.46187514398,0.0778935866228
mlp,LTCUSDT,0,9,4341,2.8585097617e-05,0.250405455125,0.172552512673,1.45118405549,0.50794747754,1.45335176227,0.124087908755
mlp,LTCUSDT,0,10,4341,1.01090422681e-05,0.0885552102685,0.169205587324,0.52335866486,0.507717115872,1.45830453812,0.0438833524858
mlp,LTCUSDT,0,11,4341,4.33044819796e-06,0.0379347262141,0.163522302654,0.231985029555,0.517161944252,1.45778622437,0.0187984756273
mlp,LTCUSDT,1,0,4341,-0.000131170606121,-1.14905450962,0.17865804951,-6.43158543807,0.462105505644,1.46849804193,-0.569411601171
mlp,LTCUSDT,1,1,4341,-0.000135070709597,-1.18321941607,0.176052274537,-6.7208414045,0.465791292329,1.4741994932,-0.586341950358
mlp,LTCUSDT,1,2,4341,-0.000155544170643,-1.36256693483,0.169385698726,-8.04416751287,0.457037548952,1.47160792444,-0.675217244762
mlp,LTCUSDT,1,3,4341,-0.000160732585687,-1.40801745062,0.175747318808,-8.01160131588,0.459110803962,1.46406357982,-0.697740154469
mlp,LTCUSDT,1,4,4341,-0.000151859458695,-1.33028885817,0.175050495385,-7.59945783209,0.466252015665,1.45934116563,-0.659221910194
mlp,LTCUSDT,1,5,4341,-0.000143764533287,-1.25937731159,0.182855018662,-6.88729968043,0.462105505644,1.45605851186,-0.624081838999
mlp,LTCUSDT,1,6,4341,-0.000140985917239,-1.23503663502,0.178888976927,-6.90392810242,0.470628887353,1.4606081548,-0.612019866737
mlp,LTCUSDT,1,7,4341,-0.000128881262994,-1.12899986383,0.173874493274,-6.49318852105,0.479612992398,1.46199032481,-0.559473562658
mlp,LTCUSDT,1,8,4341,-0.000128243817871,-1.12341584455,0.174279385791,-6.44606267947,0.468785994011,1.46187514398,-0.556706413377
mlp,LTCUSDT,1,9,4341,-0.00011675007861,-1.02273068862,0.172627594708,-5.92449133264,0.466252015665,1.45335176227,-0.506812091245
mlp,LTCUSDT,1,10,4341,-0.000135721411544,-1.18891956513,0.169228395882,-7.02553232234,0.469246717346,1.45830453812,-0.589166647514
mlp,LTCUSDT,1,11,4341,-0.000141448174239,-1.23908600634,0.163528881432,-7.57716921615,0.468555632343,1.45778622437,-0.614026524373
mlp,NEARUSDT,0,0,4341,2.00610111103e-05,0.175734457326,0.165569471392,1.06139408339,0.504952775858,1.47195346694,0.0870848492297
mlp,NEARUSDT,0,1,4341,1.10944866165e-05,0.0971877027606,0.165535616756,0.587110524402,0.50794747754,1.4762151578,0.0481611664022
mlp,NEARUSDT,0,2,4341,-1.13096411069e-05,-0.0990724560966,0.156843075112,-0.631666116122,0.498963372495,1.47477539737,-0.0490951520451
mlp,NEARUSDT,0,3,4341,-2.85034204818e-05,-0.24968996342,0.163763601711,-1.52469755679,0.501036627505,1.4670582815,-0.123733348311
mlp,NEARUSDT,0,4,4341,7.31013017481e-06,0.0640367403313,0.162657560903,0.393690523672,0.511172540889,1.45888044229,0.0317332750888
mlp,NEARUSDT,0,5,4341,2.73936152501e-05,0.239968069591,0.172093081192,1.39440858359,0.510942179221,1.4572103202,0.118915683801
mlp,NEARUSDT,0,6,4341,1.29884909647e-05,0.113779180851,0.167422337335,0.679593790544,0.513706519235,1.46273900023,0.0563830392778
mlp,NEARUSDT,0,7,4341,2.60107197446e-05,0.227853904963,0.160934191516,1.41582035997,0.514858327574,1.46613683483,0.112912534411
mlp,NEARUSDT,0,8,4341,1.10284314875e-05,0.0966090598304,0.162403078067,0.594872098365,0.51002073255,1.46815249942,0.0478744210872
mlp,NEARUSDT,0,9,4341,4.74284557625e-05,0.415473272479,0.163114358865,2.5471287468,0.513476157567,1.45496429394,0.205886926465
mlp,NEARUSDT,0,10,4341,2.329040838e-05,0.204023977409,0.160438966708,1.27166100352,0.509329647547,1.45749827229,0.101103662778
mlp,NEARUSDT,0,11,4341,2.27780671024e-05,0.199535867817,0.154682741695,1.28996852287,0.515088689242,1.45951393688,0.0988795892913
mlp,NEARUSDT,1,0,4341,-0.000127134335584,-1.11369677972,0.165546597966,-6.72739152238,0.458880442294,1.47195346694,-0.55189015077
mlp,NEARUSDT,1,1,4341,-0.000136527029163,-1.19597677547,0.165537772404,-7.22479684307,0.461644782308,1.4762151578,-0.592663833598
mlp,NEARUSDT,1,2,4341,-0.000158787180844,-1.3909757042,0.156897513532,-8.86550508598,0.454503570606,1.47477539737,-0.689295152045
mlp,NEARUSDT,1,3,4341,-0.000175209248632,-1.53483301802,0.163827611123,-9.36858571941,0.456807187284,1.4670582815,-0.760583348311
mlp,NEARUSDT,1,4,4341,-0.000138577914055,-1.21394252712,0.162657231269,-7.46319433603,0.463948398986,1.45888044229,-0.601566724911
mlp,NEARUSDT,1,5,4341,-0.00011832741677,-1.03654817091,0.172105661974,-6.02274299996,0.463718037319,1.4572103202,-0.513659316199
mlp,NEARUSDT,1,6,4341,-0.000133285409058,-1.16758018335,0.167441212403,-6.97307530561,0.467173462336,1.46273900023,-0.578591960722
mlp,NEARUSDT,1,7,4341,-0.000120602963738,-1.05648196235,0.160923725286,-6.56511002634,0.473162865699,1.46613683483,-0.523537465589
mlp,NEARUSDT,1,8,4341,-0.000135786818455,-1.18949252967,0.162445476317,-7.32241091986,0.465791292329,1.46815249942,-0.589450578913
mlp,NEARUSDT,1,9,4341,-9.80679736317e-05,-0.859075449013,0.163188366722,-5.26431795518,0.464178760654,1.45496429394,-0.425713073535
mlp,NEARUSDT,1,10,4341,-0.000122459418849,-1.07274450912,0.160435323117,-6.6864608633,0.471780695692,1.45749827229,-0.531596337222
mlp,NEARUSDT,1,11,4341,-0.000123173326586,-1.07899834089,0.154690638089,-6.97520130645,0.462566228979,1.45951393688,-0.534695410709
mlp,SOLUSDT,0,0,4341,2.05365673328e-05,0.179900329836,0.178309586682,1.00892124301,0.502418797512,1.46849804193,0.0891492387919
mlp,SOLUSDT,0,1,4341,9.17260601675e-06,0.0803520287067,0.174097546304,0.461534527124,0.504031329187,1.47788527989,0.0398182827187
mlp,SOLUSDT,0,2,4341,-3.23808980724e-06,-0.0283656667114,0.16884266241,-0.168000588871,0.498963372495,1.47293250403,-0.0140565478532
mlp,SOLUSDT,0,3,4341,-2.67413697727e-05,-0.234254399209,0.173968901579,-1.34653031135,0.504492052522,1.46653996775,-0.116084286183
mlp,SOLUSDT,0,4,4341,-6.65354662401e-06,-0.0582850684263,0.174303648619,-0.334388114582,0.507717115872,1.45853489979,-0.0288830458948
mlp,SOLUSDT,0,5,4341,1.27362852068e-05,0.111569858411,0.181215455433,0.615675181482,0.507256392536,1.46481225524,0.0552882140825
mlp,SOLUSDT,0,6,4341,5.87212257893e-06,0.0514397937914,0.179238583565,0.286990628738,0.510711817554,1.46515779774,0.0254908841151
mlp,SOLUSDT,0,7,4341,2.67920718302e-05,0.234698549232,0.172788223915,1.35830176336,0.514627965906,1.46550334024,0.116304383815
mlp,SOLUSDT,0,8,4341,6.59950269926e-06,0.0578116436455,0.172230180959,0.335664999732,0.504492052522,1.47034093527,0.0286484412175
mlp,SOLUSDT,0,9,4341,3.44550967556e-05,0.301826647579,0.170934517326,1.76574428793,0.512785072564,1.45571296936,0.149569575016
mlp,SOLUSDT,0,10,4341,7.80995187546e-06,0.068415178429,0.170299198785,0.401735175016,0.508177839208,1.46440912232,0.0339030010914
mlp,SOLUSDT,0,11,4341,1.59767511534e-05,0.139956340103,0.162898703845,0.859161778457,0.513015434232,1.45784381479,0.0693550767567
mlp,SOLUSDT,1,0,4341,-0.00012631323686,-1.10650395489,0.178273087278,-6.20679190443,0.459571527298,1.46849804193,-0.548325761208
mlp,SOLUSDT,1,1,4341,-0.000138615921972,-1.21427547648,0.174100342263,-6.97457259815,0.460953697305,1.47788527989,-0.601731717281
mlp,SOLUSDT,1,2,4341,-0.00015053134021,-1.31865454024,0.168885386576,-7.80798485277,0.462105505644,1.47293250403,-0.653456547853
mlp,SOLUSDT,1,3,4341,-0.000173395366548,-1.51894341096,0.174012450726,-8.7289352263,0.460032250633,1.46653996775,-0.752709286183
mlp,SOLUSDT,1,4,4341,-0.000152507036603,-1.33596164064,0.174286424168,-7.66532245425,0.463948398986,1.45853489979,-0.662033045895
mlp,SOLUSDT,1,5,4341,-0.000133744940317,-1.17160567718,0.181257320465,-6.46377025862,0.466021653997,1.46481225524,-0.580586785917
mlp,SOLUSDT,1,6,4341,-0.000140643657195,-1.23203843703,0.179243910221,-6.87353023883,0.470398525685,1.46515779774,-0.610534115885
mlp,SOLUSDT,1,7,4341,-0.000119758262194,-1.04908237682,0.172790681643,-6.07140597424,0.480534439069,1.46550334024,-0.519870616185
mlp,SOLUSDT,1,8,4341,-0.000140434590828,-1.23020701565,0.172264642223,-7.14137851957,0.464869845658,1.47034093527,-0.609626558783
mlp,SOLUSDT,1,9,4341,-0.000111116200181,-0.973377913582,0.170987225752,-5.69269376296,0.465791292329,1.45571296936,-0.482355424984
mlp,SOLUSDT,1,10,4341,-0.000138630960357,-1.21440721273,0.170326068981,-7.12989632175,0.471319972357,1.46440912232,-0.601796998909
mlp,SOLUSDT,1,11,4341,-0.000129807630326,-1.13711484165,0.162875333929,-6.98150428441,0.463948398986,1.45784381479,-0.563494923243
mlp,TRXUSDT,0,0,4341,1.2333543806e-05,0.108041843741,0.172631514047,0.625852378907,0.503340244183,1.47609997696,0.053539913662
mlp,TRXUSDT,0,1,4341,5.67107493547e-06,0.0496786164347,0.168299183037,0.295180377814,0.505643860862,1.48076480074,0.0246181362949
mlp,TRXUSDT,0,2,4341,-1.66170718233e-05,-0.145565549172,0.16429101762,-0.886022567033,0.489748905782,1.47742455655,-0.0721347087848
mlp,TRXUSDT,0,3,4341,-1.71352388418e-05,-0.150104692254,0.167716768241,-0.894989176267,0.500345542502,1.47356599862,-0.0743840718123
mlp,TRXUSDT,0,4,4341,-9.6610162956e-06,-0.0846305027494,0.1679653461,-0.503856924745,0.510942179221,1.46383321815,-0.0419384717392
mlp,TRXUSDT,0,5,4341,5.5777304138e-06,0.0488609184249,0.173776523657,0.281170997075,0.509560009214,1.4606081548,0.0242129277263
mlp,TRXUSDT,0,6,4341,2.04365136767e-06,0.0179023859808,0.17511766608,0.102230610889,0.511402902557,1.46821008984,0.00887149058706
mlp,TRXUSDT,0,7,4341,1.62260272704e-05,0.142139998889,0.165997600553,0.856277430613,0.515779774246,1.46694310067,0.070437184381
mlp,TRXUSDT,0,8,4341,-1.41014124586e-07,-0.00123528373137,0.16725013954,-0.00738584574441,0.510481455886,1.46694310067,-0.000612142314828
mlp,TRXUSDT,0,9,4341,3.93678973834e-05,0.344862781079,0.164060385859,2.10204784825,0.517853029256,1.45433079935,0.170896042541
mlp,TRXUSDT,0,10,4341,1.38748264205e-05,0.121543479444,0.16552741649,0.734280048713,0.514167242571,1.46118405897,0.0602306214915
mlp,TRXUSDT,0,11,4341,1.4125207667e-05,0.123736819163,0.161270674709,0.767261744186,0.516240497581,1.46124164939,0.0613175264825
mlp,TRXUSDT,1,0,4341,-0.00013527645389,-1.18502173608,0.172601351974,-6.86565732267,0.454964293941,1.47609997696,-0.587235086338
mlp,TRXUSDT,1,1,4341,-0.000142405405138,-1.24747134901,0.168332273202,-7.41076755681,0.461644782308,1.48076480074,-0.618181863705
mlp,TRXUSDT,1,2,4341,-0.000164359527479,-1.43978946071,0.164324428854,-8.76187107879,0.449665975582,1.47742455655,-0.713484708785
mlp,TRXUSDT,1,3,4341,-0.000164491838704,-1.44094850704,0.167783695646,-8.58813188906,0.454733932274,1.47356599862,-0.714059071812
mlp,TRXUSDT,1,4,4341,-0.000156044338111,-1.36694840185,0.167987089314,-8.13722297012,0.465791292329,1.46383321815,-0.677388471739
mlp,TRXUSDT,1,5,4341,-0.000140483085067,-1.23063182518,0.173775516541,-7.0817330869,0.471550334024,1.4606081548,-0.609837072274
mlp,TRXUSDT,1,6,4341,-0.000144777357616,-1.26824965272,0.175146894813,-7.24106273238,0.469246717346,1.46821008984,-0.628478509413
mlp,TRXUSDT,1,7,4341,-0.000130468282796,-1.1429021573,0.165987190175,-6.88548409123,0.475005759042,1.46694310067,-0.566362815619
mlp,TRXUSDT,1,8,4341,-0.000146835324191,-1.28627743992,0.16729036296,-7.68889144096,0.466021653997,1.46694310067,-0.637412142315
mlp,TRXUSDT,1,9,4341,-0.000106065182552,-0.929130999156,0.164145365444,-5.66041567267,0.471550334024,1.45433079935,-0.460428957459
mlp,TRXUSDT,1,10,4341,-0.000132243579477,-1.15845375622,0.165550814845,-6.99757205847,0.46993780235,1.46118405897,-0.574069378508
mlp,TRXUSDT,1,11,4341,-0.000131998957272,-1.1563108657,0.161293416668,-7.16898984219,0.461644782308,1.46124164939,-0.573007473518
mlp,XLMUSDT,0,0,4341,2.69714249693e-05,0.236269682731,0.173179517194,1.36430500881,0.49942409583,1.46803731859,0.117082955792
mlp,XLMUSDT,0,1,4341,1.66337212728e-05,0.14571139835,0.17188454249,0.84772834275,0.507256392536,1.47506334946,0.0722069840452
mlp,XLMUSDT,0,2,4341,-2.05366906907e-06,-0.017990141045,0.162327242239,-0.11082638254,0.499884819166,1.47068647777,-0.00891497742881
mlp,XLMUSDT,0,3,4341,-1.1621298157e-05,-0.101802571855,0.169469984794,-0.600711518204,0.505183137526,1.46688551025,-0.0504480552995
mlp,XLMUSDT,0,4,4341,7.7534937773e-06,0.0679206054891,0.167512069203,0.405466936278,0.515549412578,1.46078092605,0.0336579164872
mlp,XLMUSDT,0,5,4341,3.05708339262e-05,0.267800505194,0.172854080916,1.54928656457,0.507486754204,1.45865008063,0.132707990074
mlp,XLMUSDT,0,6,4341,3.31098647899e-05,0.29004241556,0.17089855266,1.6971613337,0.513476157567,1.46348767565,0.143729923053
mlp,XLMUSDT,0,7,4341,3.45568400673e-05,0.30271791899,0.164413506052,1.84119861111,0.516931582585,1.46141442064,0.150011242732
mlp,XLMUSDT,0,8,4341,2.54810955299e-05,0.223214396842,0.166435458439,1.34114688622,0.511633264225,1.4670582815,0.110613435695
mlp,XLMUSDT,0,9,4341,5.30669749381e-05,0.464866700458,0.166091249476,2.79886328705,0.518083390924,1.45093296475,0.230363738206
mlp,XLMUSDT,0,10,4341,1.83294385782e-05,0.160565881945,0.16243031825,0.988521623768,0.510711817554,1.45761345312,0.0795680928681
mlp,XLMUSDT,0,11,4341,2.5848513854e-06,0.0226432981361,0.15694000158,0.144279966281,0.515779774246,1.45363971435,0.011220839864
mlp,XLMUSDT,1,0,4341,-0.00011983230689,-1.04973100835,0.173146043554,-6.06269127961,0.457498272287,1.46803731859,-0.520192044208
mlp,XLMUSDT,1,1,4341,-0.000130872613673,-1.14644409578,0.171891794155,-6.66956850042,0.46141442064,1.47506334946,-0.568118015955
mlp,XLMUSDT,1,2,4341,-0.000149122316846,-1.30631149557,0.162371063292,-8.04522350898,0.457498272287,1.47068647777,-0.647339977429
mlp,XLMUSDT,1,3,4341,-0.000158309849182,-1.38679427884,0.169542785051,-8.17961247022,0.462105505644,1.46688551025,-0.6872230553
mlp,XLMUSDT,1,4,4341,-0.000138324598828,-1.21172348573,0.167514168665,-7.23355818432,0.465330568993,1.46078092605,-0.600467083513
mlp,XLMUSDT,1,5,4341,-0.000115294174136,-1.00997696544,0.17288096879,-5.84203670599,0.463487675651,1.45865008063,-0.500492009926
mlp,XLMUSDT,1,6,4341,-0.000113238902775,-0.99197278831,0.170913151632,-5.8039582024,0.474314674038,1.46348767565,-0.491570076947
mlp,XLMUSDT,1,7,4341,-0.000111584601997,-0.977481113491,0.164424513081,-5.9448624489,0.477539737388,1.46141442064,-0.484388757268
mlp,XLMUSDT,1,8,4341,-0.00012122473262,-1.06192865775,0.16651799732,-6.37726056548,0.473162865699,1.4670582815,-0.526236564305
mlp,XLMUSDT,1,9,4341,-9.20263215374e-05,-0.806150576667,0.166168598794,-4.85140142311,0.474314674038,1.45093296475,-0.399486261794
mlp,XLMUSDT,1,10,4341,-0.000127431906734,-1.11630350299,0.16247045995,-6.87080902787,0.471780695692,1.45761345312,-0.553181907132
mlp,XLMUSDT,1,11,4341,-0.00014277912005,-1.25074509164,0.156932998114,-7.96993052238,0.467864547339,1.45363971435,-0.619804160136
mlp,XRPUSDT,0,0,4341,1.89604887239e-05,0.166093881221,0.176873052159,0.939057019673,0.508408200875,1.46930430776,0.0823074815504
mlp,XRPUSDT,0,1,4341,1.31329960314e-05,0.115045045235,0.174223188903,0.660331417189,0.512324349228,1.47650310988,0.0570103357724
mlp,XRPUSDT,0,2,4341,-8.89319381207e-06,-0.0779043777937,0.167842660367,-0.464151233206,0.500806265837,1.47425708362,-0.0386053543382
mlp,XRPUSDT,0,3,4341,-1.0118562699e-05,-0.088638609243,0.173465006269,-0.510988418642,0.504492052522,1.46763418567,-0.0439246806763
mlp,XRPUSDT,0,4,4341,-9.93532588708e-06,-0.0870334547708,0.173321172503,-0.502151315467,0.506565307533,1.4629693619,-0.0431292496758
mlp,XRPUSDT,0,5,4341,1.00547395019e-05,0.0880795180364,0.180927726035,0.486821561109,0.507486754204,1.46043538355,0.0436476241776
mlp,XRPUSDT,0,6,4341,1.56316193194e-05,0.136932985238,0.178607531872,0.766669713215,0.513936880903,1.46135683022,0.0678568594655
mlp,XRPUSDT,0,7,4341,2.89349851379e-05,0.253470469808,0.171545215737,1.47757236318,0.512554710896,1.46596406358,0.125606770484
mlp,XRPUSDT,0,8,4341,1.05732028407e-05,0.0926212568843,0.171976531576,0.538569164267,0.510481455886,1.46619442525,0.0458982735313
mlp,XRPUSDT,0,9,4341,3.15461341721e-05,0.276344135347,0.171490809805,1.61142241769,0.509560009214,1.45398525685,0.136941768441
mlp,XRPUSDT,0,10,4341,1.20742392666e-05,0.105770335975,0.16910151784,0.625484249499,0.504031329187,1.46285418106,0.0524142726564
mlp,XRPUSDT,0,11,4341,7.27240110438e-06,0.0637062336744,0.163642674013,0.389300859685,0.517161944252,1.45398525685,0.0315694931941
mlp,XRPUSDT,1,0,4341,-0.000127969942052,-1.12101669238,0.176824166066,-6.3397256004,0.462796590647,1.46930430776,-0.55551751845
mlp,XRPUSDT,1,1,4341,-0.000134517314957,-1.17837167902,0.174223472016,-6.76356443474,0.467864547339,1.47650310988,-0.583939664228
mlp,XRPUSDT,1,2,4341,-0.000156318902174,-1.36935358305,0.167881237525,-8.15668030112,0.457958995623,1.47425708362,-0.678580354338
mlp,XRPUSDT,1,3,4341,-0.000156881981266,-1.37428615589,0.173530069713,-7.91958510803,0.45934116563,1.46763418567,-0.681024680676
mlp,XRPUSDT,1,4,4341,-0.000156232262077,-1.36859461579,0.173289798352,-7.89772178634,0.469016355678,1.4629693619,-0.678204249676
mlp,XRPUSDT,1,5,4341,-0.000135988798853,-1.19126187796,0.180968984612,-6.58268531766,0.464178760654,1.46043538355,-0.590327375822
mlp,XRPUSDT,1,6,4341,-0.000130504063703,-1.14321559804,0.178627401266,-6.40000128724,0.47523612071,1.46135683022,-0.566518140534
mlp,XRPUSDT,1,7,4341,-0.00011766142122,-1.03071404989,0.171591887832,-6.00677609477,0.472932504031,1.46596406358,-0.510768229516
mlp,XRPUSDT,1,8,4341,-0.000136046239684,-1.19176505963,0.172023178884,-6.92793301089,0.469246717346,1.46619442525,-0.590576726469
mlp,XRPUSDT,1,9,4341,-0.000113852391513,-0.997346949656,0.17155963079,-5.81341277703,0.466712739,1.45398525685,-0.494233231559
mlp,XRPUSDT,1,10,4341,-0.00013421117884,-1.17568992664,0.169130881797,-6.9513616564,0.468555632343,1.46285418106,-0.582610727344
mlp,XRPUSDT,1,11,4341,-0.000138126124581,-1.20998485133,0.16363136194,-7.39457789134,0.466482377332,1.45398525685,-0.599605506806
momentum_12,ADAUSDT,0,0,4341,-9.90440543155e-05,-0.867625915804,0.217733022079,-3.98481547503,0.460723335637,1.54705137065,-0.429950239784
momentum_12,ADAUSDT,0,1,4341,-0.000129096401229,-1.13088447476,0.21830713638,-5.18024510566,0.453351762267,1.54895185441,-0.560407477734
momentum_12,ADAUSDT,0,2,4341,-9.20737086528e-05,-0.806565687799,0.217279049337,-3.71211900208,0.456807187284,1.54169546188,-0.399691969262
momentum_12,ADAUSDT,0,3,4341,-8.28000782647e-05,-0.725328685599,0.22453904079,-3.23030098929,0.472702142364,1.53818244644,-0.359435139747
momentum_12,ADAUSDT,0,4,4341,-8.32236697982e-05,-0.729039347433,0.216694844976,-3.36435944064,0.467864547339,1.53916148353,-0.361273950594
momentum_12,ADAUSDT,0,5,4341,-7.56671915931e-05,-0.662844598356,0.220755013469,-3.00262534444,0.462796590647,1.53288412808,-0.328471278706
momentum_12,ADAUSDT,0,6,4341,-8.3146575329e-05,-0.728363999882,0.22137352752,-3.2902037025,0.461644782308,1.53616678185,-0.360939283503
momentum_12,ADAUSDT,0,7,4341,-0.00011385974736,-0.997411386873,0.22193719496,-4.49411549538,0.467864547339,1.54083160562,-0.494265163289
momentum_12,ADAUSDT,0,8,4341,-8.65388510519e-05,-0.758080335215,0.221252486553,-3.42631329042,0.471319972357,1.5359940106,-0.375665152416
momentum_12,ADAUSDT,0,9,4341,-8.57879873958e-05,-0.751502769587,0.220512329983,-3.40798525708,0.455655378945,1.54526606773,-0.372405653285
momentum_12,ADAUSDT,0,10,4341,-0.000100418717656,-0.879667966663,0.215730152306,-4.07763104629,0.467864547339,1.54791522691,-0.435917653343
momentum_12,ADAUSDT,0,11,4341,-6.63938273484e-05,-0.581609927572,0.219093953294,-2.65461423663,0.466021653997,1.54330799355,-0.28821560452
momentum_12,ADAUSDT,1,0,4341,-0.000253749191381,-2.2228429165,0.217822323334,-10.2048444001,0.426169085464,1.54705137065,-1.10152523978
momentum_12,ADAUSDT,1,1,4341,-0.00028399158667,-2.48776629923,0.218370583385,-11.3924057933,0.417645703755,1.54895185441,-1.23280747773
momentum_12,ADAUSDT,1,2,4341,-0.00024624325484,-2.1570909124,0.217320529089,-9.92584971814,0.422022575443,1.54169546188,-1.06894196926
momentum_12,ADAUSDT,1,3,4341,-0.000236618322909,-2.07277650868,0.224617611193,-9.2280231175,0.432388850495,1.53818244644,-1.02716013975
momentum_12,ADAUSDT,1,4,4341,-0.000237139818151,-2.077344807,0.216755823635,-9.58380158912,0.430545957153,1.53916148353,-1.02942395059
momentum_12,ADAUSDT,1,5,4341,-0.000228955604401,-2.00565109455,0.220845296282,-9.08170166319,0.427781617139,1.53288412808,-0.993896278706
momentum_12,ADAUSDT,1,6,4341,-0.000236763253514,-2.07404610078,0.221440925226,-9.3661372606,0.423635107118,1.53616678185,-1.0277892835
momentum_12,ADAUSDT,1,7,4341,-0.000267942907922,-2.3471798734,0.221992254532,-10.573251208,0.429394148814,1.54083160562,-1.16314016329
momentum_12,ADAUSDT,1,8,4341,-0.000240138252112,-2.1036110885,0.221318627322,-9.5048984984,0.432388850495,1.5359940106,-1.04244015242
momentum_12,ADAUSDT,1,9,4341,-0.000240314594168,-2.10515584492,0.220651002328,-9.54065842757,0.421561852108,1.54526606773,-1.04320565329
momentum_12,ADAUSDT,1,10,4341,-0.000255210240346,-2.23564170543,0.215809873779,-10.3593114916,0.428472702142,1.54791522691,-1.10786765334
momentum_12,ADAUSDT,1,11,4341,-0.000220724626703,-1.93354772992,0.219218537037,-8.82018353036,0.427781617139,1.54330799355,-0.95816560452
momentum_12,APTUSDT,0,0,4341,-8.12518730348e-05,-0.711766407785,0.21152559204,-3.36491864139,0.465100207326,1.54175305229,-0.352714380844
momentum_12,APTUSDT,0,1,4341,-0.000119899370005,-1.05031848124,0.209307212382,-5.01807113711,0.457728633955,1.54710896107,-0.52048316519
momentum_12,APTUSDT,0,2,4341,-7.28503549127e-05,-0.638169109035,0.210207930671,-3.03589454022,0.460953697305,1.54204100438,-0.316243390676
momentum_12,APTUSDT,0,3,4341,-7.07457623393e-05,-0.619732878092,0.217061906931,-2.85509736303,0.465560930661,1.54060124395,-0.307107354315
momentum_12,APTUSDT,0,4,4341,-7.92758180822e-05,-0.6944561664,0.211161839901,-3.28873894415,0.465791292329,1.53927666436,-0.344136326295
momentum_12,APTUSDT,0,5,4341,-7.25669566958e-05,-0.635686540655,0.215033994366,-2.95621416758,0.460262612301,1.532596176,-0.315013159016
momentum_12,APTUSDT,0,6,4341,-7.0642551826e-05,-0.618828753996,0.215213963549,-2.87541172418,0.466943100668,1.53870076019,-0.306659317477
momentum_12,APTUSDT,0,7,4341,-0.000115193469588,-1.00909479359,0.215346022939,-4.68592259016,0.461644782308,1.54463257314,-0.500054851482
momentum_12,APTUSDT,0,8,4341,-9.01700368416e-05,-0.789889522732,0.2162863479,-3.65205446577,0.465560930661,1.53685786685,-0.391428129929
momentum_12,APTUSDT,0,9,4341,-9.03097858656e-05,-0.791113724182,0.214101901341,-3.69503362291,0.458880442294,1.54492052522,-0.392034780442
momentum_12,APTUSDT,0,10,4341,-0.000104864792846,-0.918615585328,0.210287561476,-4.36837813364,0.461875143976,1.55125547109,-0.455218065743
momentum_12,APTUSDT,0,11,4341,-6.6104259216e-05,-0.579073310732,0.211833881979,-2.73361987857,0.464409122322,1.54071642479,-0.286958589257
momentum_12,APTUSDT,1,0,4341,-0.000235427178264,-2.06234208159,0.2116219978,-9.74540502894,0.425247638793,1.54175305229,-1.02198938084
momentum_12,APTUSDT,1,1,4341,-0.000274610266112,-2.40558593114,0.209382479635,-11.488955214,0.421101128772,1.54710896107,-1.19208316519
momentum_12,APTUSDT,1,2,4341,-0.00022705445535,-1.98899702887,0.210276404615,-9.45896441643,0.420179682101,1.54204100438,-0.985643390676
momentum_12,APTUSDT,1,3,4341,-0.000224805886735,-1.9692995678,0.217149831263,-9.06885147613,0.428011978807,1.54060124395,-0.975882354315
momentum_12,APTUSDT,1,4,4341,-0.000233203484518,-2.04286252438,0.211217404188,-9.67184750818,0.429163787146,1.53927666436,-1.01233632629
momentum_12,APTUSDT,1,5,4341,-0.000225826574295,-1.97824079083,0.215166522273,-9.19399900101,0.42340474545,1.532596176,-0.980313159016
momentum_12,APTUSDT,1,6,4341,-0.000224512627845,-1.96673061993,0.215268844237,-9.13616007415,0.427090532135,1.53870076019,-0.974609317477
momentum_12,APTUSDT,1,7,4341,-0.000269656726902,-2.36219292766,0.215417684259,-10.9656407077,0.426399447132,1.54463257314,-1.17057985148
momentum_12,APTUSDT,1,8,4341,-0.000243855823527,-2.13617701409,0.216371846257,-9.87271242099,0.428011978807,1.53685786685,-1.05857812993
momentum_12,APTUSDT,1,9,4341,-0.000244801838388,-2.14446410428,0.214225988033,-10.0102892463,0.42133149044,1.54492052522,-1.06268478044
momentum_12,APTUSDT,1,10,4341,-0.000259990339955,-2.277515378,0.210350396363,-10.8272454789,0.418797512094,1.55125547109,-1.12861806574
momentum_12,APTUSDT,1,11,4341,-0.000220175901695,-1.92874089885,0.211911764585,-9.10162256742,0.42340474545,1.54071642479,-0.955783589257
momentum_12,ARBUSDT,0,0,4341,-9.8994965727e-05,-0.867195899769,0.212616829596,-4.07867947903,0.458880442294,1.54394148814,-0.429737146221
momentum_12,ARBUSDT,0,1,4341,-0.000139703319677,-1.22380108037,0.211873533731,-5.77609226985,0.451739230592,1.55258005068,-0.606452110718
momentum_12,ARBUSDT,0,2,4341,-9.1167865258e-05,-0.79863049966,0.211852223651,-3.76975273563,0.456576825616,1.54728173232,-0.395759703085
momentum_12,ARBUSDT,0,3,4341,-7.36624199426e-05,-0.645282798697,0.219689284079,-2.93725204396,0.468094909007,1.54117714812,-0.319768564971
momentum_12,ARBUSDT,0,4,4341,-9.87656224029e-05,-0.86518685225,0.209479809035,-4.13016823069,0.46141442064,1.5424441373,-0.428741566851
momentum_12,ARBUSDT,0,5,4341,-8.22599638419e-05,-0.720597283255,0.21552100464,-3.34351301145,0.464178760654,1.53541810643,-0.357090503038
momentum_12,ARBUSDT,0,6,4341,-9.3152504614e-05,-0.816015940419,0.217374766592,-3.75395890338,0.46141442064,1.54002533978,-0.404375022529
momentum_12,ARBUSDT,0,7,4341,-0.000127287005602,-1.11503416907,0.217487121945,-5.12689744156,0.462105505644,1.54359594563,-0.552552891318
momentum_12,ARBUSDT,0,8,4341,-9.15919986048e-05,-0.802345907778,0.217309547288,-3.69217973987,0.460492973969,1.53622437226,-0.397600865943
momentum_12,ARBUSDT,0,9,4341,-0.000102850658239,-0.900971766175,0.216428291703,-4.16291123072,0.453121400599,1.54543883898,-0.446474707416
momentum_12,ARBUSDT,0,10,4341,-0.00011740020181,-1.02842576786,0.210840541076,-4.87774202535,0.461644782308,1.54837595024,-0.509634276058
momentum_12,ARBUSDT,0,11,4341,-7.34585530602e-05,-0.643496924807,0.213181567171,-3.01853923558,0.463257313983,1.54238654688,-0.318883578834
momentum_12,ARBUSDT,1,0,4341,-0.000253389114541,-2.21968864338,0.212697252664,-10.4359065083,0.420870767104,1.54394148814,-1.09996214622
momentum_12,ARBUSDT,1,1,4341,-0.000294961324745,-2.58386120477,0.211940171001,-12.1914651317,0.413729555402,1.55258005068,-1.28042711072
momentum_12,ARBUSDT,1,2,4341,-0.00024589603849,-2.15404929717,0.211889827543,-10.1658929178,0.422483298779,1.54728173232,-1.06743470308
momentum_12,ARBUSDT,1,3,4341,-0.000227780134755,-1.99535398045,0.219781750317,-9.07879738683,0.43192812716,1.54117714812,-0.988793564971
momentum_12,ARBUSDT,1,4,4341,-0.000253010036132,-2.21636791652,0.209583747759,-10.5750943965,0.420870767104,1.5424441373,-1.09831656685
momentum_12,ARBUSDT,1,5,4341,-0.000235801774485,-2.06562354449,0.215629248315,-9.57951465597,0.425478000461,1.53541810643,-1.02361550304
momentum_12,ARBUSDT,1,6,4341,-0.000247155038592,-2.16507813807,0.217442319314,-9.95702283209,0.422713660447,1.54002533978,-1.07290002253
momentum_12,ARBUSDT,1,7,4341,-0.000281646600165,-2.46722421745,0.217549609627,-11.3409728553,0.424556553789,1.54359594563,-1.22262789132
momentum_12,ARBUSDT,1,8,4341,-0.000245214435831,-2.14807845788,0.21739668881,-9.88091617054,0.427551255471,1.53622437226,-1.06447586594
momentum_12,ARBUSDT,1,9,4341,-0.000257394542137,-2.25477618912,0.216515275904,-10.4139358283,0.417415342087,1.54543883898,-1.11734970742
momentum_12,ARBUSDT,1,10,4341,-0.000272237796834,-2.38480310027,0.210857931284,-11.3099995137,0.418336788758,1.54837595024,-1.18178427606
momentum_12,ARBUSDT,1,11,4341,-0.000227697207748,-1.99462753987,0.213248374862,-9.35354157407,0.422022575443,1.54238654688,-0.988433578834
momentum_12,ATOMUSDT,0,0,4341,-8.77600307217e-05,-0.768777869122,0.216156826307,-3.55657455865,0.463257313983,1.54359594563,-0.380966293363
momentum_12,ATOMUSDT,0,1,4341,-0.000115242225791,-1.00952189793,0.215530680945,-4.68388952097,0.450357060585,1.54970052983,-0.500266502157
momentum_12,ATOMUSDT,0,2,4341,-7.09900927075e-05,-0.621873212118,0.21320983908,-2.91671911016,0.458880442294,1.54365353605,-0.308167992443
momentum_12,ATOMUSDT,0,3,4341,-6.46157236685e-05,-0.566033739336,0.222741450061,-2.54121421577,0.466482377332,1.53996774937,-0.280496856445
momentum_12,ATOMUSDT,0,4,4341,-8.60351428098e-05,-0.753667851014,0.214776389111,-3.50908148766,0.470859249021,1.54215618521,-0.373478554937
momentum_12,ATOMUSDT,0,5,4341,-7.46590608448e-05,-0.654013373,0.220666163541,-2.96381358386,0.469707440682,1.53662750518,-0.324094983127
momentum_12,ATOMUSDT,0,6,4341,-8.32581694416e-05,-0.729341564308,0.220709940586,-3.304525217,0.466712739,1.54014052062,-0.361423713546
momentum_12,ATOMUSDT,0,7,4341,-0.000111616839233,-0.977763511679,0.221315803372,-4.4179561368,0.458880442294,1.54181064271,-0.48452869911
momentum_12,ATOMUSDT,0,8,4341,-7.47572602777e-05,-0.654873600033,0.219881935515,-2.97829650489,0.465560930661,1.53800967519,-0.324521266866
momentum_12,ATOMUSDT,0,9,4341,-8.17782652717e-05,-0.71637760378,0.217860188538,-3.28824467006,0.458650080627,1.54664823773,-0.354999449545
momentum_12,ATOMUSDT,0,10,4341,-9.17438822577e-05,-0.803676408577,0.213977728661,-3.75588811791,0.466021653997,1.54883667358,-0.398260192881
momentum_12,ATOMUSDT,0,11,4341,-5.69665524901e-05,-0.499026999813,0.216586601683,-2.30405295589,0.467864547339,1.54014052062,-0.247291804359
momentum_12,ATOMUSDT,1,0,4341,-0.000242119625285,-2.1209679175,0.216238532929,-9.80846423978,0.425708362129,1.54359594563,-1.05104129336
momentum_12,ATOMUSDT,1,1,4341,-0.000270212278774,-2.36705956206,0.21559338992,-10.9792770685,0.416954618751,1.54970052983,-1.17299150216
momentum_12,ATOMUSDT,1,2,4341,-0.000225355446313,-1.9741137097,0.213255944166,-9.25701610534,0.422713660447,1.54365353605,-0.978267992443
momentum_12,ATOMUSDT,1,3,4341,-0.000218612498605,-1.91504548778,0.222820654553,-8.59456001339,0.428011978807,1.53996774937,-0.948996856445
momentum_12,ATOMUSDT,1,4,4341,-0.000240250761331,-2.10459666926,0.214873960269,-9.79456359731,0.430776318821,1.54215618521,-1.04292855494
momentum_12,ATOMUSDT,1,5,4341,-0.000228321811363,-2.00009906754,0.220782238869,-9.05914840699,0.427551255471,1.53662750518,-0.991144983127
momentum_12,ATOMUSDT,1,6,4341,-0.000237272221503,-2.07850466037,0.220745466432,-9.41584302482,0.427320893803,1.54014052062,-1.02999871355
momentum_12,ATOMUSDT,1,7,4341,-0.000265797903504,-2.32838963469,0.22137052451,-10.5180653108,0.425478000461,1.54181064271,-1.15382869911
momentum_12,ATOMUSDT,1,8,4341,-0.000228558227797,-2.0021700755,0.219941714149,-9.10318482896,0.431006680488,1.53800967519,-0.992171266866
momentum_12,ATOMUSDT,1,9,4341,-0.000236443089045,-2.07124146003,0.21792210699,-9.50450364417,0.4266298088,1.54664823773,-1.02639944954
momentum_12,ATOMUSDT,1,10,4341,-0.000246627549615,-2.16045733463,0.214010393076,-10.0951047451,0.426860170468,1.54883667358,-1.07061019288
momentum_12,ATOMUSDT,1,11,4341,-0.000210980604552,-1.84819009587,0.216655960867,-8.53052964005,0.427320893803,1.54014052062,-0.915866804359
momentum_12,AVAXUSDT,0,0,4341,-9.88309394262e-05,-0.865759029374,0.216974981395,-3.99013298127,0.463487675651,1.54733932274,-0.429025108049
momentum_12,AVAXUSDT,0,1,4341,-0.00012490205296,-1.09414198393,0.217269258433,-5.03588032574,0.453582123935,1.54912462566,-0.542199811899
momentum_12,AVAXUSDT,0,2,4341,-8.6595436287e-05,-0.758576021874,0.216812105705,-3.49877152573,0.464178760654,1.54330799355,-0.375910788922
momentum_12,AVAXUSDT,0,3,4341,-8.36799696336e-05,-0.733036533991,0.223734254334,-3.27637149784,0.47201105736,1.54209859479,-0.36325474818
momentum_12,AVAXUSDT,0,4,4341,-9.25854870115e-05,-0.811048866221,0.214654639753,-3.77838963627,0.465100207326,1.54106196729,-0.401913599117
momentum_12,AVAXUSDT,0,5,4341,-7.96150708351e-05,-0.697428020516,0.220659648261,-3.16065046786,0.469016355678,1.53472702142,-0.345609022495
momentum_12,AVAXUSDT,0,6,4341,-8.05762959004e-05,-0.705848352088,0.222566086117,-3.17141018384,0.463948398986,1.53852798894,-0.349781700504
momentum_12,AVAXUSDT,0,7,4341,-0.000121800681074,-1.06697396621,0.221765316325,-4.81127519799,0.462796590647,1.54388389772,-0.528736756543
momentum_12,AVAXUSDT,0,8,4341,-8.68960709201e-05,-0.76120958126,0.222319508599,-3.42394415162,0.464178760654,1.53777931352,-0.377215843864
momentum_12,AVAXUSDT,0,9,4341,-9.4630644065e-05,-0.82896444201,0.221231152962,-3.74705113141,0.45404284727,1.54791522691,-0.410791625886
momentum_12,AVAXUSDT,0,10,4341,-0.000104616361526,-0.916439326965,0.216163028132,-4.23957480094,0.463948398986,1.55004607233,-0.454139625383
momentum_12,AVAXUSDT,0,11,4341,-7.81708988349e-05,-0.684777073794,0.219079369079,-3.12570314892,0.460953697305,1.54733932274,-0.339339871842
momentum_12,AVAXUSDT,1,0,4341,-0.0002535648717,-2.22122827609,0.217029026397,-10.2347059882,0.428242340475,1.54733932274,-1.10072510805
momentum_12,AVAXUSDT,1,1,4341,-0.000279814515526,-2.45117515601,0.217320081285,-11.2791010454,0.416493895416,1.54912462566,-1.2146748119
momentum_12,AVAXUSDT,1,2,4341,-0.000240926235642,-2.11051382422,0.216827448598,-9.7336100105,0.425938723796,1.54330799355,-1.04586078892
momentum_12,AVAXUSDT,1,3,4341,-0.000237889829113,-2.08391490303,0.223800310023,-9.31149247657,0.430085233817,1.54209859479,-1.03267974818
momentum_12,AVAXUSDT,1,4,4341,-0.00024669168374,-2.16101914957,0.214730781735,-10.0638535943,0.426169085464,1.54106196729,-1.07088859912
momentum_12,AVAXUSDT,1,5,4341,-0.000233087772977,-2.04184889128,0.220744575918,-9.24982588038,0.431467403824,1.53472702142,-1.0118340225
momentum_12,AVAXUSDT,1,6,4341,-0.000234429094795,-2.0535988704,0.222615870339,-9.22485385822,0.425478000461,1.53852798894,-1.0176567005
momentum_12,AVAXUSDT,1,7,4341,-0.000276189070846,-2.41941626061,0.221785278158,-10.9088226266,0.430085233817,1.54388389772,-1.19893675654
momentum_12,AVAXUSDT,1,8,4341,-0.000240674002272,-2.10830425991,0.222361549313,-9.48142458273,0.432388850495,1.53777931352,-1.04476584386
momentum_12,AVAXUSDT,1,9,4341,-0.000249422166756,-2.18493818078,0.221360939984,-9.87047751487,0.421561852108,1.54791522691,-1.08274162589
momentum_12,AVAXUSDT,1,10,4341,-0.000259620968759,-2.27427968633,0.216204050025,-10.5191354467,0.425017277125,1.55004607233,-1.12701462538
momentum_12,AVAXUSDT,1,11,4341,-0.000232904831109,-2.04024632051,0.219147592122,-9.30991894895,0.425938723796,1.54733932274,-1.01103987184
momentum_12,BCHUSDT,0,0,4341,-8.58717514618e-05,-0.752236542805,0.213765140935,-3.51898602137,0.467634185672,1.54670582815,-0.372769273096
momentum_12,BCHUSDT,0,1,4341,-0.000106936530765,-0.936764009499,0.211004140971,-4.43955272721,0.450587422253,1.54854872149,-0.46421148005
momentum_12,BCHUSDT,0,2,4341,-6.99900803848e-05,-0.613113104171,0.210744389013,-2.90927368004,0.460953697305,1.54261690855,-0.30382693895
momentum_12,BCHUSDT,0,3,4341,-6.07057776666e-05,-0.531782612359,0.220996112366,-2.40629849396,0.479612992398,1.5427896798,-0.263523780851
momentum_12,BCHUSDT,0,4,4341,-7.14448752858e-05,-0.625857107503,0.210953696243,-2.96679849014,0.467403824004,1.54117714812,-0.310142203616
momentum_12,BCHUSDT,0,5,4341,-5.9934727523e-05,-0.525028213102,0.214698983644,-2.44541545652,0.465791292329,1.53800967519,-0.260176652178
momentum_12,BCHUSDT,0,6,4341,-8.51727042561e-05,-0.746112889284,0.216381760477,-3.44813207748,0.462796590647,1.53812485602,-0.369734709176
momentum_12,BCHUSDT,0,7,4341,-0.000118228981567,-1.03568587853,0.216427524777,-4.78537043565,0.460723335637,1.54503570606,-0.513232008982
momentum_12,BCHUSDT,0,8,4341,-9.01558430461e-05,-0.789765185084,0.217720922454,-3.62741980045,0.460953697305,1.54071642479,-0.391366514663
momentum_12,BCHUSDT,0,9,4341,-9.35222061805e-05,-0.819254526142,0.215501607301,-3.80161677865,0.452660677263,1.54970052983,-0.40597989703
momentum_12,BCHUSDT,0,10,4341,-9.21626648614e-05,-0.807344944186,0.211660608857,-3.81433724747,0.463487675651,1.54918221608,-0.400078128163
momentum_12,BCHUSDT,0,11,4341,-6.73139991746e-05,-0.589670632769,0.214710121701,-2.74635693976,0.466482377332,1.54359594563,-0.292210070417
momentum_12,BCHUSDT,1,0,4341,-0.000240542334277,-2.10715084826,0.213887277968,-9.85168855427,0.428242340475,1.54670582815,-1.0441942731
momentum_12,BCHUSDT,1,1,4341,-0.000261791402914,-2.29329268953,0.211100691393,-10.8635015565,0.412117023727,1.54854872149,-1.13643648005
momentum_12,BCHUSDT,1,2,4341,-0.000224251771239,-1.96444551606,0.210810978124,-9.31851620601,0.420640405437,1.54261690855,-0.97347693895
momentum_12,BCHUSDT,1,3,4341,-0.000214984745646,-1.88326637186,0.221088625069,-8.51815135796,0.435383552177,1.5427896798,-0.933248780851
momentum_12,BCHUSDT,1,4,4341,-0.000225562590098,-1.97592828926,0.211008022765,-9.36423299631,0.430776318821,1.54117714812,-0.979167203616
momentum_12,BCHUSDT,1,5,4341,-0.000213735695042,-1.87232468857,0.214832326674,-8.71528376365,0.428242340475,1.53800967519,-0.927826652178
momentum_12,BCHUSDT,1,6,4341,-0.000238985189859,-2.09351026316,0.216442158492,-9.67237749683,0.425938723796,1.53812485602,-1.03743470918
momentum_12,BCHUSDT,1,7,4341,-0.000272732552173,-2.38913715703,0.216453029691,-11.037670207,0.426169085464,1.54503570606,-1.18393200898
momentum_12,BCHUSDT,1,8,4341,-0.000244227485525,-2.1394327732,0.217791985858,-9.82328511661,0.42870306381,1.54071642479,-1.06019151466
momentum_12,BCHUSDT,1,9,4341,-0.000248492259164,-2.17679219027,0.215634634375,-10.0948170807,0.420179682101,1.54970052983,-1.07870489703
momentum_12,BCHUSDT,1,10,4341,-0.000247080886469,-2.16442856547,0.211700586728,-10.2240083456,0.425708362129,1.54918221608,-1.07257812816
momentum_12,BCHUSDT,1,11,4341,-0.000221673593738,-1.94186068115,0.214836706502,-9.03877513652,0.426860170468,1.54359594563,-0.962285070417
momentum_12,BNBUSDT,0,0,4341,-0.000100834408417,-0.883309417737,0.215241346374,-4.10380920124,0.461644782308,1.54612992398,-0.43772216694
momentum_12,BNBUSDT,0,1,4341,-0.000128961478984,-1.1297025559,0.214475071076,-5.26729074027,0.450817783921,1.54745450357,-0.559821780268
momentum_12,BNBUSDT,0,2,4341,-8.74776670005e-05,-0.766304362925,0.213425322387,-3.59050348081,0.460032250633,1.5438263073,-0.379740552449
momentum_12,BNBUSDT,0,3,4341,-8.57762490565e-05,-0.751399941735,0.221296166322,-3.39544942971,0.468785994011,1.54359594563,-0.372354697154
momentum_12,BNBUSDT,0,4,4341,-8.99256171749e-05,-0.787748406452,0.213248659906,-3.69403684318,0.470398525685,1.54019811103,-0.390367104156
momentum_12,BNBUSDT,0,5,4341,-8.71422603074e-05,-0.763366200293,0.218876696201,-3.48765406981,0.460723335637,1.53697304768,-0.378284551995
momentum_12,BNBUSDT,0,6,4341,-9.76466577993e-05,-0.855384722322,0.218108146337,-3.92183756859,0.459110803962,1.53818244644,-0.423884141507
momentum_12,BNBUSDT,0,7,4341,-0.000129179421706,-1.13161173415,0.219307916157,-5.15992196715,0.46141442064,1.54325040313,-0.560767869628
momentum_12,BNBUSDT,0,8,4341,-7.98786566411e-05,-0.699737032176,0.218791956379,-3.19818444771,0.468555632343,1.53674268602,-0.346753248479
momentum_12,BNBUSDT,0,9,4341,-8.99950442714e-05,-0.788356587818,0.217048410364,-3.63216936947,0.453351762267,1.54336558397,-0.390668487182
momentum_12,BNBUSDT,0,10,4341,-0.000107035222081,-0.937628545426,0.212815078327,-4.40583699612,0.462105505644,1.549585349,-0.464639899052
momentum_12,BNBUSDT,0,11,4341,-7.17794932315e-05,-0.628788360708,0.216671366075,-2.90203718238,0.460953697305,1.54198341396,-0.311594780118
momentum_12,BNBUSDT,1,0,4341,-0.000255447400816,-2.23771923114,0.215317994412,-10.3926252762,0.422483298779,1.54612992398,-1.10889716694
momentum_12,BNBUSDT,1,1,4341,-0.000283706929341,-2.48527270102,0.214555131538,-11.5833757189,0.414651002073,1.54745450357,-1.23157178027
momentum_12,BNBUSDT,1,2,4341,-0.000241860297731,-2.11869620812,0.213457450486,-9.92561376189,0.418797512094,1.5438263073,-1.04991555245
momentum_12,BNBUSDT,1,3,4341,-0.00024013584362,-2.10358999011,0.221380256119,-9.50215717964,0.428011978807,1.54359594563,-1.04242969715
momentum_12,BNBUSDT,1,4,4341,-0.000243945428278,-2.13696195172,0.213321735168,-10.017553767,0.431697765492,1.54019811103,-1.05896710416
momentum_12,BNBUSDT,1,5,4341,-0.000240839565076,-2.10975459007,0.219019884192,-9.6327079975,0.423865468786,1.53697304768,-1.04548455199
momentum_12,BNBUSDT,1,6,4341,-0.000251464902443,-2.2028325454,0.218190282141,-10.0959241804,0.419949320433,1.53818244644,-1.09160914151
momentum_12,BNBUSDT,1,7,4341,-0.00028350446202,-2.48349908729,0.219356096555,-11.3217691521,0.428011978807,1.54325040313,-1.23069286963
momentum_12,BNBUSDT,1,8,4341,-0.000233552925243,-2.04592362513,0.218871343224,-9.34760848536,0.431467403824,1.53674268602,-1.01385324848
momentum_12,BNBUSDT,1,9,4341,-0.000244331602668,-2.14034483937,0.217189302575,-9.854743369,0.421101128772,1.54336558397,-1.06064348718
momentum_12,BNBUSDT,1,10,4341,-0.00026199375698,-2.29506531115,0.212866731023,-10.781700363,0.421792213776,1.549585349,-1.13731489905
momentum_12,BNBUSDT,1,11,4341,-0.000225977834628,-1.97956583134,0.216738613815,-9.13342480369,0.422944022115,1.54198341396,-0.980969780118
momentum_12,BTCUSDT,0,0,4341,-9.63716816523e-05,-0.844215931274,0.215759029903,-3.91277218689,0.466021653997,1.54572679106,-0.418349470052
momentum_12,BTCUSDT,0,1,4341,-0.00011296884197,-0.98960705566,0.215415107542,-4.59395381759,0.454503570606,1.54785763649,-0.490397742993
momentum_12,BTCUSDT,0,2,4341,-8.80623393108e-05,-0.771426092363,0.214220052932,-3.60109187634,0.460723335637,1.54238654688,-0.382278614948
momentum_12,BTCUSDT,0,3,4341,-8.39744087184e-05,-0.735615820373,0.220835774132,-3.3310536903,0.469707440682,1.5427896798,-0.364532908246
momentum_12,BTCUSDT,0,4,4341,-8.63048783896e-05,-0.756030734693,0.211815881437,-3.56928257487,0.464178760654,1.53875835061,-0.374649477089
momentum_12,BTCUSDT,0,5,4341,-7.32045199278e-05,-0.641271594568,0.217227965129,-2.95206740157,0.468325270675,1.53559087768,-0.317780821007
momentum_12,BTCUSDT,0,6,4341,-8.48227190066e-05,-0.743047018498,0.217744345818,-3.41247445809,0.458650080627,1.54014052062,-0.368215423208
momentum_12,BTCUSDT,0,7,4341,-0.000127840653075,-1.11988412094,0.218749590436,-5.11947985232,0.460262612301,1.54290486063,-0.554956275
momentum_12,BTCUSDT,0,8,4341,-8.16383585738e-05,-0.715152021107,0.218323807709,-3.27564835284,0.469246717346,1.53524533518,-0.354392114569
momentum_12,BTCUSDT,0,9,4341,-9.40266635716e-05,-0.823673572887,0.217457280723,-3.78774888634,0.454503570606,1.54486293481,-0.408169746564
momentum_12,BTCUSDT,0,10,4341,-0.000105032336785,-0.920083270238,0.213929225906,-4.30087692012,0.462105505644,1.54975812025,-0.455945373984
momentum_12,BTCUSDT,0,11,4341,-7.05814572448e-05,-0.618293565464,0.216309024918,-2.8583808082,0.461875143976,1.54134991937,-0.3063941059
momentum_12,BTCUSDT,1,0,4341,-0.000250944360758,-2.19827260024,0.215833049229,-10.1850602033,0.429394148814,1.54572679106,-1.08934947005
momentum_12,BTCUSDT,1,1,4341,-0.000267754605619,-2.34553034522,0.215511183627,-10.8835667168,0.419027873762,1.54785763649,-1.16232274299
momentum_12,BTCUSDT,1,2,4341,-0.000242300993999,-2.12255670743,0.214264222581,-9.90625817908,0.423865468786,1.54238654688,-1.05182861495
momentum_12,BTCUSDT,1,3,4341,-0.000238253376698,-2.08709957988,0.220929754817,-9.44689221063,0.428242340475,1.5427896798,-1.03425790825
momentum_12,BTCUSDT,1,4,4341,-0.000240180713451,-2.10398304983,0.21189170724,-9.92952049533,0.428242340475,1.53875835061,-1.04262447709
momentum_12,BTCUSDT,1,5,4341,-0.000226763607696,-1.98644920341,0.217359420682,-9.13900670688,0.428933425478,1.53559087768,-0.984380821007
momentum_12,BTCUSDT,1,6,4341,-0.000238836771068,-2.09221011456,0.217804945851,-9.60588891307,0.420179682101,1.54014052062,-1.03679042321
momentum_12,BTCUSDT,1,7,4341,-0.000282131139138,-2.47146877885,0.218810707918,-11.2950083768,0.424095830454,1.54290486063,-1.224731275
momentum_12,BTCUSDT,1,8,4341,-0.000235162892091,-2.06002693472,0.218370612225,-9.433627143,0.431697765492,1.53524533518,-1.02084211457
momentum_12,BTCUSDT,1,9,4341,-0.000248512957052,-2.17697350378,0.217590092858,-10.0049293384,0.419949320433,1.54486293481,-1.07879474656
momentum_12,BTCUSDT,1,10,4341,-0.00026000814881,-2.27767138358,0.213982284711,-10.644205368,0.424095830454,1.54975812025,-1.12869537398
momentum_12,BTCUSDT,1,11,4341,-0.000224716449182,-1.96851609484,0.216397516416,-9.09675918392,0.421561852108,1.54134991937,-0.9754941059
momentum_12,DOGEUSDT,0,0,4341,-0.000101006095378,-0.884813395514,0.218020609782,-4.05839336197,0.462796590647,1.54780004607,-0.438467460037
momentum_12,DOGEUSDT,0,1,4341,-0.000122103886933,-1.06963004954,0.21763261617,-4.91484258362,0.452430315595,1.55154342317,-0.530052973178
momentum_12,DOGEUSDT,0,2,4341,-8.97282711399e-05,-0.786019655185,0.216398106992,-3.632285264,0.45934116563,1.54192582354,-0.389510425018
momentum_12,DOGEUSDT,0,3,4341,-8.39270207976e-05,-0.735200702187,0.224629456974,-3.27294875788,0.472932504031,1.54204100438,-0.364327197282
momentum_12,DOGEUSDT,0,4,4341,-8.22916449466e-05,-0.720874809733,0.216194265486,-3.33438450883,0.463026952315,1.54083160562,-0.357228030713
momentum_12,DOGEUSDT,0,5,4341,-8.12904810141e-05,-0.712104613684,0.220884078646,-3.22388384917,0.463257313983,1.53507256393,-0.352881978082
momentum_12,DOGEUSDT,0,6,4341,-9.42589232022e-05,-0.825708167251,0.221589259461,-3.72630049515,0.459571527298,1.54025570145,-0.409177985621
momentum_12,DOGEUSDT,0,7,4341,-0.000126588754018,-1.1089174852,0.220587502821,-5.02710929233,0.459571527298,1.54376871689,-0.549521781194
momentum_12,DOGEUSDT,0,8,4341,-8.53637114262e-05,-0.747786112093,0.220588306514,-3.38996261365,0.468785994011,1.53789449436,-0.370563871301
momentum_12,DOGEUSDT,0,9,4341,-9.55684422813e-05,-0.837179554385,0.219724935111,-3.81012539138,0.449665975582,1.54808799816,-0.414862607943
momentum_12,DOGEUSDT,0,10,4341,-0.000113883621705,-0.997620526135,0.215885729068,-4.62105823502,0.460953697305,1.54900944483,-0.494368801821
momentum_12,DOGEUSDT,0,11,4341,-6.59169312695e-05,-0.577432317921,0.217892255867,-2.65008187475,0.461875143976,1.54371112647,-0.286145398641
momentum_12,DOGEUSDT,1,0,4341,-0.000255786099986,-2.24068623587,0.218117857684,-10.272823416,0.424326192122,1.54780004607,-1.11036746004
momentum_12,DOGEUSDT,1,1,4341,-0.000277258229251,-2.42878208824,0.217685088646,-11.1573195176,0.414190278738,1.55154342317,-1.20357797318
momentum_12,DOGEUSDT,1,2,4341,-0.000243920853494,-2.13674667661,0.21642873059,-9.87274966122,0.423174383783,1.54192582354,-1.05886042502
momentum_12,DOGEUSDT,1,3,4341,-0.000238131121235,-2.08602862202,0.224702023439,-9.28353287655,0.430776318821,1.54204100438,-1.03372719728
momentum_12,DOGEUSDT,1,4,4341,-0.000236374805509,-2.07064329626,0.216243158882,-9.57553203977,0.427551255471,1.54083160562,-1.02610303071
momentum_12,DOGEUSDT,1,5,4341,-0.000234797737407,-2.05682817968,0.221001752254,-9.30684104858,0.425017277125,1.53507256393,-1.01925697808
momentum_12,DOGEUSDT,1,6,4341,-0.000248284493347,-2.17497216172,0.221666072127,-9.81193080589,0.422713660447,1.54025570145,-1.07780298562
momentum_12,DOGEUSDT,1,7,4341,-0.000280965625707,-2.46125888119,0.220627132591,-11.1557397873,0.426860170468,1.54376871689,-1.21967178119
momentum_12,DOGEUSDT,1,8,4341,-0.000239153160862,-2.09498168915,0.220647132765,-9.49471521745,0.433771020502,1.53789449436,-1.0381638713
momentum_12,DOGEUSDT,1,9,4341,-0.000250377242097,-2.19330464077,0.219851292649,-9.97630996089,0.41603317208,1.54808799816,-1.08688760794
momentum_12,DOGEUSDT,1,10,4341,-0.000268784566188,-2.35455279981,0.215944997785,-10.9034838684,0.424095830454,1.54900944483,-1.16679380182
momentum_12,DOGEUSDT,1,11,4341,-0.000220288043916,-1.92972326471,0.217995891204,-8.852108423,0.429624510481,1.54371112647,-0.956270398641
momentum_12,DOTUSDT,0,0,4341,-8.39952827082e-05,-0.735798676524,0.214109113286,-3.43655935626,0.464178760654,1.53979497812,-0.364623522236
momentum_12,DOTUSDT,0,1,4341,-0.00012926826596,-1.13239000981,0.215415373469,-5.25677434982,0.452199953928,1.54624510481,-0.561153542532
momentum_12,DOTUSDT,0,2,4341,-8.99267649684e-05,-0.787758461123,0.213094355586,-3.69675892615,0.462796590647,1.5400829302,-0.390372086728
momentum_12,DOTUSDT,0,3,4341,-8.35979923829e-05,-0.732318413274,0.222083142818,-3.29749662213,0.468094909007,1.53726099977,-0.362898884934
momentum_12,DOTUSDT,0,4,4341,-8.5836954024e-05,-0.75193171725,0.212108898815,-3.54502673604,0.463487675651,1.53847039853,-0.372618217418
momentum_12,DOTUSDT,0,5,4341,-6.81947629033e-05,-0.597386123033,0.21829194761,-2.73663838531,0.468785994011,1.52775858097,-0.296033465763
momentum_12,DOTUSDT,0,6,4341,-8.44403082028e-05,-0.739697099856,0.217622783446,-3.39898740446,0.458650080627,1.53651232435,-0.366555377908
momentum_12,DOTUSDT,0,7,4341,-0.000128781053246,-1.12812202643,0.218366824098,-5.16617865872,0.457728633955,1.54106196729,-0.559038552139
momentum_12,DOTUSDT,0,8,4341,-9.7019824493e-05,-0.849893662559,0.219656262652,-3.86919841163,0.468555632343,1.53777931352,-0.421163058124
momentum_12,DOTUSDT,0,9,4341,-8.09938382525e-05,-0.709506023092,0.216432229436,-3.27819024432,0.459571527298,1.54394148814,-0.351594251854
momentum_12,DOTUSDT,0,10,4341,-9.83767572374e-05,-0.8617803934,0.213650932881,-4.03359059461,0.463026952315,1.54636028565,-0.427053503168
momentum_12,DOTUSDT,0,11,4341,-6.34591476426e-05,-0.555902133349,0.215602851602,-2.57836169243,0.468325270675,1.53893112186,-0.275476159917
momentum_12,DOTUSDT,1,0,4341,-0.00023797478052,-2.08465907735,0.214171501648,-9.73359695996,0.427781617139,1.53979497812,-1.03304852224
momentum_12,DOTUSDT,1,1,4341,-0.000283892776441,-2.48690072163,0.215453286823,-11.5426446182,0.414420640405,1.54624510481,-1.23237854253
momentum_12,DOTUSDT,1,2,4341,-0.000243935057988,-2.13687110798,0.213091990457,-10.0279278606,0.422252937111,1.5400829302,-1.05892208673
momentum_12,DOTUSDT,1,3,4341,-0.00023732409236,-2.07895904907,0.222135547864,-9.35896604151,0.430545957153,1.53726099977,-1.03022388493
momentum_12,DOTUSDT,1,4,4341,-0.000239683993877,-2.09963178636,0.212156894162,-9.8965993759,0.426399447132,1.53847039853,-1.04046821742
momentum_12,DOTUSDT,1,5,4341,-0.000220970621001,-1.93570263996,0.218397886172,-8.86319311004,0.431467403824,1.52775858097,-0.959233465763
momentum_12,DOTUSDT,1,6,4341,-0.000238091540638,-2.08568189599,0.217672898208,-9.58172520857,0.418106427091,1.53651232435,-1.03355537791
momentum_12,DOTUSDT,1,7,4341,-0.000282887249974,-2.47809230978,0.218388714791,-11.3471628429,0.421101128772,1.54106196729,-1.22801355214
momentum_12,DOTUSDT,1,8,4341,-0.000250797755845,-2.1969883412,0.219731896486,-9.99849533155,0.431006680488,1.53777931352,-1.08871305812
momentum_12,DOTUSDT,1,9,4341,-0.000235387987066,-2.0619987667,0.216532740932,-9.52280360847,0.429394148814,1.54394148814,-1.02181925185
momentum_12,DOTUSDT,1,10,4341,-0.000253012785802,-2.21639200363,0.21367025999,-10.3729550558,0.423174383783,1.54636028565,-1.09832850317
momentum_12,DOTUSDT,1,11,4341,-0.000217352259829,-1.9040057961,0.215698391835,-8.82716732331,0.428472702142,1.53893112186,-0.943526159917
momentum_12,ETCUSDT,0,0,4341,-9.20808554582e-05,-0.806628293814,0.218589657123,-3.69014849298,0.465560930661,1.54457498272,-0.399722993544
momentum_12,ETCUSDT,0,1,4341,-0.000121995409934,-1.06867979102,0.217381053947,-4.91615884464,0.453582123935,1.54900944483,-0.529582074522
momentum_12,ETCUSDT,0,2,4341,-8.98750144156e-05,-0.78730512628,0.216253009413,-3.64066668213,0.456116102281,1.54250172771,-0.390147437578
momentum_12,ETCUSDT,0,3,4341,-8.45636220049e-05,-0.740777328763,0.223301502121,-3.31738623219,0.472241419028,1.54255931813,-0.367090683123
momentum_12,ETCUSDT,0,4,4341,-9.35604290789e-05,-0.819589358731,0.214781286943,-3.81592535549,0.464178760654,1.54543883898,-0.406145822632
momentum_12,ETCUSDT,0,5,4341,-7.55822259866e-05,-0.662100299642,0.22175806871,-2.98568752647,0.463487675651,1.53484220226,-0.328102443008
momentum_12,ETCUSDT,0,6,4341,-8.75034408708e-05,-0.766530142028,0.222622449103,-3.44318439186,0.460262612301,1.53829762727,-0.37985243682
momentum_12,ETCUSDT,0,7,4341,-0.000120337433165,-1.05415591452,0.222667420947,-4.73421711196,0.462796590647,1.54376871689,-0.522384797368
momentum_12,ETCUSDT,0,8,4341,-8.26454004514e-05,-0.723973707954,0.222456572071,-3.25444962679,0.466252015665,1.53731859019,-0.35876368336
momentum_12,ETCUSDT,0,9,4341,-9.30652046242e-05,-0.815251192508,0.220139410063,-3.70334049808,0.455655378945,1.54831835982,-0.403996053274
momentum_12,ETCUSDT,0,10,4341,-9.90340920574e-05,-0.867538646423,0.21591789649,-4.01790986539,0.460032250633,1.54745450357,-0.429906993621
momentum_12,ETCUSDT,0,11,4341,-5.64784106374e-05,-0.494750877183,0.219873168042,-2.25016486363,0.465330568993,1.54134991937,-0.245172780577
momentum_12,ETCUSDT,1,0,4341,-0.00024653835373,-2.15967597868,0.218672205162,-9.87631682351,0.428242340475,1.54457498272,-1.07022299354
momentum_12,ETCUSDT,1,1,4341,-0.000276896354416,-2.42561206469,0.217445808777,-11.1550187071,0.416724257084,1.54900944483,-1.20200707452
momentum_12,ETCUSDT,1,2,4341,-0.000244125187187,-2.13853663976,0.216267313821,-9.88839506986,0.42133149044,1.54250172771,-1.05974743758
momentum_12,ETCUSDT,1,3,4341,-0.000238819553818,-2.09205929144,0.223388463662,-9.36511786307,0.430545957153,1.54255931813,-1.03671568312
momentum_12,ETCUSDT,1,4,4341,-0.000248104312977,-2.17339378168,0.21484481662,-10.1161099247,0.425708362129,1.54543883898,-1.07702082263
momentum_12,ETCUSDT,1,5,4341,-0.000229066446212,-2.00662206882,0.221861401262,-9.04448478829,0.425017277125,1.53484220226,-0.994377443008
momentum_12,ETCUSDT,1,6,4341,-0.000241333203598,-2.11407886352,0.222668063986,-9.49430657308,0.421792213776,1.53829762727,-1.04762743682
momentum_12,ETCUSDT,1,7,4341,-0.000274714304853,-2.40649731052,0.222702806509,-10.8058688089,0.428011978807,1.54376871689,-1.19253479737
momentum_12,ETCUSDT,1,8,4341,-0.00023637725947,-2.07066479296,0.222521962884,-9.30544008387,0.432849573831,1.53731859019,-1.02611368336
momentum_12,ETCUSDT,1,9,4341,-0.000247897040607,-2.17157807571,0.220274183778,-9.85852285761,0.420870767104,1.54831835982,-1.07612105327
momentum_12,ETCUSDT,1,10,4341,-0.000253779542414,-2.22310879155,0.215979801251,-10.2931328702,0.423865468786,1.54745450357,-1.10165699362
momentum_12,ETCUSDT,1,11,4341,-0.000210613402575,-1.84497340655,0.219965215039,-8.38756894459,0.4266298088,1.54134991937,-0.914272780577
momentum_12,ETHUSDT,0,0,4341,-9.49822678536e-05,-0.832044666397,0.218110062137,-3.81479267048,0.464409122322,1.5461875144,-0.412318024752
momentum_12,ETHUSDT,0,1,4341,-0.000120893701891,-1.05902882857,0.216784251522,-4.88517418185,0.452430315595,1.54826076941,-0.52479955991
momentum_12,ETHUSDT,0,2,4341,-8.09084405928e-05,-0.708757939593,0.216515329812,-3.27347694138,0.466712739,1.5424441373,-0.351223540613
momentum_12,ETHUSDT,0,3,4341,-7.9972308001e-05,-0.700557418088,0.223167519321,-3.13915492819,0.46993780235,1.54250172771,-0.347159789032
momentum_12,ETHUSDT,0,4,4341,-8.4348349731e-05,-0.738891543644,0.215174530032,-3.43391731137,0.465100207326,1.54123473854,-0.366156186182
momentum_12,ETHUSDT,0,5,4341,-7.84073565735e-05,-0.686848443584,0.221239343002,-3.10454928253,0.461644782308,1.53559087768,-0.340366334885
momentum_12,ETHUSDT,0,6,4341,-9.07378648393e-05,-0.794863695993,0.222628261547,-3.57036294705,0.458189357291,1.53829762727,-0.393893071268
momentum_12,ETHUSDT,0,7,4341,-0.000114541517297,-1.00338369153,0.22266537123,-4.50624040003,0.462105505644,1.54204100438,-0.497224726588
momentum_12,ETHUSDT,0,8,4341,-8.18513998328e-05,-0.717018262536,0.222853395039,-3.21744374777,0.469477079014,1.53749136144,-0.355316926674
momentum_12,ETHUSDT,0,9,4341,-9.28355712069e-05,-0.813239603772,0.221397559224,-3.67320943655,0.453812485602,1.54549642939,-0.402999214609
momentum_12,ETHUSDT,0,10,4341,-0.000102860883926,-0.901061343188,0.217218392783,-4.1481816141,0.466021653997,1.54895185441,-0.446519097121
momentum_12,ETHUSDT,0,11,4341,-6.86475806482e-05,-0.601352806479,0.219406349271,-2.74081770412,0.466252015665,1.54411425939,-0.297999147594
momentum_12,ETHUSDT,1,0,4341,-0.000249601019293,-2.18650492901,0.218191016373,-10.0210584531,0.428472702142,1.5461875144,-1.08351802475
momentum_12,ETHUSDT,1,1,4341,-0.000275719778832,-2.41530526257,0.216865187002,-11.1373581715,0.416724257084,1.54826076941,-1.19689955991
momentum_12,ETHUSDT,1,2,4341,-0.000235152854322,-2.05993900386,0.216542661498,-9.51285529427,0.429394148814,1.5424441373,-1.02079854061
momentum_12,ETHUSDT,1,3,4341,-0.000234222480772,-2.05178893156,0.223241958571,-9.19087498021,0.428242340475,1.54250172771,-1.01675978903
momentum_12,ETHUSDT,1,4,4341,-0.000238471823585,-2.0890131746,0.215255123943,-9.70482437925,0.428242340475,1.54123473854,-1.03520618618
momentum_12,ETHUSDT,1,5,4341,-0.000231966444341,-2.03202605243,0.221348007362,-9.18023196433,0.423174383783,1.53559087768,-1.00696633489
momentum_12,ETHUSDT,1,6,4341,-0.000244567627567,-2.14241241749,0.222663053126,-9.62176880002,0.423174383783,1.53829762727,-1.06166807127
momentum_12,ETHUSDT,1,7,4341,-0.000268745617735,-2.35421161136,0.222707163616,-10.5708840845,0.427551255471,1.54204100438,-1.16662472659
momentum_12,ETHUSDT,1,8,4341,-0.000235600535977,-2.06386069515,0.222888098655,-9.25962717439,0.432619212163,1.53749136144,-1.02274192667
momentum_12,ETHUSDT,1,9,4341,-0.000247385214146,-2.16709447592,0.22151823008,-9.78291707701,0.421101128772,1.54549642939,-1.07389921461
momentum_12,ETHUSDT,1,10,4341,-0.000257756069367,-2.25794316765,0.217270055072,-10.3923348613,0.424556553789,1.54895185441,-1.11891909712
momentum_12,ETHUSDT,1,11,4341,-0.000223059006587,-1.9539968977,0.219490415233,-8.90242471694,0.428242340475,1.54411425939,-0.968299147594
momentum_12,FILUSDT,0,0,4341,-9.665870018e-05,-0.846730213577,0.209877812444,-4.03439603127,0.466712739,1.54186823313,-0.419595417482
momentum_12,FILUSDT,0,1,4341,-0.000126094536883,-1.10458814309,0.211064321078,-5.23341954457,0.454733932274,1.54803040774,-0.547376384607
momentum_12,FILUSDT,0,2,4341,-9.86142169197e-05,-0.863860540216,0.208686917553,-4.13950500752,0.462566228979,1.54284727021,-0.428084315648
momentum_12,FILUSDT,0,3,4341,-8.72962208038e-05,-0.764714894242,0.214812226061,-3.55992258105,0.477079014052,1.53847039853,-0.378952894509
momentum_12,FILUSDT,0,4,4341,-9.13147302936e-05,-0.799917037372,0.210198868484,-3.80552494474,0.467403824004,1.53898871228,-0.396397244204
momentum_12,FILUSDT,0,5,4341,-8.31673293254e-05,-0.728545804891,0.212249668399,-3.43249443161,0.473623589035,1.53276894725,-0.361029376602
momentum_12,FILUSDT,0,6,4341,-9.44768401422e-05,-0.827617119646,0.214869395303,-3.851721733,0.469016355678,1.53587882976,-0.410123963057
momentum_12,FILUSDT,0,7,4341,-0.000114456531402,-1.00263921508,0.214552641003,-4.67316184221,0.462796590647,1.54083160562,-0.496855802815
momentum_12,FILUSDT,0,8,4341,-9.78333293507e-05,-0.857019965112,0.212887119012,-4.02570136273,0.468094909007,1.5366850956,-0.424694482711
momentum_12,FILUSDT,0,9,4341,-9.73802723401e-05,-0.853051185699,0.212889880862,-4.00700673159,0.455655378945,1.54624510481,-0.422727762228
momentum_12,FILUSDT,0,10,4341,-0.000115526945029,-1.01201603846,0.20706088207,-4.88752886753,0.461875143976,1.54814558857,-0.501502468371
momentum_12,FILUSDT,0,11,4341,-7.86669888561e-05,-0.68912282238,0.209556643892,-3.28847995262,0.46993780235,1.54181064271,-0.341493398624
momentum_12,FILUSDT,1,0,4341,-0.000250845523493,-2.1974067858,0.209979367316,-10.4648700198,0.430315595485,1.54186823313,-1.08892041748
momentum_12,FILUSDT,1,1,4341,-0.000280897577657,-2.46066278027,0.211134596795,-11.6544745277,0.418106427091,1.54803040774,-1.21937638461
momentum_12,FILUSDT,1,2,4341,-0.000252898943941,-2.21539474892,0.208733363791,-10.6135152938,0.420870767104,1.54284727021,-1.09783431565
momentum_12,FILUSDT,1,3,4341,-0.000241143260656,-2.11241496335,0.214901049773,-9.82970983892,0.432619212163,1.53847039853,-1.04680289451
momentum_12,FILUSDT,1,4,4341,-0.000245213601521,-2.14807114933,0.210241974962,-10.2171374185,0.429624510481,1.53898871228,-1.0644722442
momentum_12,FILUSDT,1,5,4341,-0.00023644422405,-2.07125140268,0.212341562507,-9.75433814384,0.434462105506,1.53276894725,-1.0264043766
momentum_12,FILUSDT,1,6,4341,-0.000248064723118,-2.17304697452,0.214915054188,-10.1111901292,0.434692467173,1.53587882976,-1.07684896306
momentum_12,FILUSDT,1,7,4341,-0.000268539691964,-2.3524077016,0.214604978879,-10.9615709472,0.426399447132,1.54083160562,-1.16573080282
momentum_12,FILUSDT,1,8,4341,-0.000251501838911,-2.20315610886,0.212962412261,-10.3452815239,0.432849573831,1.5366850956,-1.09176948271
momentum_12,FILUSDT,1,9,4341,-0.000252004782822,-2.20756189752,0.212992947068,-10.3644835564,0.419949320433,1.54624510481,-1.09395276223
momentum_12,FILUSDT,1,10,4341,-0.000270341503887,-2.36819157405,0.207103553119,-11.4348186614,0.424095830454,1.54814558857,-1.17355246837
momentum_12,FILUSDT,1,11,4341,-0.000232848053127,-2.03974894539,0.209655697094,-9.72904134572,0.428472702142,1.54181064271,-1.01079339862
momentum_12,LINKUSDT,0,0,4341,-9.73296343346e-05,-0.852607596771,0.218356531578,-3.90465808652,0.468785994011,1.54785763649,-0.422507942647
momentum_12,LINKUSDT,0,1,4341,-0.000125135127534,-1.0961837172,0.217982290184,-5.02877420122,0.450126698917,1.55073715734,-0.543211588626
momentum_12,LINKUSDT,0,2,4341,-8.1232005629e-05,-0.71159236931,0.216472037209,-3.28722535476,0.459801888966,1.54255931813,-0.352628136436
momentum_12,LINKUSDT,0,3,4341,-7.26899400591e-05,-0.636763874918,0.224443508826,-2.83707859607,0.473393227367,1.54261690855,-0.315547029797
momentum_12,LINKUSDT,0,4,4341,-8.91638890465e-05,-0.781075668048,0.215580887102,-3.62312113354,0.463487675651,1.54290486063,-0.387060442351
momentum_12,LINKUSDT,0,5,4341,-7.23077947883e-05,-0.633416282346,0.22170678442,-2.85699999665,0.462566228979,1.53403593642,-0.313888137176
momentum_12,LINKUSDT,0,6,4341,-9.02381788173e-05,-0.79048644644,0.222256898617,-3.55663401838,0.456116102281,1.5407740152,-0.391723934246
momentum_12,LINKUSDT,0,7,4341,-0.000116190817666,-1.01783156276,0.222631826733,-4.57181516988,0.461644782308,1.54221377563,-0.50438433949
momentum_12,LINKUSDT,0,8,4341,-8.15040155323e-05,-0.713975176063,0.222118070614,-3.21439482204,0.471319972357,1.5393918452,-0.353808931426
momentum_12,LINKUSDT,0,9,4341,-9.22920968328e-05,-0.808478768256,0.220906546177,-3.65982259126,0.454964293941,1.54929739691,-0.400639992351
momentum_12,LINKUSDT,0,10,4341,-9.70536636938e-05,-0.850190093958,0.216940742889,-3.91899687739,0.466943100668,1.55050679567,-0.421309954095
momentum_12,LINKUSDT,0,11,4341,-5.73020772754e-05,-0.501966196932,0.220022666507,-2.28142947679,0.466252015665,1.54515088689,-0.248748317452
momentum_12,LINKUSDT,1,0,4341,-0.000252115397984,-2.20853088634,0.21843430524,-10.110732762,0.431006680488,1.54785763649,-1.09443294265
momentum_12,LINKUSDT,1,1,4341,-0.000280208843268,-2.45462946703,0.218056159893,-11.2568682684,0.416263533748,1.55073715734,-1.21638658863
momentum_12,LINKUSDT,1,2,4341,-0.000235487937442,-2.06287433199,0.216510713997,-9.52781640184,0.421561852108,1.54255931813,-1.02225313644
momentum_12,LINKUSDT,1,3,4341,-0.000226951630914,-1.9880962868,0.224526148924,-8.85463139297,0.431467403824,1.54261690855,-0.985197029797
momentum_12,LINKUSDT,1,4,4341,-0.00024345437511,-2.13266032596,0.215651200793,-9.88939694341,0.427090532135,1.54290486063,-1.05683544235
momentum_12,LINKUSDT,1,5,4341,-0.00022571138843,-1.97723176265,0.221825078865,-8.91347260087,0.426169085464,1.53403593642,-0.979813137176
momentum_12,LINKUSDT,1,6,4341,-0.000244315580338,-2.14020448376,0.222311011729,-9.62707365288,0.417415342087,1.5407740152,-1.06057393425
momentum_12,LINKUSDT,1,7,4341,-0.000270412195229,-2.36881083021,0.222696517566,-10.6369459931,0.426399447132,1.54221377563,-1.17385933949
momentum_12,LINKUSDT,1,8,4341,-0.000235443200052,-2.06248243246,0.222189300814,-9.28254612127,0.434692467173,1.5393918452,-1.02205893143
momentum_12,LINKUSDT,1,9,4341,-0.000247221836524,-2.16566328795,0.221039900819,-9.79761246692,0.421792213776,1.54929739691,-1.07318999235
momentum_12,LINKUSDT,1,10,4341,-0.000252104343261,-2.20843404696,0.21698895943,-10.1776332435,0.429163787146,1.55050679567,-1.09438495409
momentum_12,LINKUSDT,1,11,4341,-0.000211817165965,-1.85551837385,0.220132090313,-8.42911349822,0.428242340475,1.54515088689,-0.919498317452
momentum_12,LTCUSDT,0,0,4341,-9.64834201212e-05,-0.845194760262,0.218637714365,-3.86573177787,0.464869845658,1.5468785994,-0.418834526746
momentum_12,LTCUSDT,0,1,4341,-0.00012420034119,-1.08799498882,0.2185643929,-4.97791508665,0.454273208938,1.54929739691,-0.539153681105
momentum_12,LTCUSDT,0,2,4341,-8.39209356833e-05,-0.735147396586,0.216926914738,-3.38891740323,0.458650080627,1.54221377563,-0.364300781801
momentum_12,LTCUSDT,0,3,4341,-7.01401031422e-05,-0.614427303526,0.225407468692,-2.72585157489,0.472471780696,1.53933425478,-0.30447818774
momentum_12,LTCUSDT,0,4,4341,-7.98801128737e-05,-0.699749788774,0.214971927499,-3.25507519477,0.469016355678,1.53921907395,-0.346759569985
momentum_12,LTCUSDT,0,5,4341,-7.46984214455e-05,-0.654358171863,0.221287824788,-2.95704552427,0.463487675651,1.53322967058,-0.324265847495
momentum_12,LTCUSDT,0,6,4341,-8.17066165076e-05,-0.715749960606,0.2226227186,-3.21508049631,0.460262612301,1.53610919143,-0.354688422259
momentum_12,LTCUSDT,0,7,4341,-0.000117609873673,-1.03026249338,0.222337374242,-4.63378006911,0.462105505644,1.54158028104,-0.510544461616
momentum_12,LTCUSDT,0,8,4341,-8.38249083705e-05,-0.734306197326,0.222287478705,-3.30340782847,0.466252015665,1.53605160101,-0.363883927237
momentum_12,LTCUSDT,0,9,4341,-8.40730553157e-05,-0.736479964566,0.221012063511,-3.33230663008,0.453812485602,1.54566920065,-0.364961133126
momentum_12,LTCUSDT,0,10,4341,-9.78793362559e-05,-0.857422985602,0.216646040477,-3.95771362224,0.465100207326,1.54538124856,-0.424894198687
momentum_12,LTCUSDT,0,11,4341,-7.0745388374e-05,-0.619729602156,0.219557745115,-2.82262692136,0.466021653997,1.54532365814,-0.307105730931
momentum_12,LTCUSDT,1,0,4341,-0.000251171280061,-2.20026041334,0.218733203525,-10.0591056953,0.426860170468,1.5468785994,-1.09033452675
momentum_12,LTCUSDT,1,1,4341,-0.000279130080881,-2.44517950852,0.218637005648,-11.1837403795,0.416263533748,1.54929739691,-1.21170368111
momentum_12,LTCUSDT,1,2,4341,-0.000238142313246,-2.08612666404,0.216951924477,-9.61561723441,0.424095830454,1.54221377563,-1.0337757818
momentum_12,LTCUSDT,1,3,4341,-0.00022407352862,-1.96288411071,0.225472526803,-8.70564648626,0.431237042156,1.53933425478,-0.97270318774
momentum_12,LTCUSDT,1,4,4341,-0.000233802020268,-2.04810569755,0.215046224168,-9.52402538324,0.433540658834,1.53921907395,-1.01493456998
momentum_12,LTCUSDT,1,5,4341,-0.000228021388504,-1.99746736329,0.221410970551,-9.02153745281,0.428933425478,1.53322967058,-0.989840847495
momentum_12,LTCUSDT,1,6,4341,-0.000235317535651,-2.0613816123,0.222667422319,-9.25767043438,0.428011978807,1.53610919143,-1.02151342226
momentum_12,LTCUSDT,1,7,4341,-0.000271767901778,-2.38068681957,0.22240060908,-10.7044977503,0.426399447132,1.54158028104,-1.17974446162
momentum_12,LTCUSDT,1,8,4341,-0.000237430068472,-2.07988739981,0.222346504126,-9.35426175458,0.43400138217,1.53605160101,-1.03068392724
momentum_12,LTCUSDT,1,9,4341,-0.00023863997538,-2.09048618433,0.221111068878,-9.45446193599,0.420179682101,1.54566920065,-1.03593613313
momentum_12,LTCUSDT,1,10,4341,-0.000252417461112,-2.21117695934,0.216683808335,-10.2046247771,0.424556553789,1.54538124856,-1.09574419869
momentum_12,LTCUSDT,1,11,4341,-0.000225277754188,-1.97343312669,0.21965908088,-8.98407258548,0.425017277125,1.54532365814,-0.977930730931
momentum_12,NEARUSDT,0,0,4341,-7.47829649122e-05,-0.655098772631,0.20859042666,-3.14059845948,0.458880442294,1.54451739231,-0.324632850684
momentum_12,NEARUSDT,0,1,4341,-0.000109512881384,-0.959332840925,0.208581275338,-4.59932388163,0.45404284727,1.55211932734,-0.475395418088
momentum_12,NEARUSDT,0,2,4341,-8.40916695828e-05,-0.736643025545,0.208212800233,-3.53793342541,0.460953697305,1.5506219765,-0.365041937659
momentum_12,NEARUSDT,0,3,4341,-7.02309466018e-05,-0.615223092232,0.211766136226,-2.90520053487,0.469016355678,1.54405666897,-0.304872539199
momentum_12,NEARUSDT,0,4,4341,-7.27042797238e-05,-0.636889490381,0.202650281038,-3.14280092344,0.466712739,1.54469016356,-0.315609278281
momentum_12,NEARUSDT,0,5,4341,-7.33053986606e-05,-0.642155292267,0.205324870633,-3.12750856868,0.460492973969,1.53841280811,-0.318218735586
momentum_12,NEARUSDT,0,6,4341,-7.72565993695e-05,-0.676767810477,0.209804425045,-3.22570799129,0.452891038931,1.54186823313,-0.335370897863
momentum_12,NEARUSDT,0,7,4341,-9.90855381691e-05,-0.867989314361,0.209018734393,-4.15268668085,0.454733932274,1.54457498272,-0.430130321192
momentum_12,NEARUSDT,0,8,4341,-7.09339651893e-05,-0.621381535058,0.210388188132,-2.95350010176,0.471550334024,1.53800967519,-0.307924342887
momentum_12,NEARUSDT,0,9,4341,-7.28709819862e-05,-0.638349802199,0.210158866206,-3.03746310457,0.458189357291,1.54670582815,-0.316332932802
momentum_12,NEARUSDT,0,10,4341,-9.31727264314e-05,-0.816193083539,0.205533259099,-3.97109979726,0.461644782308,1.549585349,-0.404462805439
momentum_12,NEARUSDT,0,11,4341,-4.70940901219e-05,-0.412544229468,0.209583425096,-1.96840102827,0.468094909007,1.54227136604,-0.204435445219
momentum_12,NEARUSDT,1,0,4341,-0.000229234704143,-2.00809600829,0.208673740064,-9.62313709277,0.421792213776,1.54451739231,-0.995107850684
momentum_12,NEARUSDT,1,1,4341,-0.000264724814118,-2.31898937168,0.208647108724,-11.114409329,0.411425938724,1.55211932734,-1.14917041809
momentum_12,NEARUSDT,1,2,4341,-0.000239153867233,-2.09498787696,0.208232282464,-10.0608217524,0.421561852108,1.5506219765,-1.03816693766
momentum_12,NEARUSDT,1,3,4341,-0.000224636613499,-1.96781673425,0.211851607358,-9.28865614375,0.428242340475,1.54405666897,-0.975147539199
momentum_12,NEARUSDT,1,4,4341,-0.00022717329608,-1.99003807366,0.202687208878,-9.81827163477,0.425938723796,1.54469016356,-0.986159278281
momentum_12,NEARUSDT,1,5,4341,-0.000227146679472,-1.98980491217,0.205381418658,-9.68833950595,0.422713660447,1.53841280811,-0.986043735586
momentum_12,NEARUSDT,1,6,4341,-0.000231443422682,-2.0274443827,0.20986448383,-9.66073127619,0.414190278738,1.54186823313,-1.00469589786
momentum_12,NEARUSDT,1,7,4341,-0.000253543036441,-2.22103699923,0.209085744078,-10.6226132682,0.421561852108,1.54457498272,-1.10063032119
momentum_12,NEARUSDT,1,8,4341,-0.000224734932708,-1.96867801052,0.210469007298,-9.35376678873,0.431697765492,1.53800967519,-0.975574342887
momentum_12,NEARUSDT,1,9,4341,-0.000227541564801,-1.99326410766,0.210255239917,-9.48021133001,0.420640405437,1.54670582815,-0.987757932802
momentum_12,NEARUSDT,1,10,4341,-0.000248131261331,-2.17362984926,0.205565486998,-10.5739046034,0.421101128772,1.549585349,-1.07713780544
momentum_12,NEARUSDT,1,11,4341,-0.000201321226726,-1.76357394612,0.209636439593,-8.41253528989,0.424095830454,1.54227136604,-0.873935445219
momentum_12,SOLUSDT,0,0,4341,-9.96450790852e-05,-0.872890892786,0.218561260367,-3.99380426028,0.462796590647,1.54762727482,-0.432559288309
momentum_12,SOLUSDT,0,1,4341,-0.00012517077117,-1.09649595545,0.21781195525,-5.03414036292,0.452891038931,1.54877908316,-0.543366317648
momentum_12,SOLUSDT,0,2,4341,-8.08647599006e-05,-0.708375296729,0.217070683055,-3.2633393269,0.46141442064,1.54123473854,-0.351033922728
momentum_12,SOLUSDT,0,3,4341,-7.38721709309e-05,-0.647120217355,0.225004958738,-2.87602647064,0.468555632343,1.54181064271,-0.320679094011
momentum_12,SOLUSDT,0,4,4341,-8.41678581613e-05,-0.737310437493,0.216012195614,-3.41328152976,0.46993780235,1.54215618521,-0.365372672278
momentum_12,SOLUSDT,0,5,4341,-7.10847321621e-05,-0.62270225374,0.220735490895,-2.82103367798,0.463948398986,1.53472702142,-0.308578822316
momentum_12,SOLUSDT,0,6,4341,-8.25061512353e-05,-0.722753884821,0.222391066967,-3.24992318566,0.460953697305,1.53991015895,-0.358159202512
momentum_12,SOLUSDT,0,7,4341,-0.000122208812839,-1.07054920047,0.22162777987,-4.830392657,0.461184058973,1.54371112647,-0.530508456535
momentum_12,SOLUSDT,0,8,4341,-8.53133379845e-05,-0.747344840744,0.220561735807,-3.38837032638,0.466943100668,1.5363395531,-0.370345200191
momentum_12,SOLUSDT,0,9,4341,-8.89683437051e-05,-0.779362690857,0.219707124304,-3.54728001345,0.45196959226,1.54572679106,-0.386211580024
momentum_12,SOLUSDT,0,10,4341,-0.000101351574878,-0.88783979593,0.216930741884,-4.09273387542,0.462335867312,1.54912462566,-0.439967186545
momentum_12,SOLUSDT,0,11,4341,-6.8078545247e-05,-0.596368056363,0.219672521069,-2.71480498999,0.46463948399,1.54290486063,-0.295528964917
momentum_12,SOLUSDT,1,0,4341,-0.000254407806567,-2.22861238553,0.218657661164,-10.1922446882,0.426860170468,1.54762727482,-1.10438428831
momentum_12,SOLUSDT,1,1,4341,-0.000280048679486,-2.4532264323,0.217892965823,-11.2588601611,0.415572448745,1.54877908316,-1.21569131765
momentum_12,SOLUSDT,1,2,4341,-0.000234988233755,-2.05849692769,0.217108140846,-9.48143593174,0.422022575443,1.54123473854,-1.02008392273
momentum_12,SOLUSDT,1,3,4341,-0.000228053235202,-1.99774634037,0.225084211191,-8.8755507541,0.430545957153,1.54181064271,-0.989979094011
momentum_12,SOLUSDT,1,4,4341,-0.000238383476682,-2.08823925574,0.216058578103,-9.66515319166,0.431467403824,1.54215618521,-1.03482267228
momentum_12,SOLUSDT,1,5,4341,-0.000224557434304,-1.96712312451,0.220848250837,-8.90712567136,0.425017277125,1.53472702142,-0.974803822316
momentum_12,SOLUSDT,1,6,4341,-0.00023649716713,-2.07171518406,0.222448431539,-9.31323799285,0.421561852108,1.53991015895,-1.02663420251
momentum_12,SOLUSDT,1,7,4341,-0.000276579925486,-2.42284014726,0.221654628725,-10.9306995355,0.428011978807,1.54371112647,-1.20063345653
momentum_12,SOLUSDT,1,8,4341,-0.000238947293294,-2.09317828926,0.220607749733,-9.48823553023,0.431467403824,1.5363395531,-1.03727020019
momentum_12,SOLUSDT,1,9,4341,-0.000243541022811,-2.13341935983,0.219813386193,-9.70559344351,0.419718958765,1.54572679106,-1.05721158002
momentum_12,SOLUSDT,1,10,4341,-0.000256264037444,-2.24487296801,0.21698405878,-10.3457967402,0.422483298779,1.54912462566,-1.11244218654
momentum_12,SOLUSDT,1,11,4341,-0.00022236903131,-1.94795271428,0.219743412684,-8.86466943643,0.424326192122,1.54290486063,-0.965303964917
momentum_12,TRXUSDT,0,0,4341,-0.000100302033355,-0.878645812193,0.204969186031,-4.28672147851,0.463257313983,1.55154342317,-0.435411126796
momentum_12,TRXUSDT,0,1,4341,-0.000125203200722,-1.09678003832,0.204975225744,-5.35079317192,0.447131997236,1.55540198111,-0.543507094333
momentum_12,TRXUSDT,0,2,4341,-9.13364957214e-05,-0.800107702519,0.202192316356,-3.95716176035,0.455885740613,1.54981571067,-0.396491727927
momentum_12,TRXUSDT,0,3,4341,-7.53031450991e-05,-0.659655551068,0.209538512501,-3.14813512416,0.459571527298,1.55004607233,-0.326890952875
momentum_12,TRXUSDT,0,4,4341,-8.66501169429e-05,-0.75905502442,0.201816313323,-3.76111827592,0.460723335637,1.54710896107,-0.376148157649
momentum_12,TRXUSDT,0,5,4341,-8.70084323659e-05,-0.762193867525,0.205478850002,-3.709354357,0.456576825616,1.54428703064,-0.3777036049
momentum_12,TRXUSDT,0,6,4341,-9.2633292288e-05,-0.811467640443,0.206390903719,-3.93170254029,0.456807187284,1.5468785994,-0.402121121822
momentum_12,TRXUSDT,0,7,4341,-0.000128978371114,-1.12985053096,0.205171055537,-5.50687097654,0.456807187284,1.5506219765,-0.559895109007
momentum_12,TRXUSDT,0,8,4341,-8.43234283237e-05,-0.738673232115,0.204738646037,-3.60788374062,0.454733932274,1.54445980189,-0.366048002353
momentum_12,TRXUSDT,0,9,4341,-9.88065180237e-05,-0.865545097888,0.204453800888,-4.23345075576,0.451739230592,1.5540198111,-0.428919094741
momentum_12,TRXUSDT,0,10,4341,-0.000106005789906,-0.928610719573,0.202520818944,-4.58526053971,0.462796590647,1.55453812486,-0.46017113398
momentum_12,TRXUSDT,0,11,4341,-8.75085795452e-05,-0.766575156816,0.205707577985,-3.72652852329,0.462335867312,1.54820317899,-0.379874743806
momentum_12,TRXUSDT,1,0,4341,-0.000255456375673,-2.23779785089,0.205073328392,-10.9121837951,0.421792213776,1.55154342317,-1.1089361268
momentum_12,TRXUSDT,1,1,4341,-0.000280743398833,-2.45931217378,0.205047502986,-11.993865509,0.408891960378,1.55540198111,-1.21870709433
momentum_12,TRXUSDT,1,2,4341,-0.000246318066788,-2.15774626506,0.202259989236,-10.6681814491,0.415572448745,1.54981571067,-1.06926672793
momentum_12,TRXUSDT,1,3,4341,-0.000230307752332,-2.01749591043,0.20963309514,-9.62393800028,0.420410043769,1.55004607233,-0.999765952875
momentum_12,TRXUSDT,1,4,4341,-0.00024136101305,-2.11432247432,0.201869735119,-10.4736971744,0.421101128772,1.54710896107,-1.04774815765
momentum_12,TRXUSDT,1,5,4341,-0.00024143713543,-2.11498930636,0.205599458828,-10.2869400456,0.417645703755,1.54428703064,-1.0480786049
momentum_12,TRXUSDT,1,6,4341,-0.000247321152228,-2.16653329352,0.206458788514,-10.4937809096,0.418567150426,1.5468785994,-1.07362112182
momentum_12,TRXUSDT,1,7,4341,-0.000284040568765,-2.48819538238,0.205237775974,-12.1234766386,0.418106427091,1.5506219765,-1.23302010901
momentum_12,TRXUSDT,1,8,4341,-0.000238769408513,-2.09162001857,0.204825395562,-10.2117221004,0.420179682101,1.54445980189,-1.03649800235
momentum_12,TRXUSDT,1,9,4341,-0.000254208499134,-2.22686645241,0.204594988602,-10.8842668514,0.414651002073,1.5540198111,-1.10351909474
momentum_12,TRXUSDT,1,10,4341,-0.000261459602391,-2.29038611695,0.202555944794,-11.3074248168,0.421101128772,1.55453812486,-1.13499613398
momentum_12,TRXUSDT,1,11,4341,-0.000242328897444,-2.12280114161,0.205788111793,-10.3154702335,0.421792213776,1.54820317899,-1.05194974381
momentum_12,XLMUSDT,0,0,4341,-0.000101067571301,-0.885351924593,0.213523845922,-4.14638431023,0.458189357291,1.54647546648,-0.438734327016
momentum_12,XLMUSDT,0,1,4341,-0.000136949668445,-1.19967909558,0.211887592606,-5.66186571295,0.453351762267,1.55108269984,-0.594498510718
momentum_12,XLMUSDT,0,2,4341,-0.000100488185062,-0.880276501141,0.210432709222,-4.18317334978,0.462566228979,1.54215618521,-0.436219211353
momentum_12,XLMUSDT,0,3,4341,-9.44007418261e-05,-0.826950498397,0.219296975005,-3.7709161213,0.469707440682,1.54699378023,-0.409793620267
momentum_12,XLMUSDT,0,4,4341,-8.45122481892e-05,-0.740327294137,0.209093959209,-3.54064410535,0.473853950703,1.54250172771,-0.366867669389
momentum_12,XLMUSDT,0,5,4341,-9.15083770692e-05,-0.801613383126,0.214664068543,-3.73426903053,0.462105505644,1.53541810643,-0.397237864858
momentum_12,XLMUSDT,0,6,4341,-8.80551862969e-05,-0.77136343196,0.217188265472,-3.55158889585,0.46463948399,1.53933425478,-0.382247563715
momentum_12,XLMUSDT,0,7,4341,-0.000113915391269,-0.997898827518,0.215948117499,-4.62101193135,0.459110803962,1.54469016356,-0.4945067135
momentum_12,XLMUSDT,0,8,4341,-8.98842246867e-05,-0.787385808255,0.214244488438,-3.67517416198,0.468555632343,1.5390463027,-0.390187419365
momentum_12,XLMUSDT,0,9,4341,-8.96169815011e-05,-0.78504475795,0.212796239859,-3.68918529045,0.460262612301,1.54641787607,-0.389027316696
momentum_12,XLMUSDT,0,10,4341,-0.000109507211685,-0.959283174358,0.209055110186,-4.58866168592,0.457037548952,1.54895185441,-0.475370805924
momentum_12,XLMUSDT,0,11,4341,-7.37572742409e-05,-0.64611372235,0.210833765665,-3.06456473095,0.46141442064,1.54474775397,-0.32018032748
momentum_12,XLMUSDT,1,0,4341,-0.000255715117949,-2.24006443323,0.213587041026,-10.4878293293,0.420640405437,1.54647546648,-1.11005932702
momentum_12,XLMUSDT,1,1,4341,-0.000292057938429,-2.55842754063,0.211967277822,-12.0699174275,0.416724257084,1.55108269984,-1.26782351072
momentum_12,XLMUSDT,1,2,4341,-0.000254703803583,-2.23120531939,0.210441093515,-10.6025172276,0.423865468786,1.54215618521,-1.10566921135
momentum_12,XLMUSDT,1,3,4341,-0.00024910011985,-2.18211704988,0.219401870957,-9.94575406473,0.42870306381,1.54699378023,-1.08134362027
momentum_12,XLMUSDT,1,4,4341,-0.00023876242096,-2.09155880761,0.209168827833,-9.99938102289,0.429854872149,1.54250172771,-1.03646766939
momentum_12,XLMUSDT,1,5,4341,-0.000245050187712,-2.14663964436,0.214777233165,-9.99472622273,0.424786915457,1.53541810643,-1.06376286486
momentum_12,XLMUSDT,1,6,4341,-0.000241988611775,-2.11982023915,0.21726600018,-9.75679690975,0.427551255471,1.53933425478,-1.05047256371
momentum_12,XLMUSDT,1,7,4341,-0.000268384407625,-2.35104741079,0.215966175716,-10.8861834637,0.427551255471,1.54469016356,-1.1650567135
momentum_12,XLMUSDT,1,8,4341,-0.000243788854956,-2.13559036942,0.214287503319,-9.96600518619,0.432388850495,1.5390463027,-1.05828741936
momentum_12,XLMUSDT,1,9,4341,-0.000244258769108,-2.13970681738,0.212884166167,-10.0510378762,0.422944022115,1.54641787607,-1.0603273167
momentum_12,XLMUSDT,1,10,4341,-0.000264402397126,-2.31616499882,0.20909369439,-11.0771633051,0.420179682101,1.54895185441,-1.14777080592
momentum_12,XLMUSDT,1,11,4341,-0.000228232049638,-1.99931275483,0.210913765968,-9.47929001057,0.420640405437,1.54474775397,-0.99075532748
momentum_12,XRPUSDT,0,0,4341,-0.000101209934124,-0.886599022927,0.217201122475,-4.08192652424,0.462105505644,1.54716655149,-0.439352324033
momentum_12,XRPUSDT,0,1,4341,-0.000129070160714,-1.13065460786,0.215746557293,-5.24066118154,0.45196959226,1.54941257775,-0.56029356766
momentum_12,XRPUSDT,0,2,4341,-9.16258920498e-05,-0.802642814356,0.214992141684,-3.73335884777,0.462105505644,1.54232895646,-0.397747997388
momentum_12,XRPUSDT,0,3,4341,-9.38255659694e-05,-0.821911957892,0.22313844972,-3.6834169948,0.466482377332,1.54319281272,-0.407296781873
momentum_12,XRPUSDT,0,4,4341,-9.18437715502e-05,-0.804551438779,0.214746221015,-3.74652198756,0.460032250633,1.54111955771,-0.398693812299
momentum_12,XRPUSDT,0,5,4341,-8.26101383311e-05,-0.72366481178,0.220542979778,-3.28128699679,0.463487675651,1.53478461184,-0.358610610495
momentum_12,XRPUSDT,0,6,4341,-9.03727294184e-05,-0.791665109705,0.22113159581,-3.58006329583,0.457958995623,1.54152269062,-0.392308018405
momentum_12,XRPUSDT,0,7,4341,-0.000125912772556,-1.10299588759,0.221109892741,-4.98845109965,0.460262612301,1.54255931813,-0.546587345665
momentum_12,XRPUSDT,0,8,4341,-8.68084114858e-05,-0.760441684615,0.220957418058,-3.44157571761,0.468325270675,1.53852798894,-0.37683531426
momentum_12,XRPUSDT,0,9,4341,-9.31911693865e-05,-0.816354643826,0.219313319829,-3.72232130937,0.454964293941,1.5506219765,-0.404542866307
momentum_12,XRPUSDT,0,10,4341,-0.000104546087843,-0.915823729507,0.216446913358,-4.2311701992,0.464869845658,1.54952775858,-0.453834567328
momentum_12,XRPUSDT,0,11,4341,-7.10731640257e-05,-0.622600916865,0.217701612562,-2.85988197119,0.466712739,1.54371112647,-0.308528605036
momentum_12,XRPUSDT,1,0,4341,-0.000255926589273,-2.24191692203,0.217298289976,-10.3172322354,0.424556553789,1.54716655149,-1.11097732403
momentum_12,XRPUSDT,1,1,4341,-0.000284011418489,-2.48794002596,0.215846006645,-11.5264584443,0.419949320433,1.54941257775,-1.23289356766
momentum_12,XRPUSDT,1,2,4341,-0.000245858787696,-2.15372298022,0.215017561795,-10.0164980118,0.422713660447,1.54232895646,-1.06727299739
momentum_12,XRPUSDT,1,3,4341,-0.000248144847241,-2.17374886183,0.223226102094,-9.73787940315,0.425938723796,1.54319281272,-1.07719678187
momentum_12,XRPUSDT,1,4,4341,-0.000245955727321,-2.15457217133,0.214806617429,-10.0302876937,0.425708362129,1.54111955771,-1.0676938123
momentum_12,XRPUSDT,1,5,4341,-0.000236088599515,-2.06813613175,0.220649465741,-9.37294873934,0.426399447132,1.53478461184,-1.0248606105
momentum_12,XRPUSDT,1,6,4341,-0.000244524998481,-2.14203898669,0.221180851221,-9.68455892482,0.421792213776,1.54152269062,-1.06148301841
momentum_12,XRPUSDT,1,7,4341,-0.000280168704369,-2.45427785027,0.221168636438,-11.0968620587,0.424556553789,1.54255931813,-1.21621234567
momentum_12,XRPUSDT,1,8,4341,-0.00024066121038,-2.10819220293,0.221030230272,-9.53802654204,0.432388850495,1.53852798894,-1.04471031426
momentum_12,XRPUSDT,1,9,4341,-0.000248253367037,-2.17469949524,0.21944858953,-9.90983582945,0.418336788758,1.5506219765,-1.07766786631
momentum_12,XRPUSDT,1,10,4341,-0.000259498863701,-2.27321004602,0.216490695555,-10.5002667214,0.4266298088,1.54952775858,-1.12648456733
momentum_12,XRPUSDT,1,11,4341,-0.000225444276673,-1.97489186365,0.217791538893,-9.06780802269,0.427551255471,1.54371112647,-0.978653605036
reversal_12,ADAUSDT,0,0,4341,0.000100448150385,0.87992579737,0.217672777393,4.04242463348,0.539046302695,1.5468785994,0.43604542082
reversal_12,ADAUSDT,0,1,4341,0.000128250440392,1.12347385783,0.218191382434,5.14902946807,0.546417876065,1.54906703525,0.556735161741
reversal_12,ADAUSDT,0,2,4341,9.1523659203e-05,0.801747254619,0.217385261999,3.68813988237,0.543192812716,1.54152269062,0.3973042046
reversal_12,ADAUSDT,0,3,4341,8.23249162184e-05,0.721166266073,0.224614607438,3.2106828416,0.527528219304,1.53789449436,0.357372461304
reversal_12,ADAUSDT,0,4,4341,8.24102355408e-05,0.721913663338,0.216608204094,3.33280849798,0.531905090993,1.53875835061,0.357742832483
reversal_12,ADAUSDT,0,5,4341,7.43481752879e-05,0.651290015522,0.22076946082,2.95009107284,0.536512324349,1.532596176,0.322745428925
reversal_12,ADAUSDT,0,6,4341,8.23554211536e-05,0.721433489306,0.221353489477,3.25919185196,0.538124856024,1.53605160101,0.357504883228
reversal_12,ADAUSDT,0,7,4341,0.000113274664962,0.992286065068,0.221994727717,4.46986320475,0.532365814328,1.54088919604,0.4917253206
reversal_12,ADAUSDT,0,8,4341,8.80026316963e-05,0.770903053659,0.221259723815,3.4841544605,0.529831835982,1.53628196268,0.382019424194
reversal_12,ADAUSDT,0,9,4341,8.6840833033e-05,0.760725697369,0.220491318565,3.45013900012,0.544805344391,1.54497811564,0.376976056196
reversal_12,ADAUSDT,0,10,4341,0.000100733937174,0.882429289647,0.215701097118,4.09098192562,0.532135452661,1.54808799816,0.437286021274
reversal_12,ADAUSDT,0,11,4341,6.58580277358e-05,0.576916322965,0.219174522732,2.63222347093,0.533517622668,1.54353835522,0.285889698401
reversal_12,ADAUSDT,1,0,4341,-5.42397095554e-05,-0.475139855705,0.217620960559,-2.18333681868,0.501497350841,1.5468785994,-0.23545457918
reversal_12,ADAUSDT,1,1,4341,-2.66562631328e-05,-0.233508865043,0.218166516871,-1.07032402769,0.507256392536,1.54906703525,-0.115714838259
reversal_12,ADAUSDT,1,2,4341,-6.26286098594e-05,-0.548626622368,0.21738758551,-2.5237256354,0.508177839208,1.54152269062,-0.2718707954
reversal_12,ADAUSDT,1,3,4341,-7.14645332172e-05,-0.626029310983,0.224574361092,-2.78762592461,0.490209629118,1.53789449436,-0.310227538696
reversal_12,ADAUSDT,1,4,4341,-7.14655995202e-05,-0.626038651797,0.216584740539,-2.89050212051,0.494125777471,1.53875835061,-0.310232167517
reversal_12,ADAUSDT,1,5,4341,-7.89114423118e-05,-0.691264234651,0.220716032063,-3.13191673568,0.499884819166,1.532596176,-0.342554571075
reversal_12,ADAUSDT,1,6,4341,-7.12497389478e-05,-0.624147713182,0.221323994106,-2.82006348071,0.497811564156,1.53605160101,-0.309295116772
reversal_12,ADAUSDT,1,7,4341,-4.08142546417e-05,-0.357532870661,0.221982338445,-1.61063656309,0.491591799125,1.54088919604,-0.1771746794
reversal_12,ADAUSDT,1,8,4341,-6.56255645719e-05,-0.57487994565,0.22123312512,-2.59852562919,0.492282884128,1.53628196268,-0.284880575806
reversal_12,ADAUSDT,1,9,4341,-6.76569785311e-05,-0.592675131933,0.220390271637,-2.68920732086,0.506334945865,1.54497811564,-0.293698943804
reversal_12,ADAUSDT,1,10,4341,-5.40748626414e-05,-0.473695796739,0.215663909412,-2.19645372297,0.494586500806,1.54808799816,-0.234738978726
reversal_12,ADAUSDT,1,11,4341,-8.8495807786e-05,-0.775223276206,0.219092591125,-3.53833633637,0.499654457498,1.54353835522,-0.384160301599
reversal_12,APTUSDT,0,0,4341,8.27163513913e-05,0.724595238188,0.211443321133,3.42690057224,0.534439069339,1.54146510021,0.35907168139
reversal_12,APTUSDT,0,1,4341,0.000118629867642,1.03919764055,0.209221998668,4.96696163484,0.542271366045,1.54710896107,0.514972255435
reversal_12,APTUSDT,0,2,4341,7.23932797757e-05,0.634165130835,0.210233924909,3.01647382129,0.53858557936,1.54198341396,0.314259227506
reversal_12,APTUSDT,0,3,4341,7.07106585501e-05,0.619425368899,0.217185462915,2.85205722604,0.535130154342,1.5400829302,0.306954968766
reversal_12,APTUSDT,0,4,4341,7.82882753858e-05,0.685805292379,0.211092721645,3.24883438442,0.533287261,1.53887353144,0.33984940345
reversal_12,APTUSDT,0,5,4341,6.93970963128e-05,0.6079185637,0.215115184954,2.82601418319,0.53858557936,1.53219304308,0.301252795094
reversal_12,APTUSDT,0,6,4341,7.04398194247e-05,0.617052818161,0.215168313625,2.86776806382,0.532826537664,1.53881594103,0.305779256123
reversal_12,APTUSDT,0,7,4341,0.000113822852803,0.997088190555,0.215409436508,4.62880459983,0.538355217692,1.54445980189,0.494105004018
reversal_12,APTUSDT,0,8,4341,9.01761547813e-05,0.789943115884,0.216327142061,3.65161351626,0.535130154342,1.5366850956,0.391454687906
reversal_12,APTUSDT,0,9,4341,9.19448507741e-05,0.805436892781,0.214058288354,3.76269893109,0.541810642709,1.54497811564,0.39913259721
reversal_12,APTUSDT,0,10,4341,0.000105350598465,0.922871242553,0.210281677967,4.38873824613,0.538355217692,1.55125547109,0.457326947937
reversal_12,APTUSDT,0,11,4341,6.60537643207e-05,0.578630975449,0.211850465267,2.7313179356,0.535590877678,1.5407740152,0.286739390916
reversal_12,APTUSDT,1,0,4341,-7.14301586294e-05,-0.625728189594,0.2113857155,-2.96012522943,0.495738309145,1.54146510021,-0.31007831861
reversal_12,APTUSDT,1,1,4341,-3.60810284646e-05,-0.31606980935,0.209188696648,-1.51093158672,0.500115180834,1.54710896107,-0.156627744565
reversal_12,APTUSDT,1,2,4341,-8.18050616203e-05,-0.716612339794,0.210211908427,-3.40899973344,0.501727712509,1.54198341396,-0.355115772494
reversal_12,APTUSDT,1,3,4341,-8.329763447e-05,-0.729687277957,0.217132184439,-3.36056711188,0.493895415803,1.5400829302,-0.361595031234
reversal_12,APTUSDT,1,4,4341,-7.55990777587e-05,-0.662247921166,0.211074810481,-3.13750333191,0.496199032481,1.53887353144,-0.32817559655
reversal_12,APTUSDT,1,5,4341,-8.3822207995e-05,-0.734282542036,0.215018540867,-3.41497314174,0.496429394149,1.53219304308,-0.363872204906
reversal_12,APTUSDT,1,6,4341,-8.3441774678e-05,-0.730949946179,0.215153291059,-3.39734494686,0.495968670813,1.53881594103,-0.362220743877
reversal_12,APTUSDT,1,7,4341,-4.06231273858e-05,-0.3558585959,0.21537888534,-1.65224457977,0.497581202488,1.54445980189,-0.176344995982
reversal_12,APTUSDT,1,8,4341,-6.34923547787e-05,-0.556193027862,0.216280163499,-2.57163217775,0.496659755817,1.5366850956,-0.275620312094
reversal_12,APTUSDT,1,9,4341,-6.25529607901e-05,-0.547963936521,0.213973654381,-2.56089441528,0.505183137526,1.54497811564,-0.27154240279
reversal_12,APTUSDT,1,10,4341,-4.9774948644e-05,-0.436028550121,0.210263355118,-2.07372582767,0.497120479152,1.55125547109,-0.216073052063
reversal_12,APTUSDT,1,11,4341,-8.80236371997e-05,-0.771087061869,0.211816756871,-3.64034967422,0.49527758581,1.5407740152,-0.382110609084
reversal_12,ARBUSDT,0,0,4341,0.000100367361539,0.879218087082,0.212545517836,4.13661081181,0.542041004377,1.5438263073,0.435694716441
reversal_12,ARBUSDT,0,1,4341,0.000139187166623,1.21927957961,0.211750052515,5.75810756659,0.548491131076,1.55223450818,0.604211490309
reversal_12,ARBUSDT,0,2,4341,9.06642591389e-05,0.794218910057,0.211901634254,3.74805467099,0.543423174384,1.5468785994,0.393573548922
reversal_12,ARBUSDT,0,3,4341,7.35624085016e-05,0.644406698474,0.219840648926,2.93124452471,0.532596175996,1.54071642479,0.319334415306
reversal_12,ARBUSDT,0,4,4341,9.67113079689e-05,0.847191057808,0.209439710386,4.04503547225,0.538124856024,1.54169546188,0.419823787893
reversal_12,ARBUSDT,0,5,4341,8.1483450677e-05,0.713795027931,0.215531818668,3.31178492505,0.53536051601,1.53524533518,0.353719659389
reversal_12,ARBUSDT,0,6,4341,9.38673065486e-05,0.822277605366,0.217399092564,3.7823414793,0.53858557936,1.54019811103,0.407477977728
reversal_12,ARBUSDT,0,7,4341,0.00012748904845,1.11680406442,0.217526672707,5.13410171968,0.537664132688,1.54411425939,0.55342995932
reversal_12,ARBUSDT,0,8,4341,9.25042283813e-05,0.81033704062,0.217273902152,3.72956453855,0.539737387699,1.53628196268,0.401560855403
reversal_12,ARBUSDT,0,9,4341,0.000103571923077,0.907290046157,0.216362228699,4.1933846384,0.547339322737,1.54538124856,0.449605718079
reversal_12,ARBUSDT,0,10,4341,0.000117370557585,1.02816608445,0.210693537287,4.8799127761,0.537664132688,1.54826076941,0.509505590478
reversal_12,ARBUSDT,0,11,4341,7.22387463577e-05,0.632811418093,0.213217285029,2.96791799974,0.536281962681,1.54204100438,0.313588397939
reversal_12,ARBUSDT,1,0,4341,-5.40152691913e-05,-0.473173758115,0.212505814573,-2.22663911134,0.502188435844,1.5438263073,-0.234480283559
reversal_12,ARBUSDT,1,1,4341,-1.60362841952e-05,-0.14047784955,0.21172585434,-0.663489350356,0.506334945865,1.55223450818,-0.0696135096913
reversal_12,ARBUSDT,1,2,4341,-6.40236008012e-05,-0.560846743018,0.21190910046,-2.64663830766,0.506565307533,1.5468785994,-0.277926451078
reversal_12,ARBUSDT,1,3,4341,-8.05092339771e-05,-0.705260889639,0.219786640093,-3.20884330977,0.493895415803,1.54071642479,-0.349490584694
reversal_12,ARBUSDT,1,4,4341,-5.74582382186e-05,-0.503334166795,0.20937437927,-2.40399120728,0.50057590417,1.54169546188,-0.249426212107
reversal_12,ARBUSDT,1,5,4341,-7.20410828406e-05,-0.631079885684,0.215459480665,-2.92899566886,0.496429394149,1.53524533518,-0.312730340611
reversal_12,ARBUSDT,1,6,4341,-6.01525045548e-05,-0.5269359399,0.217372971359,-2.42410975295,0.493665054135,1.54019811103,-0.261122022272
reversal_12,ARBUSDT,1,7,4341,-2.6922377489e-05,-0.235840026803,0.217507083168,-1.08428665112,0.498272287491,1.54411425939,-0.11687004068
reversal_12,ARBUSDT,1,8,4341,-6.11239678869e-05,-0.535445958689,0.217227194309,-2.46491218741,0.50264915918,1.53628196268,-0.265339144597
reversal_12,ARBUSDT,1,9,4341,-5.09662017787e-05,-0.446463927581,0.21631477037,-2.06395488767,0.510711817554,1.54538124856,-0.221244281921
reversal_12,ARBUSDT,1,10,4341,-3.74555193554e-05,-0.328110349553,0.210721117805,-1.55708337623,0.493204330799,1.54826076941,-0.162594409522
reversal_12,ARBUSDT,1,11,4341,-8.196535408e-05,-0.718016501741,0.213192910065,-3.36791923109,0.493665054135,1.54204100438,-0.355811602061
reversal_12,ATOMUSDT,0,0,4341,8.78694512457e-05,0.769736392912,0.216129579059,3.56145788219,0.536512324349,1.54319281272,0.381441287858
reversal_12,ATOMUSDT,0,1,4341,0.000115226930785,1.00938791368,0.21555188887,4.68280709099,0.549182216079,1.54981571067,0.500200106539
reversal_12,ATOMUSDT,0,2,4341,7.11326506726e-05,0.623122019892,0.213287976413,2.9215056112,0.539967749367,1.54342317438,0.30878683657
reversal_12,ATOMUSDT,0,3,4341,6.51757736693e-05,0.570939777343,0.222798958833,2.56257830079,0.533978346003,1.54002533978,0.282928033499
reversal_12,ATOMUSDT,0,4,4341,8.46874382409e-05,0.741861958991,0.214671787099,3.45579626003,0.529140750979,1.54186823313,0.367628169404
reversal_12,ATOMUSDT,0,5,4341,7.34916331682e-05,0.643786706554,0.220781757319,2.91594158128,0.530292559318,1.53645473393,0.319027179583
reversal_12,ATOMUSDT,0,6,4341,8.16402418006e-05,0.715168518173,0.22065633297,3.24109672515,0.533517622668,1.54019811103,0.354400289656
reversal_12,ATOMUSDT,0,7,4341,0.000111376596361,0.975658984124,0.221328987738,4.40818436887,0.54065883437,1.54192582354,0.483485804804
reversal_12,ATOMUSDT,0,8,4341,7.45392668309e-05,0.652963977439,0.219903060258,2.96932646901,0.534439069339,1.53795208477,0.323574957313
reversal_12,ATOMUSDT,0,9,4341,8.16209189315e-05,0.71499924984,0.217868595756,3.28179124375,0.541810642709,1.54624510481,0.354316409082
reversal_12,ATOMUSDT,0,10,4341,9.24872341471e-05,0.810188171129,0.213956860392,3.7866893805,0.534439069339,1.54906703525,0.401487083433
reversal_12,ATOMUSDT,0,11,4341,5.67462135809e-05,0.497096830969,0.216651635904,2.29445223847,0.532135452661,1.54002533978,0.246335313155
reversal_12,ATOMUSDT,1,0,4341,-6.64498300259e-05,-0.582100511027,0.216087107552,-2.69382341974,0.500115180834,1.54319281272,-0.288458712142
reversal_12,ATOMUSDT,1,1,4341,-3.97546402813e-05,-0.348250648864,0.215530059389,-1.61578691089,0.506565307533,1.54981571067,-0.172574893461
reversal_12,ATOMUSDT,1,2,4341,-8.32096667658e-05,-0.728916680868,0.213291972151,-3.41745952048,0.504261690855,1.54342317438,-0.36121316343
reversal_12,ATOMUSDT,1,3,4341,-8.8826760309e-05,-0.778122420307,0.22275683575,-3.49314721447,0.495968670813,1.54002533978,-0.385596966501
reversal_12,ATOMUSDT,1,4,4341,-6.94993850717e-05,-0.608814613228,0.214613334179,-2.83679770205,0.488597097443,1.54186823313,-0.301696830596
reversal_12,ATOMUSDT,1,5,4341,-8.0153840225e-05,-0.702147640371,0.220705661699,-3.18137575161,0.488597097443,1.53645473393,-0.347947820417
reversal_12,ATOMUSDT,1,6,4341,-7.23795693028e-05,-0.634045027093,0.22066348458,-2.87335726751,0.493434692467,1.54019811103,-0.314199710344
reversal_12,ATOMUSDT,1,7,4341,-4.28159859931e-05,-0.375068037299,0.221317317959,-1.69470713253,0.498502649159,1.54192582354,-0.185864195196
reversal_12,ATOMUSDT,1,8,4341,-7.92559416464e-05,-0.694282048822,0.219884515541,-3.15748495119,0.493665054135,1.53795208477,-0.344050042687
reversal_12,ATOMUSDT,1,9,4341,-7.30035915499e-05,-0.639511461977,0.217848127201,-2.93558393268,0.504952775858,1.54624510481,-0.316908590918
reversal_12,ATOMUSDT,1,10,4341,-6.24194693774e-05,-0.546794551746,0.213967886867,-2.55549820934,0.498272287491,1.54906703525,-0.270962916567
reversal_12,ATOMUSDT,1,11,4341,-9.72563203974e-05,-0.851965366682,0.216626380263,-3.93287911494,0.496199032481,1.54002533978,-0.422189686845
reversal_12,AVAXUSDT,0,0,4341,0.000100545268793,0.88077655463,0.216926616832,4.06025119229,0.536973047685,1.5472241419,0.436467011832
reversal_12,AVAXUSDT,0,1,4341,0.000125644335982,1.1006443832,0.217255348497,5.06613250637,0.546187514398,1.54929739691,0.545422062498
reversal_12,AVAXUSDT,0,2,4341,8.72015972037e-05,0.763885991504,0.216939362504,3.52119588943,0.536512324349,1.54319281272,0.378542133461
reversal_12,AVAXUSDT,0,3,4341,8.24072179905e-05,0.721887229596,0.223883775245,3.22438385187,0.528219304308,1.54163787146,0.357729733297
reversal_12,AVAXUSDT,0,4,4341,9.16041722892e-05,0.802452549254,0.214580340779,3.7396368481,0.534439069339,1.54025570145,0.397653711908
reversal_12,AVAXUSDT,0,5,4341,7.69036652158e-05,0.673676107291,0.220732653982,3.05200021446,0.530292559318,1.53438147892,0.333838810702
reversal_12,AVAXUSDT,0,6,4341,7.95611327888e-05,0.69695552323,0.222492581504,3.13248881611,0.536281962681,1.53852798894,0.345374877436
reversal_12,AVAXUSDT,0,7,4341,0.000121539469397,1.06468575192,0.221880697321,4.79846045543,0.537203409353,1.5434807648,0.527602836651
reversal_12,AVAXUSDT,0,8,4341,8.75644051097e-05,0.767064188761,0.222285947475,3.45079928566,0.536512324349,1.53800967519,0.380117082581
reversal_12,AVAXUSDT,0,9,4341,9.63479269598e-05,0.844007840168,0.221199552921,3.81559469276,0.546878599401,1.54762727482,0.418246350933
reversal_12,AVAXUSDT,0,10,4341,0.000105298734747,0.922416916388,0.216122739697,4.26802342818,0.536051601014,1.54998848192,0.457101807539
reversal_12,AVAXUSDT,0,11,4341,7.80673911467e-05,0.683870346445,0.219150721472,3.1205480039,0.539276664363,1.54733932274,0.338890544968
reversal_12,AVAXUSDT,1,0,4341,-5.41771453969e-05,-0.474591793677,0.216911047224,-2.18795584527,0.50057590417,1.5472241419,-0.235182988168
reversal_12,AVAXUSDT,1,1,4341,-2.92854037093e-05,-0.256540136494,0.217242733694,-1.18089167878,0.506795669201,1.54929739691,-0.127127937502
reversal_12,AVAXUSDT,1,2,4341,-6.71176840679e-05,-0.587950912435,0.216968417662,-2.70984560229,0.503570605851,1.54319281272,-0.291357866539
reversal_12,AVAXUSDT,1,3,4341,-7.17565691554e-05,-0.628587545801,0.223855593588,-2.80800464141,0.495738309145,1.54163787146,-0.311495266703
reversal_12,AVAXUSDT,1,4,4341,-6.24213978559e-05,-0.546811445218,0.214540039777,-2.54876174063,0.497120479152,1.54025570145,-0.270971288092
reversal_12,AVAXUSDT,1,5,4341,-7.65344826763e-05,-0.670442068245,0.220687151986,-3.03797508016,0.492282884128,1.53438147892,-0.332236189298
reversal_12,AVAXUSDT,1,6,4341,-7.42916661055e-05,-0.650794995084,0.222483899777,-2.92513299047,0.49942409583,1.53852798894,-0.322500122564
reversal_12,AVAXUSDT,1,7,4341,-3.28086070833e-05,-0.28740339805,0.221899427183,-1.29519666499,0.497811564156,1.5434807648,-0.142422163349
reversal_12,AVAXUSDT,1,8,4341,-6.62365624094e-05,-0.580232286706,0.222284479854,-2.61031398633,0.500806265837,1.53800967519,-0.287532917419
reversal_12,AVAXUSDT,1,9,4341,-5.84148005223e-05,-0.511713652575,0.221107487294,-2.31432078053,0.509329647547,1.54762727482,-0.253578649067
reversal_12,AVAXUSDT,1,10,4341,-4.97001134442e-05,-0.435372993771,0.216124780257,-2.01445199044,0.495738309145,1.54998848192,-0.215748192461
reversal_12,AVAXUSDT,1,11,4341,-7.6666541127e-05,-0.671598900272,0.219127297542,-3.06488013043,0.503800967519,1.54733932274,-0.332809455032
reversal_12,BCHUSDT,0,0,4341,8.69319796541e-05,0.76152414177,0.213747758442,3.56272340502,0.532596175996,1.54670582815,0.377371723679
reversal_12,BCHUSDT,0,1,4341,0.000105140416099,0.92103004503,0.210818522542,4.36882885776,0.549182216079,1.54843354066,0.456414546287
reversal_12,BCHUSDT,0,2,4341,6.9809950695e-05,0.611535168088,0.210757418787,2.90160684073,0.539046302695,1.54290486063,0.303044995967
reversal_12,BCHUSDT,0,3,4341,6.00063147354e-05,0.525655317082,0.221117272794,2.37726935775,0.520156645934,1.54238654688,0.260487412266
reversal_12,BCHUSDT,0,4,4341,6.99912662791e-05,0.613123492605,0.210889276581,2.90732417763,0.531674729325,1.54060124395,0.303832086918
reversal_12,BCHUSDT,0,5,4341,5.92282398131e-05,0.518839380763,0.21482136173,2.41521316402,0.533978346003,1.53824003686,0.257109789029
reversal_12,BCHUSDT,0,6,4341,8.4932361862e-05,0.744007489911,0.216419626952,3.43780044532,0.537433771021,1.53795208477,0.368691382843
reversal_12,BCHUSDT,0,7,4341,0.000118092948407,1.03449422805,0.216451511205,4.77933474472,0.539276664363,1.54492052522,0.512641489037
reversal_12,BCHUSDT,0,8,4341,9.1772284986e-05,0.803925216477,0.217741399054,3.69211009009,0.539737387699,1.54048606312,0.398383489124
reversal_12,BCHUSDT,0,9,4341,9.44153776408e-05,0.827078708133,0.215530951503,3.83740108956,0.547569684405,1.54935498733,0.409857154339
reversal_12,BCHUSDT,0,10,4341,9.23504258367e-05,0.808989730329,0.211641204182,3.8224585494,0.536512324349,1.54906703525,0.400893198557
reversal_12,BCHUSDT,0,11,4341,6.7757479163e-05,0.593555517468,0.214715011568,2.76438760911,0.533056899332,1.54388389772,0.294135217047
reversal_12,BCHUSDT,1,0,4341,-6.77386031609e-05,-0.593390163689,0.213666156999,-2.77718367768,0.499193734163,1.54670582815,-0.294053276321
reversal_12,BCHUSDT,1,1,4341,-4.97029379666e-05,-0.435397736587,0.210760450956,-2.06584173934,0.507486754204,1.54843354066,-0.215760453713
reversal_12,BCHUSDT,1,2,4341,-8.44805353681e-05,-0.740049489825,0.2107354877,-3.51174592331,0.502188435844,1.54290486063,-0.366730004033
reversal_12,BCHUSDT,1,3,4341,-9.42323399525e-05,-0.825475297984,0.22106189856,-3.734136472,0.485141672426,1.54238654688,-0.409062587734
reversal_12,BCHUSDT,1,4,4341,-8.40688581162e-05,-0.736443197098,0.210872395175,-3.49236416879,0.486984565768,1.54060124395,-0.364942913082
reversal_12,BCHUSDT,1,5,4341,-9.45957638727e-05,-0.828658891525,0.214728276204,-3.8591046609,0.496199032481,1.53824003686,-0.410640210971
reversal_12,BCHUSDT,1,6,4341,-6.88628466153e-05,-0.60323853635,0.2164000605,-2.78760798383,0.499193734163,1.53795208477,-0.298933617157
reversal_12,BCHUSDT,1,7,4341,-3.6399104115e-05,-0.318856152047,0.216467971306,-1.47299459649,0.498272287491,1.54492052522,-0.158008510963
reversal_12,BCHUSDT,1,8,4341,-6.22763213259e-05,-0.545540574815,0.217710109529,-2.50581186145,0.50057590417,1.54048606312,-0.270341510876
reversal_12,BCHUSDT,1,9,4341,-6.05201210923e-05,-0.530156260768,0.215433513268,-2.46088109842,0.508408200875,1.54935498733,-0.262717845661
reversal_12,BCHUSDT,1,10,4341,-6.25562776878e-05,-0.547992992546,0.21164364566,-2.58922487768,0.497811564156,1.54906703525,-0.271556801443
reversal_12,BCHUSDT,1,11,4341,-8.66309106089e-05,-0.758886776934,0.214631217478,-3.53577073201,0.494816862474,1.54388389772,-0.376064782953
reversal_12,BNBUSDT,0,0,4341,0.00010278343697,0.900382907857,0.215181810814,4.18428911092,0.538815941027,1.54624510481,0.446182899887
reversal_12,BNBUSDT,0,1,4341,0.000128121651377,1.12234566606,0.214320303999,5.23676779625,0.548951854411,1.54774245566,0.556176088628
reversal_12,BNBUSDT,0,2,4341,8.81948489884e-05,0.772586877138,0.213521403498,3.61831115982,0.539967749367,1.54394148814,0.382853839459
reversal_12,BNBUSDT,0,3,4341,8.52421003922e-05,0.746720799436,0.221434917694,3.37219083246,0.531444367657,1.54319281272,0.370035957803
reversal_12,BNBUSDT,0,4,4341,8.84835888267e-05,0.775116238122,0.213167056309,3.63619149949,0.529140750979,1.53962220686,0.384107259097
reversal_12,BNBUSDT,0,5,4341,8.49545129883e-05,0.744201533777,0.218991979166,3.39830498182,0.53858557936,1.53645473393,0.368787540882
reversal_12,BNBUSDT,0,6,4341,9.83557958912e-05,0.861596772007,0.218136018889,3.94981432409,0.541119557706,1.53818244644,0.426962509964
reversal_12,BNBUSDT,0,7,4341,0.000128858801626,1.12880310224,0.219404289766,5.14485429362,0.538124856024,1.54336558397,0.559376057858
reversal_12,BNBUSDT,0,8,4341,8.08285938092e-05,0.708058481769,0.218777050123,3.23643856324,0.531905090993,1.53691545727,0.350876925726
reversal_12,BNBUSDT,0,9,4341,9.19808848289e-05,0.805752551101,0.21708177633,3.71174662712,0.547569684405,1.5434807648,0.399289021042
reversal_12,BNBUSDT,0,10,4341,0.000107251987661,0.939527411908,0.212792057747,4.41523721258,0.537894494356,1.54952775858,0.465580878435
reversal_12,BNBUSDT,0,11,4341,7.09998181575e-05,0.62195840706,0.216720853012,2.86985953781,0.53858557936,1.54209859479,0.308210210622
reversal_12,BNBUSDT,1,0,4341,-5.18410735115e-05,-0.454127803961,0.21514332873,-2.11081517908,0.501497350841,1.54624510481,-0.225042100113
reversal_12,BNBUSDT,1,1,4341,-2.66525941884e-05,-0.23347672509,0.214277366633,-1.08960049658,0.507486754204,1.54774245566,-0.115698911372
reversal_12,BNBUSDT,1,2,4341,-6.61992998252e-05,-0.579905866469,0.213531927421,-2.71578060233,0.507486754204,1.54394148814,-0.287371160541
reversal_12,BNBUSDT,1,3,4341,-6.90771808794e-05,-0.605116104503,0.221388420467,-2.73327802433,0.494356139138,1.54319281272,-0.299864042197
reversal_12,BNBUSDT,1,4,4341,-6.54786318598e-05,-0.573592815092,0.213128994323,-2.69129414754,0.492282884128,1.53962220686,-0.284242740903
reversal_12,BNBUSDT,1,5,4341,-6.86909604049e-05,-0.601732813147,0.218884058501,-2.74909382285,0.496659755817,1.53645473393,-0.298187459118
reversal_12,BNBUSDT,1,6,4341,-5.54624487529e-05,-0.485851051075,0.218091968338,-2.22773472484,0.502879520848,1.53818244644,-0.240762490036
reversal_12,BNBUSDT,1,7,4341,-2.54777567709e-05,-0.223185149313,0.219398560932,-1.01725894812,0.497811564156,1.54336558397,-0.110598942142
reversal_12,BNBUSDT,1,8,4341,-7.28629519176e-05,-0.638279458798,0.218738089802,-2.91800783017,0.496659755817,1.53691545727,-0.316298074274
reversal_12,BNBUSDT,1,9,4341,-6.23671916512e-05,-0.546336598864,0.21698194564,-2.51788966705,0.504952775858,1.5434807648,-0.270735978958
reversal_12,BNBUSDT,1,10,4341,-4.77007881973e-05,-0.417858904609,0.212783339048,-1.96377642384,0.496890117484,1.54952775858,-0.207069121565
reversal_12,BNBUSDT,1,11,4341,-8.32100413219e-05,-0.72891996198,0.216694481973,-3.3638141375,0.501497350841,1.54209859479,-0.361214789378
reversal_12,BTCUSDT,0,0,4341,9.86433017947e-05,0.864115323721,0.215655208796,4.00692999044,0.534439069339,1.54549642939,0.428210573091
reversal_12,BTCUSDT,0,1,4341,0.000111508262088,0.976812375895,0.215319132405,4.53657956442,0.545266067726,1.54785763649,0.484057365726
reversal_12,BTCUSDT,0,2,4341,8.82995747505e-05,0.773504274814,0.21430016927,3.60944313506,0.539737387699,1.54232895646,0.383308453992
reversal_12,BTCUSDT,0,3,4341,8.366012749e-05,0.732862716813,0.220939063592,3.31703549792,0.530522920986,1.54255931813,0.363168613434
reversal_12,BTCUSDT,0,4,4341,8.53737673299e-05,0.74787420181,0.211737478197,3.53208231333,0.535590877678,1.53841280811,0.370607523979
reversal_12,BTCUSDT,0,5,4341,7.05849458762e-05,0.618324125876,0.217360868383,2.84468925099,0.530753282654,1.53524533518,0.306409250049
reversal_12,BTCUSDT,0,6,4341,8.47888720781e-05,0.742750519404,0.217712845825,3.41160631377,0.541119557706,1.5400829302,0.368068493691
reversal_12,BTCUSDT,0,7,4341,0.000126738684817,1.110230879,0.218800798891,5.07416282125,0.539046302695,1.54267449896,0.55017263079
reversal_12,BTCUSDT,0,8,4341,8.32875624707e-05,0.729599047243,0.218298538475,3.34220765901,0.531674729325,1.53524533518,0.361551308685
reversal_12,BTCUSDT,0,9,4341,9.52470206764e-05,0.834363901125,0.217455782591,3.83693591029,0.546187514398,1.54480534439,0.413467316756
reversal_12,BTCUSDT,0,10,4341,0.000105490672774,0.924098293504,0.213917423953,4.31988323545,0.538355217692,1.5499308915,0.457935010514
reversal_12,BTCUSDT,0,11,4341,6.89897259337e-05,0.604349999179,0.216379310596,2.79301194515,0.537203409353,1.54140750979,0.299484400278
reversal_12,BTCUSDT,1,0,4341,-5.59063411448e-05,-0.489739548428,0.215621119702,-2.27129675009,0.499654457498,1.54549642939,-0.242689426909
reversal_12,BTCUSDT,1,1,4341,-4.32775015605e-05,-0.37911091367,0.215259297574,-1.76118252704,0.503570605851,1.54785763649,-0.187867634274
reversal_12,BTCUSDT,1,2,4341,-6.59333208957e-05,-0.577575891046,0.214299988872,-2.69517461987,0.505874222529,1.54232895646,-0.286216546008
reversal_12,BTCUSDT,1,3,4341,-7.05958043229e-05,-0.618419245869,0.220879481604,-2.79980395362,0.491591799125,1.54255931813,-0.306456386566
reversal_12,BTCUSDT,1,4,4341,-6.8467513481e-05,-0.599775418094,0.211696449178,-2.83318600961,0.496199032481,1.53841280811,-0.297217476021
reversal_12,BTCUSDT,1,5,4341,-8.29395876414e-05,-0.726550787739,0.217266926236,-3.3440468843,0.494816862474,1.53524533518,-0.360040749951
reversal_12,BTCUSDT,1,6,4341,-6.92194209419e-05,-0.606362127451,0.217692112137,-2.7854115682,0.500115180834,1.5400829302,-0.300481506309
reversal_12,BTCUSDT,1,7,4341,-2.75287650795e-05,-0.241151982096,0.218780551489,-1.10225511571,0.501266989173,1.54267449896,-0.11950236921
reversal_12,BTCUSDT,1,8,4341,-7.02369710469e-05,-0.615275866371,0.218290915451,-2.81860500287,0.493665054135,1.53524533518,-0.304898691315
reversal_12,BTCUSDT,1,9,4341,-5.92335137627e-05,-0.518885580561,0.217358766968,-2.38723097209,0.507256392536,1.54480534439,-0.257132683244
reversal_12,BTCUSDT,1,10,4341,-4.95024163755e-05,-0.433641167449,0.213907282675,-2.02723891411,0.501036627505,1.5499308915,-0.214889989486
reversal_12,BTCUSDT,1,11,4341,-8.51510250454e-05,-0.745922979397,0.216334062798,-3.44801447239,0.496890117484,1.54140750979,-0.369640599722
reversal_12,DOGEUSDT,0,0,4341,0.000102401461036,0.897036798676,0.217965750231,4.11549428167,0.537433771021,1.54774245566,0.444524742358
reversal_12,DOGEUSDT,0,1,4341,0.000121021168738,1.06014543815,0.217484628466,4.87457640395,0.547108961069,1.55171619443,0.525352893492
reversal_12,DOGEUSDT,0,2,4341,8.87736720967e-05,0.777657367567,0.216482634919,3.59223901657,0.540198111034,1.54192582354,0.385366510572
reversal_12,DOGEUSDT,0,3,4341,8.37209996222e-05,0.733395956691,0.224718556554,3.26361991612,0.52798894264,1.54158028104,0.36343285936
reversal_12,DOGEUSDT,0,4,4341,8.11521782585e-05,0.710893081544,0.216170725713,3.28857239666,0.536973047685,1.54060124395,0.35228160582
reversal_12,DOGEUSDT,0,5,4341,7.94216294535e-05,0.695733474013,0.220943841994,3.1489154336,0.53536051601,1.53513015434,0.344769293458
reversal_12,DOGEUSDT,0,6,4341,9.42393576082e-05,0.825536772648,0.221550084779,3.7261857673,0.539967749367,1.54019811103,0.409093051377
reversal_12,DOGEUSDT,0,7,4341,0.000125596568139,1.1002259369,0.220622482694,4.98691667079,0.540198111034,1.54353835522,0.545214702292
reversal_12,DOGEUSDT,0,8,4341,8.66229562829e-05,0.758817097038,0.220595662137,3.43985502565,0.531905090993,1.53795208477,0.376030253224
reversal_12,DOGEUSDT,0,9,4341,9.71904145169e-05,0.851388031168,0.219701079311,3.87521096319,0.551025109422,1.54780004607,0.421903589418
reversal_12,DOGEUSDT,0,10,4341,0.000114386459126,1.00202538195,0.215849734393,4.6422358812,0.539507026031,1.54900944483,0.496551619068
reversal_12,DOGEUSDT,0,11,4341,6.52588218271e-05,0.571667279205,0.21797611063,2.6226143661,0.537203409353,1.54376871689,0.283288545551
reversal_12,DOGEUSDT,1,0,4341,-5.23727845294e-05,-0.458785592478,0.217909210141,-2.10539789567,0.502418797512,1.54774245566,-0.227350257642
reversal_12,DOGEUSDT,1,1,4341,-3.41504507045e-05,-0.299157948171,0.217469299278,-1.37563301654,0.506334945865,1.55171619443,-0.148247106508
reversal_12,DOGEUSDT,1,2,4341,-6.54189102576e-05,-0.573069653857,0.216493975384,-2.64704665726,0.508177839208,1.54192582354,-0.283983489428
reversal_12,DOGEUSDT,1,3,4341,-7.04370284819e-05,-0.617028369501,0.224681888162,-2.74623101376,0.490900714121,1.54158028104,-0.30576714064
reversal_12,DOGEUSDT,1,4,4341,-7.29079461368e-05,-0.638673608158,0.21616173664,-2.954609905,0.496429394149,1.54060124395,-0.31649339418
reversal_12,DOGEUSDT,1,5,4341,-7.40913859807e-05,-0.649040541191,0.220860733552,-2.93868688541,0.497581202488,1.53513015434,-0.321630706542
reversal_12,DOGEUSDT,1,6,4341,-5.97804534952e-05,-0.523676772618,0.221513362435,-2.36408660345,0.498733010827,1.54019811103,-0.259506948623
reversal_12,DOGEUSDT,1,7,4341,-2.87572673827e-05,-0.251913662273,0.220624097756,-1.14182296873,0.499193734163,1.54353835522,-0.124835297708
reversal_12,DOGEUSDT,1,8,4341,-6.71722521944e-05,-0.588428929223,0.22057562969,-2.66769692577,0.49527758581,1.53795208477,-0.291594746776
reversal_12,DOGEUSDT,1,9,4341,-5.75895900903e-05,-0.504484809191,0.219613089476,-2.29715273527,0.507026030868,1.54780004607,-0.249996410582
reversal_12,DOGEUSDT,1,10,4341,-4.05144853565e-05,-0.354906891723,0.215832765447,-1.64436058162,0.499884819166,1.54900944483,-0.175873380932
reversal_12,DOGEUSDT,1,11,4341,-8.91180498615e-05,-0.780674116787,0.217916376052,-3.58244814332,0.504031329187,1.54376871689,-0.386861454449
reversal_12,DOTUSDT,0,0,4341,8.52225898259e-05,0.746549886875,0.214052637626,3.48769300465,0.535821239346,1.53967979728,0.369951262434
reversal_12,DOTUSDT,0,1,4341,0.000128301307517,1.12391945385,0.215143185087,5.2240532434,0.548260769408,1.54641787607,0.556955975932
reversal_12,DOTUSDT,0,2,4341,9.08226129302e-05,0.795606089268,0.213063493275,3.73412674803,0.537664132688,1.54031329187,0.39426096273
reversal_12,DOTUSDT,0,3,4341,8.28029548748e-05,0.725353884703,0.222090614645,3.26602673356,0.532135452661,1.5370306381,0.359447627111
reversal_12,DOTUSDT,0,4,4341,8.54130684813e-05,0.748218479897,0.212020637374,3.52898891901,0.536051601014,1.53789449436,0.370778130278
reversal_12,DOTUSDT,0,5,4341,6.669309814e-05,0.584231539706,0.218408788732,2.67494519382,0.530753282654,1.52787376181,0.289514739026
reversal_12,DOTUSDT,0,6,4341,8.42131442916e-05,0.737707143995,0.217557562408,3.3908595768,0.541580281041,1.5366850956,0.36556925937
reversal_12,DOTUSDT,0,7,4341,0.000128378131465,1.12459243163,0.21835612531,5.15026739018,0.542271366045,1.5407740152,0.557289468689
reversal_12,DOTUSDT,0,8,4341,9.74435937754e-05,0.853605881473,0.219681868336,3.88564558348,0.531905090993,1.53783690394,0.423002640579
reversal_12,DOTUSDT,0,9,4341,8.16553859692e-05,0.71530118109,0.216373878744,3.30585736708,0.54065883437,1.54353835522,0.354466030492
reversal_12,DOTUSDT,0,10,4341,9.91509973769e-05,0.868562737022,0.213619726067,4.06592945799,0.537664132688,1.54624510481,0.430414479613
reversal_12,DOTUSDT,0,11,4341,6.36614470835e-05,0.557674276452,0.215579565567,2.58686056345,0.531674729325,1.53898871228,0.27635434179
reversal_12,DOTUSDT,1,0,4341,-6.87453899022e-05,-0.602209615544,0.214029068173,-2.81368143441,0.498041925824,1.53967979728,-0.298423737566
reversal_12,DOTUSDT,1,1,4341,-2.63404800893e-05,-0.230742605582,0.215144102917,-1.07250258061,0.508638562543,1.54641787607,-0.114344024068
reversal_12,DOTUSDT,1,2,4341,-6.32087162567e-05,-0.553708354408,0.21311095851,-2.59821624509,0.50472241419,1.54031329187,-0.27438903727
reversal_12,DOTUSDT,1,3,4341,-7.09001089354e-05,-0.621084954274,0.222072790808,-2.79676295333,0.490670352453,1.5370306381,-0.307777372889
reversal_12,DOTUSDT,1,4,4341,-6.83763809543e-05,-0.598977097159,0.212011372599,-2.82521210922,0.496429394149,1.53789449436,-0.296821869722
reversal_12,DOTUSDT,1,5,4341,-8.60942780406e-05,-0.754185875636,0.218341283771,-3.45416067273,0.493665054135,1.52787376181,-0.373735260974
reversal_12,DOTUSDT,1,6,4341,-6.94553652684e-05,-0.608428999751,0.217547418013,-2.796764978,0.498041925824,1.5366850956,-0.30150574063
reversal_12,DOTUSDT,1,7,4341,-2.56992700555e-05,-0.225125605686,0.21837684359,-1.03090420205,0.501266989173,1.5407740152,-0.111560531311
reversal_12,DOTUSDT,1,8,4341,-5.63400966185e-05,-0.493539246378,0.219645868005,-2.24697714945,0.498272287491,1.53783690394,-0.244572359421
reversal_12,DOTUSDT,1,9,4341,-7.26984495526e-05,-0.636838418081,0.21631078705,-2.94408996781,0.502879520848,1.54353835522,-0.315583969508
reversal_12,DOTUSDT,1,10,4341,-5.54735131045e-05,-0.485947974796,0.21364299267,-2.27457951568,0.497581202488,1.54624510481,-0.240810520387
reversal_12,DOTUSDT,1,11,4341,-9.02374241443e-05,-0.790479835504,0.215522227461,-3.667741582,0.495047224142,1.53898871228,-0.39172065821
reversal_12,ETCUSDT,0,0,4341,9.28837737009e-05,0.81366185762,0.218534021208,3.72327316875,0.534669431007,1.54422944022,0.403208461636
reversal_12,ETCUSDT,0,1,4341,0.000121937669628,1.06817398594,0.217192676928,4.91809392953,0.546648237733,1.54935498733,0.529331423854
reversal_12,ETCUSDT,0,2,4341,9.03970368227e-05,0.791878042567,0.216335057354,3.66042403044,0.543653536052,1.54221377563,0.392413536847
reversal_12,ETCUSDT,0,3,4341,8.3928451968e-05,0.735213239239,0.223350554039,3.29174575995,0.52798894264,1.5424441373,0.364333409993
reversal_12,ETCUSDT,0,4,4341,9.24881283389e-05,0.810196004249,0.214690363655,3.77378840139,0.535590877678,1.54503570606,0.401490965119
reversal_12,ETCUSDT,0,5,4341,7.39460661349e-05,0.647767539342,0.221864882657,2.91964880419,0.536051601014,1.53455425017,0.320999873092
reversal_12,ETCUSDT,0,6,4341,8.71581258948e-05,0.763505182838,0.222602756804,3.42989994284,0.539737387699,1.53847039853,0.378353424509
reversal_12,ETCUSDT,0,7,4341,0.000120369795958,1.05443941259,0.222790472733,4.73287479331,0.536742686017,1.54353835522,0.522525284253
reversal_12,ETCUSDT,0,8,4341,8.28616963079e-05,0.725868459657,0.222442900493,3.26316757266,0.534439069339,1.53754895185,0.359702623673
reversal_12,ETCUSDT,0,9,4341,9.44634834652e-05,0.827500115155,0.220050027886,3.760509022,0.545035706059,1.54780004607,0.410065981722
reversal_12,ETCUSDT,0,10,4341,9.92725262849e-05,0.869627330255,0.215902667505,4.02786746595,0.540198111034,1.54733932274,0.430942036603
reversal_12,ETCUSDT,0,11,4341,5.58539577063e-05,0.489280669507,0.21993002082,2.22471069517,0.534208707671,1.54146510021,0.242462030403
reversal_12,ETCUSDT,1,0,4341,-6.15391703212e-05,-0.539083132013,0.218491908198,-2.46729106108,0.501958074176,1.54422944022,-0.267141538364
reversal_12,ETCUSDT,1,1,4341,-3.29978291053e-05,-0.289060982962,0.217170281849,-1.33103378833,0.506565307533,1.54935498733,-0.143243576146
reversal_12,ETCUSDT,1,2,4341,-6.38243407401e-05,-0.559101224883,0.21636589813,-2.58405427896,0.508177839208,1.54221377563,-0.277061463153
reversal_12,ETCUSDT,1,3,4341,-7.03159617616e-05,-0.615967825031,0.223298324578,-2.75849729816,0.494125777471,1.5424441373,-0.305241590007
reversal_12,ETCUSDT,1,4,4341,-6.20154422669e-05,-0.543255274258,0.214662553507,-2.53074076211,0.495968670813,1.54503570606,-0.269209034881
reversal_12,ETCUSDT,1,5,4341,-7.95093588824e-05,-0.696501983809,0.221794319851,-3.14030577645,0.496429394149,1.53455425017,-0.345150126908
reversal_12,ETCUSDT,1,6,4341,-6.66889139578e-05,-0.58419488627,0.222599079855,-2.62442633029,0.501266989173,1.53847039853,-0.289496575491
reversal_12,ETCUSDT,1,7,4341,-3.3984039564e-05,-0.297700186581,0.222795227902,-1.33620539984,0.497811564156,1.54353835522,-0.147524715747
reversal_12,ETCUSDT,1,8,4341,-7.08931988775e-05,-0.621024422167,0.22241671118,-2.79216619503,0.495738309145,1.53754895185,-0.307747376327
reversal_12,ETCUSDT,1,9,4341,-6.0316521142e-05,-0.528372725204,0.219952296214,-2.40221509073,0.50264915918,1.54780004607,-0.261834018278
reversal_12,ETCUSDT,1,10,4341,-5.54614059888e-05,-0.485841916462,0.21588449505,-2.2504715605,0.496659755817,1.54733932274,-0.240757963397
reversal_12,ETCUSDT,1,11,4341,-9.82925523144e-05,-0.861042758275,0.219879082634,-3.91598303922,0.501727712509,1.54146510021,-0.426687969597
reversal_12,ETHUSDT,0,0,4341,9.71649874752e-05,0.851165290283,0.217988123141,3.90464066582,0.535821239346,1.54612992398,0.42179321063
reversal_12,ETHUSDT,0,1,4341,0.000119364403505,1.04563217471,0.216647264962,4.8264268413,0.547569684405,1.54826076941,0.518160875617
reversal_12,ETHUSDT,0,2,4341,8.0394869358e-05,0.704259055576,0.216539145481,3.25234060572,0.533747984335,1.54238654688,0.348994127883
reversal_12,ETHUSDT,0,3,4341,7.93928433988e-05,0.695481308173,0.223254329601,3.11519740475,0.530292559318,1.54181064271,0.344644333194
reversal_12,ETHUSDT,0,4,4341,8.34668696452e-05,0.731169778092,0.215127686966,3.39877115961,0.534439069339,1.54054365354,0.36232968113
reversal_12,ETHUSDT,0,5,4341,7.64517956746e-05,0.66971773011,0.22131255597,3.02611719056,0.537433771021,1.53541810643,0.331877245024
reversal_12,ETHUSDT,0,6,4341,9.11150348565e-05,0.798167705343,0.222595582066,3.58573021951,0.542041004377,1.53824003686,0.395530366312
reversal_12,ETHUSDT,0,7,4341,0.000114267571481,1.00098392617,0.222790500793,4.49293808581,0.537203409353,1.54204100438,0.496035527798
reversal_12,ETHUSDT,0,8,4341,8.27716544404e-05,0.725079692898,0.222835325927,3.25388126807,0.531905090993,1.53754895185,0.359311751926
reversal_12,ETHUSDT,0,9,4341,9.44474567913e-05,0.827359721492,0.221369862972,3.73745418813,0.546878599401,1.54526606773,0.409996409931
reversal_12,ETHUSDT,0,10,4341,0.000103545316943,0.907056976422,0.217179340964,4.17653434435,0.534899792674,1.54872149274,0.44949022085
reversal_12,ETHUSDT,0,11,4341,6.683513698e-05,0.585475799945,0.219468592669,2.66769742688,0.532365814328,1.54405666897,0.29013132963
reversal_12,ETHUSDT,1,0,4341,-5.74480049229e-05,-0.503244523124,0.217946275118,-2.30903016284,0.499654457498,1.54612992398,-0.24938178937
reversal_12,ETHUSDT,1,1,4341,-3.54616734353e-05,-0.310644259293,0.216602101328,-1.4341701091,0.507026030868,1.54826076941,-0.153939124383
reversal_12,ETHUSDT,1,2,4341,-7.38437853299e-05,-0.64687155949,0.216556639522,-2.98707793452,0.498041925824,1.54238654688,-0.320555872117
reversal_12,ETHUSDT,1,3,4341,-7.47882208721e-05,-0.65514481484,0.223215145523,-2.93503746488,0.490670352453,1.54181064271,-0.324655666806
reversal_12,ETHUSDT,1,4,4341,-7.05874957084e-05,-0.618346462405,0.215080845357,-2.87494900524,0.498502649159,1.54054365354,-0.30642031887
reversal_12,ETHUSDT,1,5,4341,-7.70900149681e-05,-0.67530853112,0.221239417826,-3.05238794134,0.498502649159,1.53541810643,-0.334647754976
reversal_12,ETHUSDT,1,6,4341,-6.27089688292e-05,-0.549330566944,0.222600673774,-2.46778483475,0.504952775858,1.53824003686,-0.272219633688
reversal_12,ETHUSDT,1,7,4341,-3.9936528957e-05,-0.349843993663,0.222788315482,-1.57029776407,0.49735084082,1.54204100438,-0.173364472202
reversal_12,ETHUSDT,1,8,4341,-7.0983240745e-05,-0.621813188926,0.222839029947,-2.79041417958,0.496199032481,1.53754895185,-0.308138248074
reversal_12,ETHUSDT,1,9,4341,-6.00791499813e-05,-0.526293353836,0.221287186382,-2.37832728791,0.509329647547,1.54526606773,-0.260803590069
reversal_12,ETHUSDT,1,10,4341,-5.13268323312e-05,-0.449623051222,0.217169907031,-2.07037456234,0.494816862474,1.54872149274,-0.22280977915
reversal_12,ETHUSDT,1,11,4341,-8.75705299171e-05,-0.767117842073,0.219428646834,-3.49597854767,0.495968670813,1.54405666897,-0.38014367037
reversal_12,FILUSDT,0,0,4341,9.78782848068e-05,0.857413774908,0.209866519224,4.08551958682,0.533747984335,1.54163787146,0.424889634346
reversal_12,FILUSDT,0,1,4341,0.000126561494909,1.1086786954,0.210894467306,5.25703072993,0.545726791062,1.54803040774,0.549403449399
reversal_12,FILUSDT,0,2,4341,9.90405942221e-05,0.867595605386,0.208794934128,4.15525218085,0.537203409353,1.54284727021,0.429935219518
reversal_12,FILUSDT,0,3,4341,8.69822272783e-05,0.761964310958,0.214836137019,3.54672319811,0.52269062428,1.53789449436,0.377589848615
reversal_12,FILUSDT,0,4,4341,9.07855772709e-05,0.795281656893,0.210142971022,3.78447898126,0.531674729325,1.53887353144,0.394100190933
reversal_12,FILUSDT,0,5,4341,8.2198406552e-05,0.720058041396,0.212208644338,3.39316074348,0.526146049297,1.53299930891,0.356823282842
reversal_12,FILUSDT,0,6,4341,9.49770537174e-05,0.831998990564,0.214920457791,3.87119494866,0.530753282654,1.53616678185,0.412295390187
reversal_12,FILUSDT,0,7,4341,0.000113409048857,0.993463267991,0.214650056622,4.62829259691,0.537203409353,1.54019811103,0.49230868109
reversal_12,FILUSDT,0,8,4341,9.81765433027e-05,0.860026519331,0.212894787242,4.03967861531,0.532135452661,1.53680027643,0.426184374477
reversal_12,FILUSDT,0,9,4341,9.71630189436e-05,0.851148045946,0.212978063271,3.99641180352,0.544574982723,1.54549642939,0.421784665234
reversal_12,FILUSDT,0,10,4341,0.000117304963261,1.02759147817,0.207204337418,4.95931451521,0.538124856024,1.54826076941,0.509220845518
reversal_12,FILUSDT,0,11,4341,7.81665607436e-05,0.684739072114,0.20959855527,3.26690740416,0.530292559318,1.54163787146,0.339321040188
reversal_12,FILUSDT,1,0,4341,-5.6285502339e-05,-0.49306100049,0.209804867445,-2.35009323899,0.496659755817,1.54163787146,-0.244335365654
reversal_12,FILUSDT,1,1,4341,-2.82415458652e-05,-0.247395941779,0.210864459016,-1.17324627836,0.509790370882,1.54803040774,-0.122596550601
reversal_12,FILUSDT,1,2,4341,-5.52441327993e-05,-0.483938603322,0.208791141952,-2.31781194738,0.505183137526,1.54284727021,-0.239814780482
reversal_12,FILUSDT,1,3,4341,-6.68072221573e-05,-0.585231266098,0.214785478603,-2.72472454797,0.488827459111,1.53789449436,-0.290010151385
reversal_12,FILUSDT,1,4,4341,-6.31017758736e-05,-0.552771556652,0.21014135554,-2.63047487836,0.493204330799,1.53887353144,-0.273924809067
reversal_12,FILUSDT,1,5,4341,-7.11015243395e-05,-0.622849353214,0.212158500992,-2.93577372719,0.491591799125,1.53299930891,-0.308651717158
reversal_12,FILUSDT,1,6,4341,-5.86396244674e-05,-0.513683110334,0.214914167642,-2.39017797649,0.492513245796,1.53616678185,-0.254554609813
reversal_12,FILUSDT,1,7,4341,-4.0610762246e-05,-0.355750277275,0.214640070883,-1.65742713283,0.497811564156,1.54019811103,-0.17629131891
reversal_12,FILUSDT,1,8,4341,-5.55034843407e-05,-0.486210522825,0.212862816511,-2.28414962648,0.492282884128,1.53680027643,-0.240940625523
reversal_12,FILUSDT,1,9,4341,-5.73866239958e-05,-0.502706826203,0.212913630853,-2.36108333783,0.506565307533,1.54549642939,-0.249115334766
reversal_12,FILUSDT,1,10,4341,-3.75211136793e-05,-0.328684955831,0.207205774942,-1.58627314284,0.49735084082,1.54826076941,-0.162879154482
reversal_12,FILUSDT,1,11,4341,-7.59972264022e-05,-0.665735703283,0.209544675842,-3.17705854662,0.493665054135,1.54163787146,-0.329903959812
reversal_12,LINKUSDT,0,0,4341,9.9297393746e-05,0.869845169215,0.218226581813,3.98597257029,0.531444367657,1.54814558857,0.431049986252
reversal_12,LINKUSDT,0,1,4341,0.000123858100984,1.08499696462,0.217831054274,4.98091040433,0.549873301083,1.55085233817,0.53766801637
reversal_12,LINKUSDT,0,2,4341,8.20180159093e-05,0.718477819366,0.216548995954,3.31785338556,0.539737387699,1.5424441373,0.356040207062
reversal_12,LINKUSDT,0,3,4341,7.2582583866e-05,0.635823434667,0.224527913498,2.83182355709,0.527297857636,1.54232895646,0.315080996562
reversal_12,LINKUSDT,0,4,4341,8.81919049208e-05,0.772561087107,0.215493889563,3.58507189542,0.536281962681,1.54215618521,0.382841059261
reversal_12,LINKUSDT,0,5,4341,7.02388096477e-05,0.615291972514,0.221805807638,2.77401200206,0.536742686017,1.53386316517,0.304906672681
reversal_12,LINKUSDT,0,6,4341,8.97059904046e-05,0.785824475945,0.222203987459,3.53650033437,0.544114259387,1.54065883437,0.389413704347
reversal_12,LINKUSDT,0,7,4341,0.000116253225681,1.01837825697,0.222649228606,4.57391325065,0.538355217692,1.54232895646,0.504655252681
reversal_12,LINKUSDT,0,8,4341,8.20911899683e-05,0.719118824122,0.222073136473,3.238207176,0.529601474315,1.53927666436,0.356357855652
reversal_12,LINKUSDT,0,9,4341,9.42875545551e-05,0.825958977903,0.220867345474,3.73961563277,0.545266067726,1.54918221608,0.409302274324
reversal_12,LINKUSDT,0,10,4341,9.76269084561e-05,0.855211718075,0.216915978119,3.94259438834,0.533517622668,1.55050679567,0.423798409608
reversal_12,LINKUSDT,0,11,4341,5.65758032204e-05,0.495604036211,0.220061259564,2.25211851097,0.533517622668,1.54526606773,0.24559556178
reversal_12,LINKUSDT,1,0,4341,-5.55171651114e-05,-0.486330366376,0.218188076431,-2.22895024481,0.494816862474,1.54814558857,-0.241000013748
reversal_12,LINKUSDT,1,1,4341,-3.12271328334e-05,-0.27354968362,0.21779247408,-1.25601072662,0.506795669201,1.55085233817,-0.13555698363
reversal_12,LINKUSDT,1,2,4341,-7.22263978202e-05,-0.632703244905,0.216556558083,-2.9216535879,0.505413499194,1.5424441373,-0.313534792938
reversal_12,LINKUSDT,1,3,4341,-8.16503117801e-05,-0.715256731194,0.224480821518,-3.18627099793,0.490209629118,1.54232895646,-0.354444003438
reversal_12,LINKUSDT,1,4,4341,-6.60237136002e-05,-0.578367731138,0.215461201926,-2.6843242587,0.493895415803,1.54215618521,-0.286608940739
reversal_12,LINKUSDT,1,5,4341,-8.31475068692e-05,-0.728372160174,0.221725652945,-3.28501529029,0.496890117484,1.53386316517,-0.360943327319
reversal_12,LINKUSDT,1,6,4341,-6.43598930324e-05,-0.563792662964,0.222190160665,-2.53743307659,0.504261690855,1.54065883437,-0.279386295653
reversal_12,LINKUSDT,1,7,4341,-3.79796699651e-05,-0.332701908894,0.222625598032,-1.49444588509,0.498272287491,1.54232895646,-0.164869747319
reversal_12,LINKUSDT,1,8,4341,-7.1836476468e-05,-0.62928753386,0.222041851286,-2.83409424942,0.492513245796,1.53927666436,-0.311842144348
reversal_12,LINKUSDT,1,9,4341,-6.06306670528e-05,-0.531124643382,0.220771824521,-2.405762803,0.505874222529,1.54918221608,-0.263197725676
reversal_12,LINKUSDT,1,10,4341,-5.74237711109e-05,-0.503032234931,0.216909008301,-2.3190933326,0.493665054135,1.55050679567,-0.249276590392
reversal_12,LINKUSDT,1,11,4341,-9.79508035522e-05,-0.858049039117,0.219993218446,-3.90034313412,0.50057590417,1.54526606773,-0.42520443822
reversal_12,LTCUSDT,0,0,4341,9.78098044544e-05,0.85681388702,0.218544939948,3.92053866461,0.53536051601,1.54670582815,0.424592361136
reversal_12,LTCUSDT,0,1,4341,0.000123231903277,1.07951147271,0.218444768752,4.94180510194,0.545035706059,1.549585349,0.534949692127
reversal_12,LTCUSDT,0,2,4341,8.38404936546e-05,0.734442724414,0.21699853619,3.38455151501,0.541580281041,1.54227136604,0.363951582955
reversal_12,LTCUSDT,0,3,4341,6.9403866877e-05,0.607977873842,0.225501094063,2.69611939742,0.527067495969,1.53921907395,0.301282186113
reversal_12,LTCUSDT,0,4,4341,7.82395713592e-05,0.685378645106,0.214879155879,3.18960041658,0.530292559318,1.53870076019,0.33963797927
reversal_12,LTCUSDT,0,5,4341,7.2571207498e-05,0.635723777683,0.221372505452,2.87173773628,0.534899792674,1.53311448975,0.315031611749
reversal_12,LTCUSDT,0,6,4341,8.02868535112e-05,0.703312836758,0.2225295161,3.16053730348,0.539737387699,1.53605160101,0.348525231092
reversal_12,LTCUSDT,0,7,4341,0.000116001780289,1.01617559533,0.222417610349,4.56877310091,0.537433771021,1.54129232896,0.503563728234
reversal_12,LTCUSDT,0,8,4341,8.5260971851e-05,0.746886113415,0.222313520692,3.35960723887,0.534439069339,1.53645473393,0.370117878805
reversal_12,LTCUSDT,0,9,4341,8.5000773214e-05,0.744606773354,0.221067626183,3.3682307365,0.546417876065,1.54555401981,0.368988356522
reversal_12,LTCUSDT,0,10,4341,9.79509890787e-05,0.858050664329,0.216650271578,3.96053352751,0.534439069339,1.54561161023,0.425205243591
reversal_12,LTCUSDT,0,11,4341,6.94532782904e-05,0.608410717824,0.219667938639,2.7696837399,0.533517622668,1.54503570606,0.301496681059
reversal_12,LTCUSDT,1,0,4341,-5.68607783607e-05,-0.498100418439,0.218488669261,-2.27975400337,0.499193734163,1.54670582815,-0.246832638864
reversal_12,LTCUSDT,1,1,4341,-3.17266316224e-05,-0.277925293012,0.218412637579,-1.27247807679,0.503570605851,1.549585349,-0.137725307873
reversal_12,LTCUSDT,1,2,4341,-7.03866429499e-05,-0.616586992241,0.217017248786,-2.8411888718,0.50264915918,1.54227136604,-0.305548417045
reversal_12,LTCUSDT,1,3,4341,-8.45180405176e-05,-0.740378034934,0.225475334096,-3.28363205626,0.48997926745,1.53921907395,-0.366892813887
reversal_12,LTCUSDT,1,4,4341,-7.56305046602e-05,-0.662523220823,0.214841819072,-3.0837721617,0.493434692467,1.53870076019,-0.32831202073
reversal_12,LTCUSDT,1,5,4341,-8.07402414769e-05,-0.707284515337,0.221285271865,-3.19625662104,0.493434692467,1.53311448975,-0.350493388251
reversal_12,LTCUSDT,1,6,4341,-7.33183065902e-05,-0.64226836573,0.222523694422,-2.88629203015,0.499193734163,1.53605160101,-0.318274768908
reversal_12,LTCUSDT,1,7,4341,-3.81274526068e-05,-0.333996484836,0.222393713025,-1.50182521031,0.49942409583,1.54129232896,-0.165511271766
reversal_12,LTCUSDT,1,8,4341,-6.83845015422e-05,-0.59904823351,0.222294237862,-2.69484373177,0.498041925824,1.53645473393,-0.296857121195
reversal_12,LTCUSDT,1,9,4341,-6.95546287671e-05,-0.609298548,0.221008357758,-2.75690274423,0.507486754204,1.54555401981,-0.301936643478
reversal_12,LTCUSDT,1,10,4341,-5.66101719441e-05,-0.49590510623,0.216653943778,-2.28892720614,0.490209629118,1.54561161023,-0.245744756409
reversal_12,LTCUSDT,1,11,4341,-8.50502923155e-05,-0.745040560684,0.21960861824,-3.39258343618,0.497811564156,1.54503570606,-0.369203318941
reversal_12,NEARUSDT,0,0,4341,7.54439838007e-05,0.660889298094,0.208521277581,3.16940940398,0.540889196038,1.54440221147,0.327502333679
reversal_12,NEARUSDT,0,1,4341,0.000110187187006,0.965239758171,0.208574588781,4.62779173537,0.545726791062,1.5526376411,0.478322578792
reversal_12,NEARUSDT,0,2,4341,8.55432266206e-05,0.749358665196,0.208215460031,3.59895785397,0.539737387699,1.55039161484,0.37134314676
reversal_12,NEARUSDT,0,3,4341,6.9278651739e-05,0.606880989234,0.211726172908,2.866348458,0.531214005989,1.54353835522,0.300738627199
reversal_12,NEARUSDT,0,4,4341,7.19068324643e-05,0.629903852387,0.202563842258,3.10965592558,0.533056899332,1.54434462106,0.312147559728
reversal_12,NEARUSDT,0,5,4341,7.25847317231e-05,0.635842249894,0.205384407468,3.09586427583,0.539046302695,1.53858557936,0.31509032041
reversal_12,NEARUSDT,0,6,4341,7.68804797943e-05,0.673473002998,0.209825170782,3.20968642842,0.546878599401,1.54209859479,0.333738162787
reversal_12,NEARUSDT,0,7,4341,9.86395897804e-05,0.864082806476,0.209005422647,4.13426022892,0.544574982723,1.54440221147,0.428194459237
reversal_12,NEARUSDT,0,8,4341,7.30569275735e-05,0.639978685544,0.210443486565,3.04109524125,0.529371112647,1.53818244644,0.317140122597
reversal_12,NEARUSDT,0,9,4341,7.29520915546e-05,0.639060322018,0.210243587062,3.03961862024,0.542041004377,1.54647546648,0.316685029439
reversal_12,NEARUSDT,0,10,4341,9.38354424825e-05,0.821998476147,0.205460900417,4.00075379052,0.538815941027,1.54929739691,0.407339655817
reversal_12,NEARUSDT,0,11,4341,4.69510131134e-05,0.411290874874,0.209593879918,1.962322922,0.532135452661,1.54209859479,0.203814347925
reversal_12,NEARUSDT,1,0,4341,-7.89962373465e-05,-0.692007039155,0.208482331728,-3.31925987886,0.500806265837,1.54440221147,-0.342922666321
reversal_12,NEARUSDT,1,1,4341,-4.50765771039e-05,-0.39487081543,0.208545988239,-1.89344719006,0.507256392536,1.5526376411,-0.195677421208
reversal_12,NEARUSDT,1,2,4341,-6.9495934863e-05,-0.6087843894,0.208243523392,-2.92342532188,0.501036627505,1.55039161484,-0.30168185324
reversal_12,NEARUSDT,1,3,4341,-8.50751837827e-05,-0.745258609937,0.211677519453,-3.52072630038,0.488827459111,1.54353835522,-0.369311372801
reversal_12,NEARUSDT,1,4,4341,-8.25276296412e-05,-0.722942035657,0.202567531711,-3.56889393651,0.49205252246,1.54434462106,-0.358252440272
reversal_12,NEARUSDT,1,5,4341,-8.12738262129e-05,-0.711958717625,0.205366675958,-3.46676847304,0.49527758581,1.53858557936,-0.35280967959
reversal_12,NEARUSDT,1,6,4341,-7.7329379685e-05,-0.677405366041,0.209805745463,-3.22872648004,0.50264915918,1.54209859479,-0.335686837213
reversal_12,NEARUSDT,1,7,4341,-5.58006313668e-05,-0.488813530773,0.208984626322,-2.33899277366,0.504261690855,1.54440221147,-0.242230540763
reversal_12,NEARUSDT,1,8,4341,-8.07613170706e-05,-0.707469137538,0.210407104758,-3.36238236038,0.494586500806,1.53818244644,-0.350584877403
reversal_12,NEARUSDT,1,9,4341,-8.16954550936e-05,-0.71565218662,0.210188117908,-3.40481752129,0.49942409583,1.54647546648,-0.354639970561
reversal_12,NEARUSDT,1,10,4341,-6.10942972088e-05,-0.535186043549,0.205472571992,-2.60465929034,0.494816862474,1.54929739691,-0.265210344183
reversal_12,NEARUSDT,1,11,4341,-0.000107258846366,-0.939587494166,0.209585769078,-4.48306914301,0.494125777471,1.54209859479,-0.465610652075
reversal_12,SOLUSDT,0,0,4341,0.0001011429012,0.886011814516,0.218495263945,4.0550618742,0.537664132688,1.54762727482,0.439061334111
reversal_12,SOLUSDT,0,1,4341,0.000123887082597,1.08525084355,0.217696527537,4.98515459031,0.546417876065,1.54877908316,0.537793825552
reversal_12,SOLUSDT,0,2,4341,8.123910441e-05,0.711654554632,0.217110467146,3.27784543964,0.538815941027,1.54123473854,0.352658952244
reversal_12,SOLUSDT,0,3,4341,7.33188454497e-05,0.64227308614,0.22517389641,2.85234255116,0.531674729325,1.54169546188,0.318277108097
reversal_12,SOLUSDT,0,4,4341,8.3208022499e-05,0.728902277091,0.215910558146,3.37594549961,0.529140750979,1.54163787146,0.361206025668
reversal_12,SOLUSDT,0,5,4341,6.9074655927e-05,0.605093985921,0.220765127308,2.74089478397,0.534899792674,1.5343238885,0.299853081379
reversal_12,SOLUSDT,0,6,4341,8.23538506649e-05,0.721419731825,0.222333764031,3.24476012436,0.539507026031,1.53996774937,0.357498065736
reversal_12,SOLUSDT,0,7,4341,0.000122033043885,1.06900946443,0.221686866125,4.82215966656,0.537433771021,1.54371112647,0.529745443504
reversal_12,SOLUSDT,0,8,4341,8.67647874568e-05,0.760059538122,0.220561987099,3.44601328687,0.533978346003,1.53616678185,0.37664594235
reversal_12,SOLUSDT,0,9,4341,9.0359447725e-05,0.791548762071,0.219620506877,3.60416599218,0.548951854411,1.54555401981,0.392250362574
reversal_12,SOLUSDT,0,10,4341,0.000101879557315,0.892464922081,0.216891594542,4.11479718228,0.537894494356,1.5492398065,0.442259158305
reversal_12,SOLUSDT,0,11,4341,6.70488370449e-05,0.587347812514,0.21973605791,2.67296964413,0.535130154342,1.54290486063,0.291059001612
reversal_12,SOLUSDT,1,0,4341,-5.36198262817e-05,-0.469709678228,0.218436132178,-2.15032958854,0.499193734163,1.54762727482,-0.232763665889
reversal_12,SOLUSDT,1,1,4341,-3.09908257194e-05,-0.271479633302,0.217653432416,-1.24730232962,0.508408200875,1.54877908316,-0.134531174448
reversal_12,SOLUSDT,1,2,4341,-7.28843694439e-05,-0.638467076329,0.217118374151,-2.94064046318,0.501727712509,1.54123473854,-0.316391047756
reversal_12,SOLUSDT,1,3,4341,-8.08507007378e-05,-0.708252138463,0.225132178751,-3.14593916512,0.493665054135,1.54169546188,-0.350972891903
reversal_12,SOLUSDT,1,4,4341,-7.09557646468e-05,-0.621572498306,0.215900664933,-2.87897445105,0.493665054135,1.54163787146,-0.308018974332
reversal_12,SOLUSDT,1,5,4341,-8.43577329235e-05,-0.73897374041,0.220687918176,-3.3485011165,0.494586500806,1.5343238885,-0.366196918621
reversal_12,SOLUSDT,1,6,4341,-7.16429242717e-05,-0.62759201662,0.222317810289,-2.82294979338,0.499193734163,1.53996774937,-0.311001934264
reversal_12,SOLUSDT,1,7,4341,-3.2338068762e-05,-0.283281482355,0.221699907474,-1.27776996203,0.498963372495,1.54371112647,-0.140379556496
reversal_12,SOLUSDT,1,8,4341,-6.68518907279e-05,-0.585622562777,0.220555482601,-2.65521652815,0.501036627505,1.53616678185,-0.29020405765
reversal_12,SOLUSDT,1,9,4341,-6.41959542561e-05,-0.562356559284,0.219549705242,-2.56140885575,0.507717115872,1.54555401981,-0.278674637426
reversal_12,SOLUSDT,1,10,4341,-5.30444233345e-05,-0.46466914841,0.216879995534,-2.14251732745,0.498272287491,1.5492398065,-0.230265841695
reversal_12,SOLUSDT,1,11,4341,-8.72416490182e-05,-0.764236845399,0.219709271715,-3.4784005219,0.500345542502,1.54290486063,-0.378715998388
reversal_12,TRXUSDT,0,0,4341,0.00010102126897,0.884946316181,0.204934783753,4.31818503416,0.536512324349,1.55137065192,0.438533328601
reversal_12,TRXUSDT,0,1,4341,0.00012390036798,1.08536722351,0.204732673628,5.301387435,0.552637641097,1.55592029486,0.537851497402
reversal_12,TRXUSDT,0,2,4341,9.12013509618e-05,0.798923834426,0.202217682991,3.95081094101,0.544805344391,1.549585349,0.395905064525
reversal_12,TRXUSDT,0,3,4341,7.53402628807e-05,0.659980702835,0.20932896255,3.15283988797,0.541349919373,1.54981571067,0.327052081165
reversal_12,TRXUSDT,0,4,4341,8.53243914082e-05,0.747441668736,0.201857379637,3.70282062554,0.539046302695,1.5461875144,0.370393183103
reversal_12,TRXUSDT,0,5,4341,8.58366490061e-05,0.751929045293,0.205616055999,3.65695685407,0.543192812716,1.54422944022,0.372616893335
reversal_12,TRXUSDT,0,6,4341,9.2310914069e-05,0.808643607245,0.206413236089,3.91759570541,0.542501727713,1.54693618982,0.400721677974
reversal_12,TRXUSDT,0,7,4341,0.000127053536773,1.11298898213,0.205214077845,5.42355082957,0.543423174384,1.550276434,0.551539403133
reversal_12,TRXUSDT,0,8,4341,8.5691886283e-05,0.750660923839,0.204774013615,3.66580168347,0.546187514398,1.54451739231,0.371988478355
reversal_12,TRXUSDT,0,9,4341,0.000100094069941,0.876824052687,0.204407941441,4.28957919396,0.549412577747,1.55419258235,0.434508357616
reversal_12,TRXUSDT,0,10,4341,0.000106172845959,0.930074130601,0.202526124535,4.59236620825,0.536742686017,1.55425017277,0.460896324308
reversal_12,TRXUSDT,0,11,4341,8.71428216426e-05,0.763371117589,0.205827796698,3.70878535277,0.537894494356,1.54854872149,0.37828698875
reversal_12,TRXUSDT,1,0,4341,-5.41157962219e-05,-0.474054374904,0.204872005734,-2.31390508043,0.499193734163,1.55137065192,-0.234916671399
reversal_12,TRXUSDT,1,1,4341,-3.16916615061e-05,-0.277618954793,0.204694389106,-1.35626069676,0.507256392536,1.55592029486,-0.137573502598
reversal_12,TRXUSDT,1,2,4341,-6.3757183938e-05,-0.558512931296,0.202190619751,-2.76230881523,0.503800967519,1.549585349,-0.276769935475
reversal_12,TRXUSDT,1,3,4341,-7.96413081859e-05,-0.697657859708,0.209273259709,-3.33371717284,0.497120479152,1.54981571067,-0.345722918835
reversal_12,TRXUSDT,1,4,4341,-6.92943600315e-05,-0.607018593876,0.201843105869,-3.00737838562,0.493434692467,1.5461875144,-0.300806816897
reversal_12,TRXUSDT,1,5,4341,-6.8586295016e-05,-0.600815944341,0.205536266963,-2.92316267693,0.503570605851,1.54422944022,-0.297733106665
reversal_12,TRXUSDT,1,6,4341,-6.23827049128e-05,-0.546472495036,0.206390962779,-2.64775398922,0.504261690855,1.54693618982,-0.270803322026
reversal_12,TRXUSDT,1,7,4341,-2.79741066267e-05,-0.24505317405,0.205188383908,-1.19428385459,0.498733010827,1.550276434,-0.121435596867
reversal_12,TRXUSDT,1,8,4341,-6.87598529476e-05,-0.602336311821,0.204728405348,-2.94212378979,0.503340244183,1.54451739231,-0.298486521645
reversal_12,TRXUSDT,1,9,4341,-5.5325188294e-05,-0.484648649456,0.2043066276,-2.37216313122,0.507717115872,1.55419258235,-0.240166642384
reversal_12,TRXUSDT,1,10,4341,-4.92521713181e-05,-0.431449020747,0.202533610421,-2.13025887333,0.497120479152,1.55425017277,-0.213803675692
reversal_12,TRXUSDT,1,11,4341,-6.77120505067e-05,-0.593157562439,0.205790642314,-2.88233495833,0.496659755817,1.54854872149,-0.29393801125
reversal_12,XLMUSDT,0,0,4341,0.000102293316957,0.896089456546,0.213413093702,4.19884947546,0.542041004377,1.54641787607,0.444055288912
reversal_12,XLMUSDT,0,1,4341,0.000136928778929,1.19949610342,0.211869171377,5.66149428735,0.546648237733,1.55160101359,0.59440782933
reversal_12,XLMUSDT,0,2,4341,9.97499132402e-05,0.873809239984,0.210503134546,4.15105096591,0.537433771021,1.54209859479,0.433014373376
reversal_12,XLMUSDT,0,3,4341,9.36643824885e-05,0.820499990599,0.219446478829,3.73895263655,0.530522920986,1.54670582815,0.406597084383
reversal_12,XLMUSDT,0,4,4341,8.40850309731e-05,0.736584871325,0.209000515785,3.52432083029,0.525224602626,1.54221377563,0.365013119454
reversal_12,XLMUSDT,0,5,4341,8.97761278514e-05,0.786438879978,0.214651911253,3.6637869907,0.537203409353,1.53513015434,0.389718171003
reversal_12,XLMUSDT,0,6,4341,8.84762593501e-05,0.775052031907,0.217114309036,3.56978789351,0.535821239346,1.53956461645,0.384075441839
reversal_12,XLMUSDT,0,7,4341,0.000113359005219,0.99302488572,0.21605532826,4.59616013045,0.54065883437,1.54451739231,0.492091441656
reversal_12,XLMUSDT,0,8,4341,9.09821755215e-05,0.797003857568,0.214223205233,3.72043661983,0.533287261,1.53950702603,0.394953623939
reversal_12,XLMUSDT,0,9,4341,9.09618850938e-05,0.796826113422,0.212870235681,3.74324813835,0.540889196038,1.54612992398,0.394865543192
reversal_12,XLMUSDT,0,10,4341,0.000110707334219,0.969796247761,0.209004235812,4.64007939358,0.543423174384,1.54900944483,0.480580537846
reversal_12,XLMUSDT,0,11,4341,7.21656518081e-05,0.632171109839,0.210878050503,2.99780422065,0.538124856024,1.54486293481,0.313271094499
reversal_12,XLMUSDT,1,0,4341,-5.23484706492e-05,-0.458572602887,0.213388038904,-2.14900800084,0.505643860862,1.54641787607,-0.227244711088
reversal_12,XLMUSDT,1,1,4341,-1.82313224303e-05,-0.159706384489,0.211828694618,-0.753941220179,0.509329647547,1.55160101359,-0.0791421706698
reversal_12,XLMUSDT,1,2,4341,-5.44599462392e-05,-0.477069129055,0.210543278063,-2.26589579798,0.50057590417,1.54209859479,-0.236410626624
reversal_12,XLMUSDT,1,3,4341,-6.10062003265e-05,-0.53441431486,0.219382734922,-2.43599075857,0.494356139138,1.54670582815,-0.264827915617
reversal_12,XLMUSDT,1,4,4341,-7.01363465896e-05,-0.614394396125,0.208963939767,-2.940193398,0.488597097443,1.54221377563,-0.304461880546
reversal_12,XLMUSDT,1,5,4341,-6.37368875828e-05,-0.558335135225,0.214574866448,-2.6020528148,0.495738309145,1.53513015434,-0.276681828997
reversal_12,XLMUSDT,1,6,4341,-6.54802022947e-05,-0.573606572102,0.217076545709,-2.64241615891,0.493204330799,1.53956461645,-0.284249558161
reversal_12,XLMUSDT,1,7,4341,-4.10927340114e-05,-0.35997234994,0.21607963713,-1.66592444675,0.498963372495,1.54451739231,-0.178383558344
reversal_12,XLMUSDT,1,8,4341,-6.29685270816e-05,-0.551604297235,0.214222843056,-2.57490886297,0.494356139138,1.53950702603,-0.273346376061
reversal_12,XLMUSDT,1,9,4341,-6.36511073042e-05,-0.557583699985,0.212819154949,-2.61998831881,0.505183137526,1.54612992398,-0.276309456808
reversal_12,XLMUSDT,1,10,4341,-4.41936102635e-05,-0.387136025909,0.209009181359,-1.85224411383,0.504261690855,1.54900944483,-0.191844462154
reversal_12,XLMUSDT,1,11,4341,-8.23206416727e-05,-0.721128821053,0.210842440754,-3.42022611042,0.503109882516,1.54486293481,-0.357353905501
reversal_12,XRPUSDT,0,0,4341,0.000102654617741,0.899254451413,0.217114693496,4.14184059556,0.538124856024,1.54699378023,0.445623695614
reversal_12,XRPUSDT,0,1,4341,0.000128784479625,1.12815204152,0.215709959072,5.22994879962,0.547800046072,1.54970052983,0.559053426053
reversal_12,XRPUSDT,0,2,4341,9.12309679011e-05,0.799183278814,0.215020391775,3.71677900973,0.537894494356,1.54204100438,0.396033631659
reversal_12,XRPUSDT,0,3,4341,9.19532759027e-05,0.805510696908,0.223220819539,3.6085822934,0.532826537664,1.54302004147,0.399169170694
reversal_12,XRPUSDT,0,4,4341,9.13330097017e-05,0.800077164987,0.214796689909,3.72481142669,0.539737387699,1.5407740152,0.396476595115
reversal_12,XRPUSDT,0,5,4341,8.02275631348e-05,0.702793453061,0.220569081707,3.18627365005,0.535130154342,1.53443906934,0.348267851568
reversal_12,XRPUSDT,0,6,4341,8.93285327614e-05,0.78251794699,0.221132408978,3.53868503765,0.541810642709,1.54163787146,0.387775160717
reversal_12,XRPUSDT,0,7,4341,0.00012514792454,1.09629581897,0.221123099609,4.95785298284,0.539276664363,1.54238654688,0.543267140428
reversal_12,XRPUSDT,0,8,4341,8.73376443815e-05,0.765077764782,0.220918595188,3.46316598714,0.531905090993,1.53870076019,0.37913271426
reversal_12,XRPUSDT,0,9,4341,9.50240604939e-05,0.832410769927,0.219315719424,3.79549068399,0.545496429394,1.55039161484,0.412499446604
reversal_12,XRPUSDT,0,10,4341,0.000104670891777,0.916917011967,0.216424258119,4.23666468785,0.535130154342,1.54952775858,0.454376341204
reversal_12,XRPUSDT,0,11,4341,7.077359799e-05,0.619976718392,0.217735681778,2.84738226335,0.533287261,1.54411425939,0.307228188875
reversal_12,XRPUSDT,1,0,4341,-5.20447602823e-05,-0.455912100073,0.217054347691,-2.10045136125,0.498041925824,1.54699378023,-0.225926304386
reversal_12,XRPUSDT,1,1,4341,-2.61855733579e-05,-0.229385622615,0.21564713265,-1.0637081968,0.509790370882,1.54970052983,-0.113671573947
reversal_12,XRPUSDT,1,2,4341,-6.29731325366e-05,-0.551644641021,0.21503777474,-2.56533830713,0.504261690855,1.54204100438,-0.273366368341
reversal_12,XRPUSDT,1,3,4341,-6.23487282438e-05,-0.546174859416,0.223171208499,-2.44733567152,0.492743607464,1.54302004147,-0.270655829306
reversal_12,XRPUSDT,1,4,4341,-6.27443918187e-05,-0.549640872332,0.21477403167,-2.55915888927,0.50057590417,1.5407740152,-0.272373404885
reversal_12,XRPUSDT,1,5,4341,-7.32163437991e-05,-0.64137517168,0.220497693635,-2.90876136212,0.494356139138,1.53443906934,-0.317832148432
reversal_12,XRPUSDT,1,6,4341,-6.48352543844e-05,-0.567956828407,0.221122880533,-2.56851225453,0.502879520848,1.54163787146,-0.281449839283
reversal_12,XRPUSDT,1,7,4341,-2.90907301479e-05,-0.254834796096,0.221103447518,-1.15255912541,0.500345542502,1.54238654688,-0.126282859572
reversal_12,XRPUSDT,1,8,4341,-6.65324316379e-05,-0.582824101148,0.220885175863,-2.63858404654,0.494586500806,1.53870076019,-0.28881728574
reversal_12,XRPUSDT,1,9,4341,-6.00151009896e-05,-0.525732284669,0.219217407642,-2.39822325391,0.506795669201,1.55039161484,-0.260525553396
reversal_12,XRPUSDT,1,10,4341,-5.0281884081e-05,-0.44046930455,0.216423703291,-2.03521748243,0.499884819166,1.54952775858,-0.218273658796
reversal_12,XRPUSDT,1,11,4341,-8.36378279487e-05,-0.732667372831,0.2176879621,-3.36567702579,0.501266989173,1.54411425939,-0.363071811125
ridge,ADAUSDT,0,0,4341,4.01281560399e-05,0.351522646909,0.212547390479,1.65385538781,0.496659755817,1.34087767795,0.174196325369
ridge,ADAUSDT,0,1,4341,8.93726526583e-05,0.782904437287,0.213441235566,3.66800930106,0.518544114259,1.37013360977,0.38796668519
ridge,ADAUSDT,0,2,4341,2.03024949063e-05,0.177849855379,0.210073852729,0.846606339003,0.503800967519,1.36604469016,0.0881331303882
ridge,ADAUSDT,0,3,4341,3.51967236693e-05,0.308323299343,0.212647842257,1.44992441997,0.497581202488,1.36051601014,0.152788977448
ridge,ADAUSDT,0,4,4341,4.30067746071e-05,0.376739345559,0.21296713801,1.76900224644,0.502418797512,1.3692121631,0.18669240857
ridge,ADAUSDT,0,5,4341,7.17885352118e-05,0.628867568455,0.214541822289,2.93121202079,0.516701220917,1.3797512094,0.311634031354
ridge,ADAUSDT,0,6,4341,3.79803611634e-05,0.332707963792,0.210927332039,1.57735823317,0.50057590417,1.36212854181,0.16487274781
ridge,ADAUSDT,0,7,4341,4.4111003383e-05,0.386412389635,0.213819367336,1.80719078187,0.509099285879,1.36610228058,0.191485865686
ridge,ADAUSDT,0,8,4341,1.36896454981e-05,0.119921294563,0.210989710342,0.568375085062,0.498502649159,1.37819626814,0.0594267511071
ridge,ADAUSDT,0,9,4341,-7.86002733143e-06,-0.0688538394233,0.210393014856,-0.327262953432,0.503340244183,1.37618060355,-0.0341203786457
ridge,ADAUSDT,0,10,4341,3.06939165737e-05,0.268878709186,0.206913131685,1.29947629228,0.504952775858,1.38637410735,0.133242291846
ridge,ADAUSDT,0,11,4341,7.4516140828e-05,0.652761393653,0.205847930469,3.17108552982,0.505874222529,1.37779313522,0.323474567334
ridge,ADAUSDT,1,0,4341,-9.39596117556e-05,-0.823086198979,0.212581225245,-3.87186685009,0.458419718959,1.34087767795,-0.407878674631
ridge,ADAUSDT,1,1,4341,-4.76407083184e-05,-0.417332604869,0.213433327046,-1.95533008198,0.47730937572,1.37013360977,-0.20680831481
ridge,ADAUSDT,1,2,4341,-0.00011630197411,-1.0188052932,0.210063441759,-4.84998857808,0.466712739,1.36604469016,-0.504866869612
ridge,ADAUSDT,1,3,4341,-0.000100854877344,-0.883488725536,0.212802503459,-4.15168389081,0.463948398986,1.36051601014,-0.437811022552
ridge,ADAUSDT,1,4,4341,-9.39144417025e-05,-0.822690509314,0.213004950955,-3.86230698219,0.467634185672,1.3692121631,-0.40768259143
ridge,ADAUSDT,1,5,4341,-6.61865857281e-05,-0.579794490978,0.214646221954,-2.7011632709,0.479152269062,1.3797512094,-0.287315968646
ridge,ADAUSDT,1,6,4341,-9.82324930176e-05,-0.860516638834,0.210979981969,-4.07866486102,0.465791292329,1.36212854181,-0.42642725219
ridge,ADAUSDT,1,7,4341,-9.2499224675e-05,-0.810293208153,0.21391747582,-3.78787756843,0.471319972357,1.36610228058,-0.401539134314
ridge,ADAUSDT,1,8,4341,-0.000124129981316,-1.08737863633,0.211143710219,-5.14994567065,0.463026952315,1.37819626814,-0.538848248893
ridge,ADAUSDT,1,9,4341,-0.000145478087686,-1.27438804813,0.21025634107,-6.06111588189,0.470168164018,1.37618060355,-0.631520378646
ridge,ADAUSDT,1,10,4341,-0.000107943494161,-0.945585008852,0.206913513927,-4.56995287986,0.468555632343,1.38637410735,-0.468582708154
ridge,ADAUSDT,1,11,4341,-6.32631726943e-05,-0.554185392802,0.205868770036,-2.69193522021,0.468325270675,1.37779313522,-0.274625432666
ridge,APTUSDT,0,0,4341,3.61206912124e-05,0.31641725502,0.206805348633,1.5300245236,0.501958074176,1.33747984335,0.156799920553
ridge,APTUSDT,0,1,4341,8.26935487949e-05,0.724395487443,0.207622140587,3.48900885713,0.516240497581,1.37589265146,0.358972695319
ridge,APTUSDT,0,2,4341,-2.62577010508e-06,-0.0230017461205,0.202208872863,-0.113752407571,0.49942409583,1.36679336558,-0.0113984680261
ridge,APTUSDT,0,3,4341,5.09609836412e-05,0.446418216697,0.206246528429,2.16448839211,0.507717115872,1.36621746141,0.221221629987
ridge,APTUSDT,0,4,4341,5.45090980627e-05,0.477499699029,0.207260950608,2.30385751695,0.510711817554,1.37163096061,0.23662399469
ridge,APTUSDT,0,5,4341,6.4287176921e-05,0.563155669828,0.207323976543,2.71630748753,0.514167242571,1.3868924211,0.279070635014
ridge,APTUSDT,0,6,4341,4.68065967198e-05,0.410025787266,0.204631943997,2.00372326655,0.501727712509,1.36264685556,0.203187436361
ridge,APTUSDT,0,7,4341,5.44367604616e-05,0.476866021643,0.208616129734,2.28585403368,0.510711817554,1.36448974891,0.236309977164
ridge,APTUSDT,0,8,4341,4.23097178625e-05,0.370633128475,0.204012972013,1.81671353943,0.506104584197,1.38073024649,0.183666485241
ridge,APTUSDT,0,9,4341,-2.77244080388e-06,-0.024286581442,0.204916110364,-0.118519629319,0.504261690855,1.37894494356,-0.0120351655296
ridge,APTUSDT,0,10,4341,3.06229439057e-05,0.268256988614,0.201555208892,1.33093552922,0.506104584197,1.3862013361,0.132934199495
ridge,APTUSDT,0,11,4341,5.55757580926e-05,0.486843640891,0.20115162923,2.42028186773,0.511402902557,1.38055747524,0.24125436588
ridge,APTUSDT,1,0,4341,-9.7627293123e-05,-0.855215087758,0.20685317044,-4.1344064775,0.466712739,1.33747984335,-0.423800079447
ridge,APTUSDT,1,1,4341,-5.48957163514e-05,-0.480886475238,0.207608920311,-2.31630931137,0.475927205713,1.37589265146,-0.238302304681
ridge,APTUSDT,1,2,4341,-0.000139305106663,-1.22031273437,0.202190437717,-6.03546215217,0.46463948399,1.36679336558,-0.604723468026
ridge,APTUSDT,1,3,4341,-8.56607625002e-05,-0.750388279502,0.206376860826,-3.63600975661,0.469477079014,1.36621746141,-0.371853370013
ridge,APTUSDT,1,4,4341,-8.26539979982e-05,-0.724049022464,0.207335764582,-3.49215690754,0.468325270675,1.37163096061,-0.35880100531
ridge,APTUSDT,1,5,4341,-7.44020651891e-05,-0.651762091057,0.207417488435,-3.14227163762,0.475927205713,1.3868924211,-0.322979364986
ridge,APTUSDT,1,6,4341,-8.94580888365e-05,-0.783652858208,0.20468012483,-3.82867099998,0.462335867312,1.36264685556,-0.388337563639
ridge,APTUSDT,1,7,4341,-8.2012214429e-05,-0.718426998398,0.208658676504,-3.44307272737,0.472471780696,1.36448974891,-0.356015022836
ridge,APTUSDT,1,8,4341,-9.57633067862e-05,-0.838886567447,0.20414710933,-4.10922579409,0.463257313983,1.38073024649,-0.415708514759
ridge,APTUSDT,1,9,4341,-0.00014066693516,-1.232242352,0.204816655218,-6.0163190864,0.465330568993,1.37894494356,-0.61063516553
ridge,APTUSDT,1,10,4341,-0.000107997189704,-0.946055381808,0.201550366885,-4.69389064593,0.464409122322,1.3862013361,-0.468815800505
ridge,APTUSDT,1,11,4341,-8.24799894311e-05,-0.722524707416,0.201154650797,-3.59188666309,0.467634185672,1.38055747524,-0.35804563412
ridge,ARBUSDT,0,0,4341,3.65406288851e-05,0.320095909034,0.208822696907,1.53285975986,0.50057590417,1.3407049067,0.15862286999
ridge,ARBUSDT,0,1,4341,9.27072484982e-05,0.812115496845,0.207161923597,3.92019673665,0.5132457959,1.38291868233,0.402442165731
ridge,ARBUSDT,0,2,4341,3.11311424892e-05,0.272708808205,0.204683584334,1.3323433293,0.511172540889,1.37168855103,0.135140289546
ridge,ARBUSDT,0,3,4341,4.40906672495e-05,0.386234245105,0.209092397238,1.8471941123,0.503109882516,1.36863625893,0.19139758653
ridge,ARBUSDT,0,4,4341,5.71957481403e-05,0.501034753709,0.205606123321,2.43686688711,0.509790370882,1.38147892191,0.248286742677
ridge,ARBUSDT,0,5,4341,7.56587831835e-05,0.662770940687,0.209670270717,3.16101533336,0.520847730938,1.38890808569,0.3284347778
ridge,ARBUSDT,0,6,4341,4.37304239706e-05,0.383078513983,0.204264811496,1.87540140261,0.505643860862,1.36627505183,0.189833770456
ridge,ARBUSDT,0,7,4341,4.76909674553e-05,0.417772874909,0.206916742741,2.01903852426,0.513706519235,1.37105505644,0.207026489724
ridge,ARBUSDT,0,8,4341,3.48464090801e-05,0.305254543541,0.204103246524,1.49558886857,0.504952775858,1.3872379636,0.151268261817
ridge,ARBUSDT,0,9,4341,-1.23896501566e-06,-0.0108533335371,0.206733805618,-0.0524990748596,0.495047224142,1.38360976733,-0.00537834713296
ridge,ARBUSDT,0,10,4341,3.87444770642e-05,0.339401619082,0.201860997395,1.68136303428,0.51002073255,1.39535821239,0.168189774936
ridge,ARBUSDT,0,11,4341,7.68849733224e-05,0.673512366304,0.20326754662,3.31342793035,0.51209398756,1.38631651693,0.333757669193
ridge,ARBUSDT,1,0,4341,-9.75298617852e-05,-0.854361589239,0.208892662628,-4.08995499645,0.463718037319,1.3407049067,-0.42337713001
ridge,ARBUSDT,1,1,4341,-4.55846197349e-05,-0.399321268878,0.20714231865,-1.9277628612,0.474314674038,1.38291868233,-0.197882834269
ridge,ARBUSDT,1,2,4341,-0.000106037712613,-0.928890362493,0.204639371176,-4.53915762717,0.470628887353,1.37168855103,-0.460309710454
ridge,ARBUSDT,1,3,4341,-9.27729586432e-05,-0.812691117714,0.209228305838,-3.88423122033,0.462566228979,1.36863625893,-0.40272741347
ridge,ARBUSDT,1,4,4341,-8.09521440505e-05,-0.709140781882,0.205660052312,-3.44812117817,0.469016355678,1.38147892191,-0.351413257323
ridge,ARBUSDT,1,5,4341,-6.3232025386e-05,-0.553912542381,0.209768562669,-2.64058892015,0.482377332412,1.38890808569,-0.2744902222
ridge,ARBUSDT,1,6,4341,-9.28970812125e-05,-0.813778431422,0.204300290185,-3.98324657632,0.465100207326,1.36627505183,-0.403266229544
ridge,ARBUSDT,1,7,4341,-8.94145381885e-05,-0.783271354532,0.206952778035,-3.78478299237,0.472471780696,1.37105505644,-0.388148510276
ridge,ARBUSDT,1,8,4341,-0.00010387738728,-0.909965912575,0.204249970205,-4.4551581166,0.463487675651,1.3872379636,-0.450931738183
ridge,ARBUSDT,1,9,4341,-0.000139599941749,-1.22289548972,0.206608184494,-5.91891116374,0.458419718959,1.38360976733,-0.606003347133
ridge,ARBUSDT,1,10,4341,-0.000100791344175,-0.882932174974,0.201889120445,-4.37335193213,0.470859249021,1.39535821239,-0.437535225064
ridge,ARBUSDT,1,11,4341,-6.17466783707e-05,-0.540900902528,0.203273242624,-2.66095475994,0.469246717346,1.38631651693,-0.268042330807
ridge,ATOMUSDT,0,0,4341,3.79551790379e-05,0.332487368372,0.211084601171,1.5751379614,0.494356139138,1.33483068417,0.164763432203
ridge,ATOMUSDT,0,1,4341,6.53596965603e-05,0.572550941868,0.210757905743,2.71662854046,0.507486754204,1.36800276434,0.283726442768
ridge,ATOMUSDT,0,2,4341,1.77283609285e-05,0.155300441733,0.20718241739,0.749583114675,0.507717115872,1.36725408892,0.0769588147905
ridge,ATOMUSDT,0,3,4341,3.16011113324e-05,0.276825735272,0.213008349392,1.29960039624,0.502418797512,1.3604008293,0.137180424294
ridge,ATOMUSDT,0,4,4341,5.06630391087e-05,0.443808222592,0.212831499164,2.08525629118,0.503109882516,1.36869384934,0.219928252771
ridge,ATOMUSDT,0,5,4341,5.96514605409e-05,0.522546794338,0.214141854965,2.44018991254,0.508638562543,1.37825385856,0.258946990208
ridge,ATOMUSDT,0,6,4341,3.76055189297e-05,0.329424345824,0.209327842395,1.57372446042,0.501727712509,1.36103432389,0.163245557674
ridge,ATOMUSDT,0,7,4341,3.63198469958e-05,0.318161859683,0.212506543135,1.49718618067,0.504031329187,1.36045841972,0.157664455809
ridge,ATOMUSDT,0,8,4341,2.0472022952e-05,0.17933492106,0.211555016338,0.847698741274,0.501036627505,1.3797512094,0.0888690516347
ridge,ATOMUSDT,0,9,4341,-1.42165407882e-05,-0.124536897305,0.209598792765,-0.594168008614,0.496659755817,1.37767795439,-0.0617140035616
ridge,ATOMUSDT,0,10,4341,2.29805371064e-05,0.201309505052,0.206187813555,0.976340461548,0.500345542502,1.38729555402,0.0997585115789
ridge,ATOMUSDT,0,11,4341,6.99665730937e-05,0.612907180301,0.20547322074,2.98290540292,0.513706519235,1.37554710896,0.3037248938
ridge,ATOMUSDT,1,0,4341,-9.55278893796e-05,-0.836824310965,0.21113870487,-3.96338658742,0.457728633955,1.33483068417,-0.414686567797
ridge,ATOMUSDT,1,1,4341,-7.14405798737e-05,-0.625819479694,0.210754373857,-2.96942582136,0.470628887353,1.36800276434,-0.310123557232
ridge,ATOMUSDT,1,2,4341,-0.000118997047963,-1.04241414016,0.207137487887,-5.03247456939,0.471089610689,1.36725408892,-0.51656618521
ridge,ATOMUSDT,1,3,4341,-0.000104438971598,-0.914885391197,0.213121682085,-4.29278420782,0.465330568993,1.3604008293,-0.453369575706
ridge,ATOMUSDT,1,4,4341,-8.62063458256e-05,-0.755167589433,0.212866381004,-3.54761322981,0.464409122322,1.36869384934,-0.374221747229
ridge,ATOMUSDT,1,5,4341,-7.81739253149e-05,-0.684803585758,0.214269322446,-3.19599454527,0.474775397374,1.37825385856,-0.339353009792
ridge,ATOMUSDT,1,6,4341,-9.84979134591e-05,-0.862841721902,0.209328856319,-4.12194351547,0.467173462336,1.36103432389,-0.427579442326
ridge,ATOMUSDT,1,7,4341,-9.97259949761e-05,-0.87359971599,0.212543088688,-4.11022405567,0.466712739,1.36045841972,-0.432910544191
ridge,ATOMUSDT,1,8,4341,-0.000117503097988,-1.02932713837,0.211694499884,-4.86232348474,0.459571527298,1.3797512094,-0.510080948365
ridge,ATOMUSDT,1,9,4341,-0.000151984336227,-1.33138278535,0.209472362381,-6.35588757493,0.461875143976,1.37767795439,-0.659764003562
ridge,ATOMUSDT,1,10,4341,-0.000115749018296,-1.01396140027,0.20620767634,-4.91718552029,0.459571527298,1.38729555402,-0.502466488421
ridge,ATOMUSDT,1,11,4341,-6.75881378024e-05,-0.592072087149,0.205466296835,-2.88160197691,0.470398525685,1.37554710896,-0.2934001062
ridge,AVAXUSDT,0,0,4341,3.40251960589e-05,0.298060717476,0.214007052267,1.39276119324,0.492282884128,1.33891960378,0.147703376092
ridge,AVAXUSDT,0,1,4341,7.52979301237e-05,0.659609867884,0.214567541363,3.07413630083,0.511402902557,1.37422252937,0.326868314667
ridge,AVAXUSDT,0,2,4341,1.30473170482e-05,0.114294497342,0.208558637508,0.548020924511,0.507486754204,1.367542041,0.0566384033061
ridge,AVAXUSDT,0,3,4341,3.88348421075e-05,0.340193216862,0.214254683552,1.58779827456,0.499193734163,1.36230131306,0.168582049589
ridge,AVAXUSDT,0,4,4341,4.64029921445e-05,0.406490211186,0.212777609012,1.9103993746,0.50264915918,1.37065192352,0.201435388899
ridge,AVAXUSDT,0,5,4341,6.13661820588e-05,0.537567754835,0.21490161496,2.50145981888,0.512554710896,1.37894494356,0.266390596317
ridge,AVAXUSDT,0,6,4341,4.68269880623e-05,0.410204415426,0.211084773832,1.94331598618,0.504492052522,1.36535360516,0.203275955179
ridge,AVAXUSDT,0,7,4341,5.69561093619e-05,0.49893551801,0.214557595377,2.32541531394,0.511402902557,1.36592950933,0.24724647074
ridge,AVAXUSDT,0,8,4341,2.3278014885e-05,0.203915410393,0.211598145283,0.963691860908,0.49942409583,1.37946325731,0.101049862616
ridge,AVAXUSDT,0,9,4341,1.15437084068e-06,0.0101122885644,0.211778111339,0.0477494510668,0.501497350841,1.37606542271,0.00501112381941
ridge,AVAXUSDT,0,10,4341,2.3483116305e-05,0.205712098832,0.206486016626,0.996251960271,0.508408200875,1.38792904861,0.10194020788
ridge,AVAXUSDT,0,11,4341,6.48880542364e-05,0.568419355111,0.208262466087,2.72934132487,0.506565307533,1.37692927897,0.28167904344
ridge,AVAXUSDT,1,0,4341,-9.98667643189e-05,-0.874832855434,0.214057482142,-4.08690622107,0.456346463948,1.33891960378,-0.433521623908
ridge,AVAXUSDT,1,1,4341,-6.21243228134e-05,-0.544209067846,0.214571602855,-2.53625857572,0.47408431237,1.37422252937,-0.269681685333
ridge,AVAXUSDT,1,2,4341,-0.000123706887052,-1.08367233058,0.208530935887,-5.19669815881,0.473393227367,1.367542041,-0.537011596694
ridge,AVAXUSDT,1,3,4341,-9.73952891987e-05,-0.85318273338,0.214394024471,-3.97950798995,0.463718037319,1.36230131306,-0.422792950411
ridge,AVAXUSDT,1,4,4341,-9.06622002075e-05,-0.794200873818,0.212820742089,-3.73178321823,0.463948398986,1.37065192352,-0.393564611101
ridge,AVAXUSDT,1,5,4341,-7.65283122974e-05,-0.670388015725,0.215024701836,-3.11772559152,0.474775397374,1.37894494356,-0.332209403683
ridge,AVAXUSDT,1,6,4341,-8.97083724537e-05,-0.785845342694,0.211112676797,-3.72239770068,0.467173462336,1.36535360516,-0.389424044821
ridge,AVAXUSDT,1,7,4341,-7.96368415711e-05,-0.697618732163,0.214603894967,-3.25072726322,0.473162865699,1.36592950933,-0.34570352926
ridge,AVAXUSDT,1,8,4341,-0.000114668310846,-1.00449440301,0.211743010806,-4.74393180294,0.464178760654,1.37946325731,-0.497775137384
ridge,AVAXUSDT,1,9,4341,-0.000136452171431,-1.19532102173,0.211675570412,-5.64694839091,0.468785994011,1.37606542271,-0.592338876181
ridge,AVAXUSDT,1,10,4341,-0.000115309788556,-1.01011374775,0.206534327162,-4.89077898879,0.468094909007,1.38792904861,-0.50055979212
ridge,AVAXUSDT,1,11,4341,-7.28048736604e-05,-0.637770693265,0.208277458621,-3.06212058418,0.466482377332,1.37692927897,-0.31604595656
ridge,BCHUSDT,0,0,4341,4.72782283588e-05,0.414157280423,0.209520230059,1.97669351693,0.499884819166,1.34093526837,0.205234789306
ridge,BCHUSDT,0,1,4341,9.40445173925e-05,0.823829972358,0.208727549197,3.94691537139,0.516010135913,1.37428011979,0.408247250001
ridge,BCHUSDT,0,2,4341,1.21732125537e-05,0.10663734197,0.203886652097,0.523022673987,0.503570605851,1.36794517392,0.0528439156955
ridge,BCHUSDT,0,3,4341,4.89898691268e-05,0.429151253551,0.209852340454,2.04501533136,0.502418797512,1.36500806266,0.21266502188
ridge,BCHUSDT,0,4,4341,4.82693851102e-05,0.422839813566,0.206991297553,2.04279029392,0.506795669201,1.37566228979,0.209537400764
ridge,BCHUSDT,0,5,4341,6.59538302286e-05,0.577755552803,0.207881232876,2.77925787148,0.516010135913,1.38539507026,0.286305577022
ridge,BCHUSDT,0,6,4341,4.88679345255e-05,0.428083106444,0.208027511828,2.05781967338,0.501266989173,1.36984565768,0.212135703775
ridge,BCHUSDT,0,7,4341,4.57759351581e-05,0.400997191985,0.208499293547,1.92325443969,0.505413499194,1.37157337019,0.198713334521
ridge,BCHUSDT,0,8,4341,2.27625435188e-05,0.199399881225,0.20622370846,0.966910558994,0.497120479152,1.37980879982,0.0988122014151
ridge,BCHUSDT,0,9,4341,5.90024710823e-06,0.0516861646681,0.20705920974,0.249620216039,0.505413499194,1.37963602856,0.0256129726968
ridge,BCHUSDT,0,10,4341,1.3087819737e-05,0.114649300896,0.201387260166,0.569297684481,0.506565307533,1.38850495278,0.0568142254783
ridge,BCHUSDT,0,11,4341,8.02069501544e-05,0.702612883353,0.202060857939,3.47723399038,0.512554710896,1.38090301774,0.34817837062
ridge,BCHUSDT,1,0,4341,-8.68152984783e-05,-0.76050201467,0.209591088246,-3.62850358302,0.460492973969,1.34093526837,-0.376865210694
ridge,BCHUSDT,1,1,4341,-4.33834945863e-05,-0.380039412576,0.208725212146,-1.82076428942,0.478461184059,1.37428011979,-0.188327749999
ridge,BCHUSDT,1,2,4341,-0.000124621304839,-1.09168263039,0.203843905738,-5.35548328724,0.461644782308,1.36794517392,-0.540981084304
ridge,BCHUSDT,1,3,4341,-8.7510937139e-05,-0.766595809338,0.209967980143,-3.65101292499,0.46463948399,1.36500806266,-0.37988497812
ridge,BCHUSDT,1,4,4341,-8.92968438693e-05,-0.782240352295,0.207031218895,-3.77836906177,0.470628887353,1.37566228979,-0.387637599236
ridge,BCHUSDT,1,5,4341,-7.25856767974e-05,-0.635850528745,0.20797061541,-3.0574056219,0.476157567381,1.38539507026,-0.315094422978
ridge,BCHUSDT,1,6,4341,-8.81166312427e-05,-0.771901689686,0.208020132657,-3.71070665049,0.462335867312,1.36984565768,-0.382514296225
ridge,BCHUSDT,1,7,4341,-9.1381401861e-05,-0.800501080302,0.20856416919,-3.83815246603,0.468094909007,1.37157337019,-0.396686665479
ridge,BCHUSDT,1,8,4341,-0.000115218336463,-1.00931262741,0.206364072735,-4.89093190514,0.454733932274,1.37980879982,-0.500162798585
ridge,BCHUSDT,1,9,4341,-0.000132063355748,-1.15687499635,0.206943356979,-5.59029781502,0.468785994011,1.37963602856,-0.573287027303
ridge,BCHUSDT,1,10,4341,-0.000125762675541,-1.10168103774,0.201422928364,-5.46949171419,0.464409122322,1.38850495278,-0.545935774522
ridge,BCHUSDT,1,11,4341,-5.78833516194e-05,-0.507058160186,0.202035632211,-2.5097461999,0.469246717346,1.38090301774,-0.25127162938
ridge,BNBUSDT,0,0,4341,4.92030766501e-05,0.431018951455,0.207040260266,2.08181225671,0.498272287491,1.34830684174,0.213590555738
ridge,BNBUSDT,0,1,4341,9.31756649372e-05,0.81621882485,0.209713908162,3.89205862408,0.510942179221,1.38510711818,0.404475561493
ridge,BNBUSDT,0,2,4341,2.02551217948e-05,0.177434866922,0.203354078877,0.872541470038,0.508177839208,1.3760078323,0.087927483711
ridge,BNBUSDT,0,3,4341,3.5453732448e-05,0.310574696244,0.208928558523,1.48651145846,0.502879520848,1.37099746602,0.153904652557
ridge,BNBUSDT,0,4,4341,4.68445575522e-05,0.410358324157,0.207693747486,1.97578564172,0.506334945865,1.38360976733,0.203352224334
ridge,BNBUSDT,0,5,4341,6.1444609871e-05,0.53825478247,0.210240502259,2.56018596172,0.5132457959,1.39316977655,0.26673105145
ridge,BNBUSDT,0,6,4341,4.14239296419e-05,0.362873623663,0.207457597647,1.74914598346,0.496659755817,1.3763533748,0.179821278575
ridge,BNBUSDT,0,7,4341,4.29703203117e-05,0.376420005931,0.21043561382,1.78876568988,0.509099285879,1.37715964064,0.186534160473
ridge,BNBUSDT,0,8,4341,1.96335773049e-05,0.171990137191,0.206590659096,0.832516522981,0.498733010827,1.38522229901,0.0852293590804
ridge,BNBUSDT,0,9,4341,-2.83763273842e-07,-0.00248576627886,0.206849146609,-0.0120172904728,0.506565307533,1.38562543193,-0.00123181637175
ridge,BNBUSDT,0,10,4341,3.50497331864e-05,0.307035662713,0.20370004219,1.50729307374,0.502188435844,1.39495507947,0.152150891762
ridge,BNBUSDT,0,11,4341,7.8020019624e-05,0.683455371906,0.202440246117,3.37608447438,0.514627965906,1.38954158028,0.338684905188
ridge,BNBUSDT,1,0,4341,-8.56276075241e-05,-0.750097841911,0.207070771494,-3.62242259735,0.46141442064,1.34830684174,-0.371709444262
ridge,BNBUSDT,1,1,4341,-4.53350468803e-05,-0.397135010672,0.209702768819,-1.8937995569,0.473853950703,1.38510711818,-0.196799438507
ridge,BNBUSDT,1,2,4341,-0.000117345661435,-1.02794799417,0.203328157459,-5.05561062972,0.474775397374,1.3760078323,-0.509397516289
ridge,BNBUSDT,1,3,4341,-0.000101646014154,-0.890419083991,0.209058747573,-4.25918118389,0.468325270675,1.37099746602,-0.441245347443
ridge,BNBUSDT,1,4,4341,-9.15164191813e-05,-0.801683832028,0.207738924188,-3.85909301862,0.467403824004,1.38360976733,-0.397272775666
ridge,BNBUSDT,1,5,4341,-7.7872367784e-05,-0.682161941787,0.21032839372,-3.24331836383,0.474314674038,1.39316977655,-0.33804394855
ridge,BNBUSDT,1,6,4341,-9.6211407838e-05,-0.84281193266,0.207504453777,-4.06165707444,0.45726791062,1.3763533748,-0.417653721425
ridge,BNBUSDT,1,7,4341,-9.47456437518e-05,-0.829971839266,0.210518008165,-3.94252181323,0.470859249021,1.37715964064,-0.411290839527
ridge,BNBUSDT,1,8,4341,-0.000118888652596,-1.04146459674,0.206709795401,-5.03829339448,0.462105505644,1.38522229901,-0.51609564092
ridge,BNBUSDT,1,9,4341,-0.000138846306467,-1.21629364465,0.206741244782,-5.88316881776,0.468094909007,1.38562543193,-0.602731816372
ridge,BNBUSDT,1,10,4341,-0.000104445774761,-0.914944986907,0.203737608845,-4.49080065333,0.467173462336,1.39495507947,-0.453399108238
ridge,BNBUSDT,1,11,4341,-6.09341384041e-05,-0.53378305242,0.202478011471,-2.63625194925,0.474314674038,1.38954158028,-0.264515094812
ridge,BTCUSDT,0,0,4341,3.8820701743e-05,0.340069347269,0.207787024456,1.63662455902,0.496659755817,1.34012900253,0.168520666267
ridge,BTCUSDT,0,1,4341,7.94615525398e-05,0.696083200249,0.210836888516,3.30152472439,0.511172540889,1.37929048606,0.344942599575
ridge,BTCUSDT,0,2,4341,1.4066355999e-05,0.123221278551,0.204686097502,0.6020012109,0.507717115872,1.37013360977,0.0610620513915
ridge,BTCUSDT,0,3,4341,3.82673715121e-05,0.335222174446,0.208334520487,1.60905726839,0.503340244183,1.36892421101,0.166118659734
ridge,BTCUSDT,0,4,4341,5.3579672664e-05,0.469357932537,0.207801621748,2.25868272147,0.506334945865,1.38124856024,0.232589359034
ridge,BTCUSDT,0,5,4341,6.97360844916e-05,0.610888100147,0.209339505543,2.91816921303,0.51531905091,1.39138447362,0.302724342778
ridge,BTCUSDT,0,6,4341,4.352521426e-05,0.381280876917,0.2068083007,1.84364397186,0.501266989173,1.3702487906,0.188942955102
ridge,BTCUSDT,0,7,4341,4.64451452475e-05,0.406859472368,0.208691000984,1.94957842192,0.511172540889,1.37278276895,0.201618375519
ridge,BTCUSDT,0,8,4341,3.07218504107e-05,0.269123409597,0.207025105821,1.29995542584,0.501266989173,1.38291868233,0.133363552633
ridge,BTCUSDT,0,9,4341,-3.27670456583e-06,-0.0287039319967,0.208289974247,-0.13780755459,0.50264915918,1.38326422483,-0.0142241745203
ridge,BTCUSDT,0,10,4341,3.36740342385e-05,0.294984539929,0.203321651254,1.45082699314,0.501497350841,1.39363049988,0.146178982629
ridge,BTCUSDT,0,11,4341,8.35892240527e-05,0.732241602702,0.203699182925,3.59472037241,0.515088689242,1.3865468786,0.362860821613
ridge,BTCUSDT,1,0,4341,-9.51921985104e-05,-0.833883658951,0.207814993347,-4.01262510236,0.459801888966,1.34012900253,-0.413229333733
ridge,BTCUSDT,1,1,4341,-5.84674960665e-05,-0.512175265542,0.210821785919,-2.42942285737,0.47730937572,1.37929048606,-0.253807400425
ridge,BTCUSDT,1,2,4341,-0.000122947004978,-1.07701576361,0.204649287505,-5.26273888727,0.469477079014,1.37013360977,-0.533712948609
ridge,BTCUSDT,1,3,4341,-9.86250495891e-05,-0.8639554344,0.208442247509,-4.14481922319,0.468555632343,1.36892421101,-0.428131340266
ridge,BTCUSDT,1,4,4341,-8.454518336e-05,-0.740615806233,0.207816581707,-3.56379553618,0.468785994011,1.38124856024,-0.367010640966
ridge,BTCUSDT,1,5,4341,-6.94023628707e-05,-0.607964698748,0.20944016051,-2.90280859825,0.480304077402,1.39138447362,-0.301275657222
ridge,BTCUSDT,1,6,4341,-9.34996648002e-05,-0.819057063649,0.206831738094,-3.96001634564,0.462796590647,1.3702487906,-0.405882044898
ridge,BTCUSDT,1,7,4341,-9.08331316472e-05,-0.79569823323,0.208750691467,-3.81171543738,0.473623589035,1.37278276895,-0.394306624481
ridge,BTCUSDT,1,8,4341,-0.000107570017822,-0.942313356125,0.207153076027,-4.54887455306,0.464178760654,1.38291868233,-0.466961447367
ridge,BTCUSDT,1,9,4341,-0.000141603127049,-1.24044339295,0.208176530867,-5.95861304723,0.465330568993,1.38326422483,-0.61469917452
ridge,BTCUSDT,1,10,4341,-0.00010568901575,-0.92583577797,0.203346885373,-4.55298725757,0.464178760654,1.39363049988,-0.458796017371
ridge,BTCUSDT,1,11,4341,-5.50654638072e-05,-0.482373462951,0.203734780133,-2.36765397953,0.473623589035,1.3865468786,-0.239039178387
ridge,DOGEUSDT,0,0,4341,4.66074954639e-05,0.408281660263,0.213199193357,1.91502441372,0.498272287491,1.33759502419,0.202323137809
ridge,DOGEUSDT,0,1,4341,9.25458674188e-05,0.810701798588,0.211900471506,3.82586123016,0.508408200875,1.37318590187,0.401741610465
ridge,DOGEUSDT,0,2,4341,1.00967511919e-05,0.0884475404409,0.207376653765,0.426506739477,0.501497350841,1.36996083852,0.043829996924
ridge,DOGEUSDT,0,3,4341,3.54187939957e-05,0.310268635402,0.213572189083,1.45275766819,0.499884819166,1.36420179682,0.153752984735
ridge,DOGEUSDT,0,4,4341,5.14035126685e-05,0.450294770976,0.214283871284,2.1013936713,0.507717115872,1.37197650311,0.223142648494
ridge,DOGEUSDT,0,5,4341,7.08376346775e-05,0.620537679775,0.213908278625,2.9009521453,0.510251094218,1.38032711357,0.307506172135
ridge,DOGEUSDT,0,6,4341,3.56732945969e-05,0.312498060669,0.210967327813,1.48126282827,0.498502649159,1.36541119558,0.154857771845
ridge,DOGEUSDT,0,7,4341,5.2487829087e-05,0.459793382802,0.214350774942,2.14505118036,0.507026030868,1.36713890809,0.227849666067
ridge,DOGEUSDT,0,8,4341,2.14985037442e-05,0.188326892799,0.211028180705,0.892425325233,0.496659755817,1.37819626814,0.0933250047537
ridge,DOGEUSDT,0,9,4341,-4.98167920868e-07,-0.0043639509868,0.211840905718,-0.0206001337278,0.504261690855,1.37900253398,-0.00216254694449
ridge,DOGEUSDT,0,10,4341,3.61658209841e-05,0.316812591821,0.207048521855,1.53013694076,0.502418797512,1.39011748445,0.156995828892
ridge,DOGEUSDT,0,11,4341,7.75087592583e-05,0.678976731103,0.206507614851,3.28790166694,0.507026030868,1.38038470399,0.33646552394
ridge,DOGEUSDT,1,0,4341,-8.71520069549e-05,-0.763451580925,0.213242204069,-3.58020863767,0.463948398986,1.33759502419,-0.378326862191
ridge,DOGEUSDT,1,1,4341,-4.47727227678e-05,-0.392209051446,0.211898212298,-1.85093138443,0.47201105736,1.37318590187,-0.194358389535
ridge,DOGEUSDT,1,2,4341,-0.00012689933266,-1.1116381541,0.207358701171,-5.360942887,0.466712739,1.36996083852,-0.550870003076
ridge,DOGEUSDT,1,3,4341,-0.000101001385686,-0.884772138613,0.213705584134,-4.14014515436,0.46141442064,1.36420179682,-0.438447015265
ridge,DOGEUSDT,1,4,4341,-8.57941376424e-05,-0.751556645748,0.214315568275,-3.50677578766,0.469016355678,1.37197650311,-0.372432351506
ridge,DOGEUSDT,1,5,4341,-6.71950766794e-05,-0.588628871711,0.214033422231,-2.750172686,0.471780695692,1.38032711357,-0.291693827865
ridge,DOGEUSDT,1,6,4341,-0.000100867824961,-0.883602146657,0.211020610787,-4.18727887935,0.463026952315,1.36541119558,-0.437867228155
ridge,DOGEUSDT,1,7,4341,-8.42260617216e-05,-0.737820300681,0.214410213564,-3.44116209959,0.46993780235,1.36713890809,-0.365625333933
ridge,DOGEUSDT,1,8,4341,-0.00011632112307,-1.01897303809,0.21116574725,-4.82546554715,0.457498272287,1.37819626814,-0.504949995246
ridge,DOGEUSDT,1,9,4341,-0.000138398421319,-1.21237017075,0.211729571666,-5.72603137679,0.465560930661,1.37900253398,-0.600787546944
ridge,DOGEUSDT,1,10,4341,-0.000102845927461,-0.900930324558,0.207060508167,-4.35104855354,0.463948398986,1.39011748445,-0.446454171108
ridge,DOGEUSDT,1,11,4341,-6.05297111402e-05,-0.530240269588,0.206514899674,-2.56756423108,0.469246717346,1.38038470399,-0.26275947606
ridge,DOTUSDT,0,0,4341,3.79284606348e-05,0.332253315161,0.210541574864,1.57808886618,0.497811564156,1.33488827459,0.164647447616
ridge,DOTUSDT,0,1,4341,8.03242439738e-05,0.703640377211,0.211286976815,3.33025909982,0.511863625893,1.37214927436,0.34868754309
ridge,DOTUSDT,0,2,4341,1.94884816224e-05,0.170719099012,0.207169922245,0.824053497543,0.508638562543,1.36523842433,0.0845994987226
ridge,DOTUSDT,0,3,4341,3.63747885374e-05,0.318643147588,0.212293069804,1.50095878251,0.501958074176,1.36587191891,0.157902957041
ridge,DOTUSDT,0,4,4341,3.81802325874e-05,0.334458837465,0.210451154543,1.58924686439,0.512554710896,1.37019120018,0.165740389662
ridge,DOTUSDT,0,5,4341,4.96127803109e-05,0.434607955523,0.210697415096,2.06271137843,0.50794747754,1.3794056669,0.21536907933
ridge,DOTUSDT,0,6,4341,3.20388410215e-05,0.280660247348,0.207627745456,1.35174731456,0.503109882516,1.35907624971,0.139080608874
ridge,DOTUSDT,0,7,4341,4.94659981388e-05,0.433322143695,0.210743365887,2.05616030603,0.505413499194,1.36477770099,0.21473189792
ridge,DOTUSDT,0,8,4341,2.75027647166e-05,0.240924218917,0.207463344166,1.16128571958,0.501727712509,1.37767795439,0.119389501635
ridge,DOTUSDT,0,9,4341,-1.54968333485e-05,-0.135752260133,0.208899451888,-0.649844979991,0.50057590417,1.37957843815,-0.0672717535657
ridge,DOTUSDT,0,10,4341,3.05960244512e-05,0.268021174192,0.20542803922,1.30469616129,0.503340244183,1.3892536282,0.132817342143
ridge,DOTUSDT,0,11,4341,6.21350133044e-05,0.544302716546,0.205327818277,2.65089611877,0.511633264225,1.37998157107,0.269728092754
ridge,DOTUSDT,1,0,4341,-9.55603668243e-05,-0.837108813381,0.210577107881,-3.97530777113,0.45934116563,1.33488827459,-0.414827552384
ridge,DOTUSDT,1,1,4341,-5.68906834623e-05,-0.498362387129,0.211282511314,-2.35874888097,0.475005759042,1.37214927436,-0.24696245691
ridge,DOTUSDT,1,2,4341,-0.00011703536081,-1.0252297607,0.207152503489,-4.94915457659,0.468325270675,1.36523842433,-0.508050501277
ridge,DOTUSDT,1,3,4341,-0.000100212403354,-0.87786065338,0.212420409714,-4.13265681278,0.463487675651,1.36587191891,-0.435022042959
ridge,DOTUSDT,1,4,4341,-9.88388874311e-05,-0.865828653896,0.21050201946,-4.11316079587,0.47201105736,1.37019120018,-0.429059610338
ridge,DOTUSDT,1,5,4341,-8.83277863788e-05,-0.773751408679,0.210789080052,-3.67073763256,0.469707440682,1.3794056669,-0.38343092067
ridge,DOTUSDT,1,6,4341,-0.00010386878395,-0.9098905474,0.207657487411,-4.3816890917,0.466943100668,1.35907624971,-0.450894391126
ridge,DOTUSDT,1,7,4341,-8.70117719603e-05,-0.762223122372,0.210821407843,-3.61549204215,0.473853950703,1.36477770099,-0.37771810208
ridge,DOTUSDT,1,8,4341,-0.000110265030722,-0.965921669127,0.207588035646,-4.65307003904,0.45934116563,1.37767795439,-0.478660498365
ridge,DOTUSDT,1,9,4341,-0.000153454677163,-1.34426297195,0.208782846903,-6.43856998738,0.458419718959,1.37957843815,-0.666146753566
ridge,DOTUSDT,1,10,4341,-0.000108329338368,-0.948965004108,0.205433500475,-4.61932937867,0.468094909007,1.3892536282,-0.470257657857
ridge,DOTUSDT,1,11,4341,-7.58631438023e-05,-0.664561139708,0.205316740805,-3.23676061242,0.473393227367,1.37998157107,-0.329321907246
ridge,ETCUSDT,0,0,4341,3.89765136912e-05,0.341434259934,0.213237127575,1.60119517561,0.495968670813,1.34012900253,0.169197045933
ridge,ETCUSDT,0,1,4341,8.72553840923e-05,0.764357164648,0.213109358719,3.58668980679,0.509329647547,1.37335867312,0.378775622344
ridge,ETCUSDT,0,2,4341,1.72129035284e-05,0.150785034909,0.209100871252,0.721111461688,0.505643860862,1.36592950933,0.0747212142168
ridge,ETCUSDT,0,3,4341,4.99807774166e-05,0.437831610169,0.21339446841,2.05174770195,0.499193734163,1.36224372264,0.216966554765
ridge,ETCUSDT,0,4,4341,4.94386696401e-05,0.433082746047,0.212779624867,2.03535816137,0.50472241419,1.3726099977,0.214613264908
ridge,ETCUSDT,0,5,4341,6.90183280153e-05,0.604600553414,0.215226718382,2.80913335463,0.515088689242,1.3807878369,0.299608561914
ridge,ETCUSDT,0,6,4341,3.65722999636e-05,0.320373347681,0.211563042847,1.51431622163,0.499884819166,1.36420179682,0.158760354142
ridge,ETCUSDT,0,7,4341,4.79606733857e-05,0.420135498858,0.21452108461,1.95848114241,0.50472241419,1.36644782308,0.208197283167
ridge,ETCUSDT,0,8,4341,1.73478537953e-05,0.151967199247,0.211585941088,0.718229190772,0.495738309145,1.37612301313,0.0753070333252
ridge,ETCUSDT,0,9,4341,-1.05255111567e-05,-0.0922034777326,0.212824881238,-0.433236364076,0.495738309145,1.37520156646,-0.0456912439312
ridge,ETCUSDT,0,10,4341,3.55519548542e-05,0.311435124523,0.20737997534,1.50176083304,0.503800967519,1.38752591569,0.154331036022
ridge,ETCUSDT,0,11,4341,7.59802378827e-05,0.665586883852,0.207075240799,3.21422726002,0.516470859249,1.38067265607,0.329830212649
ridge,ETCUSDT,1,0,4341,-9.50363865622e-05,-0.832518746285,0.213270523413,-3.90358092136,0.459801888966,1.34012900253,-0.412552954067
ridge,ETCUSDT,1,1,4341,-5.00804832194e-05,-0.438705033002,0.213106451595,-2.05861920049,0.475005759042,1.37335867312,-0.217399377656
ridge,ETCUSDT,1,2,4341,-0.000119380047405,-1.04576921526,0.209059785778,-5.00224953054,0.471780695692,1.36592950933,-0.518228785783
ridge,ETCUSDT,1,3,4341,-8.62435948479e-05,-0.755493890867,0.213515448067,-3.5383570496,0.468094909007,1.36224372264,-0.374383445235
ridge,ETCUSDT,1,4,4341,-8.78223301295e-05,-0.769323611935,0.212819691511,-3.6149080307,0.471550334024,1.3726099977,-0.381236735092
ridge,ETCUSDT,1,5,4341,-6.90604556751e-05,-0.604969591714,0.215328091423,-2.80952470119,0.475696844045,1.3807878369,-0.299791438086
ridge,ETCUSDT,1,6,4341,-9.98478797185e-05,-0.874667426334,0.211586803901,-4.13384677214,0.460492973969,1.36420179682,-0.433439645858
ridge,ETCUSDT,1,7,4341,-8.86841089226e-05,-0.776872794162,0.214554117612,-3.62087105485,0.469477079014,1.36644782308,-0.384977716833
ridge,ETCUSDT,1,8,4341,-0.000120264447518,-1.05351656026,0.211699922743,-4.97646171339,0.458650080627,1.37612301313,-0.522067966675
ridge,ETCUSDT,1,9,4341,-0.000148045667803,-1.29688004995,0.212719265212,-6.09667417126,0.461644782308,1.37520156646,-0.642666243931
ridge,ETCUSDT,1,10,4341,-0.000103200636715,-0.904037577619,0.207384457391,-4.35923496386,0.466943100668,1.38752591569,-0.447993963978
ridge,ETCUSDT,1,11,4341,-6.20870277243e-05,-0.543882362865,0.207090194243,-2.62630669141,0.475927205713,1.38067265607,-0.269519787351
ridge,ETHUSDT,0,0,4341,3.4451991938e-05,0.301799449377,0.211965309234,1.42381529538,0.495047224142,1.34105044921,0.149556097003
ridge,ETHUSDT,0,1,4341,8.06051743245e-05,0.706101327082,0.213837584379,3.30204500361,0.516240497581,1.37871458189,0.349907061743
ridge,ETHUSDT,0,2,4341,9.05885109795e-06,0.0793555356181,0.209681357232,0.378457754497,0.508177839208,1.36984565768,0.0393244726162
ridge,ETHUSDT,0,3,4341,3.13717383218e-05,0.274816427699,0.212597782646,1.2926589557,0.495738309145,1.36299239806,0.136184716055
ridge,ETHUSDT,0,4,4341,5.58233003367e-05,0.489012110949,0.211137258487,2.31608629596,0.510251094218,1.3763533748,0.242328946762
ridge,ETHUSDT,0,5,4341,6.73143017897e-05,0.589673283677,0.213483096834,2.76215443949,0.515779774246,1.38303386317,0.292211384069
ridge,ETHUSDT,0,6,4341,2.8188212111e-05,0.246928738092,0.211384625678,1.16814899523,0.494816862474,1.36702372725,0.122365028774
ridge,ETHUSDT,0,7,4341,5.10721226354e-05,0.447391794286,0.213170159273,2.09875432758,0.511402902557,1.36713890809,0.22170408436
ridge,ETHUSDT,0,8,4341,2.67711138642e-05,0.23451495745,0.209762332939,1.1180031904,0.500345542502,1.38435844276,0.116213405284
ridge,ETHUSDT,0,9,4341,-6.24129006639e-06,-0.0546737009816,0.211559910276,-0.258431292159,0.501266989173,1.38096060815,-0.0270934401782
ridge,ETHUSDT,0,10,4341,2.50956089607e-05,0.219837534496,0.206319547135,1.06551966378,0.504492052522,1.3909813407,0.108940038498
ridge,ETHUSDT,0,11,4341,7.00203486172e-05,0.613378253887,0.206640544037,2.96833448995,0.505643860862,1.38142133149,0.303958333347
ridge,ETHUSDT,1,0,4341,-9.96530529826e-05,-0.872960744127,0.212007051195,-4.11760240617,0.461644782308,1.34105044921,-0.432593902997
ridge,ETHUSDT,1,1,4341,-5.72662838649e-05,-0.501652646656,0.213817304516,-2.34617421537,0.476387929049,1.37871458189,-0.248592938257
ridge,ETHUSDT,1,2,4341,-0.00012792571467,-1.12062926051,0.209645055409,-5.34536461317,0.471319972357,1.36984565768,-0.555325527384
ridge,ETHUSDT,1,3,4341,-0.000104927501485,-0.919164913006,0.21272205568,-4.32096667206,0.462796590647,1.36299239806,-0.455490283945
ridge,ETHUSDT,1,4,4341,-8.18120371432e-05,-0.716673445374,0.211149842484,-3.39414624678,0.472702142364,1.3763533748,-0.355146053238
ridge,ETHUSDT,1,5,4341,-7.09890845268e-05,-0.621864380455,0.213597444717,-2.91138492447,0.476618290716,1.38303386317,-0.308163615931
ridge,ETHUSDT,1,6,4341,-0.000108514160614,-0.95058404698,0.211445857277,-4.49563807596,0.457498272287,1.36702372725,-0.471059971226
ridge,ETHUSDT,1,7,4341,-8.56417681732e-05,-0.750221889197,0.213245777699,-3.51810899747,0.470398525685,1.36713890809,-0.37177091564
ridge,ETHUSDT,1,8,4341,-0.000111664730411,-0.978183038403,0.209894431548,-4.66035726241,0.464178760654,1.38435844276,-0.484736594716
ridge,ETHUSDT,1,9,4341,-0.000144337350882,-1.26439519373,0.211439216438,-5.97994645943,0.463257313983,1.38096060815,-0.626568440178
ridge,ETHUSDT,1,10,4341,-0.00011400252511,-0.998662119962,0.206323788739,-4.8402664863,0.467403824004,1.3909813407,-0.494884961502
ridge,ETHUSDT,1,11,4341,-6.81217845318e-05,-0.596746832499,0.206655036252,-2.88764717919,0.465560930661,1.38142133149,-0.295716666653
ridge,FILUSDT,0,0,4341,5.39570024441e-05,0.47266334141,0.203453342953,2.3232026299,0.499193734163,1.35072563925,0.23422734761
ridge,FILUSDT,0,1,4341,9.35253651481e-05,0.819282198697,0.203620532268,4.02357360317,0.516240497581,1.3800967519,0.405993610108
ridge,FILUSDT,0,2,4341,3.19853478201e-05,0.280191646904,0.200489883751,1.39753508587,0.509099285879,1.37882976273,0.138848394887
ridge,FILUSDT,0,3,4341,5.4336453541e-05,0.475987333019,0.206672044179,2.30310458732,0.501727712509,1.37076710435,0.235874544822
ridge,FILUSDT,0,4,4341,4.15918294591e-05,0.364344426061,0.202940159407,1.79532935781,0.509329647547,1.38487675651,0.180550131682
ridge,FILUSDT,0,5,4341,6.82808259636e-05,0.598140035441,0.205332610165,2.91302991259,0.514397604239,1.39512785073,0.296407065508
ridge,FILUSDT,0,6,4341,4.94762124999e-05,0.433411621499,0.200550573353,2.16110886273,0.503800967519,1.37589265146,0.214776238462
ridge,FILUSDT,0,7,4341,6.08629136547e-05,0.533159123615,0.201639581915,2.6441193666,0.507717115872,1.37785072564,0.264205908175
ridge,FILUSDT,0,8,4341,2.02034279465e-05,0.176982028811,0.199467136454,0.887274124235,0.493204330799,1.39322736697,0.0877030807156
ridge,FILUSDT,0,9,4341,1.15958734305e-05,0.101579851251,0.200921437842,0.505569999607,0.510711817554,1.38850495278,0.0503376865616
ridge,FILUSDT,0,10,4341,4.28033335474e-05,0.374957201875,0.196097106571,1.91209961448,0.508177839208,1.39933195116,0.185809270929
ridge,FILUSDT,0,11,4341,7.77268720908e-05,0.680887399516,0.194430030306,3.50196622633,0.513936880903,1.38977194195,0.337412351746
ridge,FILUSDT,1,0,4341,-8.11155614813e-05,-0.710572318576,0.20352925378,-3.49125398623,0.460953697305,1.35072563925,-0.35212265239
ridge,FILUSDT,1,1,4341,-4.44843100419e-05,-0.389682555967,0.203595567075,-1.91400314637,0.475696844045,1.3800967519,-0.193106389892
ridge,FILUSDT,1,2,4341,-0.000105897628453,-0.927663225245,0.20050465922,-4.62664173916,0.470398525685,1.37882976273,-0.459701605113
ridge,FILUSDT,1,3,4341,-8.27402568944e-05,-0.724804650395,0.206777923287,-3.50523227467,0.465791292329,1.37076710435,-0.359175455178
ridge,FILUSDT,1,4,4341,-9.68958461917e-05,-0.848807612639,0.202994868667,-4.18142398482,0.471319972357,1.38487675651,-0.420624868318
ridge,FILUSDT,1,5,4341,-7.12319591089e-05,-0.623991961794,0.205434423871,-3.03742649376,0.472471780696,1.39512785073,-0.309217934492
ridge,FILUSDT,1,6,4341,-8.81130526464e-05,-0.771870341183,0.200614815679,-3.84752411516,0.466021653997,1.37589265146,-0.382498761538
ridge,FILUSDT,1,7,4341,-7.69221589093e-05,-0.673838112045,0.201693567361,-3.34090036118,0.471550334024,1.37785072564,-0.333919091825
ridge,FILUSDT,1,8,4341,-0.00011911930875,-1.04348514465,0.199630115336,-5.22709283062,0.452660677263,1.39322736697,-0.517096919284
ridge,FILUSDT,1,9,4341,-0.000127254621847,-1.11475048738,0.200828476064,-5.55075908173,0.469707440682,1.38850495278,-0.552412313438
ridge,FILUSDT,1,10,4341,-9.7129861569e-05,-0.850857587344,0.196082232778,-4.33928956891,0.468325270675,1.39933195116,-0.421640729071
ridge,FILUSDT,1,11,4341,-6.12503221041e-05,-0.536552821632,0.194419760769,-2.75976484854,0.475927205713,1.38977194195,-0.265887648254
ridge,LINKUSDT,0,0,4341,3.71832564991e-05,0.325725326933,0.213522442875,1.52548520215,0.49735084082,1.33909237503,0.161412516463
ridge,LINKUSDT,0,1,4341,8.81852228167e-05,0.772502551874,0.213764456197,3.61380262003,0.511863625893,1.37243722645,0.382812052247
ridge,LINKUSDT,0,2,4341,1.47212165141e-05,0.128957856663,0.21002216668,0.614020218447,0.503570605851,1.36587191891,0.0639048008876
ridge,LINKUSDT,0,3,4341,2.44781332346e-05,0.214428447135,0.21426583613,1.00075892176,0.495968670813,1.35746371804,0.106259576371
ridge,LINKUSDT,0,4,4341,5.39408883883e-05,0.472522182281,0.213836603308,2.2097347927,0.510711817554,1.3733010827,0.234157396493
ridge,LINKUSDT,0,5,4341,6.62791766516e-05,0.580605587468,0.214873095258,2.70208602324,0.521308454273,1.38395530984,0.287717905845
ridge,LINKUSDT,0,6,4341,3.81609085073e-05,0.334289558524,0.212242151512,1.57503849326,0.502879520848,1.36627505183,0.16565650383
ridge,LINKUSDT,0,7,4341,4.06873370229e-05,0.35642107232,0.214221965097,1.6637933097,0.504952775858,1.36759963142,0.176623730016
ridge,LINKUSDT,0,8,4341,2.66874509201e-05,0.23378207006,0.211467473219,1.10552259646,0.500115180834,1.37865699148,0.115850224444
ridge,LINKUSDT,0,9,4341,8.61707448935e-07,0.00754855725267,0.211904695906,0.0356224161075,0.506104584197,1.37773554481,0.00374067203583
ridge,LINKUSDT,0,10,4341,3.50257601315e-05,0.306825658752,0.207975888807,1.47529437432,0.502418797512,1.3875835061,0.152046824731
ridge,LINKUSDT,0,11,4341,7.65117236858e-05,0.670242699488,0.207805020925,3.22534410624,0.508638562543,1.37980879982,0.33213739252
ridge,LINKUSDT,1,0,4341,-9.67259810037e-05,-0.847319593593,0.213576478468,-3.96728890592,0.459110803962,1.33909237503,-0.419887483537
ridge,LINKUSDT,1,1,4341,-4.90584998278e-05,-0.429752458492,0.213774325451,-2.01030903774,0.47408431237,1.37243722645,-0.212962947753
ridge,LINKUSDT,1,2,4341,-0.000121865975377,-1.0675459443,0.20997993352,-5.08403791929,0.469246717346,1.36587191891,-0.529020199112
ridge,LINKUSDT,1,3,4341,-0.000111268238569,-0.974709769866,0.214398464819,-4.54625349435,0.461875143976,1.35746371804,-0.483015423629
ridge,LINKUSDT,1,4,4341,-8.33892198817e-05,-0.730489566164,0.213859813889,-3.41574021262,0.476387929049,1.3733010827,-0.361992603507
ridge,LINKUSDT,1,5,4341,-7.2116354332e-05,-0.631739263948,0.214968396427,-2.93875413526,0.479612992398,1.38395530984,-0.313057094155
ridge,LINKUSDT,1,6,4341,-9.84665966758e-05,-0.86256738688,0.212287801188,-4.06319808324,0.465330568993,1.36627505183,-0.42744349617
ridge,LINKUSDT,1,7,4341,-9.60726261193e-05,-0.841596204805,0.214289692235,-3.92737604887,0.467403824004,1.36759963142,-0.417051269984
ridge,LINKUSDT,1,8,4341,-0.000111178248228,-0.973921454474,0.211597520358,-4.60270731352,0.463948398986,1.37865699148,-0.482624775556
ridge,LINKUSDT,1,9,4341,-0.000136911847032,-1.19934778,0.211759675836,-5.66372126923,0.469246717346,1.37773554481,-0.594334327964
ridge,LINKUSDT,1,10,4341,-0.000103732590479,-0.908697492596,0.207968357077,-4.36940265994,0.465791292329,1.3875835061,-0.450303175269
ridge,LINKUSDT,1,11,4341,-6.14691562957e-05,-0.538469809151,0.207804476351,-2.59123296382,0.472702142364,1.37980879982,-0.26683760748
ridge,LTCUSDT,0,0,4341,4.3555217987e-05,0.381543709566,0.21263756118,1.79433825072,0.498502649159,1.34416033172,0.189073201282
ridge,LTCUSDT,0,1,4341,8.70034669066e-05,0.762150370102,0.214234047869,3.55755949012,0.511402902557,1.37641096522,0.377682049842
ridge,LTCUSDT,0,2,4341,8.06231717375e-06,0.0706258984421,0.21063175789,0.335305080058,0.50264915918,1.36817553559,0.0349985188513
ridge,LTCUSDT,0,3,4341,3.77469413607e-05,0.33066320632,0.213531543631,1.54854500978,0.501727712509,1.36420179682,0.163859472447
ridge,LTCUSDT,0,4,4341,4.95344052022e-05,0.433921389571,0.213169045868,2.03557410413,0.506104584197,1.37410734854,0.215028852983
ridge,LTCUSDT,0,5,4341,7.23631178718e-05,0.633900912557,0.21467982464,2.95277357161,0.520847730938,1.38297627275,0.314128294681
ridge,LTCUSDT,0,6,4341,3.18879847141e-05,0.279338746096,0.211471079187,1.32093119858,0.504492052522,1.36472011057,0.138425741644
ridge,LTCUSDT,0,7,4341,4.28931084961e-05,0.375743630426,0.213142006129,1.76287929935,0.51002073255,1.36926975351,0.186198983982
ridge,LTCUSDT,0,8,4341,2.70528853889e-05,0.236983276007,0.211301361533,1.12154164217,0.497811564156,1.37986639023,0.117436575473
ridge,LTCUSDT,0,9,4341,-6.35380453949e-06,-0.055659327766,0.21145630557,-0.263219049514,0.505183137526,1.38107578899,-0.0275818655059
ridge,LTCUSDT,0,10,4341,2.58652713311e-05,0.226579776861,0.206652321471,1.09642986465,0.506104584197,1.39138447362,0.112281142848
ridge,LTCUSDT,0,11,4341,7.79745274319e-05,0.683056860303,0.207533776952,3.29130453045,0.512554710896,1.38142133149,0.338487423582
ridge,LTCUSDT,1,0,4341,-9.0860815185e-05,-0.795940741021,0.212657652357,-3.74282670855,0.463026952315,1.34416033172,-0.394426798718
ridge,LTCUSDT,1,1,4341,-5.06376296149e-05,-0.443585635427,0.214228212815,-2.07062192975,0.47408431237,1.37641096522,-0.219817950158
ridge,LTCUSDT,1,2,4341,-0.000128755236385,-1.12789587074,0.210594433245,-5.35577248342,0.470628887353,1.36817553559,-0.558926481149
ridge,LTCUSDT,1,3,4341,-9.86732383214e-05,-0.864377567695,0.213662914072,-4.04551988561,0.464869845658,1.36420179682,-0.428340527553
ridge,LTCUSDT,1,4,4341,-8.78763296515e-05,-0.769796647747,0.213231387182,-3.61014697659,0.47201105736,1.37410734854,-0.381471147017
ridge,LTCUSDT,1,5,4341,-6.59345094031e-05,-0.577586302371,0.214795610268,-2.68900421964,0.481686247408,1.38297627275,-0.286221705319
ridge,LTCUSDT,1,6,4341,-0.000104584026343,-0.916156070767,0.21149629553,-4.33178306253,0.463487675651,1.36472011057,-0.453999258356
ridge,LTCUSDT,1,7,4341,-9.40338668552e-05,-0.823736673651,0.213207732754,-3.8635403276,0.475005759042,1.36926975351,-0.408201016018
ridge,LTCUSDT,1,8,4341,-0.000110933753634,-0.971779681837,0.211428238441,-4.59626249078,0.460262612301,1.37986639023,-0.481563424527
ridge,LTCUSDT,1,9,4341,-0.000144461383438,-1.26548171892,0.211317229866,-5.98854016647,0.467864547339,1.38107578899,-0.627106865506
ridge,LTCUSDT,1,10,4341,-0.000113273176031,-0.992273022034,0.206664323375,-4.80137551479,0.466252015665,1.39138447362,-0.491718857152
ridge,LTCUSDT,1,11,4341,-6.01676057172e-05,-0.527068226082,0.20755199259,-2.53945153455,0.473853950703,1.38142133149,-0.261187576418
ridge,NEARUSDT,0,0,4341,2.84096068487e-05,0.248868155995,0.200431409756,1.24166245349,0.496429394149,1.35302925593,0.12332610333
ridge,NEARUSDT,0,1,4341,6.70904192606e-05,0.587712072723,0.199555924485,2.94509959671,0.50794747754,1.38741073485,0.29123951001
ridge,NEARUSDT,0,2,4341,-1.20604929718e-05,-0.105649918433,0.195547033662,-0.540278808911,0.498272287491,1.37721723105,-0.0523545999906
ridge,NEARUSDT,0,3,4341,1.77460030335e-05,0.155454986573,0.20017153481,0.776608855603,0.496659755817,1.37618060355,0.0770353991682
ridge,NEARUSDT,0,4,4341,2.14252463458e-05,0.187685157989,0.199524291802,0.940663195916,0.509560009214,1.38499193734,0.0930069943871
ridge,NEARUSDT,0,5,4341,5.32309385558e-05,0.466303021748,0.199718724923,2.33479871218,0.516470859249,1.39426399447,0.231075504271
ridge,NEARUSDT,0,6,4341,1.38718807277e-05,0.121517675174,0.200951168759,0.604712457882,0.501958074176,1.37612301313,0.0602178342388
ridge,NEARUSDT,0,7,4341,2.80340040631e-05,0.245577875592,0.197581236507,1.24292103812,0.506565307533,1.37497120479,0.121695611638
ridge,NEARUSDT,0,8,4341,3.85502210082e-06,0.0337699936032,0.196470710734,0.171883093806,0.501266989173,1.39213314904,0.0167346509397
ridge,NEARUSDT,0,9,4341,-1.11902312631e-05,-0.0980264258646,0.195388242862,-0.501700739148,0.506104584197,1.39069338862,-0.0485767939131
ridge,NEARUSDT,0,10,4341,1.90015104063e-05,0.16645323116,0.190773055427,0.872519606018,0.510481455886,1.39789219074,0.0824855566739
ridge,NEARUSDT,0,11,4341,5.67475126903e-05,0.497108211167,0.192255825096,2.58566007515,0.5132457959,1.39040543654,0.246340952588
ridge,NEARUSDT,1,0,4341,-0.000106893318744,-0.936385472201,0.200473030419,-4.67088001934,0.453582123935,1.35302925593,-0.46402389667
ridge,NEARUSDT,1,1,4341,-7.16506542248e-05,-0.627659731009,0.199495015789,-3.14624266941,0.473853950703,1.38741073485,-0.31103548999
ridge,NEARUSDT,1,2,4341,-0.000149782216077,-1.31209221284,0.195545344329,-6.70991282014,0.461644782308,1.37721723105,-0.650204599991
ridge,NEARUSDT,1,3,4341,-0.000119872057321,-1.05007922213,0.200250339961,-5.24383240667,0.456576825616,1.37618060355,-0.520364600832
ridge,NEARUSDT,1,4,4341,-0.000117073947388,-1.02556777912,0.199507155662,-5.14050624259,0.468094909007,1.38499193734,-0.508218005613
ridge,NEARUSDT,1,5,4341,-8.61954608914e-05,-0.755072237408,0.199800142182,-3.77913763805,0.475005759042,1.39426399447,-0.374174495729
ridge,NEARUSDT,1,6,4341,-0.000123740420585,-1.08396608433,0.200983545387,-5.39330760755,0.461644782308,1.37612301313,-0.537157165761
ridge,NEARUSDT,1,7,4341,-0.000109463116416,-0.958896899805,0.19762305863,-4.85215088994,0.466712739,1.37497120479,-0.475179388362
ridge,NEARUSDT,1,8,4341,-0.000135358292804,-1.18573864496,0.19654380449,-6.0329484719,0.460492973969,1.39213314904,-0.58759034906
ridge,NEARUSDT,1,9,4341,-0.000150259570125,-1.3162738343,0.19528268702,-6.74035089531,0.468785994011,1.39069338862,-0.652276793913
ridge,NEARUSDT,1,10,4341,-0.000120787708668,-1.05810032793,0.190786422743,-5.54599385383,0.469016355678,1.39789219074,-0.524339443326
ridge,NEARUSDT,1,11,4341,-8.22930309633e-05,-0.720886951238,0.192268893543,-3.74936859496,0.471550334024,1.39040543654,-0.357234047412
ridge,SOLUSDT,0,0,4341,4.13861076647e-05,0.362542303143,0.212804616061,1.7036392812,0.495738309145,1.33943791753,0.179657093373
ridge,SOLUSDT,0,1,4341,8.64064268436e-05,0.75692029915,0.212888131083,3.55548379,0.5132457959,1.37664132688,0.375090298928
ridge,SOLUSDT,0,2,4341,5.85797326299e-06,0.0513158457838,0.208536482781,0.246076106681,0.508177839208,1.37019120018,0.0254294619346
ridge,SOLUSDT,0,3,4341,3.09459336866e-05,0.271086379095,0.213814584935,1.26785728475,0.498733010827,1.36299239806,0.134336298134
ridge,SOLUSDT,0,4,4341,5.39019713846e-05,0.472181269329,0.212199629193,2.22517480885,0.510942179221,1.37618060355,0.233988457781
ridge,SOLUSDT,0,5,4341,6.02724503727e-05,0.527986665265,0.21302142338,2.47856134321,0.514627965906,1.38360976733,0.261642707068
ridge,SOLUSDT,0,6,4341,3.53619579545e-05,0.309770751682,0.210702254058,1.47018242907,0.502188435844,1.36575673808,0.153506259481
ridge,SOLUSDT,0,7,4341,4.64487857404e-05,0.406891363086,0.213291762754,1.90767499801,0.507026030868,1.36662059433,0.201634178899
ridge,SOLUSDT,0,8,4341,2.49403177055e-05,0.218477183101,0.21046218039,1.03808286456,0.498041925824,1.37929048606,0.10826591916
ridge,SOLUSDT,0,9,4341,-3.64364179083e-07,-0.00319183020877,0.211047572623,-0.0151237475471,0.50057590417,1.38222759733,-0.0015817049014
ridge,SOLUSDT,0,10,4341,3.63061060626e-05,0.318041489109,0.206483051166,1.54027891061,0.501266989173,1.39167242571,0.157604806418
ridge,SOLUSDT,0,11,4341,7.94726928617e-05,0.696180789469,0.206512765724,3.37112714087,0.514167242571,1.38476157567,0.344990959713
ridge,SOLUSDT,1,0,4341,-9.25576840883e-05,-0.810805312614,0.212852032798,-3.80924392384,0.459110803962,1.33943791753,-0.401792906627
ridge,SOLUSDT,1,1,4341,-5.12577058447e-05,-0.4490175032,0.21285202981,-2.10952887601,0.47523612071,1.37664132688,-0.222509701072
ridge,SOLUSDT,1,2,4341,-0.000131161146755,-1.14897164558,0.208527975654,-5.50991607708,0.465100207326,1.37019120018,-0.569370538065
ridge,SOLUSDT,1,3,4341,-0.00010535330612,-0.92289496161,0.213930952832,-4.31398518725,0.458189357291,1.36299239806,-0.457338701866
ridge,SOLUSDT,1,4,4341,-8.37160889701e-05,-0.733352939378,0.212261099373,-3.45495685052,0.472241419028,1.37618060355,-0.363411542219
ridge,SOLUSDT,1,5,4341,-7.80885263608e-05,-0.68405549092,0.21313978044,-3.20942195544,0.476848652384,1.38360976733,-0.338982292932
ridge,SOLUSDT,1,6,4341,-0.000101213715853,-0.886632150875,0.21072536199,-4.20752463065,0.461184058973,1.36575673808,-0.439368740519
ridge,SOLUSDT,1,7,4341,-9.02132736929e-05,-0.79026827755,0.213349967579,-3.70409373161,0.473162865699,1.36662059433,-0.391615821101
ridge,SOLUSDT,1,8,4341,-0.000112988730901,-0.989781282691,0.210615406413,-4.69947236789,0.459801888966,1.37929048606,-0.49048408084
ridge,SOLUSDT,1,9,4341,-0.000138587123912,-1.21402320547,0.210914354817,-5.75600084936,0.466021653997,1.38222759733,-0.601606704901
ridge,SOLUSDT,1,10,4341,-0.000102861136508,-0.901063555812,0.206488746006,-4.36374172076,0.464409122322,1.39167242571,-0.446520193582
ridge,SOLUSDT,1,11,4341,-5.90034647057e-05,-0.516870350822,0.206467595528,-2.50339695921,0.473623589035,1.38476157567,-0.256134040287
ridge,TRXUSDT,0,0,4341,5.49012497631e-05,0.480934947925,0.194725323653,2.46981203524,0.505643860862,1.37802349689,0.238326325222
ridge,TRXUSDT,0,1,4341,9.85330917747e-05,0.863149883947,0.198569507987,4.34684001939,0.514627965906,1.40572448745,0.427732151394
ridge,TRXUSDT,0,2,4341,1.48962102622e-05,0.130490801897,0.191987788617,0.679682821685,0.507486754204,1.39472471781,0.064664448748
ridge,TRXUSDT,0,3,4341,2.71977886922e-05,0.238252628943,0.196047919425,1.21527751808,0.499884819166,1.39190278738,0.118065600713
ridge,TRXUSDT,0,4,4341,5.24467227348e-05,0.459433291157,0.192829269974,2.38259104139,0.504261690855,1.40031098825,0.227671223392
ridge,TRXUSDT,0,5,4341,7.08269509271e-05,0.620444090122,0.196410989267,3.15890721002,0.510251094218,1.41038931122,0.307459793975
ridge,TRXUSDT,0,6,4341,4.80065312373e-05,0.420537213639,0.192731895628,2.18198037366,0.501497350841,1.39697074407,0.208396352101
ridge,TRXUSDT,0,7,4341,5.02976104986e-05,0.440607067968,0.195459781145,2.25420833579,0.513015434232,1.39242110113,0.218341927175
ridge,TRXUSDT,0,8,4341,3.38047110057e-05,0.29612926841,0.194198245671,1.52488127473,0.499884819166,1.40572448745,0.146746250476
ridge,TRXUSDT,0,9,4341,6.511171532e-06,0.0570378626204,0.196355450684,0.290482705836,0.500806265837,1.40509099286,0.0282649956204
ridge,TRXUSDT,0,10,4341,3.09856259077e-05,0.271434082951,0.192080937538,1.41312348029,0.503570605851,1.416436305,0.134508602065
ridge,TRXUSDT,0,11,4341,9.16613842852e-05,0.802953726338,0.192849488289,4.16362902211,0.51531905091,1.40203870076,0.397902069182
ridge,TRXUSDT,1,0,4341,-8.29010999259e-05,-0.726213635351,0.194742410241,-3.7290985279,0.467173462336,1.37802349689,-0.359873674778
ridge,TRXUSDT,1,1,4341,-4.20393569698e-05,-0.368264767055,0.198541326524,-1.854851952,0.475696844045,1.40572448745,-0.182492848606
ridge,TRXUSDT,1,2,4341,-0.000124576261519,-1.0912880509,0.191929665842,-5.68587480269,0.467634185672,1.39472471781,-0.540785551252
ridge,TRXUSDT,1,3,4341,-0.000111992490045,-0.981054212798,0.196175330476,-5.00090511085,0.463257313983,1.39190278738,-0.486159399287
ridge,TRXUSDT,1,4,4341,-8.75843760904e-05,-0.767239134551,0.192901444393,-3.9773633472,0.463718037319,1.40031098825,-0.380203776608
ridge,TRXUSDT,1,5,4341,-7.02119801947e-05,-0.615056946506,0.196489172753,-3.13023327387,0.473853950703,1.41038931122,-0.304790206025
ridge,TRXUSDT,1,6,4341,-9.16905431695e-05,-0.803209158165,0.192734963752,-4.16742838211,0.463026952315,1.39697074407,-0.398028647899
ridge,TRXUSDT,1,7,4341,-8.89444996143e-05,-0.779153816621,0.195509002665,-3.98525799835,0.473162865699,1.39242110113,-0.386108072825
ridge,TRXUSDT,1,8,4341,-0.000106767737739,-0.935285382592,0.194302808638,-4.81354535813,0.45934116563,1.40572448745,-0.463478749524
ridge,TRXUSDT,1,9,4341,-0.000133997927754,-1.17382184712,0.196246455579,-5.98136584765,0.463948398986,1.40509099286,-0.58168500438
ridge,TRXUSDT,1,10,4341,-0.000110658004592,-0.969364120228,0.192107042238,-5.04595827895,0.463948398986,1.416436305,-0.480366397935
ridge,TRXUSDT,1,11,4341,-4.85424857909e-05,-0.425232175528,0.192896677119,-2.20445568,0.475005759042,1.40203870076,-0.210722930818
ridge,XLMUSDT,0,0,4341,3.36756791345e-05,0.294998949219,0.20605620167,1.43164314797,0.501497350841,1.34392997005,0.146186123123
ridge,XLMUSDT,0,1,4341,8.87063086079e-05,0.777067263405,0.205004046902,3.79049718846,0.514858327574,1.37543192813,0.385074085667
ridge,XLMUSDT,0,2,4341,9.16047630963e-06,0.0802457724723,0.20133489494,0.398568626151,0.504031329187,1.36529601474,0.0397656276601
ridge,XLMUSDT,0,3,4341,1.97585171782e-05,0.173084610481,0.206947917541,0.836367973828,0.503570605851,1.36166781848,0.0857717230707
ridge,XLMUSDT,0,4,4341,4.14800331642e-05,0.363365090518,0.201779838745,1.80079978643,0.511402902557,1.37865699148,0.180064823966
ridge,XLMUSDT,0,5,4341,5.30790627871e-05,0.464972590015,0.209439133353,2.22008457813,0.506565307533,1.38113337941,0.230416211559
ridge,XLMUSDT,0,6,4341,2.3252688494e-05,0.203693551208,0.206433248605,0.986728410198,0.502188435844,1.36437456807,0.100939920753
ridge,XLMUSDT,0,7,4341,3.56405740638e-05,0.312211428799,0.208741541421,1.49568421635,0.502188435844,1.37053674269,0.154715732011
ridge,XLMUSDT,0,8,4341,1.59526860743e-05,0.139745530011,0.2034523181,0.686871161342,0.500806265837,1.38032711357,0.0692506102487
ridge,XLMUSDT,0,9,4341,-1.32384044768e-05,-0.115968423217,0.202773566255,-0.571910951502,0.497581202488,1.37900253398,-0.0574679138337
ridge,XLMUSDT,0,10,4341,2.85270066722e-05,0.249896578449,0.200263502101,1.24783885145,0.505183137526,1.38810181986,0.123835735964
ridge,XLMUSDT,0,11,4341,3.65322553041e-05,0.320022556464,0.197083563422,1.62379120261,0.499654457498,1.38320663442,0.158586520275
ridge,XLMUSDT,1,0,4341,-0.000100717317871,-0.882283704548,0.206080764298,-4.2812520982,0.466021653997,1.34392997005,-0.437213876877
ridge,XLMUSDT,1,1,4341,-4.88368842048e-05,-0.427811105634,0.204996544676,-2.08691861763,0.473853950703,1.37543192813,-0.212000914333
ridge,XLMUSDT,1,2,4341,-0.000127369125165,-1.11575353644,0.201289994399,-5.54301538819,0.467634185672,1.36529601474,-0.55290937234
ridge,XLMUSDT,1,3,4341,-0.000116408264669,-1.0197363985,0.207039602418,-4.92532050195,0.466712739,1.36166781848,-0.505328276929
ridge,XLMUSDT,1,4,4341,-9.63856659835e-05,-0.844338434015,0.20181527406,-4.18371918552,0.473623589035,1.37865699148,-0.418410176034
ridge,XLMUSDT,1,5,4341,-8.50342751534e-05,-0.744900250344,0.2095537694,-3.55469745295,0.470398525685,1.38113337941,-0.369133788441
ridge,XLMUSDT,1,6,4341,-0.000113184768313,-0.991498570423,0.206480222968,-4.80190575239,0.462105505644,1.36437456807,-0.491335079247
ridge,XLMUSDT,1,7,4341,-0.000101413100205,-0.888378757794,0.20883255345,-4.25402430377,0.465330568993,1.37053674269,-0.440234267989
ridge,XLMUSDT,1,8,4341,-0.000122080025282,-1.06942102147,0.203598343497,-5.25260178009,0.459801888966,1.38032711357,-0.529949389751
ridge,XLMUSDT,1,9,4341,-0.000151138657875,-1.32397464298,0.202634921012,-6.53379307165,0.461875143976,1.37900253398,-0.656092913834
ridge,XLMUSDT,1,10,4341,-0.000110283175313,-0.966080615746,0.200274518929,-4.82378198143,0.468325270675,1.38810181986,-0.478739264036
ridge,XLMUSDT,1,11,4341,-0.000101788408137,-0.891666455284,0.19706649245,-4.52469846191,0.461184058973,1.38320663442,-0.441863479725
ridge,XRPUSDT,0,0,4341,3.56699506938e-05,0.312468768078,0.211499318151,1.47739846544,0.494125777471,1.34156876296,0.154843255962
ridge,XRPUSDT,0,1,4341,7.8436120621e-05,0.68710041664,0.21201751906,3.24077189323,0.514627965906,1.3763533748,0.340491199616
ridge,XRPUSDT,0,2,4341,1.93044129425e-05,0.169106657376,0.2084199803,0.811374500337,0.50472241419,1.36996083852,0.0838004565834
ridge,XRPUSDT,0,3,4341,3.12827202981e-05,0.274036629811,0.212897598154,1.28717576989,0.500345542502,1.36472011057,0.135798288814
ridge,XRPUSDT,0,4,4341,5.88358076994e-05,0.515401675446,0.212142413856,2.42950792385,0.507717115872,1.37692927897,0.255406241223
ridge,XRPUSDT,0,5,4341,6.26080804014e-05,0.548446784316,0.21433935446,2.55877781147,0.517853029256,1.38412808109,0.271781677023
ridge,XRPUSDT,0,6,4341,3.91295441718e-05,0.342774806945,0.211053917106,1.62411014041,0.50472241419,1.36748445059,0.16986135125
ridge,XRPUSDT,0,7,4341,4.55640816531e-05,0.399141355281,0.212355099624,1.8795939254,0.50794747754,1.36857866851,0.197793678456
ridge,XRPUSDT,0,8,4341,2.97930718568e-05,0.260987309466,0.209585877212,1.24525236594,0.50057590417,1.37831144897,0.12933172493
ridge,XRPUSDT,0,9,4341,-1.82066217302e-06,-0.0159490006357,0.209937803401,-0.075970122471,0.506565307533,1.38003916148,-0.00790349449309
ridge,XRPUSDT,0,10,4341,2.96237476418e-05,0.259504029342,0.205756803589,1.26121724685,0.499884819166,1.3895991707,0.128596688513
ridge,XRPUSDT,0,11,4341,7.61377124988e-05,0.66696636149,0.205293330889,3.24884573017,0.514167242571,1.38343699608,0.330513809957
ridge,XRPUSDT,1,0,4341,-9.8486925602e-05,-0.862745468273,0.211529298329,-4.07860979585,0.45934116563,1.34156876296,-0.427531744038
ridge,XRPUSDT,1,1,4341,-5.91992168588e-05,-0.518585139683,0.212002068469,-2.44613245252,0.474775397374,1.3763533748,-0.256983800384
ridge,XRPUSDT,1,2,4341,-0.000117691670909,-1.03097903716,0.208379991335,-4.94759132372,0.466943100668,1.36996083852,-0.510899543417
ridge,XRPUSDT,1,3,4341,-0.000105189290759,-0.921458187051,0.213015034883,-4.32578943339,0.463948398986,1.36472011057,-0.456626711186
ridge,XRPUSDT,1,4,4341,-7.88571201974e-05,-0.690788372929,0.212213068114,-3.2551641568,0.468555632343,1.37692927897,-0.342318758777
ridge,XRPUSDT,1,5,4341,-7.58047277073e-05,-0.664049414716,0.214459664884,-3.09638371894,0.478691545727,1.38412808109,-0.329068322977
ridge,XRPUSDT,1,6,4341,-9.7618900887e-05,-0.85514157177,0.21110882163,-4.05071453275,0.465100207326,1.36748445059,-0.42376364875
ridge,XRPUSDT,1,7,4341,-9.12937851979e-05,-0.799733558333,0.212417431364,-3.76491492811,0.472471780696,1.36857866851,-0.396306321544
ridge,XRPUSDT,1,8,4341,-0.000108038073041,-0.946413519836,0.2097408453,-4.51229954033,0.461875143976,1.37831144897,-0.46899327507
ridge,XRPUSDT,1,9,4341,-0.000139824578321,-1.2248633061,0.209843046956,-5.83704499083,0.470628887353,1.38003916148,-0.606978494493
ridge,XRPUSDT,1,10,4341,-0.000109336169428,-0.957784844189,0.205782606161,-4.65435277577,0.462796590647,1.3895991707,-0.474628311487
ridge,XRPUSDT,1,11,4341,-6.22059871095e-05,-0.54492444708,0.205320009824,-2.654025039,0.473162865699,1.38343699608,-0.270036190043
tcn,ADAUSDT,0,0,4341,1.56368509548e-05,0.136978814364,0.18957216195,0.722568192269,0.498963372495,1.36696613683,0.067879569995
tcn,ADAUSDT,0,1,4341,-4.05910137959e-05,-0.355577280852,0.184005582862,-1.93242658903,0.499193734163,1.37381939645,-0.176205590888
tcn,ADAUSDT,0,2,4341,-2.20540409594e-06,-0.0193193398805,0.184248670408,-0.104854704447,0.504031329187,1.38372494817,-0.00957365918049
tcn,ADAUSDT,0,3,4341,6.07553749898e-06,0.0532217084911,0.194026050191,0.27430187049,0.504492052522,1.40416954619,0.0263739082831
tcn,ADAUSDT,0,4,4341,-4.39730633381e-05,-0.385204034842,0.187774870868,-2.05141419116,0.498041925824,1.3892536282,-0.190887067951
tcn,ADAUSDT,0,5,4341,2.52714164305e-05,0.221377607931,0.183858973489,1.20406202499,0.512324349228,1.39288182446,0.109703218725
tcn,ADAUSDT,0,6,4341,-2.35653877891e-05,-0.206432797033,0.186396975905,-1.10749005466,0.496429394149,1.37790831606,-0.102297348393
tcn,ADAUSDT,0,7,4341,2.05462744084e-05,0.179985363818,0.179954951167,1.00016900147,0.503340244183,1.38527988943,0.0891913772069
tcn,ADAUSDT,0,8,4341,-1.60786254402e-05,-0.140848758856,0.18945358923,-0.743447297189,0.49735084082,1.39080856945,-0.0697973130358
tcn,ADAUSDT,0,9,4341,-2.08802375258e-05,-0.182910880726,0.17903398033,-1.02165455065,0.49942409583,1.39092375029,-0.0906411110993
tcn,ADAUSDT,0,10,4341,-3.82751017758e-05,-0.335289891556,0.179955993312,-1.86317713229,0.4867542041,1.3929970053,-0.166152216809
tcn,ADAUSDT,0,11,4341,1.90696040864e-05,0.167049731797,0.179841786017,0.928870511668,0.501266989173,1.39967749367,0.0827811513391
tcn,ADAUSDT,1,0,4341,-0.000121059762729,-1.0604835215,0.189654443449,-5.5916618784,0.459571527298,1.36696613683,-0.525520430005
tcn,ADAUSDT,1,1,4341,-0.000177972953441,-1.55904307214,0.184019522397,-8.47216127854,0.458189357291,1.37381939645,-0.772580590888
tcn,ADAUSDT,1,2,4341,-0.000140577898913,-1.23146239448,0.184299636346,-6.68184929114,0.459110803962,1.38372494817,-0.61024865918
tcn,ADAUSDT,1,3,4341,-0.00013434141712,-1.17683081397,0.194063590836,-6.06415046171,0.460492973969,1.40416954619,-0.583176091717
tcn,ADAUSDT,1,4,4341,-0.000182898426158,-1.60219021314,0.187779901012,-8.53227744027,0.456576825616,1.3892536282,-0.793962067951
tcn,ADAUSDT,1,5,4341,-0.000114016766016,-0.9987868703,0.18385959263,-5.43233483775,0.469016355678,1.39288182446,-0.494946781275
tcn,ADAUSDT,1,6,4341,-0.000161356219395,-1.4134804819,0.186367815385,-7.58435934326,0.455655378945,1.37790831606,-0.700447348393
tcn,ADAUSDT,1,7,4341,-0.000117981714534,-1.03351981932,0.180046848766,-5.74028274531,0.467634185672,1.38527988943,-0.512158622793
tcn,ADAUSDT,1,8,4341,-0.000155159482386,-1.3591970657,0.189427622377,-7.17528441019,0.450817783921,1.39080856945,-0.673547313036
tcn,ADAUSDT,1,9,4341,-0.000159972612555,-1.40136008598,0.179053074742,-7.82650668244,0.461644782308,1.39092375029,-0.694441111099
tcn,ADAUSDT,1,10,4341,-0.000177574802306,-1.5555552682,0.180045326792,-8.63979807706,0.442294402211,1.3929970053,-0.770852216809
tcn,ADAUSDT,1,11,4341,-0.00012089814528,-1.05906775265,0.17983711269,-5.88903890199,0.455425017277,1.39967749367,-0.524818848661
tcn,APTUSDT,0,0,4341,-8.52427182914e-06,-0.0746726212233,0.183727590916,-0.406431178088,0.496199032481,1.36454733932,-0.0370038640103
tcn,APTUSDT,0,1,4341,-5.39663525251e-05,-0.47274524812,0.179126032555,-2.63917668122,0.492513245796,1.37272517853,-0.234267936312
tcn,APTUSDT,0,2,4341,-3.09493582848e-06,-0.0271116378575,0.177513201871,-0.152730262154,0.505643860862,1.38424326192,-0.0134351164314
tcn,APTUSDT,0,3,4341,-4.85298649366e-06,-0.0425121616845,0.185644814042,-0.228997302746,0.501036627505,1.40238424326,-0.021066814369
tcn,APTUSDT,0,4,4341,-4.35372120027e-05,-0.381385977144,0.182040134402,-2.09506534587,0.49527758581,1.3909813407,-0.188995037304
tcn,APTUSDT,0,5,4341,3.34677048016e-05,0.293177094062,0.176462300019,1.66141489729,0.512785072564,1.39316977655,0.145283306544
tcn,APTUSDT,0,6,4341,-3.70798770633e-05,-0.324819723075,0.178275168997,-1.82201326692,0.496890117484,1.37595024188,-0.160963746332
tcn,APTUSDT,0,7,4341,1.7119260241e-05,0.149964719711,0.176700871774,0.848692585418,0.501266989173,1.38297627275,0.0743147087063
tcn,APTUSDT,0,8,4341,-1.86628432512e-06,-0.0163486506881,0.181063545616,-0.0902923370488,0.50264915918,1.38948398986,-0.00810154025535
tcn,APTUSDT,0,9,4341,-6.74514475272e-06,-0.0590874680338,0.174289305845,-0.339019469653,0.503570605851,1.39005989403,-0.0292806733716
tcn,APTUSDT,0,10,4341,-3.5162803975e-05,-0.308026162821,0.172410835826,-1.78658238819,0.492743607464,1.39167242571,-0.152641732055
tcn,APTUSDT,0,11,4341,1.94214172341e-05,0.170131614971,0.175377390993,0.97008864146,0.502418797512,1.3991015895,0.0843083722132
tcn,APTUSDT,1,0,4341,-0.000144979005761,-1.27001609047,0.183815416793,-6.90919245309,0.456576825616,1.36454733932,-0.62935386401
tcn,APTUSDT,1,1,4341,-0.000191238870378,-1.67525250451,0.179176658787,-9.34972510287,0.449665975582,1.37272517853,-0.830167936312
tcn,APTUSDT,1,2,4341,-0.000141519262021,-1.2397087353,0.17756881755,-6.98156777979,0.465791292329,1.38424326192,-0.614335116431
tcn,APTUSDT,1,3,4341,-0.00014509141082,-1.27100075878,0.185680979242,-6.84507785328,0.456116102281,1.40238424326,-0.629841814369
tcn,APTUSDT,1,4,4341,-0.000182635346073,-1.5998856316,0.182052170076,-8.78806130646,0.452891038931,1.3909813407,-0.792820037304
tcn,APTUSDT,1,5,4341,-0.000105849272853,-0.927239630195,0.176473163254,-5.25428123515,0.46463948399,1.39316977655,-0.459491693456
tcn,APTUSDT,1,6,4341,-0.000174674901251,-1.53015213496,0.178231000422,-8.58521879661,0.45726791062,1.37595024188,-0.758263746332
tcn,APTUSDT,1,7,4341,-0.000121178367034,-1.06152249522,0.17674735484,-6.00587486119,0.462796590647,1.38297627275,-0.526035291294
tcn,APTUSDT,1,8,4341,-0.000140814683312,-1.23353662581,0.180962392981,-6.81653577568,0.459571527298,1.38948398986,-0.611276540255
tcn,APTUSDT,1,9,4341,-0.000145751134156,-1.27677993521,0.174290652411,-7.32557895417,0.463718037319,1.39005989403,-0.632705673372
tcn,APTUSDT,1,10,4341,-0.000174330046546,-1.52713120774,0.17250242522,-8.85281007379,0.448974890578,1.39167242571,-0.756766732055
tcn,APTUSDT,1,11,4341,-0.000120488741715,-1.05548137743,0.175359132949,-6.01897009682,0.45726791062,1.3991015895,-0.523041627787
tcn,ARBUSDT,0,0,4341,8.49422577852e-06,0.0744094178198,0.185129899001,0.401930850832,0.501497350841,1.36811794517,0.0368734341046
tcn,ARBUSDT,0,1,4341,-4.30185088245e-05,-0.376842137303,0.181839792719,-2.07238543152,0.497811564156,1.37301313062,-0.186743346807
tcn,ARBUSDT,0,2,4341,-2.28467839427e-06,-0.0200137827338,0.181763572281,-0.110108876507,0.509790370882,1.38671964985,-0.00991778890952
tcn,ARBUSDT,0,3,4341,1.60053426107e-05,0.140206801269,0.189509893602,0.73983895302,0.507486754204,1.40192351993,0.0694791922729
tcn,ARBUSDT,0,4,4341,-5.17313655745e-05,-0.453166762433,0.181884270365,-2.4915115613,0.494125777471,1.38936880903,-0.224565857959
tcn,ARBUSDT,0,5,4341,1.3798755504e-05,0.120877098215,0.17970717011,0.672633697035,0.505183137526,1.39340013822,0.0599003976429
tcn,ARBUSDT,0,6,4341,-1.840444651e-05,-0.161222951427,0.182069400448,-0.885502731545,0.505413499194,1.38084542732,-0.0798937022998
tcn,ARBUSDT,0,7,4341,1.75766929475e-05,0.15397183022,0.176741757616,0.871168377507,0.50057590417,1.38522229901,0.076300424085
tcn,ARBUSDT,0,8,4341,-1.39939399982e-05,-0.122586914384,0.185436859683,-0.661070914344,0.496199032481,1.38965676111,-0.060747693532
tcn,ARBUSDT,0,9,4341,-1.34266356961e-05,-0.117617328697,0.176465614851,-0.666516980074,0.505643860862,1.38637410735,-0.0582850255566
tcn,ARBUSDT,0,10,4341,-3.48904184872e-05,-0.305640065948,0.17659399327,-1.7307500685,0.492282884128,1.38718037319,-0.151459306653
tcn,ARBUSDT,0,11,4341,9.23574710416e-06,0.0809051446324,0.1772010788,0.45657252868,0.495507947478,1.40146279659,0.0400923781792
tcn,ARBUSDT,1,0,4341,-0.000128317568739,-1.12406190215,0.185181637654,-6.07005055356,0.457958995623,1.36811794517,-0.557026565895
tcn,ARBUSDT,1,1,4341,-0.000180319821886,-1.57960163972,0.181827731734,-8.68735271928,0.461184058973,1.37301313062,-0.782768346807
tcn,ARBUSDT,1,2,4341,-0.000140956643379,-1.234780196,0.18183171131,-6.79078576066,0.464409122322,1.38671964985,-0.61189278891
tcn,ARBUSDT,1,3,4341,-0.000124187009382,-1.08787820219,0.18958386364,-5.73824259775,0.464409122322,1.40192351993,-0.539095807727
tcn,ARBUSDT,1,4,4341,-0.000190668246478,-1.67025383914,0.181867309444,-9.18391460374,0.453121400599,1.38936880903,-0.827690857959
tcn,ARBUSDT,1,5,4341,-0.000125541258318,-1.09974142286,0.179684813772,-6.1203915889,0.460262612301,1.39340013822,-0.544974602357
tcn,ARBUSDT,1,6,4341,-0.000156488989242,-1.37084354576,0.182042594653,-7.5303450183,0.462335867312,1.38084542732,-0.6793187023
tcn,ARBUSDT,1,7,4341,-0.000120945536953,-1.05948290371,0.176803876393,-5.99241897477,0.460032250633,1.38522229901,-0.525024575915
tcn,ARBUSDT,1,8,4341,-0.00015295961611,-1.33992623712,0.185413863741,-7.22667771484,0.450587422253,1.38965676111,-0.663997693532
tcn,ARBUSDT,1,9,4341,-0.000152064046431,-1.33208104673,0.176473367022,-7.54834040519,0.460953697305,1.38637410735,-0.660110025557
tcn,ARBUSDT,1,10,4341,-0.000173608455806,-1.52081007286,0.176682598654,-8.60758266204,0.443676572218,1.38718037319,-0.753634306653
tcn,ARBUSDT,1,11,4341,-0.000130910532555,-1.14677626518,0.17721896473,-6.47095680152,0.449896337249,1.40146279659,-0.568282621821
tcn,ATOMUSDT,0,0,4341,1.2172693549e-05,0.106632795489,0.187360802996,0.569130756189,0.498041925824,1.37324349228,0.0528416626963
tcn,ATOMUSDT,0,1,4341,-3.7637513111e-05,-0.329704614852,0.181637414323,-1.81518007224,0.499884819166,1.37692927897,-0.163384444415
tcn,ATOMUSDT,0,2,4341,1.00420708303e-05,0.0879685404734,0.182998188667,0.480707164996,0.515549412578,1.38954158028,0.0435926294743
tcn,ATOMUSDT,0,3,4341,7.44312411992e-06,0.0652017672905,0.190228136678,0.34275564293,0.505413499194,1.40393918452,0.0323106018046
tcn,ATOMUSDT,0,4,4341,-4.23961612379e-05,-0.371390372444,0.184966608031,-2.00787794292,0.495738309145,1.39092375029,-0.184041735934
tcn,ATOMUSDT,0,5,4341,1.14100149424e-05,0.0999517308956,0.178567614088,0.559741649718,0.506565307533,1.39823773324,0.049530874865
tcn,ATOMUSDT,0,6,4341,-1.94027643146e-05,-0.169968215396,0.18453024259,-0.92108595865,0.498963372495,1.3807878369,-0.0842273998898
tcn,ATOMUSDT,0,7,4341,4.25487458514e-05,0.372727013658,0.178153212529,2.09217116193,0.509329647547,1.38838977194,0.184704105741
tcn,ATOMUSDT,0,8,4341,1.09606923036e-05,0.0960156645793,0.186457510982,0.514946617454,0.507717115872,1.39645243032,0.0475803652898
tcn,ATOMUSDT,0,9,4341,-8.81510171225e-06,-0.0772202909993,0.178118321706,-0.433533677276,0.501266989173,1.39259387238,-0.0382663565329
tcn,ATOMUSDT,0,10,4341,-1.64347129363e-05,-0.143968085322,0.178537179653,-0.806375935825,0.496890117484,1.39426399447,-0.0713430888566
tcn,ATOMUSDT,0,11,4341,2.24015854166e-05,0.19623788825,0.178523968844,1.09922431996,0.500115180834,1.40342087077,0.0972452822936
tcn,ATOMUSDT,1,0,4341,-0.000125151655679,-1.09632850375,0.187406611205,-5.84999908328,0.458880442294,1.37324349228,-0.543283337304
tcn,ATOMUSDT,1,1,4341,-0.000175330441008,-1.53589466323,0.181649766755,-8.45525260324,0.457958995623,1.37692927897,-0.761109444415
tcn,ATOMUSDT,1,2,4341,-0.000128912087198,-1.12926988385,0.183031237947,-6.16982049907,0.47408431237,1.38954158028,-0.559607370526
tcn,ATOMUSDT,1,3,4341,-0.000132950794332,-1.16464895835,0.190250525216,-6.12165962235,0.458189357291,1.40393918452,-0.577139398195
tcn,ATOMUSDT,1,4,4341,-0.000181488536267,-1.5898395777,0.184963180287,-8.59543815816,0.452660677263,1.39092375029,-0.787841735934
tcn,ATOMUSDT,1,5,4341,-0.000128413758382,-1.12490452342,0.17856772959,-6.29959582288,0.460492973969,1.39823773324,-0.557444125135
tcn,ATOMUSDT,1,6,4341,-0.000157481548005,-1.37953836052,0.184518311849,-7.47643064094,0.454964293941,1.3807878369,-0.68362739989
tcn,ATOMUSDT,1,7,4341,-9.62902313428e-05,-0.843502426563,0.178235046076,-4.73252845125,0.467403824004,1.38838977194,-0.417995894259
tcn,ATOMUSDT,1,8,4341,-0.000128684550728,-1.12727666438,0.186400675523,-6.04759967319,0.460953697305,1.39645243032,-0.55861963471
tcn,ATOMUSDT,1,9,4341,-0.00014807448895,-1.2971325232,0.178182276235,-7.2798066711,0.455194655609,1.39259387238,-0.642791356533
tcn,ATOMUSDT,1,10,4341,-0.000155861112383,-1.36534334448,0.178604173739,-7.64452093082,0.448514167243,1.39426399447,-0.676593088857
tcn,ATOMUSDT,1,11,4341,-0.00011794050166,-1.03315879454,0.178566308424,-5.78585514625,0.453121400599,1.40342087077,-0.511979717706
tcn,AVAXUSDT,0,0,4341,1.37354137542e-05,0.120322224486,0.18899247461,0.636650875833,0.502418797512,1.36592950933,0.0596254311068
tcn,AVAXUSDT,0,1,4341,-4.23117602734e-05,-0.370651019995,0.183675496758,-2.01796661252,0.501036627505,1.37272517853,-0.183675351347
tcn,AVAXUSDT,0,2,4341,-5.73580266749e-06,-0.0502456313672,0.18421874886,-0.272749824207,0.508638562543,1.38516470859,-0.0248991193796
tcn,AVAXUSDT,0,3,4341,4.14860783131e-06,0.0363418046023,0.194618441427,0.186733612374,0.506795669201,1.40290255701,0.0180091065957
tcn,AVAXUSDT,0,4,4341,-4.17264377174e-05,-0.365523594404,0.186339519052,-1.9615999669,0.496429394149,1.39017507487,-0.181134466131
tcn,AVAXUSDT,0,5,4341,2.54749107624e-05,0.223160218278,0.183982099671,1.2129452739,0.507486754204,1.39443676572,0.110586587619
tcn,AVAXUSDT,0,6,4341,-2.23815387363e-05,-0.19606227933,0.187569477637,-1.04527816466,0.496429394149,1.37859940106,-0.0971582596545
tcn,AVAXUSDT,0,7,4341,2.11275568465e-05,0.185077397975,0.180177959785,1.02719221705,0.505183137526,1.38441603317,0.0917147242705
tcn,AVAXUSDT,0,8,4341,-8.32544115282e-06,-0.0729308644987,0.189580115387,-0.384696804038,0.49735084082,1.3909813407,-0.0361407400444
tcn,AVAXUSDT,0,9,4341,-1.85275505974e-05,-0.162301343233,0.179514807293,-0.90411117434,0.501497350841,1.38862013361,-0.0804280971434
tcn,AVAXUSDT,0,10,4341,-4.52193158583e-05,-0.396121206918,0.17929723387,-2.20929904143,0.4867542041,1.39115411196,-0.196297050141
tcn,AVAXUSDT,0,11,4341,2.0242423878e-05,0.177323633171,0.179800862163,0.986222374232,0.500115180834,1.40065653075,0.0878723620543
tcn,AVAXUSDT,1,0,4341,-0.000122857537179,-1.07623202569,0.1890584001,-5.69259035894,0.459801888966,1.36592950933,-0.533324568893
tcn,AVAXUSDT,1,1,4341,-0.000179584278126,-1.57315827639,0.183688038436,-8.56429351516,0.464178760654,1.37272517853,-0.779575351347
tcn,AVAXUSDT,1,2,4341,-0.000144252273527,-1.26364991609,0.184237090732,-6.85882474086,0.462566228979,1.38516470859,-0.62619911938
tcn,AVAXUSDT,1,3,4341,-0.00013614164787,-1.19260083534,0.194685828193,-6.12577117918,0.459801888966,1.40290255701,-0.590990893404
tcn,AVAXUSDT,1,4,4341,-0.000180743945204,-1.58331695999,0.186315148934,-8.49805809698,0.45404284727,1.39017507487,-0.784609466131
tcn,AVAXUSDT,1,5,4341,-0.00011396876581,-0.998366388494,0.183996115905,-5.42601882428,0.463487675651,1.39443676572,-0.494738412381
tcn,AVAXUSDT,1,6,4341,-0.000160241478842,-1.40371535466,0.187537071222,-7.48500200795,0.457728633955,1.37859940106,-0.695608259654
tcn,AVAXUSDT,1,7,4341,-0.000117314046471,-1.02767104708,0.180259777427,-5.701055786,0.46463948399,1.38441603317,-0.50926027573
tcn,AVAXUSDT,1,8,4341,-0.000147423575223,-1.29143051896,0.189535345877,-6.81366587843,0.456346463948,1.3909813407,-0.639965740044
tcn,AVAXUSDT,1,9,4341,-0.000157389563958,-1.37873258028,0.17953602289,-7.67942030844,0.458419718959,1.38862013361,-0.683228097143
tcn,AVAXUSDT,1,10,4341,-0.000184334727054,-1.61477220899,0.179404329246,-9.00074271217,0.440221147201,1.39115411196,-0.800197050141
tcn,AVAXUSDT,1,11,4341,-0.000119823229197,-1.04965148777,0.179796444702,-5.83799913011,0.452199953928,1.40065653075,-0.520152637946
tcn,BCHUSDT,0,0,4341,-8.18581640515e-06,-0.0717077517091,0.187495599747,-0.382450317799,0.499654457498,1.36535360516,-0.0355346290147
tcn,BCHUSDT,0,1,4341,-4.97366498821e-05,-0.435693052967,0.180701997453,-2.4111136518,0.50057590417,1.36978806727,-0.215906797138
tcn,BCHUSDT,0,2,4341,-2.61183223322e-05,-0.22879650363,0.182365725951,-1.25460254353,0.497811564156,1.38332181525,-0.113379637244
tcn,BCHUSDT,0,3,4341,2.50164491263e-06,0.0219144094347,0.191555905172,0.114402160638,0.504261690855,1.40163556784,0.0108596405657
tcn,BCHUSDT,0,4,4341,-4.18191903363e-05,-0.366336107346,0.185106994337,-1.97905059535,0.492743607464,1.38407049067,-0.18153710525
tcn,BCHUSDT,0,5,4341,2.89056975691e-05,0.253213910706,0.181602867116,1.39432771479,0.507717115872,1.3892536282,0.125479633148
tcn,BCHUSDT,0,6,4341,-3.67608558789e-05,-0.322025097499,0.185076013227,-1.73996128339,0.497120479152,1.3773900023,-0.15957887537
tcn,BCHUSDT,0,7,4341,3.23349416783e-05,0.283254089102,0.176903618798,1.60117747181,0.508177839208,1.38441603317,0.140365981826
tcn,BCHUSDT,0,8,4341,-7.2018675809e-06,-0.0630883600087,0.186759526161,-0.337805312027,0.501266989173,1.38988712278,-0.0312633071687
tcn,BCHUSDT,0,9,4341,-2.39742293821e-05,-0.210014249387,0.174776809064,-1.20161393558,0.48997926745,1.38562543193,-0.104072129748
tcn,BCHUSDT,0,10,4341,-3.42999657286e-05,-0.300467699782,0.176665943258,-1.70076752905,0.491361437457,1.39023266528,-0.148896151228
tcn,BCHUSDT,0,11,4341,2.05511386132e-05,0.180027974252,0.179182713216,1.00471731352,0.500345542502,1.39887122783,0.08921249272
tcn,BCHUSDT,1,0,4341,-0.000144721176921,-1.26775750983,0.187524653859,-6.76048446827,0.460032250633,1.36535360516,-0.628234629015
tcn,BCHUSDT,1,1,4341,-0.000186715456609,-1.63562739989,0.180684799294,-9.05237964831,0.460492973969,1.36978806727,-0.810531797138
tcn,BCHUSDT,1,2,4341,-0.000164450503857,-1.44058641379,0.182411952428,-7.89743432168,0.454733932274,1.38332181525,-0.713879637244
tcn,BCHUSDT,1,3,4341,-0.000137661911872,-1.20591834799,0.191561944254,-6.29518745327,0.458419718959,1.40163556784,-0.597590359434
tcn,BCHUSDT,1,4,4341,-0.000180226239403,-1.57878185717,0.185129594842,-8.52798202537,0.452199953928,1.38407049067,-0.78236210525
tcn,BCHUSDT,1,5,4341,-0.00011001966525,-0.963772267594,0.181600912658,-5.30708933941,0.472241419028,1.3892536282,-0.477595366852
tcn,BCHUSDT,1,6,4341,-0.000174499856109,-1.52861873952,0.185103508237,-8.25818351082,0.457037548952,1.3773900023,-0.75750387537
tcn,BCHUSDT,1,7,4341,-0.000106106661639,-0.929494355957,0.176990654465,-5.25165782774,0.466943100668,1.38441603317,-0.460609018174
tcn,BCHUSDT,1,8,4341,-0.000146190579859,-1.28062947957,0.186723875155,-6.85841314348,0.459801888966,1.38988712278,-0.634613307169
tcn,BCHUSDT,1,9,4341,-0.000162536772575,-1.42382212776,0.174795474406,-8.14564640527,0.453351762267,1.38562543193,-0.705572129748
tcn,BCHUSDT,1,10,4341,-0.000173323232257,-1.51831151457,0.176741964807,-8.5905546893,0.446901635568,1.39023266528,-0.752396151228
tcn,BCHUSDT,1,11,4341,-0.00011933598417,-1.04538322133,0.179187571892,-5.83401633432,0.453582123935,1.39887122783,-0.51803750728
tcn,BNBUSDT,0,0,4341,7.94421222243e-06,0.0695912990685,0.187987385474,0.370191323705,0.502188435844,1.36679336558,0.0344858252576
tcn,BNBUSDT,0,1,4341,-3.94015019394e-05,-0.34515715699,0.182738238544,-1.88880641369,0.501497350841,1.37520156646,-0.171041919919
tcn,BNBUSDT,0,2,4341,-3.67210787008e-06,-0.0321676649419,0.1836508814,-0.175156605276,0.507486754204,1.38695001152,-0.015940620264
tcn,BNBUSDT,0,3,4341,6.47420953381e-06,0.0567140755162,0.192502446305,0.294614830122,0.502418797512,1.39956231283,0.0281045435863
tcn,BNBUSDT,0,4,4341,-3.17800065992e-05,-0.278392857809,0.185425831516,-1.50137041604,0.498733010827,1.39069338862,-0.137957008647
tcn,BNBUSDT,0,5,4341,1.7746775865e-05,0.155461756577,0.182852954332,0.850200955982,0.510942179221,1.39466712739,0.0770387540299
tcn,BNBUSDT,0,6,4341,-2.00797084386e-05,-0.175898245922,0.187056486413,-0.940348283531,0.501497350841,1.37882976273,-0.0871660143319
tcn,BNBUSDT,0,7,4341,1.70552551632e-05,0.14940403523,0.179291501055,0.833302383831,0.503800967519,1.3875835061,0.0740368626635
tcn,BNBUSDT,0,8,4341,-5.192292878e-06,-0.0454844856113,0.186720539094,-0.243596584671,0.501958074176,1.39316977655,-0.0225397433834
tcn,BNBUSDT,0,9,4341,-2.20614360664e-05,-0.193258179942,0.178710001151,-1.08140662916,0.503340244183,1.39276664363,-0.0957686939643
tcn,BNBUSDT,0,10,4341,-3.47873102615e-05,-0.30473683789,0.178544513649,-1.70678354469,0.491361437457,1.39155724487,-0.151011713845
tcn,BNBUSDT,0,11,4341,1.17742058704e-05,0.103142043425,0.180197652157,0.572382837347,0.497581202488,1.40215388159,0.0511118276834
tcn,BNBUSDT,1,0,4341,-0.000128735124336,-1.12771968918,0.188040095824,-5.99722992185,0.460032250633,1.36679336558,-0.558839174742
tcn,BNBUSDT,1,1,4341,-0.000176921658585,-1.54983372921,0.182746766951,-8.48077235547,0.463718037319,1.37520156646,-0.768016919919
tcn,BNBUSDT,1,2,4341,-0.000142367109022,-1.24713587503,0.183686042669,-6.78949721444,0.460492973969,1.38695001152,-0.618015620264
tcn,BNBUSDT,1,3,4341,-0.000133482021749,-1.16930251052,0.192547468481,-6.07280126688,0.459801888966,1.39956231283,-0.579445456414
tcn,BNBUSDT,1,4,4341,-0.000170849345461,-1.49664026624,0.185432388104,-8.07108338269,0.460032250633,1.39069338862,-0.741657008647
tcn,BNBUSDT,1,5,4341,-0.000121719936874,-1.06626664702,0.182848427281,-5.83142367079,0.46993780235,1.39466712739,-0.52838624597
tcn,BNBUSDT,1,6,4341,-0.000157962684711,-1.38375311807,0.18701742095,-7.39905999688,0.460262612301,1.37882976273,-0.685716014332
tcn,BNBUSDT,1,7,4341,-0.000121703095447,-1.06611911612,0.179353644768,-5.94422888645,0.463026952315,1.3875835061,-0.528313137337
tcn,BNBUSDT,1,8,4341,-0.000144509270533,-1.26590120987,0.186674301567,-6.78133625914,0.460262612301,1.39316977655,-0.627314743383
tcn,BNBUSDT,1,9,4341,-0.000161338100429,-1.41332175976,0.178770892709,-7.90577111487,0.460492973969,1.39276664363,-0.700368693964
tcn,BNBUSDT,1,10,4341,-0.000173943034749,-1.5237409844,0.178635074066,-8.52990932697,0.448514167243,1.39155724487,-0.755086713845
tcn,BNBUSDT,1,11,4341,-0.000128441182289,-1.12514475685,0.180181106014,-6.24452131381,0.449896337249,1.40215388159,-0.557563172317
tcn,BTCUSDT,0,0,4341,1.3744228189e-05,0.120399438936,0.185599209353,0.648706637035,0.503109882516,1.40382400369,0.0596636945686
tcn,BTCUSDT,0,1,4341,-4.24404589628e-05,-0.371778420514,0.182305361711,-2.03931698456,0.504261690855,1.41280810873,-0.184234032358
tcn,BTCUSDT,0,2,4341,-4.82153268869e-06,-0.0422366263529,0.182883973193,-0.230947663786,0.508638562543,1.42403824004,-0.0209302734016
tcn,BTCUSDT,0,3,4341,7.0568269998e-06,0.0618178045182,0.190464209373,0.324563889047,0.50057590417,1.43860861553,0.0306336860061
tcn,BTCUSDT,0,4,4341,-3.88773501693e-05,-0.340565587483,0.185442050929,-1.83650679971,0.494816862474,1.43187053674,-0.168766577085
tcn,BTCUSDT,0,5,4341,1.61611042442e-05,0.141571273179,0.179868230675,0.787083258941,0.505874222529,1.42939414881,0.0701553535241
tcn,BTCUSDT,0,6,4341,-3.08448219442e-05,-0.270200640231,0.186099866259,-1.45191206024,0.49942409583,1.41591799125,-0.13389737206
tcn,BTCUSDT,0,7,4341,3.52539398733e-05,0.30882451329,0.177211532266,1.74268857868,0.501036627505,1.42138908086,0.15303735299
tcn,BTCUSDT,0,8,4341,-2.91571254671e-06,-0.0255416419092,0.186701684267,-0.136804560759,0.501266989173,1.42582354296,-0.0126571081653
tcn,BTCUSDT,0,9,4341,-2.16925672749e-05,-0.190026889328,0.176790754679,-1.07486893007,0.500345542502,1.42501727713,-0.0941674345404
tcn,BTCUSDT,0,10,4341,-4.12981915079e-05,-0.361772157609,0.179473526433,-2.01574106666,0.486984565768,1.42553559088,-0.179275449336
tcn,BTCUSDT,0,11,4341,1.65454944268e-05,0.144938531179,0.17769907891,0.815640306452,0.500115180834,1.43618981801,0.0718239913066
tcn,BTCUSDT,1,0,4341,-0.00012663817218,-1.10935038829,0.185669187685,-5.97487608001,0.460953697305,1.40382400369,-0.549736305431
tcn,BTCUSDT,1,1,4341,-0.000183721269836,-1.60939832376,0.182331160281,-8.82678704662,0.462335867312,1.41280810873,-0.797534032358
tcn,BTCUSDT,1,2,4341,-0.000147225356692,-1.28969412463,0.182929121733,-7.0502395267,0.466712739,1.42403824004,-0.639105273402
tcn,BTCUSDT,1,3,4341,-0.000136804034553,-1.19840334268,0.190546476927,-6.28929677424,0.459110803962,1.43860861553,-0.593866313994
tcn,BTCUSDT,1,4,4341,-0.000182064403844,-1.59488417767,0.185464018153,-8.59942642002,0.458650080627,1.43187053674,-0.790341577085
tcn,BTCUSDT,1,5,4341,-0.000126778310637,-1.11057800118,0.179847190947,-6.17512008574,0.459801888966,1.42939414881,-0.550344646476
tcn,BTCUSDT,1,6,4341,-0.000172436621069,-1.51054480056,0.186103093879,-8.11670977134,0.456576825616,1.41591799125,-0.74854737206
tcn,BTCUSDT,1,7,4341,-0.000106884968212,-0.93631232154,0.177270201294,-5.2818370753,0.460723335637,1.42138908086,-0.46398764701
tcn,BTCUSDT,1,8,4341,-0.000145498066843,-1.27456306554,0.1866675757,-6.8279831715,0.45726791062,1.42582354296,-0.631607108165
tcn,BTCUSDT,1,9,4341,-0.000164194294987,-1.43834202409,0.176797012865,-8.13555614305,0.457958995623,1.42501727713,-0.71276743454
tcn,BTCUSDT,1,10,4341,-0.000183851750596,-1.61054133522,0.179562446968,-8.96925477688,0.440451508869,1.42553559088,-0.798100449336
tcn,BTCUSDT,1,11,4341,-0.000127073487375,-1.1131637494,0.177694655562,-6.26447512379,0.456116102281,1.43618981801,-0.551626008693
tcn,DOGEUSDT,0,0,4341,8.09026430128e-06,0.0708707152792,0.188307035461,0.376357235436,0.503570605851,1.367542041,0.0351198373318
tcn,DOGEUSDT,0,1,4341,-3.09765412118e-05,-0.271354501015,0.183616487415,-1.47783298131,0.50264915918,1.37197650311,-0.1344691654
tcn,DOGEUSDT,0,2,4341,2.03230548138e-06,0.0178029960169,0.183921060404,0.096796940915,0.506565307533,1.38574061276,0.00882223809469
tcn,DOGEUSDT,0,3,4341,1.91681432487e-05,0.167912934859,0.194428275652,0.863624050027,0.506104584197,1.4031905091,0.0832089098426
tcn,DOGEUSDT,0,4,4341,-4.04419183326e-05,-0.354271204593,0.186397248406,-1.90062464775,0.497811564156,1.38988712278,-0.175558367482
tcn,DOGEUSDT,0,5,4341,1.99345138424e-05,0.17462634126,0.184638509865,0.945774212474,0.508408200875,1.39178760654,0.08653572459
tcn,DOGEUSDT,0,6,4341,-1.8647961395e-05,-0.16335614182,0.187204293169,-0.872608950654,0.499193734163,1.37802349689,-0.0809508004156
tcn,DOGEUSDT,0,7,4341,2.49889900903e-05,0.218903553191,0.179640893224,1.21856192798,0.501497350841,1.3865468786,0.108477205982
tcn,DOGEUSDT,0,8,4341,-8.25948514204e-06,-0.0723530898443,0.188100634453,-0.384650961198,0.499193734163,1.39564616448,-0.0358544250016
tcn,DOGEUSDT,0,9,4341,-2.44825841046e-05,-0.214467436756,0.178665171615,-1.20038748917,0.498041925824,1.3906357982,-0.106278897598
tcn,DOGEUSDT,0,10,4341,-3.39552705075e-05,-0.297448169645,0.180182600146,-1.65081516975,0.490670352453,1.38988712278,-0.147399829273
tcn,DOGEUSDT,0,11,4341,1.69422445196e-05,0.148414061992,0.179703151618,0.825884580519,0.498272287491,1.40445749827,0.0735462834598
tcn,DOGEUSDT,1,0,4341,-0.000128663939799,-1.12709611264,0.188380735213,-5.98307524049,0.46463948399,1.367542041,-0.558530162668
tcn,DOGEUSDT,1,1,4341,-0.000168174191523,-1.47320591774,0.183576454622,-8.02502652517,0.45934116563,1.37197650311,-0.7300441654
tcn,DOGEUSDT,1,2,4341,-0.000136541755795,-1.19610578076,0.183966950615,-6.50174271393,0.463718037319,1.38574061276,-0.592727761905
tcn,DOGEUSDT,1,3,4341,-0.000121150907661,-1.06128195111,0.194506767198,-5.45627263462,0.462105505644,1.4031905091,-0.525916090157
tcn,DOGEUSDT,1,4,4341,-0.000179430630611,-1.57181232415,0.186398174236,-8.43255214592,0.458650080627,1.38988712278,-0.778908367482
tcn,DOGEUSDT,1,5,4341,-0.000119244246812,-1.04457960207,0.184637053426,-5.65747547792,0.465330568993,1.39178760654,-0.51763927541
tcn,DOGEUSDT,1,6,4341,-0.000156450311084,-1.3705047251,0.187197807037,-7.32115801349,0.461184058973,1.37802349689,-0.679150800416
tcn,DOGEUSDT,1,7,4341,-0.00011366569777,-0.995711512462,0.179739028232,-5.53976241141,0.464869845658,1.3865468786,-0.493422794018
tcn,DOGEUSDT,1,8,4341,-0.00014782410159,-1.29493912993,0.188070318918,-6.88539870288,0.455425017277,1.39564616448,-0.641704425002
tcn,DOGEUSDT,1,9,4341,-0.000163546163925,-1.43266439598,0.178676926671,-8.01818356,0.458880442294,1.3906357982,-0.709953897598
tcn,DOGEUSDT,1,10,4341,-0.000172943982786,-1.5149892892,0.180270577884,-8.40397422024,0.446901635568,1.38988712278,-0.750749829273
tcn,DOGEUSDT,1,11,4341,-0.000123503505308,-1.08189070649,0.179721483255,-6.01981848192,0.449665975582,1.40445749827,-0.53612871654
tcn,DOTUSDT,0,0,4341,2.09280889498e-05,0.183330059201,0.185349873065,0.989102696266,0.501497350841,1.36351071182,0.0908488341313
tcn,DOTUSDT,0,1,4341,-4.69371940543e-05,-0.411169819915,0.183764579372,-2.23748135424,0.499193734163,1.36967288643,-0.20375435939
tcn,DOTUSDT,0,2,4341,-8.73062156457e-06,-0.0764802449057,0.182413301205,-0.41926901383,0.507486754204,1.38568302235,-0.0378996282118
tcn,DOTUSDT,0,3,4341,2.65585344669e-06,0.023265276193,0.190362050694,0.12221593594,0.502879520848,1.400829302,0.0115290598121
tcn,DOTUSDT,0,4,4341,-3.72040986857e-05,-0.325907904486,0.185038949689,-1.76129352784,0.496890117484,1.39086615987,-0.161502992394
tcn,DOTUSDT,0,5,4341,1.06710010845e-05,0.0934779694998,0.180254660585,0.518588363799,0.504031329187,1.3895991707,0.0463228157076
tcn,DOTUSDT,0,6,4341,-2.50579514783e-05,-0.21950765495,0.18163176486,-1.20853120113,0.492743607464,1.37698686938,-0.108776567367
tcn,DOTUSDT,0,7,4341,2.74056446465e-05,0.240073447103,0.178836193416,1.34242091893,0.502188435844,1.38677724027,0.11896790341
tcn,DOTUSDT,0,8,4341,-1.79662156987e-06,-0.0157384049521,0.18636415822,-0.0844497413151,0.496659755817,1.3909813407,-0.00779913423482
tcn,DOTUSDT,0,9,4341,-9.72802473139e-06,-0.085217496647,0.178888316963,-0.476372622281,0.503800967519,1.38902326653,-0.042229355359
tcn,DOTUSDT,0,10,4341,-3.01457494987e-05,-0.264076765608,0.176913320178,-1.49269012272,0.488597097443,1.38856254319,-0.130862698574
tcn,DOTUSDT,0,11,4341,1.03201961893e-05,0.0904049186186,0.177580264403,0.509093276341,0.498272287491,1.39771941949,0.0447999716579
tcn,DOTUSDT,1,0,4341,-0.000115422982232,-1.01110532435,0.185425108811,-5.45290403677,0.462335867312,1.36351071182,-0.501051165869
tcn,DOTUSDT,1,1,4341,-0.000183904482697,-1.61100326843,0.183769494968,-8.7664346507,0.457037548952,1.36967288643,-0.79832935939
tcn,DOTUSDT,1,2,4341,-0.000147298923799,-1.29033857248,0.182467051638,-7.07162504625,0.463487675651,1.38568302235,-0.639424628212
tcn,DOTUSDT,1,3,4341,-0.000137427076754,-1.20386119236,0.190414271534,-6.32232648669,0.455885740613,1.400829302,-0.596570940188
tcn,DOTUSDT,1,4,4341,-0.000176290714673,-1.54430666053,0.185048871825,-8.3453989495,0.453351762267,1.39086615987,-0.765277992394
tcn,DOTUSDT,1,5,4341,-0.000128288915985,-1.12381090403,0.180242866079,-6.23498132538,0.459110803962,1.3895991707,-0.556902184292
tcn,DOTUSDT,1,6,4341,-0.000162756638417,-1.42574815253,0.181572901825,-7.852207781,0.454733932274,1.37698686938,-0.706526567367
tcn,DOTUSDT,1,7,4341,-0.00011127207938,-0.974743415371,0.178924235689,-5.44779979983,0.46463948399,1.38677724027,-0.48303209659
tcn,DOTUSDT,1,8,4341,-0.00014089475564,-1.23423805941,0.186332310938,-6.62385419468,0.450126698917,1.3909813407,-0.611624134235
tcn,DOTUSDT,1,9,4341,-0.000148630351384,-1.30200187813,0.178912973957,-7.2772915755,0.457958995623,1.38902326653,-0.645204355359
tcn,DOTUSDT,1,10,4341,-0.000169002003818,-1.48045755345,0.177003831444,-8.36398591695,0.446440912232,1.38856254319,-0.733637698574
tcn,DOTUSDT,1,11,4341,-0.00012945174576,-1.13399729285,0.177585285455,-6.38564895706,0.452660677263,1.39771941949,-0.561950028342
tcn,ETCUSDT,0,0,4341,8.71951087497e-06,0.0763829152647,0.191227345404,0.399435107481,0.498963372495,1.36333794057,0.0378513967082
tcn,ETCUSDT,0,1,4341,-3.47709077195e-05,-0.304593151623,0.185172960256,-1.64491160697,0.501727712509,1.3729555402,-0.15094051041
tcn,ETCUSDT,0,2,4341,1.09965942059e-07,0.00096330165244,0.185308164933,0.00519837672985,0.506334945865,1.38769868694,0.00047736215448
tcn,ETCUSDT,0,3,4341,2.87810383756e-06,0.025212189617,0.192582794492,0.130916106413,0.503570605851,1.400829302,0.0124938487589
tcn,ETCUSDT,0,4,4341,-2.07668800167e-05,-0.181917868946,0.186390876267,-0.976002004979,0.504031329187,1.38896567611,-0.0901490261523
tcn,ETCUSDT,0,5,4341,2.53046889529e-05,0.221669075228,0.185657998678,1.19396458437,0.513706519235,1.39351531905,0.109847654745
tcn,ETCUSDT,0,6,4341,-1.71505323831e-05,-0.150238663676,0.18766727876,-0.800558651826,0.50057590417,1.37750518314,-0.074450461075
tcn,ETCUSDT,0,7,4341,2.90258715388e-05,0.25426663468,0.181031755913,1.40454161424,0.503800967519,1.38481916609,0.12600130835
tcn,ETCUSDT,0,8,4341,-3.64581186762e-06,-0.0319373119604,0.188207475176,-0.16969204826,0.495738309145,1.39230592029,-0.0158264693174
tcn,ETCUSDT,0,9,4341,-2.76342228582e-05,-0.242075792238,0.18074811142,-1.33929915138,0.498272287491,1.3909813407,-0.119960161427
tcn,ETCUSDT,0,10,4341,-3.96267452018e-05,-0.347130287968,0.182283269969,-1.90434529744,0.494125777471,1.39000230362,-0.172019700921
tcn,ETCUSDT,0,11,4341,3.23419022261e-05,0.2833150635,0.182060114105,1.55616217694,0.505413499194,1.40152038701,0.140396197563
tcn,ETCUSDT,1,0,4341,-0.000127614283182,-1.11790112067,0.191288205805,-5.84406715495,0.464178760654,1.36333794057,-0.553973603292
tcn,ETCUSDT,1,1,4341,-0.000172066461739,-1.50730220484,0.18516822535,-8.14017740889,0.462796590647,1.3729555402,-0.74694051041
tcn,ETCUSDT,1,2,4341,-0.000138659902752,-1.21466074811,0.185401319122,-6.55152160652,0.464178760654,1.38769868694,-0.601922637846
tcn,ETCUSDT,1,3,4341,-0.000137204826363,-1.20191427894,0.192642759273,-6.23908359429,0.458650080627,1.400829302,-0.595606151241
tcn,ETCUSDT,1,4,4341,-0.000159663447628,-1.39865180122,0.186400353201,-7.50348256965,0.462335867312,1.38896567611,-0.693099026152
tcn,ETCUSDT,1,5,4341,-0.000114046842952,-0.999050344261,0.185657774455,-5.38113928811,0.470168164018,1.39351531905,-0.495077345255
tcn,ETCUSDT,1,6,4341,-0.000154901050697,-1.3569332041,0.187661189079,-7.23076098347,0.457037548952,1.37750518314,-0.672425461075
tcn,ETCUSDT,1,7,4341,-0.00010945604507,-0.958834954816,0.18108448051,-5.29495930362,0.461875143976,1.38481916609,-0.47514869165
tcn,ETCUSDT,1,8,4341,-0.000142876403897,-1.25159729814,0.188157487418,-6.65186018006,0.460262612301,1.39230592029,-0.620226469317
tcn,ETCUSDT,1,9,4341,-0.000166732356929,-1.4605754467,0.180804161091,-8.07821810007,0.452891038931,1.3909813407,-0.723785161427
tcn,ETCUSDT,1,10,4341,-0.000178626975563,-1.56477230594,0.182388312768,-8.57934525622,0.451048145589,1.39000230362,-0.775419700921
tcn,ETCUSDT,1,11,4341,-0.000107810136475,-0.944416795518,0.182078840148,-5.18685639007,0.459571527298,1.40152038701,-0.468003802437
tcn,ETHUSDT,0,0,4341,1.79520904634e-05,0.157260312459,0.18769065941,0.837869678512,0.504031329187,1.39967749367,0.0779300247015
tcn,ETHUSDT,0,1,4341,-3.66331936754e-05,-0.320906776596,0.183610322945,-1.74775999219,0.496659755817,1.40607002995,-0.159024693745
tcn,ETHUSDT,0,2,4341,4.24066679133e-06,0.0371482410921,0.183465603672,0.202480684927,0.509099285879,1.4194885971,0.0184087345412
tcn,ETHUSDT,0,3,4341,2.31985653642e-05,0.20321943259,0.192541611434,1.05545721299,0.506334945865,1.43417415342,0.100704972246
tcn,ETHUSDT,0,4,4341,-4.45575643793e-05,-0.390324263962,0.187743303854,-2.07903161365,0.49527758581,1.42029486293,-0.19342438697
tcn,ETHUSDT,0,5,4341,2.7983851846e-05,0.245138542171,0.184377826412,1.32954459298,0.506795669201,1.42144667127,0.121477900864
tcn,ETHUSDT,0,6,4341,-2.33552565639e-05,-0.2045920475,0.187466951604,-1.09134994594,0.495047224142,1.40785533287,-0.101385168744
tcn,ETHUSDT,0,7,4341,4.37304128038e-05,0.383078416161,0.178757996429,2.14300016678,0.50472241419,1.41764570375,0.189833721981
tcn,ETHUSDT,0,8,4341,-2.90931175992e-06,-0.0254855710169,0.188638010669,-0.135103052277,0.498272287491,1.41977654918,-0.0126293223498
tcn,ETHUSDT,0,9,4341,-1.00352319855e-05,-0.0879086321926,0.180567340384,-0.486846801894,0.502879520848,1.41931582585,-0.0435629420489
tcn,ETHUSDT,0,10,4341,-3.77268574328e-05,-0.330487271112,0.178832654893,-1.84802530226,0.488597097443,1.42081317669,-0.163772288116
tcn,ETHUSDT,0,11,4341,1.21269810505e-05,0.106232354002,0.180351945114,0.589028046995,0.498733010827,1.42737848422,0.0526432247402
tcn,ETHUSDT,1,0,4341,-0.000122015658903,-1.06885717199,0.187743358089,-5.69318234673,0.464409122322,1.39967749367,-0.529669975298
tcn,ETHUSDT,1,1,4341,-0.00017724019667,-1.55262412283,0.183603147041,-8.45641345396,0.451048145589,1.40607002995,-0.769399693745
tcn,ETHUSDT,1,2,4341,-0.000137708192918,-1.20632376997,0.183477289141,-6.57478522607,0.465560930661,1.4194885971,-0.597791265459
tcn,ETHUSDT,1,3,4341,-0.000120218849978,-1.05311712581,0.192624570641,-5.46720038,0.466021653997,1.43417415342,-0.521870027754
tcn,ETHUSDT,1,4,4341,-0.000186587050673,-1.63450256389,0.187778103201,-8.70443643871,0.455655378945,1.42029486293,-0.80997438697
tcn,ETHUSDT,1,5,4341,-0.000114160815281,-1.00004874186,0.184333064363,-5.42522713068,0.46463948399,1.42144667127,-0.495572099136
tcn,ETHUSDT,1,6,4341,-0.000164140789851,-1.4378733191,0.187470340217,-7.66987096428,0.453582123935,1.40785533287,-0.712535168744
tcn,ETHUSDT,1,7,4341,-9.80341575717e-05,-0.858779220328,0.178845467203,-4.80179472123,0.461644782308,1.41764570375,-0.425566278019
tcn,ETHUSDT,1,8,4341,-0.000144886966678,-1.2692098281,0.188636693847,-6.72832947935,0.456116102281,1.41977654918,-0.62895432235
tcn,ETHUSDT,1,9,4341,-0.00015196681457,-1.33122929563,0.18056141141,-7.37272313744,0.461184058973,1.41931582585,-0.659687942049
tcn,ETHUSDT,1,10,4341,-0.000179808175102,-1.57511961389,0.178923542104,-8.80331115383,0.4466712739,1.42081317669,-0.780547288116
tcn,ETHUSDT,1,11,4341,-0.000130610867372,-1.14415119817,0.180351148791,-6.3440194634,0.454503570606,1.42737848422,-0.56698177526
tcn,FILUSDT,0,0,4341,1.61493496193e-05,0.141468302665,0.1810543104,0.781358379993,0.508177839208,1.36420179682,0.0701043266974
tcn,FILUSDT,0,1,4341,-3.95934269298e-05,-0.346838419905,0.17844769434,-1.9436419237,0.505413499194,1.37548951854,-0.171875066302
tcn,FILUSDT,0,2,4341,-7.24800577327e-06,-0.0634925305739,0.18016496042,-0.352413312921,0.50794747754,1.38637410735,-0.0314635930618
tcn,FILUSDT,0,3,4341,7.59752752476e-06,0.0665543411169,0.191240634819,0.348013596483,0.507717115872,1.40042616909,0.032980866985
tcn,FILUSDT,0,4,4341,-2.58289121066e-05,-0.226261270053,0.180874374288,-1.2509304922,0.502418797512,1.38850495278,-0.112123307455
tcn,FILUSDT,0,5,4341,3.4339961538e-05,0.300818063073,0.176804861913,1.70141284475,0.508177839208,1.39420640405,0.149069773036
tcn,FILUSDT,0,6,4341,-1.65367361116e-05,-0.144861808337,0.178441095602,-0.811818644401,0.50794747754,1.37623819396,-0.0717859714603
tcn,FILUSDT,0,7,4341,2.43072164183e-05,0.212931215825,0.173096882278,1.23012738891,0.499654457498,1.3841856715,0.105517626472
tcn,FILUSDT,0,8,4341,-9.18657081032e-06,-0.0804743602984,0.181630056754,-0.443067418116,0.501266989173,1.38838977194,-0.0398789038876
tcn,FILUSDT,0,9,4341,-1.71732190443e-05,-0.150437398828,0.1746098146,-0.861563247017,0.498733010827,1.383840129,-0.0745489438712
tcn,FILUSDT,0,10,4341,-4.36442694072e-05,-0.382323800007,0.172222497453,-2.21994109748,0.489057820779,1.39253628196,-0.189459773497
tcn,FILUSDT,0,11,4341,4.91112868424e-06,0.043021487274,0.173802761473,0.247530516255,0.498272287491,1.39754664824,0.0213192096183
tcn,FILUSDT,1,0,4341,-0.000120270830063,-1.05357247135,0.181136921519,-5.81644240454,0.463487675651,1.36420179682,-0.522095673303
tcn,FILUSDT,1,1,4341,-0.000177142378784,-1.55176723815,0.178474581084,-8.69461202109,0.466482377332,1.37548951854,-0.768975066302
tcn,FILUSDT,1,2,4341,-0.000145885416508,-1.27795624861,0.180221835446,-7.09101783062,0.461644782308,1.38637410735,-0.633288593062
tcn,FILUSDT,1,3,4341,-0.000132445089384,-1.160218983,0.191267646807,-6.06594477617,0.463487675651,1.40042616909,-0.574944133015
tcn,FILUSDT,1,4,4341,-0.000164679407384,-1.44259160869,0.180914023355,-7.97390706333,0.457728633955,1.38850495278,-0.714873307455
tcn,FILUSDT,1,5,4341,-0.000105080678867,-0.920506746879,0.176813170109,-5.20609831447,0.465330568993,1.39420640405,-0.456155226964
tcn,FILUSDT,1,6,4341,-0.000154160555508,-1.35044646625,0.178436356066,-7.56822486192,0.462796590647,1.37623819396,-0.66921097146
tcn,FILUSDT,1,7,4341,-0.000114111350732,-0.999615432413,0.173188132029,-5.77184718549,0.459110803962,1.3841856715,-0.495357373528
tcn,FILUSDT,1,8,4341,-0.000148025548005,-1.29670380052,0.181580907858,-7.1411902045,0.454503570606,1.38838977194,-0.642578903888
tcn,FILUSDT,1,9,4341,-0.000155557231945,-1.36268135183,0.174672628009,-7.80134453443,0.453351762267,1.383840129,-0.675273943871
tcn,FILUSDT,1,10,4341,-0.000182897897603,-1.60218558301,0.172296436396,-9.29900592562,0.442064040544,1.39253628196,-0.793959773497
tcn,FILUSDT,1,11,4341,-0.00013484353614,-1.18122937658,0.173799837461,-6.79649298779,0.450587422253,1.39754664824,-0.585355790382
tcn,LINKUSDT,0,0,4341,6.33228806872e-06,0.055470843482,0.189335098594,0.292977075534,0.499654457498,1.3658143285,0.0274884625063
tcn,LINKUSDT,0,1,4341,-4.12492876667e-05,-0.36134375996,0.184960432099,-1.95362735618,0.50057590417,1.37237963603,-0.179063157761
tcn,LINKUSDT,0,2,4341,-4.86527705542e-06,-0.0426198270055,0.185191778485,-0.230138872006,0.510942179221,1.38568302235,-0.0211201676976
tcn,LINKUSDT,0,3,4341,7.97592066932e-06,0.0698690650633,0.194712908856,0.358831191388,0.501497350841,1.40146279659,0.0346234716255
tcn,LINKUSDT,0,4,4341,-4.10092454612e-05,-0.35924099024,0.188314273593,-1.90766734452,0.50057590417,1.39115411196,-0.178021134547
tcn,LINKUSDT,0,5,4341,2.99154778207e-05,0.26205958571,0.185524778531,1.4125314569,0.511633264225,1.39161483529,0.12986308922
tcn,LINKUSDT,0,6,4341,-2.75573618463e-05,-0.241402489773,0.187426321604,-1.28798606144,0.499884819166,1.38049988482,-0.119626507775
tcn,LINKUSDT,0,7,4341,3.12590170672e-05,0.273828989509,0.182113366757,1.50361829219,0.502418797512,1.38424326192,0.135695393089
tcn,LINKUSDT,0,8,4341,-4.22557764209e-06,-0.0370160601447,0.189763603876,-0.195064065968,0.504492052522,1.39345772863,-0.0183432325443
tcn,LINKUSDT,0,9,4341,-1.83225349897e-05,-0.16050540651,0.179952914522,-0.891930019232,0.502188435844,1.39178760654,-0.0795381243904
tcn,LINKUSDT,0,10,4341,-3.56863960751e-05,-0.312612829618,0.179951779013,-1.73720332932,0.494125777471,1.39069338862,-0.154914645362
tcn,LINKUSDT,0,11,4341,1.83607284812e-05,0.160839981495,0.180399092113,0.891578663792,0.50057590417,1.39927436075,0.0797039223369
tcn,LINKUSDT,1,0,4341,-0.000130249144781,-1.14098250828,0.189430140177,-6.0232363615,0.459801888966,1.3658143285,-0.565411537494
tcn,LINKUSDT,1,1,4341,-0.00017848725127,-1.56354832112,0.184954635462,-8.45368550628,0.462105505644,1.37237963603,-0.774813157761
tcn,LINKUSDT,1,2,4341,-0.00014343357929,-1.25647815458,0.185233445206,-6.7832143012,0.466943100668,1.38568302235,-0.622645167698
tcn,LINKUSDT,1,3,4341,-0.00013217035899,-1.15781234475,0.194759021921,-5.94484575519,0.454733932274,1.40146279659,-0.573751528374
tcn,LINKUSDT,1,4,4341,-0.000180124656657,-1.57789199231,0.188322743671,-8.37865868752,0.45934116563,1.39115411196,-0.781921134547
tcn,LINKUSDT,1,5,4341,-0.000109246005708,-0.956995010006,0.185522746741,-5.15837020967,0.468785994011,1.39161483529,-0.47423691078
tcn,LINKUSDT,1,6,4341,-0.000165607350328,-1.45072038887,0.187400581437,-7.74128008434,0.457728633955,1.38049988482,-0.718901507775
tcn,LINKUSDT,1,7,4341,-0.000107165309125,-0.938768107934,0.18221309683,-5.15203420755,0.46463948399,1.38424326192,-0.465204606911
tcn,LINKUSDT,1,8,4341,-0.000143571350505,-1.25768503043,0.189719817281,-6.62917057611,0.459110803962,1.39345772863,-0.623243232544
tcn,LINKUSDT,1,9,4341,-0.000157501295644,-1.37971134984,0.180000951996,-7.66502251539,0.460953697305,1.39178760654,-0.68371312439
tcn,LINKUSDT,1,10,4341,-0.000174755734937,-1.53086023805,0.180035917593,-8.50308237664,0.447362358903,1.39069338862,-0.758614645362
tcn,LINKUSDT,1,11,4341,-0.000121566707593,-1.06492435852,0.180395717361,-5.90326851489,0.457037548952,1.39927436075,-0.527721077663
tcn,LTCUSDT,0,0,4341,1.89114522095e-05,0.165664321356,0.190652361998,0.868934009625,0.498272287491,1.36420179682,0.0820946140416
tcn,LTCUSDT,0,1,4341,-3.2540947928e-05,-0.285058703849,0.184941587136,-1.5413445308,0.503570605851,1.36950011518,-0.141260254955
tcn,LTCUSDT,0,2,4341,3.17705837943e-06,0.0278310314038,0.186237827107,0.14943812348,0.509099285879,1.38441603317,0.0137916104251
tcn,LTCUSDT,0,3,4341,-3.41668031252e-06,-0.0299301195377,0.195852464314,-0.152819723982,0.501958074176,1.39858327574,-0.0148318092366
tcn,LTCUSDT,0,4,4341,-3.93150618748e-05,-0.344399942023,0.190522564633,-1.807659595,0.49735084082,1.38741073485,-0.170666683599
tcn,LTCUSDT,0,5,4341,1.8894208516e-05,0.1655132666,0.184582212084,0.896691315657,0.510942179221,1.39178760654,0.0820197591679
tcn,LTCUSDT,0,6,4341,-1.84968299768e-05,-0.162032230596,0.187909951807,-0.862286584814,0.502879520848,1.37894494356,-0.0802947389291
tcn,LTCUSDT,0,7,4341,2.2791127256e-05,0.199650274762,0.180599642988,1.1054854343,0.504261690855,1.38510711818,0.0989362834182
tcn,LTCUSDT,0,8,4341,2.64528330272e-06,0.0231726817318,0.190963976055,0.121345827682,0.501497350841,1.39017507487,0.0114831748171
tcn,LTCUSDT,0,9,4341,-2.1517632293e-05,-0.188494458886,0.181038045829,-1.04118699483,0.499193734163,1.38752591569,-0.0934080417838
tcn,LTCUSDT,0,10,4341,-4.0740704999e-05,-0.356888575791,0.180877039915,-1.97310048837,0.487214927436,1.38867772403,-0.176855400401
tcn,LTCUSDT,0,11,4341,1.81329827704e-05,0.158844929069,0.180537783943,0.879843130893,0.50057590417,1.39915917991,0.0787152782062
tcn,LTCUSDT,1,0,4341,-0.000117508727473,-1.02937645266,0.190719446469,-5.39733347446,0.46141442064,1.36420179682,-0.510105385958
tcn,LTCUSDT,1,1,4341,-0.000169490959446,-1.48474080475,0.184921845459,-8.02901788626,0.462566228979,1.36950011518,-0.735760254955
tcn,LTCUSDT,1,2,4341,-0.000135264544938,-1.18491741365,0.186290860775,-6.36057726463,0.461644782308,1.38441603317,-0.587183389575
tcn,LTCUSDT,1,3,4341,-0.000143275007887,-1.25508906909,0.195909027205,-6.40648921079,0.453812485602,1.39858327574,-0.621956809237
tcn,LTCUSDT,1,4,4341,-0.00017805613536,-1.55977174576,0.190520671473,-8.18688981988,0.457037548952,1.38741073485,-0.772941683599
tcn,LTCUSDT,1,5,4341,-0.000120284552138,-1.05369267673,0.184561439123,-5.70917024563,0.466712739,1.39178760654,-0.522155240832
tcn,LTCUSDT,1,6,4341,-0.000156391324333,-1.36998800116,0.187869777741,-7.29222133348,0.461875143976,1.37894494356,-0.678894738929
tcn,LTCUSDT,1,7,4341,-0.000115719584562,-1.01370356076,0.1806448244,-5.61158374797,0.464869845658,1.38510711818,-0.502338716582
tcn,LTCUSDT,1,8,4341,-0.000136372224184,-1.19462068385,0.190932673013,-6.25676404673,0.45934116563,1.39017507487,-0.591991825183
tcn,LTCUSDT,1,9,4341,-0.000160270223862,-1.40396716103,0.181066099917,-7.7538929798,0.453121400599,1.38752591569,-0.695733041784
tcn,LTCUSDT,1,10,4341,-0.000179608477402,-1.57337026204,0.180995120364,-8.69288773573,0.442985487215,1.38867772403,-0.779680400401
tcn,LTCUSDT,1,11,4341,-0.000121782935221,-1.06681851253,0.180557064162,-5.90848393269,0.454964293941,1.39915917991,-0.528659721794
tcn,NEARUSDT,0,0,4341,3.02502177139e-05,0.264991907174,0.176934745488,1.49768156866,0.503570605851,1.36235890348,0.131316195096
tcn,NEARUSDT,0,1,4341,-3.05229958911e-05,-0.267381444006,0.168694897129,-1.58500019002,0.501958074176,1.37324349228,-0.132500325163
tcn,NEARUSDT,0,2,4341,3.06586115491e-05,0.26856943717,0.170710956998,1.57324076845,0.516010135913,1.38389771942,0.133089032735
tcn,NEARUSDT,0,3,4341,1.13500380427e-06,0.00994263332543,0.1776151935,0.0559785068469,0.510481455886,1.39927436075,0.00492705151435
tcn,NEARUSDT,0,4,4341,-3.20190389169e-05,-0.280486780912,0.174289371181,-1.6093166153,0.50057590417,1.38942639945,-0.138994647938
tcn,NEARUSDT,0,5,4341,3.18445099262e-05,0.278957906954,0.167681647434,1.66361621097,0.50472241419,1.39057820779,0.13823701759
tcn,NEARUSDT,0,6,4341,-4.23768803486e-06,-0.0371221471854,0.174814433953,-0.212351728321,0.496659755817,1.3733010827,-0.0183958037593
tcn,NEARUSDT,0,7,4341,3.97329183141e-05,0.348060364431,0.168946935652,2.06017565864,0.508868924211,1.38643169777,0.172480598401
tcn,NEARUSDT,0,8,4341,1.63622644425e-05,0.143333436516,0.174221231303,0.822709353182,0.502188435844,1.39149965446,0.0710285899448
tcn,NEARUSDT,0,9,4341,-4.0786881034e-06,-0.0357293077858,0.168359341497,-0.212220524672,0.499193734163,1.39472471781,-0.0177055850569
tcn,NEARUSDT,0,10,4341,-3.05180403092e-05,-0.267338033109,0.167245787474,-1.59847394153,0.495968670813,1.39293941488,-0.132478812982
tcn,NEARUSDT,0,11,4341,2.76648388254e-05,0.24234398811,0.165898510314,1.46079665002,0.495507947478,1.40463026952,0.120093065341
tcn,NEARUSDT,1,0,4341,-0.000105985672634,-0.928434492273,0.177018515457,-5.24484396378,0.467403824004,1.36235890348,-0.460083804904
tcn,NEARUSDT,1,1,4341,-0.000167847345119,-1.47034274325,0.168705940682,-8.71541771028,0.456346463948,1.37324349228,-0.728625325163
tcn,NEARUSDT,1,2,4341,-0.000107731160393,-0.943724965042,0.170783407949,-5.52585860872,0.472471780696,1.38389771942,-0.467660967265
tcn,NEARUSDT,1,3,4341,-0.00013879243227,-1.21582170669,0.17763937669,-6.84432544935,0.466712739,1.39927436075,-0.602497948486
tcn,NEARUSDT,1,4,4341,-0.000170961678862,-1.49762430683,0.174312170662,-8.59162215203,0.460032250633,1.38942639945,-0.742144647938
tcn,NEARUSDT,1,5,4341,-0.000107213310852,-0.939188603067,0.167674845786,-5.60124924321,0.454733932274,1.39057820779,-0.46541298241
tcn,NEARUSDT,1,6,4341,-0.000141567796305,-1.24013389563,0.174817512629,-7.09387679175,0.45196959226,1.3733010827,-0.614545803759
tcn,NEARUSDT,1,7,4341,-9.89102514625e-05,-0.866453802811,0.169042485245,-5.12565702969,0.465791292329,1.38643169777,-0.429369401599
tcn,NEARUSDT,1,8,4341,-0.000122787701003,-1.07562026079,0.174163191677,-6.17593333261,0.452891038931,1.39149965446,-0.533021410055
tcn,NEARUSDT,1,9,4341,-0.000143551159884,-1.25750816058,0.168375249386,-7.46848580875,0.456116102281,1.39472471781,-0.623155585057
tcn,NEARUSDT,1,10,4341,-0.000169811981797,-1.48755296054,0.167361293187,-8.88827357999,0.448053443907,1.39293941488,-0.737153812982
tcn,NEARUSDT,1,11,4341,-0.000112798188127,-0.988112127992,0.165893925721,-5.9562887773,0.450587422253,1.40463026952,-0.489656934659
tcn,SOLUSDT,0,0,4341,9.17492105671e-06,0.0803723084568,0.188880883363,0.425518490944,0.49942409583,1.37462566229,0.0398283323072
tcn,SOLUSDT,0,1,4341,-4.27429475235e-05,-0.374428220306,0.184017538308,-2.03474203464,0.495968670813,1.38412808109,-0.185547135199
tcn,SOLUSDT,0,2,4341,-2.2469335425e-06,-0.0196831378323,0.184174547502,-0.10687219325,0.505643860862,1.39472471781,-0.00975393850797
tcn,SOLUSDT,0,3,4341,3.19439918334e-06,0.0279829368461,0.193752032294,0.144426546214,0.505183137526,1.40941027413,0.0138668868549
tcn,SOLUSDT,0,4,4341,-5.43030934222e-05,-0.475695098379,0.188574738887,-2.52258123854,0.491131075789,1.40054134992,-0.235729728546
tcn,SOLUSDT,0,5,4341,2.23798758211e-05,0.196047712193,0.183538337839,1.06815673772,0.507486754204,1.40065653075,0.0971510409393
tcn,SOLUSDT,0,6,4341,-3.33797401172e-05,-0.292406523426,0.188928962417,-1.54770618377,0.499193734163,1.38712278277,-0.144901451849
tcn,SOLUSDT,0,7,4341,3.20558416454e-05,0.280809172814,0.179307196944,1.56607864938,0.504261690855,1.39633724948,0.139154408583
tcn,SOLUSDT,0,8,4341,-1.13106090775e-05,-0.0990809355191,0.188786844299,-0.52482966113,0.501497350841,1.40059894034,-0.0490993540055
tcn,SOLUSDT,0,9,4341,-2.33548462192e-05,-0.20458845288,0.180954466442,-1.13060736716,0.495968670813,1.39587652615,-0.101383387438
tcn,SOLUSDT,0,10,4341,-4.41913300373e-05,-0.387116051127,0.179341770685,-2.15853813447,0.488827459111,1.400138217,-0.191834563692
tcn,SOLUSDT,0,11,4341,1.88101528452e-05,0.164776938924,0.17956296532,0.917655478848,0.500345542502,1.40785533287,0.081654873501
tcn,SOLUSDT,1,0,4341,-0.000128287645172,-1.12379977171,0.188968306261,-5.94702780559,0.456576825616,1.37462566229,-0.556896667693
tcn,SOLUSDT,1,1,4341,-0.000181155755632,-1.58692441934,0.184006942173,-8.62426384894,0.458650080627,1.38412808109,-0.786397135199
tcn,SOLUSDT,1,2,4341,-0.000141719405323,-1.24146199063,0.18425895091,-6.73759393776,0.464178760654,1.39472471781,-0.615203938508
tcn,SOLUSDT,1,3,4341,-0.00013774662823,-1.20666046329,0.193827504047,-6.22543466792,0.461184058973,1.40941027413,-0.597958113145
tcn,SOLUSDT,1,4,4341,-0.000194357228414,-1.70256932091,0.188582418447,-9.02825053857,0.453121400599,1.40054134992,-0.843704728546
tcn,SOLUSDT,1,5,4341,-0.000117685777254,-1.03092740875,0.183530682803,-5.61719377383,0.465791292329,1.40065653075,-0.510873959061
tcn,SOLUSDT,1,6,4341,-0.000172092018394,-1.50752608113,0.188933822533,-7.97912232401,0.458189357291,1.38712278277,-0.747051451849
tcn,SOLUSDT,1,7,4341,-0.000107577883303,-0.942382257732,0.179379542544,-5.253565955,0.461644782308,1.39633724948,-0.466995591417
tcn,SOLUSDT,1,8,4341,-0.000151370503111,-1.32600560725,0.1887524152,-7.02510537863,0.460953697305,1.40059894034,-0.657099354006
tcn,SOLUSDT,1,9,4341,-0.000162942498834,-1.42737628978,0.180964918661,-7.88758561795,0.460262612301,1.39587652615,-0.707333387438
tcn,SOLUSDT,1,10,4341,-0.000184205151737,-1.61363712922,0.179405175953,-8.99437332647,0.44459801889,1.400138217,-0.799634563692
tcn,SOLUSDT,1,11,4341,-0.000121975380442,-1.06850433267,0.179575474423,-5.95016850773,0.452430315595,1.40785533287,-0.529495126499
tcn,TRXUSDT,0,0,4341,3.29368688239e-05,0.288526970897,0.182416012431,1.58169761005,0.513706519235,1.36132227597,0.142978947564
tcn,TRXUSDT,0,1,4341,-2.29854979513e-05,-0.201352962053,0.181308753367,-1.11055290113,0.503570605851,1.37145818936,-0.0997800466065
tcn,TRXUSDT,0,2,4341,-5.27058407264e-06,-0.0461703164763,0.175702037569,-0.262776215433,0.507717115872,1.38176687399,-0.0228796054593
tcn,TRXUSDT,0,3,4341,1.49211903171e-05,0.130709627178,0.184429460867,0.708724227478,0.513015434232,1.40336328035,0.0647728871664
tcn,TRXUSDT,0,4,4341,-4.73304351218e-05,-0.414614611667,0.181023330087,-2.29039324085,0.502418797512,1.39547339323,-0.205461418864
tcn,TRXUSDT,0,5,4341,7.30955932677e-06,0.0640317397025,0.175676121561,0.364487439349,0.509099285879,1.39443676572,0.0317307970375
tcn,TRXUSDT,0,6,4341,-2.15866447267e-05,-0.189099007806,0.182802574477,-1.03444389855,0.499654457498,1.37842662981,-0.0937076247588
tcn,TRXUSDT,0,7,4341,1.93070089331e-05,0.169129398254,0.175389046731,0.964309923603,0.49735084082,1.3858557936,0.0838117257784
tcn,TRXUSDT,0,8,4341,-6.57941782802e-06,-0.0576357001734,0.183612330761,-0.313898853822,0.496429394149,1.39443676572,-0.0285612527914
tcn,TRXUSDT,0,9,4341,-7.34258593146e-06,-0.0643210527596,0.17469946196,-0.368181172614,0.500806265837,1.39236351071,-0.0318741655285
tcn,TRXUSDT,0,10,4341,-2.75980640465e-05,-0.241759041047,0.175721754497,-1.37580598224,0.49735084082,1.39196037779,-0.119803196026
tcn,TRXUSDT,0,11,4341,1.90189607748e-05,0.166606096387,0.172975619442,0.963176758229,0.506334945865,1.4035360516,0.0825613087232
tcn,TRXUSDT,1,0,4341,-0.000103195358773,-0.903991342855,0.182467012467,-4.95427272379,0.470398525685,1.36132227597,-0.447971052436
tcn,TRXUSDT,1,1,4341,-0.000160131316887,-1.40275033593,0.18129633846,-7.73733406778,0.461184058973,1.37145818936,-0.695130046606
tcn,TRXUSDT,1,2,4341,-0.000143447271472,-1.25659809809,0.175761355624,-7.14945611127,0.461184058973,1.38176687399,-0.622704605459
tcn,TRXUSDT,1,3,4341,-0.000125415137718,-1.09863660641,0.184493145227,-5.95489119696,0.466021653997,1.40336328035,-0.544427112834
tcn,TRXUSDT,1,4,4341,-0.000186877774445,-1.63704930413,0.181038681273,-9.04253882441,0.460723335637,1.39547339323,-0.811236418864
tcn,TRXUSDT,1,5,4341,-0.000132134117245,-1.15749486707,0.175692286906,-6.58819398083,0.465100207326,1.39443676572,-0.573594202962
tcn,TRXUSDT,1,6,4341,-0.000159429307708,-1.39660073552,0.182773023148,-7.64117543969,0.460032250633,1.37842662981,-0.692082624759
tcn,TRXUSDT,1,7,4341,-0.000119278570427,-1.04488027694,0.175482232023,-5.95433660088,0.45196959226,1.3858557936,-0.517788274222
tcn,TRXUSDT,1,8,4341,-0.0001460230944,-1.27916230695,0.183581848448,-6.96780383116,0.452891038931,1.39443676572,-0.633886252791
tcn,TRXUSDT,1,9,4341,-0.000146578937003,-1.28403148814,0.174674928669,-7.35097760123,0.458189357291,1.39236351071,-0.636299165528
tcn,TRXUSDT,1,10,4341,-0.000166794101826,-1.46111633199,0.175785884492,-8.31190932204,0.449435613914,1.39196037779,-0.724053196026
tcn,TRXUSDT,1,11,4341,-0.000121334644385,-1.06289148482,0.172976575316,-6.14471342652,0.459110803962,1.4035360516,-0.526713691277
tcn,XLMUSDT,0,0,4341,5.85476799696e-08,0.000512877676533,0.182701785476,0.00280718480773,0.498733010827,1.36264685556,0.000254155478748
tcn,XLMUSDT,0,1,4341,-2.65931568436e-05,-0.23295605395,0.176787787134,-1.31771576378,0.500115180834,1.3729555402,-0.115440893858
tcn,XLMUSDT,0,2,4341,-1.2704998364e-05,-0.111295785669,0.177881652546,-0.625673216299,0.506334945865,1.38504952776,-0.0551523978983
tcn,XLMUSDT,0,3,4341,-7.30006260819e-06,-0.0639485484477,0.187916149306,-0.340303633742,0.502879520848,1.40054134992,-0.0316895717821
tcn,XLMUSDT,0,4,4341,-3.35432313273e-05,-0.293838706427,0.176949529103,-1.66057919406,0.49735084082,1.38879290486,-0.145611167192
tcn,XLMUSDT,0,5,4341,1.86667244356e-05,0.163520506055,0.177913384509,0.919101766892,0.50472241419,1.39282423405,0.0810322507747
tcn,XLMUSDT,0,6,4341,-2.82023859147e-06,-0.0247052900613,0.179366397532,-0.137736445629,0.505183137526,1.37848422023,-0.0122426557256
tcn,XLMUSDT,0,7,4341,3.23003031572e-05,0.282950655657,0.175290647405,1.61417999103,0.50794747754,1.38562543193,0.140215616005
tcn,XLMUSDT,0,8,4341,-1.53786074713e-05,-0.134716601449,0.183919347753,-0.732476507201,0.493665054135,1.39052061737,-0.0667585350331
tcn,XLMUSDT,0,9,4341,-2.11602070392e-05,-0.185363413664,0.173575901869,-1.06790984041,0.50057590417,1.38982953237,-0.0918564587572
tcn,XLMUSDT,0,10,4341,-3.37097278279e-05,-0.295297215773,0.172935035805,-1.70756153834,0.486984565768,1.38948398986,-0.146333928501
tcn,XLMUSDT,0,11,4341,1.07865790721e-05,0.0944904326716,0.171816808981,0.549948711258,0.496429394149,1.40042616909,0.046824539752
tcn,XLMUSDT,1,0,4341,-0.000136206137876,-1.1931657678,0.182761222094,-6.52854995238,0.460723335637,1.36264685556,-0.591270844521
tcn,XLMUSDT,1,1,4341,-0.000163888710863,-1.43566510716,0.1768272313,-8.11902723695,0.460953697305,1.3729555402,-0.711440893858
tcn,XLMUSDT,1,2,4341,-0.00015120995114,-1.32459917199,0.177942340327,-7.44397971585,0.462105505644,1.38504952776,-0.656402397898
tcn,XLMUSDT,1,3,4341,-0.0001473541976,-1.29082277098,0.187928060165,-6.86870693949,0.455655378945,1.40054134992,-0.639664571782
tcn,XLMUSDT,1,4,4341,-0.000172422521813,-1.51042129108,0.176964871791,-8.53514754539,0.454964293941,1.38879290486,-0.748486167192
tcn,XLMUSDT,1,5,4341,-0.000120615698969,-1.05659352297,0.177899945828,-5.93925713722,0.464178760654,1.39282423405,-0.523592749225
tcn,XLMUSDT,1,6,4341,-0.000140668660614,-1.23225746698,0.179365813707,-6.87007987481,0.464178760654,1.37848422023,-0.610642655726
tcn,XLMUSDT,1,7,4341,-0.000106262240036,-0.930857222712,0.175370551553,-5.30794488852,0.463948398986,1.38562543193,-0.461284383995
tcn,XLMUSDT,1,8,4341,-0.000154430669208,-1.35281266226,0.183868573217,-7.35749801392,0.451739230592,1.39052061737,-0.670383535033
tcn,XLMUSDT,1,9,4341,-0.000160143160276,-1.40285408402,0.173598598654,-8.08102193733,0.458650080627,1.38982953237,-0.695181458757
tcn,XLMUSDT,1,10,4341,-0.000172658126814,-1.51248519089,0.173009859587,-8.74219073125,0.446440912232,1.38948398986,-0.749508928501
tcn,XLMUSDT,1,11,4341,-0.000129256037836,-1.13228289145,0.171803500803,-6.59056937814,0.452199953928,1.40042616909,-0.561100460248
tcn,XRPUSDT,0,0,4341,1.41861289918e-05,0.124270489968,0.187673925831,0.66216172235,0.50264915918,1.36892421101,0.0615819859535
tcn,XRPUSDT,0,1,4341,-4.34533547355e-05,-0.380651387483,0.183083088565,-2.07911823242,0.500806265837,1.37502879521,-0.188631012907
tcn,XRPUSDT,0,2,4341,4.44796975535e-06,0.0389642150569,0.184511529314,0.211174961271,0.508868924211,1.38844736236,0.019308636708
tcn,XRPUSDT,0,3,4341,6.17835225303e-06,0.0541223657366,0.193101544868,0.280279299545,0.510481455886,1.40520617369,0.0268202271304
tcn,XRPUSDT,0,4,4341,-4.89255747981e-05,-0.428588035232,0.186370051214,-2.29966151987,0.496890117484,1.39207555863,-0.212385920199
tcn,XRPUSDT,0,5,4341,1.15898606417e-05,0.101527179221,0.182136145677,0.557424660787,0.506565307533,1.39386086155,0.0503115850455
tcn,XRPUSDT,0,6,4341,-1.87624309634e-05,-0.16435889524,0.186618095853,-0.880723246523,0.502879520848,1.38067265607,-0.0814477128123
tcn,XRPUSDT,0,7,4341,2.3403251813e-05,0.205012485882,0.178402575374,1.14915653797,0.50472241419,1.39086615987,0.10159351612
tcn,XRPUSDT,0,8,4341,4.03081213471e-06,0.0353099143001,0.188444787443,0.187375383417,0.501266989173,1.39316977655,0.0174977554768
tcn,XRPUSDT,0,9,4341,-2.45036323987e-05,-0.214651819813,0.178995177556,-1.19920448553,0.499884819166,1.39242110113,-0.106370268243
tcn,XRPUSDT,0,10,4341,-4.25653886459e-05,-0.372872804538,0.179718129339,-2.07476455442,0.491361437457,1.3957037549,-0.184776352112
tcn,XRPUSDT,0,11,4341,1.67492139796e-05,0.146723114461,0.180337459013,0.813603093135,0.498041925824,1.40244183368,0.0727083378853
tcn,XRPUSDT,1,0,4341,-0.000122706292109,-1.07490711888,0.187732319495,-5.72574355747,0.465330568993,1.36892421101,-0.532668014046
tcn,XRPUSDT,1,1,4341,-0.000180956234256,-1.58517661209,0.183046357806,-8.65997352303,0.457498272287,1.37502879521,-0.785531012907
tcn,XRPUSDT,1,2,4341,-0.000134396766481,-1.17731567437,0.184588174483,-6.37806662135,0.467634185672,1.38844736236,-0.583416363292
tcn,XRPUSDT,1,3,4341,-0.000134342265116,-1.17683824242,0.193151174318,-6.09283503751,0.462105505644,1.40520617369,-0.58317977287
tcn,XRPUSDT,1,4,4341,-0.000188133130661,-1.64804622459,0.186390039956,-8.84192215946,0.456576825616,1.39207555863,-0.816685920199
tcn,XRPUSDT,1,5,4341,-0.000127796225514,-1.1194949355,0.182141188552,-6.14630301031,0.46463948399,1.39386086155,-0.554763414955
tcn,XRPUSDT,1,6,4341,-0.00015682969657,-1.37382814196,0.186620638433,-7.36160884185,0.459571527298,1.38067265607,-0.680797712812
tcn,XRPUSDT,1,7,4341,-0.000115683364174,-1.01338627017,0.178470771905,-5.67816376512,0.465100207326,1.39086615987,-0.50218148388
tcn,XRPUSDT,1,8,4341,-0.00013528616552,-1.18510680996,0.1884110012,-6.29000855794,0.454503570606,1.39316977655,-0.587277244523
tcn,XRPUSDT,1,9,4341,-0.000163745742512,-1.4344127044,0.17902138566,-8.01252151585,0.458650080627,1.39242110113,-0.710820268243
tcn,XRPUSDT,1,10,4341,-0.000182135764135,-1.59550929383,0.179795142956,-8.8740400191,0.449205252246,1.3957037549,-0.790651352112
tcn,XRPUSDT,1,11,4341,-0.000123494969388,-1.08181593184,0.180341824297,-5.99869684171,0.455655378945,1.40244183368,-0.536091662115
transformer,ADAUSDT,0,0,4341,2.89883694775e-05,0.253938116623,0.213163182207,1.19128507087,0.501727712509,0.980361667818,0.125838511902
transformer,ADAUSDT,0,1,4341,3.43681754846e-05,0.301065217245,0.204007367156,1.47575659371,0.510942179221,1.00264915918,0.149192249779
transformer,ADAUSDT,0,2,4341,-2.11000805886e-05,-0.184836705956,0.2055650761,-0.89916395072,0.500345542502,0.990670352453,-0.0915954498352
transformer,ADAUSDT,0,3,4341,3.94446335831e-05,0.345534990188,0.211846932702,1.63105967965,0.515088689242,0.988309145358,0.171229154384
transformer,ADAUSDT,0,4,4341,4.43214865669e-05,0.388256222326,0.207938944993,1.86716452918,0.507256392536,0.977251785303,0.192399573187
transformer,ADAUSDT,0,5,4341,2.96500619338e-05,0.25973454254,0.211087171218,1.23046105096,0.504952775858,0.989230592029,0.128710918855
transformer,ADAUSDT,0,6,4341,3.413188656e-05,0.298995326265,0.214926435134,1.39115193568,0.510711817554,0.975927205713,0.148166519557
transformer,ADAUSDT,0,7,4341,1.69402464593e-05,0.148396558984,0.204599230567,0.725303602427,0.506334945865,0.990036857867,0.07353760988
transformer,ADAUSDT,0,8,4341,3.64149479255e-05,0.318994943827,0.206385437406,1.54562719074,0.512324349228,0.98393227367,0.158077288945
transformer,ADAUSDT,0,9,4341,3.43561364961e-05,0.300959755706,0.208431961653,1.44392325111,0.510711817554,0.99205252246,0.14913998853
transformer,ADAUSDT,0,10,4341,7.65678977158e-06,0.0670734783991,0.202067161695,0.331936559293,0.508638562543,0.978288412808,0.0332381243984
transformer,ADAUSDT,0,11,4341,4.41454806044e-05,0.386714410094,0.206869033293,1.86936828552,0.507256392536,0.990152038701,0.191635531303
transformer,ADAUSDT,1,0,4341,-6.90477973044e-05,-0.604858704386,0.213178319408,-2.83733686458,0.476157567381,0.980361667818,-0.299736488098
transformer,ADAUSDT,1,1,4341,-6.58967404334e-05,-0.577255446197,0.204113923047,-2.82810421543,0.486293480765,1.00264915918,-0.286057750221
transformer,ADAUSDT,1,2,4341,-0.000120167115834,-1.05266393471,0.205719108418,-5.11699638794,0.477079014052,0.990670352453,-0.521645449835
transformer,ADAUSDT,1,3,4341,-5.93862809528e-05,-0.520223821146,0.211982452692,-2.45408907455,0.490439990786,0.988309145358,-0.257795845616
transformer,ADAUSDT,1,4,4341,-5.34036919634e-05,-0.467816341599,0.208041694879,-2.24866626794,0.482377332412,0.977251785303,-0.231825426813
transformer,ADAUSDT,1,5,4341,-6.92729972692e-05,-0.606831456078,0.211227497669,-2.87288095904,0.482377332412,0.989230592029,-0.300714081145
transformer,ADAUSDT,1,6,4341,-6.34608340113e-05,-0.555916905939,0.214956419006,-2.58618425311,0.488136374107,0.975927205713,-0.275483480443
transformer,ADAUSDT,1,7,4341,-8.20634393273e-05,-0.718875728508,0.204674247496,-3.51229203137,0.48260769408,0.990036857867,-0.35623739012
transformer,ADAUSDT,1,8,4341,-6.19782794415e-05,-0.542929727907,0.206459303563,-2.62971790826,0.485602395761,0.98393227367,-0.269047711055
transformer,ADAUSDT,1,9,4341,-6.48491157499e-05,-0.568078253969,0.208547623611,-2.72397375781,0.489288182446,0.99205252246,-0.28151001147
transformer,ADAUSDT,1,10,4341,-9.01720515092e-05,-0.789907171221,0.20223592397,-3.90586971747,0.486063119097,0.978288412808,-0.391436875602
transformer,ADAUSDT,1,11,4341,-5.48697232657e-05,-0.480658775808,0.206982250029,-2.32222219896,0.485602395761,0.990152038701,-0.238189468697
transformer,APTUSDT,0,0,4341,1.30863555215e-05,0.114636474368,0.204668973971,0.560106752599,0.502188435844,0.970513706519,0.0568078693189
transformer,APTUSDT,0,1,4341,2.47139268433e-05,0.216493999148,0.19789869074,1.09396377681,0.506104584197,0.998157106657,0.107283156427
transformer,APTUSDT,0,2,4341,-7.43450022272e-06,-0.0651262219511,0.199275719203,-0.326814637587,0.50472241419,0.985026491592,-0.0322731654668
transformer,APTUSDT,0,3,4341,4.0645000099e-05,0.356050200868,0.203947071745,1.74579707285,0.514397604239,0.981225524073,0.17643994543
transformer,APTUSDT,0,4,4341,3.62886330232e-05,0.317888425283,0.201068825341,1.58099309898,0.508638562543,0.978346003225,0.157528955954
transformer,APTUSDT,0,5,4341,3.3055317349e-05,0.289564579978,0.204931869158,1.41297974379,0.507256392536,0.983471550334,0.143493132612
transformer,APTUSDT,0,6,4341,1.41970746629e-05,0.124366374047,0.204288849575,0.608777103135,0.506334945865,0.972932504031,0.0616295011118
transformer,APTUSDT,0,7,4341,2.95933056074e-05,0.259237357121,0.199809160097,1.29742478771,0.505874222529,0.989115411196,0.128464539642
transformer,APTUSDT,0,8,4341,2.54050981695e-05,0.222548659965,0.200232727255,1.11144997631,0.507026030868,0.984911310758,0.110283531154
transformer,APTUSDT,0,9,4341,2.38661459717e-05,0.209067438712,0.20291384358,1.03032614741,0.511172540889,0.988885049528,0.103602939663
transformer,APTUSDT,0,10,4341,5.34510755441e-06,0.0468231421766,0.195245722013,0.239816481989,0.509790370882,0.969073946095,0.0232031118937
transformer,APTUSDT,0,11,4341,5.04337752564e-05,0.441799871246,0.198924097942,2.22094696327,0.507256392536,0.980592029486,0.218933018388
transformer,APTUSDT,1,0,4341,-8.39650151304e-05,-0.735533532542,0.20472440599,-3.59279846965,0.476157567381,0.970513706519,-0.364492130681
transformer,APTUSDT,1,1,4341,-7.51017838224e-05,-0.657891626284,0.198036266161,-3.32207650164,0.481686247408,0.998157106657,-0.326016843573
transformer,APTUSDT,1,2,4341,-0.000105937149382,-0.928009428585,0.199407838124,-4.65382623529,0.478461184059,0.985026491592,-0.459873165467
transformer,APTUSDT,1,3,4341,-5.74775523082e-05,-0.50350335822,0.204088946198,-2.46707804416,0.488827459111,0.981225524073,-0.24951005457
transformer,APTUSDT,1,4,4341,-6.15459672993e-05,-0.539142673542,0.201146649952,-2.68034627308,0.479152269062,0.978346003225,-0.267171044046
transformer,APTUSDT,1,5,4341,-6.52918376844e-05,-0.571956498115,0.205044388919,-2.78942769969,0.485832757429,0.983471550334,-0.283431867388
transformer,APTUSDT,1,6,4341,-8.30961757402e-05,-0.727922499484,0.204351689711,-3.56210658456,0.479843354066,0.972932504031,-0.360720498888
transformer,APTUSDT,1,7,4341,-6.93182355122e-05,-0.607227743087,0.199869118896,-3.03812688244,0.478230822391,0.989115411196,-0.300910460358
transformer,APTUSDT,1,8,4341,-7.30860329063e-05,-0.640233648259,0.200294253078,-3.19646539239,0.483759502419,0.984911310758,-0.317266468846
transformer,APTUSDT,1,9,4341,-7.50223589811e-05,-0.657195864674,0.203012579676,-3.23721744595,0.483298779083,0.988885049528,-0.325672060337
transformer,APTUSDT,1,10,4341,-9.15622870551e-05,-0.802085634603,0.195359508312,-4.10569028114,0.484220225754,0.969073946095,-0.397471888106
transformer,APTUSDT,1,11,4341,-4.76254276922e-05,-0.417198746584,0.19907016571,-2.09573717436,0.484911310758,0.980592029486,-0.206741981612
transformer,ARBUSDT,0,0,4341,1.71510728796e-05,0.150243398425,0.206779907604,0.726586060348,0.50472241419,0.974199493204,0.0744528073702
transformer,ARBUSDT,0,1,4341,2.13506828225e-05,0.187031981525,0.199337674236,0.938267099995,0.506104584197,0.995623128311,0.0926833141324
transformer,ARBUSDT,0,2,4341,-1.69527222583e-05,-0.148505846983,0.200563024477,-0.740444792206,0.500115180834,0.976963833218,-0.0735917673234
transformer,ARBUSDT,0,3,4341,2.78012570372e-05,0.243539011646,0.204894807712,1.18860509139,0.508868924211,0.982262151578,0.120685256799
transformer,ARBUSDT,0,4,4341,4.37712218501e-05,0.383435903407,0.201777587588,1.9002898587,0.512554710896,0.973796360286,0.190010874051
transformer,ARBUSDT,0,5,4341,2.95041510999e-05,0.258456363636,0.206107477574,1.25398829134,0.502188435844,0.985372034094,0.128077519925
transformer,ARBUSDT,0,6,4341,2.7699482222e-05,0.242647464265,0.20883119877,1.16193109887,0.511633264225,0.96993780235,0.120243452326
transformer,ARBUSDT,0,7,4341,6.84315329951e-06,0.0599460229037,0.201035265216,0.298186603426,0.501036627505,0.991994932043,0.0297061284732
transformer,ARBUSDT,0,8,4341,2.85821606332e-05,0.250379727147,0.203025239781,1.2332443366,0.511633264225,0.984738539507,0.124075159309
transformer,ARBUSDT,0,9,4341,2.65625598992e-05,0.232688024717,0.203604771462,1.14284170772,0.506334945865,0.990209629118,0.115308072523
transformer,ARBUSDT,0,10,4341,-1.0599408383e-06,-0.0092850817435,0.199239227493,-0.0466026789017,0.509790370882,0.970916839438,-0.00460120317906
transformer,ARBUSDT,0,11,4341,2.96520920666e-05,0.259752326503,0.199286988016,1.30340836142,0.509099285879,0.985832757429,0.128719731661
transformer,ARBUSDT,1,0,4341,-8.02688764409e-05,-0.703155357622,0.206815733009,-3.39991231515,0.477539737388,0.974199493204,-0.34844719263
transformer,ARBUSDT,1,1,4341,-7.82116300087e-05,-0.685133878876,0.199479228302,-3.43461263966,0.48260769408,0.995623128311,-0.339516685868
transformer,ARBUSDT,1,2,4341,-0.00011464910558,-1.00432616488,0.200695436438,-5.00423020426,0.480073715734,0.976963833218,-0.497691767323
transformer,ARBUSDT,1,3,4341,-7.04249581206e-05,-0.616922633136,0.205015687052,-3.00914843155,0.482377332412,0.982262151578,-0.305714743201
transformer,ARBUSDT,1,4,4341,-5.36084141784e-05,-0.469609708203,0.201857714768,-2.32643923837,0.48790601244,0.973796360286,-0.232714125949
transformer,ARBUSDT,1,5,4341,-6.90330523094e-05,-0.60472953823,0.206237715416,-2.93219664992,0.480534439069,0.985372034094,-0.299672480075
transformer,ARBUSDT,1,6,4341,-6.92942980129e-05,-0.607018050593,0.208857154235,-2.90637901688,0.489748905782,0.96993780235,-0.300806547674
transformer,ARBUSDT,1,7,4341,-9.23563399048e-05,-0.809041537566,0.201101696302,-4.02304680887,0.474545035706,0.991994932043,-0.400918871527
transformer,ARBUSDT,1,8,4341,-6.98916933175e-05,-0.612251233461,0.203108252482,-3.0144084545,0.485832757429,0.984738539507,-0.303399840691
transformer,ARBUSDT,1,9,4341,-7.24584030125e-05,-0.63473561039,0.203679172383,-3.11635010572,0.480764800737,0.990209629118,-0.314541927477
transformer,ARBUSDT,1,10,4341,-9.81516247821e-05,-0.859808233091,0.199376396516,-4.31248757684,0.485602395761,0.970916839438,-0.426076203179
transformer,ARBUSDT,1,11,4341,-6.89311836763e-05,-0.603837169005,0.199442869103,-3.02761974756,0.482838055748,0.985832757429,-0.299230268339
transformer,ATOMUSDT,0,0,4341,3.12813706959e-05,0.274024807296,0.21291222853,1.28703179328,0.505413499194,0.976042386547,0.135792430191
transformer,ATOMUSDT,0,1,4341,3.21048834214e-05,0.281238778772,0.203742847815,1.38036147913,0.512785072564,0.999366505413,0.139367298932
transformer,ATOMUSDT,0,2,4341,-3.14059493206e-06,-0.0275116116049,0.207951331439,-0.132298319104,0.507026030868,0.986063119097,-0.0136333226001
transformer,ATOMUSDT,0,3,4341,4.10068878717e-05,0.359220337756,0.213834090455,1.6799021007,0.519235199263,0.984335406588,0.178010900251
transformer,ATOMUSDT,0,4,4341,4.19899332975e-05,0.367831815686,0.210004398389,1.75154338913,0.510942179221,0.97598479613,0.182278300445
transformer,ATOMUSDT,0,5,4341,2.42753989758e-05,0.212652495028,0.211036871924,1.00765564373,0.505643860862,0.992513245796,0.105379506954
transformer,ATOMUSDT,0,6,4341,4.46246841756e-05,0.390912233378,0.214530203866,1.82217807252,0.516701220917,0.974890578208,0.193715754006
transformer,ATOMUSDT,0,7,4341,3.63220198679e-05,0.318180894043,0.206238872792,1.5427784769,0.515779774246,0.993319511633,0.157673888247
transformer,ATOMUSDT,0,8,4341,5.98204372228e-05,0.524027030072,0.204545697034,2.56190688766,0.516240497581,0.98393227367,0.259680517984
transformer,ATOMUSDT,0,9,4341,4.55394479573e-05,0.398925564106,0.208741773604,1.91109597863,0.514858327574,0.993261921216,0.197686743583
transformer,ATOMUSDT,0,10,4341,1.5790985014e-05,0.138329028723,0.200607709669,0.689549912866,0.512785072564,0.977366966137,0.0685486659458
transformer,ATOMUSDT,0,11,4341,6.04958879946e-05,0.529943978832,0.205186337405,2.58274496019,0.51531905091,0.98790601244,0.262612649784
transformer,ATOMUSDT,1,0,4341,-6.63228679588e-05,-0.580988323319,0.212979917132,-2.72790191273,0.478461184059,0.976042386547,-0.287907569809
transformer,ATOMUSDT,1,1,4341,-6.78317671199e-05,-0.59420627997,0.203846542584,-2.91496864474,0.485602395761,0.999366505413,-0.294457701068
transformer,ATOMUSDT,1,2,4341,-0.000101746906842,-0.891302903934,0.208099346708,-4.28306440184,0.481686247408,0.986063119097,-0.4416833226
transformer,ATOMUSDT,1,3,4341,-5.74266527871e-05,-0.503057478415,0.213974699704,-2.35101383066,0.494586500806,0.984335406588,-0.249289099749
transformer,ATOMUSDT,1,4,4341,-5.56085463155e-05,-0.487130865723,0.210125369544,-2.31828677699,0.483989864087,0.97598479613,-0.241396699555
transformer,ATOMUSDT,1,5,4341,-7.49759256038e-05,-0.656789108289,0.211163387094,-3.11033611143,0.48260769408,0.992513245796,-0.325470493046
transformer,ATOMUSDT,1,6,4341,-5.28643736452e-05,-0.463091913132,0.214569902326,-2.15823332215,0.493434692467,0.974890578208,-0.229484245994
transformer,ATOMUSDT,1,7,4341,-6.30099312954e-05,-0.551966998148,0.20632631676,-2.67521374304,0.492513245796,0.993319511633,-0.273526111753
transformer,ATOMUSDT,1,8,4341,-3.85727901441e-05,-0.337897641663,0.20463662055,-1.6512080817,0.489057820779,0.98393227367,-0.167444482016
transformer,ATOMUSDT,1,9,4341,-5.37867441643e-05,-0.471171878879,0.208811627512,-2.2564446458,0.491361437457,0.993261921216,-0.233488256417
transformer,ATOMUSDT,1,10,4341,-8.19457115997e-05,-0.717844433613,0.200704167494,-3.57662943712,0.489057820779,0.977366966137,-0.355726334054
transformer,ATOMUSDT,1,11,4341,-3.82947132494e-05,-0.335461688065,0.205369058868,-1.63345778528,0.491131075789,0.98790601244,-0.166237350216
transformer,AVAXUSDT,0,0,4341,1.82484393937e-05,0.159856329089,0.214359617212,0.745739011701,0.504952775858,0.983010826998,0.0792164754079
transformer,AVAXUSDT,0,1,4341,2.69837556581e-05,0.236377699565,0.204466016564,1.15607328561,0.507486754204,1.00023036167,0.117136483312
transformer,AVAXUSDT,0,2,4341,-1.93808122649e-05,-0.169775915441,0.205796578578,-0.824969572447,0.502879520848,0.986408661599,-0.0841321060421
transformer,AVAXUSDT,0,3,4341,2.83961066042e-05,0.248749893853,0.211127493354,1.17819754263,0.516701220917,0.984392997005,0.123267498769
transformer,AVAXUSDT,0,4,4341,4.37668743504e-05,0.383397819309,0.208016536093,1.84311221843,0.511633264225,0.983126007832,0.189992001555
transformer,AVAXUSDT,0,5,4341,2.56421822761e-05,0.224625516738,0.210084045321,1.06921740009,0.506104584197,0.992340474545,0.11131271326
transformer,AVAXUSDT,0,6,4341,3.52832160011e-05,0.30908097217,0.21466652658,1.43981913293,0.516240497581,0.979670582815,0.153164440661
transformer,AVAXUSDT,0,7,4341,8.13377575123e-06,0.0712518755808,0.205190806957,0.347246919282,0.504492052522,0.989230592029,0.0353087205361
transformer,AVAXUSDT,0,8,4341,3.92515551636e-05,0.343843623233,0.207253980033,1.65904472946,0.512554710896,0.988481916609,0.170391000965
transformer,AVAXUSDT,0,9,4341,3.56638921704e-05,0.312415695412,0.208852792051,1.49586554407,0.513476157567,0.993492282884,0.154816955912
transformer,AVAXUSDT,0,10,4341,1.1707603824e-05,0.102558609498,0.20442130183,0.501702164012,0.505183137526,0.977021423635,0.0508227082
transformer,AVAXUSDT,0,11,4341,3.24204368362e-05,0.284003026685,0.205029821796,1.38517911296,0.511863625893,0.989748905782,0.140737116306
transformer,AVAXUSDT,1,0,4341,-8.00526433062e-05,-0.701261155362,0.214369753266,-3.27126912578,0.480073715734,0.983010826998,-0.347508524592
transformer,AVAXUSDT,1,1,4341,-7.30392805087e-05,-0.639824097256,0.204584951131,-3.1274250316,0.481455885741,1.00023036167,-0.317063516688
transformer,AVAXUSDT,1,2,4341,-0.000118021678425,-1.033869903,0.205942055129,-5.02019804723,0.479152269062,0.986408661599,-0.512332106042
transformer,AVAXUSDT,1,3,4341,-7.00431930963e-05,-0.613578371524,0.211267250119,-2.90427584578,0.492743607464,0.984392997005,-0.304057501231
transformer,AVAXUSDT,1,4,4341,-5.45457264329e-05,-0.477820563552,0.208116110147,-2.29593260807,0.484450587422,0.983126007832,-0.236782998445
transformer,AVAXUSDT,1,5,4341,-7.35918651784e-05,-0.644664738963,0.210176033394,-3.06726094575,0.482838055748,0.992340474545,-0.31946228674
transformer,AVAXUSDT,1,6,4341,-6.26838422804e-05,-0.549110458376,0.214664961636,-2.55798829111,0.488136374107,0.979670582815,-0.272110559339
transformer,AVAXUSDT,1,7,4341,-9.07892834517e-05,-0.795314123037,0.205239100152,-3.87506144028,0.478461184059,0.989230592029,-0.394116279464
transformer,AVAXUSDT,1,8,4341,-5.95966364973e-05,-0.522066535716,0.207325105492,-2.51810572809,0.487214927436,0.988481916609,-0.258708999035
transformer,AVAXUSDT,1,9,4341,-6.3685336118e-05,-0.557883544394,0.208961188315,-2.66979504133,0.487675650772,0.993492282884,-0.276458044088
transformer,AVAXUSDT,1,10,4341,-8.59945385395e-05,-0.753312157606,0.204537577616,-3.68300126748,0.483529140751,0.977021423635,-0.3733022918
transformer,AVAXUSDT,1,11,4341,-6.6554453742e-05,-0.58301701478,0.205188548032,-2.84137209592,0.48790601244,0.989748905782,-0.288912883694
transformer,BCHUSDT,0,0,4341,2.03067833958e-05,0.177887422547,0.211057171279,0.8428399825,0.505643860862,0.973853950703,0.0881517467211
transformer,BCHUSDT,0,1,4341,3.48875168525e-05,0.305614647628,0.203334600821,1.50301348808,0.508177839208,0.998848191661,0.151446710657
transformer,BCHUSDT,0,2,4341,-8.47781646142e-06,-0.0742656722021,0.203397793441,-0.365125259944,0.506334945865,0.981571066575,-0.036802201259
transformer,BCHUSDT,0,3,4341,3.23230887101e-05,0.2831502571,0.210112185611,1.34761463871,0.512324349228,0.97863395531,0.14031452809
transformer,BCHUSDT,0,4,4341,3.30031235898e-05,0.289107362647,0.205539724299,1.40657658091,0.513706519235,0.97275973278,0.143266559503
transformer,BCHUSDT,0,5,4341,3.55813672662e-05,0.311692777252,0.208437629201,1.49537671507,0.502188435844,0.987445289104,0.154458715303
transformer,BCHUSDT,0,6,4341,4.34581660277e-05,0.380693534403,0.211877849996,1.79675947443,0.515088689242,0.966943100668,0.188651898726
transformer,BCHUSDT,0,7,4341,3.20166769805e-05,0.280466090349,0.203985593969,1.37493087082,0.501958074176,0.988193964524,0.138984394772
transformer,BCHUSDT,0,8,4341,4.52979680005e-05,0.396810199684,0.204910384705,1.93650604997,0.509099285879,0.977712508639,0.19663847909
transformer,BCHUSDT,0,9,4341,3.3102619278e-05,0.289978944875,0.20626968013,1.40582437851,0.513706519235,0.988424326192,0.143698470286
transformer,BCHUSDT,0,10,4341,3.09462215285e-05,0.27108890059,0.199998728641,1.35545311929,0.512324349228,0.973508408201,0.134337547655
transformer,BCHUSDT,0,11,4341,5.29717625504e-05,0.464032639941,0.202012502388,2.29704911555,0.510251094218,0.984738539507,0.229950421231
transformer,BCHUSDT,1,0,4341,-7.70786116745e-05,-0.675208638268,0.211034678418,-3.19951509075,0.479612992398,0.973853950703,-0.334598253279
transformer,BCHUSDT,1,1,4341,-6.49973023136e-05,-0.569376368267,0.203473174255,-2.79828714695,0.485602395761,0.998848191661,-0.282153289343
transformer,BCHUSDT,1,2,4341,-0.000106634923119,-0.934121926521,0.203546320579,-4.58923513755,0.47938263073,0.981571066575,-0.462902201259
transformer,BCHUSDT,1,3,4341,-6.55403068209e-05,-0.574133087751,0.210290939015,-2.73018462155,0.486293480765,0.97863395531,-0.28451047191
transformer,BCHUSDT,1,4,4341,-6.42728496882e-05,-0.563030163269,0.205648924702,-2.73782206294,0.485372034094,0.97275973278,-0.279008440497
transformer,BCHUSDT,1,5,4341,-6.31631616442e-05,-0.553309296003,0.208546118003,-2.65317475723,0.480073715734,0.987445289104,-0.274191284697
transformer,BCHUSDT,1,6,4341,-5.32361440391e-05,-0.466348621783,0.211907024573,-2.20072280625,0.491591799125,0.966943100668,-0.231098101274
transformer,BCHUSDT,1,7,4341,-6.68027194719e-05,-0.585191822574,0.204074992874,-2.86753322557,0.479843354066,0.988193964524,-0.289990605228
transformer,BCHUSDT,1,8,4341,-5.24732828634e-05,-0.459665957883,0.204971292402,-2.24258701058,0.487445289104,0.977712508639,-0.22778652091
transformer,BCHUSDT,1,9,4341,-6.57398133412e-05,-0.575880764869,0.206375614247,-2.79044967096,0.490439990786,0.988424326192,-0.285376529714
transformer,BCHUSDT,1,10,4341,-6.64046192916e-05,-0.581704464994,0.200126080775,-2.90668993638,0.487445289104,0.973508408201,-0.288262452345
transformer,BCHUSDT,1,11,4341,-4.55020914003e-05,-0.398598320667,0.202160472381,-1.9716926656,0.489748905782,0.984738539507,-0.197524578769
transformer,BNBUSDT,0,0,4341,2.7630750002e-05,0.242045370018,0.207339668322,1.16738572978,0.509099285879,0.98542962451,0.119945085759
transformer,BNBUSDT,0,1,4341,3.07341405709e-05,0.269231071401,0.202997287565,1.32627915688,0.509560009214,1.00812024879,0.133416904218
transformer,BNBUSDT,0,2,4341,-1.58789938734e-05,-0.139099986331,0.202654365267,-0.686390279074,0.49942409583,0.997523612071,-0.0689307124046
transformer,BNBUSDT,0,3,4341,3.8038100401e-05,0.333213759512,0.206658073118,1.61239168877,0.510942179221,0.998733010827,0.165123393841
transformer,BNBUSDT,0,4,4341,3.4009381113e-05,0.29792217855,0.20323938773,1.46586831361,0.511172540889,0.992167703294,0.147634723411
transformer,BNBUSDT,0,5,4341,3.13050784164e-05,0.274232486927,0.20709320582,1.32419837648,0.506104584197,1.00190048376,0.135895345405
transformer,BNBUSDT,0,6,4341,2.17800024497e-05,0.19079282146,0.208005590837,0.917248525349,0.513015434232,0.983529140751,0.0945469906343
transformer,BNBUSDT,0,7,4341,1.49677134785e-05,0.131117170072,0.201775159277,0.649818196361,0.50794747754,0.999078553329,0.0649748442102
transformer,BNBUSDT,0,8,4341,4.79203388508e-05,0.419782168333,0.203249776217,2.06535119569,0.511633264225,0.997178069569,0.208022190951
transformer,BNBUSDT,0,9,4341,3.66383924739e-05,0.320952318072,0.205779594104,1.55968972273,0.510251094218,1.00178530293,0.159047261729
transformer,BNBUSDT,0,10,4341,9.12537835729e-06,0.0799383144098,0.200411169143,0.398871553675,0.504492052522,0.987042156185,0.039613267449
transformer,BNBUSDT,0,11,4341,4.94486643019e-05,0.433170299285,0.202270980498,2.14153458008,0.506795669201,0.998272287491,0.214656651735
transformer,BNBUSDT,1,0,4341,-7.0912212449e-05,-0.621190981054,0.207355668262,-2.99577526025,0.485141672426,0.98542962451,-0.307829914241
transformer,BNBUSDT,1,1,4341,-7.00778843081e-05,-0.613882266539,0.203123513355,-3.02221173905,0.486984565768,1.00812024879,-0.304208095782
transformer,BNBUSDT,1,2,4341,-0.000115631355081,-1.01293067051,0.202864086269,-4.99314930078,0.474314674038,0.997523612071,-0.501955712405
transformer,BNBUSDT,1,3,4341,-6.18352006817e-05,-0.541676357972,0.206774446687,-2.61964844618,0.485372034094,0.998733010827,-0.268426606159
transformer,BNBUSDT,1,4,4341,-6.52073892164e-05,-0.571216729536,0.20330746543,-2.80962004188,0.488136374107,0.992167703294,-0.283065276589
transformer,BNBUSDT,1,5,4341,-6.88849699596e-05,-0.603432336846,0.207208220342,-2.91220269084,0.483298779083,1.00190048376,-0.299029654595
transformer,BNBUSDT,1,6,4341,-7.65729116254e-05,-0.670778705838,0.20804316038,-3.22422859089,0.489748905782,0.983529140751,-0.332403009366
transformer,BNBUSDT,1,7,4341,-8.49401418544e-05,-0.744075642644,0.201830166077,-3.68664237416,0.478691545727,0.999078553329,-0.36872515579
transformer,BNBUSDT,1,8,4341,-5.17974681061e-05,-0.45374582061,0.203306425649,-2.23183216743,0.486523842433,0.997178069569,-0.224852809049
transformer,BNBUSDT,1,9,4341,-6.35401378186e-05,-0.556611607291,0.205889770077,-2.70344469802,0.489057820779,1.00178530293,-0.275827738271
transformer,BNBUSDT,1,10,4341,-8.95788372612e-05,-0.784710614408,0.200565707563,-3.91248645615,0.478461184059,0.987042156185,-0.388861732551
transformer,BNBUSDT,1,11,4341,-5.03785644472e-05,-0.441316224558,0.202408444135,-2.18032516599,0.484911310758,0.998272287491,-0.218693348265
transformer,BTCUSDT,0,0,4341,2.19134107877e-05,0.1919614785,0.206446189043,0.929837840021,0.509560009214,0.997984335407,0.0951261162294
transformer,BTCUSDT,0,1,4341,3.66617702716e-05,0.321157107579,0.203562837683,1.57768044126,0.51209398756,1.01958074176,0.159148744749
transformer,BTCUSDT,0,2,4341,-1.66245073018e-05,-0.145630683964,0.200933692836,-0.724769857697,0.49942409583,1.01013591338,-0.072166986197
transformer,BTCUSDT,0,3,4341,2.65388001382e-05,0.232479889211,0.203910994507,1.14010472939,0.513936880903,1.00696844045,0.1152049314
transformer,BTCUSDT,0,4,4341,4.73106787664e-05,0.414441545993,0.201183169606,2.06002095904,0.51002073255,1.00357060585,0.205375656525
transformer,BTCUSDT,0,5,4341,2.25684530786e-05,0.197699648969,0.205472482558,0.962170926774,0.508638562543,1.01434001382,0.0979696548144
transformer,BTCUSDT,0,6,4341,2.20796780087e-05,0.193417979356,0.207958757649,0.93007854799,0.510711817554,0.999193734163,0.0958478822356
transformer,BTCUSDT,0,7,4341,3.96374903392e-06,0.0347224415372,0.201556934141,0.172271133639,0.505874222529,1.01618290716,0.0172066345563
transformer,BTCUSDT,0,8,4341,3.36212394907e-05,0.294522057939,0.202609240408,1.45364573376,0.510251094218,1.01105736006,0.145949800629
transformer,BTCUSDT,0,9,4341,4.13024075844e-05,0.361809090439,0.205923112871,1.75701059194,0.5132457959,1.01508868924,0.179293751324
transformer,BTCUSDT,0,10,4341,1.13455711667e-05,0.0993872034202,0.200258230096,0.496295225283,0.507717115872,1.00103662751,0.0492511244346
transformer,BTCUSDT,0,11,4341,5.04039524505e-05,0.441538623466,0.202034952945,2.1854566105,0.513476157567,1.00875374338,0.218803557588
transformer,BTCUSDT,1,0,4341,-7.7885022753e-05,-0.682272799316,0.206445805588,-3.30485183448,0.48468094909,0.997984335407,-0.338098883771
transformer,BTCUSDT,1,1,4341,-6.52963039049e-05,-0.571995622207,0.203670535181,-2.80843579902,0.485832757429,1.01958074176,-0.283451255251
transformer,BTCUSDT,1,2,4341,-0.00011763809864,-1.03050974409,0.201114929341,-5.12398431813,0.472471780696,1.01013591338,-0.510666986197
transformer,BTCUSDT,1,3,4341,-7.4158043907e-05,-0.649624464625,0.204027301628,-3.18400752958,0.487214927436,1.00696844045,-0.3219200686
transformer,BTCUSDT,1,4,4341,-5.30463818187e-05,-0.464686304732,0.201258167276,-2.30890657021,0.47938263073,1.00357060585,-0.230274343475
transformer,BTCUSDT,1,5,4341,-7.88655483035e-05,-0.690862203139,0.205592856525,-3.36034147691,0.481916609076,1.01434001382,-0.342355345186
transformer,BTCUSDT,1,6,4341,-7.78396954076e-05,-0.681875731771,0.20800224172,-3.27821337949,0.486293480765,0.999193734163,-0.337902117764
transformer,BTCUSDT,1,7,4341,-9.76545416825e-05,-0.855453785139,0.201608712818,-4.24313896549,0.477539737388,1.01618290716,-0.423918365444
transformer,BTCUSDT,1,8,4341,-6.74844965148e-05,-0.59116418947,0.202662903292,-2.91698273275,0.486984565768,1.01105736006,-0.292950199371
transformer,BTCUSDT,1,9,4341,-6.02064613398e-05,-0.527408601337,0.206019753726,-2.55999044654,0.490209629118,1.01508868924,-0.261356248676
transformer,BTCUSDT,1,10,4341,-8.87580915838e-05,-0.777520882274,0.200408672614,-3.87967682302,0.480534439069,1.00103662751,-0.385298875565
transformer,BTCUSDT,1,11,4341,-5.04714218872e-05,-0.442129655732,0.202185061751,-2.1867572802,0.48997926745,1.00875374338,-0.219096442412
transformer,DOGEUSDT,0,0,4341,1.77784795526e-05,0.155739480881,0.212758067731,0.73200270402,0.502418797512,0.978576364893,0.0771763797379
transformer,DOGEUSDT,0,1,4341,3.23994185595e-05,0.283818906582,0.205735284609,1.37953442026,0.510942179221,0.999481686247,0.140645875967
transformer,DOGEUSDT,0,2,4341,-2.35273856306e-05,-0.206099898124,0.207498346225,-0.993260437367,0.503340244183,0.989576134531,-0.102132381023
transformer,DOGEUSDT,0,3,4341,2.73706137608e-05,0.239766576544,0.211370468258,1.13434283663,0.517853029256,0.982665284497,0.118815834335
transformer,DOGEUSDT,0,4,4341,4.3146803635e-05,0.377965999843,0.208701404987,1.81103716032,0.509099285879,0.979325040313,0.18730027458
transformer,DOGEUSDT,0,5,4341,3.10030519707e-05,0.271586735263,0.209269161997,1.29778670049,0.507256392536,0.993837825386,0.134584248605
transformer,DOGEUSDT,0,6,4341,3.56861096095e-05,0.31261032018,0.214696975369,1.45605367585,0.515549412578,0.976503109883,0.154913401815
transformer,DOGEUSDT,0,7,4341,2.08365305261e-05,0.182528007408,0.205661523982,0.887516555718,0.505183137526,0.989864086616,0.0904513790137
transformer,DOGEUSDT,0,8,4341,2.96572207183e-05,0.259797253492,0.206240529889,1.25968088635,0.512324349228,0.984508177839,0.128741995138
transformer,DOGEUSDT,0,9,4341,3.73361893572e-05,0.327065018769,0.20886909899,1.56588514218,0.513706519235,0.993146740382,0.162076398
transformer,DOGEUSDT,0,10,4341,6.16825079978e-06,0.0540338770061,0.202656709055,0.266627624903,0.509329647547,0.978749136144,0.0267763767218
transformer,DOGEUSDT,0,11,4341,4.12597586273e-05,0.361435485575,0.205262496961,1.76084521492,0.516010135913,0.98997926745,0.179108612201
transformer,DOGEUSDT,1,0,4341,-8.00791569367e-05,-0.701493414765,0.212750284858,-3.29726192956,0.478461184059,0.978576364893,-0.347623620262
transformer,DOGEUSDT,1,1,4341,-6.75487500652e-05,-0.591727050571,0.205845398037,-2.87461879748,0.488136374107,0.999481686247,-0.293229124033
transformer,DOGEUSDT,1,2,4341,-0.000122484999084,-1.07296859197,0.207661891055,-5.16690176769,0.478921907395,0.989576134531,-0.531707381023
transformer,DOGEUSDT,1,3,4341,-7.08959146889e-05,-0.621048212675,0.211532273876,-2.9359501569,0.491131075789,0.982665284497,-0.307759165665
transformer,DOGEUSDT,1,4,4341,-5.47857003963e-05,-0.479922735472,0.208790525425,-2.29858483519,0.482146970744,0.979325040313,-0.23782472542
transformer,DOGEUSDT,1,5,4341,-6.83807305679e-05,-0.599015199775,0.209378142124,-2.86092518397,0.4867542041,0.993837825386,-0.296840751395
transformer,DOGEUSDT,1,6,4341,-6.19642013787e-05,-0.542806404078,0.214729221822,-2.5278646263,0.489057820779,0.976503109883,-0.268986598185
transformer,DOGEUSDT,1,7,4341,-7.81498781355e-05,-0.684592932467,0.205693435091,-3.32821964961,0.481916609076,0.989864086616,-0.339248620986
transformer,DOGEUSDT,1,8,4341,-6.87935970656e-05,-0.602631910295,0.206303792698,-2.92108982784,0.487445289104,0.984508177839,-0.298633004862
transformer,DOGEUSDT,1,9,4341,-6.19784846811e-05,-0.542931525806,0.208944216283,-2.59845204363,0.488597097443,0.993146740382,-0.269048602
transformer,DOGEUSDT,1,10,4341,-9.17066628146e-05,-0.803350366256,0.20276744202,-3.96192977657,0.485141672426,0.978749136144,-0.398098623278
transformer,DOGEUSDT,1,11,4341,-5.77381681177e-05,-0.505786352711,0.205401197312,-2.46243137494,0.493204330799,0.98997926745,-0.250641387799
transformer,DOTUSDT,0,0,4341,1.96613250264e-05,0.172233207231,0.211613848367,0.813903289223,0.509329647547,0.972471780696,0.0853498119395
transformer,DOTUSDT,0,1,4341,2.88231391147e-05,0.252490698645,0.203693980213,1.23955896184,0.505643860862,0.993434692467,0.125121246897
transformer,DOTUSDT,0,2,4341,-1.58334389107e-05,-0.138700924858,0.202662371479,-0.684394068056,0.502188435844,0.975005759042,-0.0687329583116
transformer,DOTUSDT,0,3,4341,4.26969994137e-05,0.374025714864,0.208624508209,1.79281771866,0.518083390924,0.97863395531,0.185347674455
transformer,DOTUSDT,0,4,4341,4.03431496999e-05,0.353405991371,0.205372782403,1.72080247069,0.509790370882,0.969765031099,0.175129612847
transformer,DOTUSDT,0,5,4341,3.34628705234e-05,0.293134745785,0.207492446414,1.4127489981,0.508177839208,0.985372034094,0.145262320942
transformer,DOTUSDT,0,6,4341,2.9915670418e-05,0.262061272862,0.2101525303,1.24700508001,0.513706519235,0.966597558166,0.129863925285
transformer,DOTUSDT,0,7,4341,1.44238826768e-05,0.126353212249,0.204648609687,0.61741544417,0.503800967519,0.982089380327,0.0626140747
transformer,DOTUSDT,0,8,4341,3.91927186142e-05,0.34332821506,0.204180339368,1.68149497705,0.510251094218,0.977539737388,0.170135591504
transformer,DOTUSDT,0,9,4341,3.60307061468e-05,0.315628985846,0.207399444153,1.52184104029,0.507717115872,0.985084082009,0.156409295383
transformer,DOTUSDT,0,10,4341,1.13942113591e-05,0.0998132915056,0.201032028185,0.496504424727,0.508408200875,0.967922137756,0.0494622715098
transformer,DOTUSDT,0,11,4341,3.96221701776e-05,0.347090210756,0.202908251373,1.7105771126,0.509560009214,0.983644321585,0.171999840741
transformer,DOTUSDT,1,0,4341,-7.75858530432e-05,-0.679652072658,0.211661762172,-3.21102907621,0.486063119097,0.972471780696,-0.336800188061
transformer,DOTUSDT,1,1,4341,-7.0520330132e-05,-0.617758091957,0.203804592828,-3.03112939402,0.48260769408,0.993434692467,-0.306128753103
transformer,DOTUSDT,1,2,4341,-0.000113334014815,-0.992805969779,0.202824459274,-4.89490258389,0.476618290716,0.975005759042,-0.491982958312
transformer,DOTUSDT,1,3,4341,-5.51663961173e-05,-0.483257629987,0.208718223934,-2.31535905623,0.493665054135,0.97863395531,-0.239477325545
transformer,DOTUSDT,1,4,4341,-5.663335341e-05,-0.496108175872,0.205477692063,-2.41441380274,0.484220225754,0.969765031099,-0.245845387153
transformer,DOTUSDT,1,5,4341,-6.50743328859e-05,-0.570051156081,0.207624349558,-2.74558912427,0.485602395761,0.985372034094,-0.282487679058
transformer,DOTUSDT,1,6,4341,-6.67440853986e-05,-0.584678188092,0.210187705999,-2.7816954627,0.491822160792,0.966597558166,-0.289736074715
transformer,DOTUSDT,1,7,4341,-8.37850553559e-05,-0.733957084918,0.204724322418,-3.5850995927,0.475927205713,0.982089380327,-0.3637109253
transformer,DOTUSDT,1,8,4341,-5.85612551246e-05,-0.512996594891,0.20423390853,-2.51180912407,0.485372034094,0.977539737388,-0.254214408496
transformer,DOTUSDT,1,9,4341,-6.24777020541e-05,-0.547304669994,0.207493300964,-2.63769802423,0.484450587422,0.985084082009,-0.271215704617
transformer,DOTUSDT,1,10,4341,-8.53980024165e-05,-0.748086501169,0.20116893327,-3.71869795703,0.485832757429,0.967922137756,-0.37071272849
transformer,DOTUSDT,1,11,4341,-5.87422619809e-05,-0.514582214953,0.20307080142,-2.53400395997,0.487675650772,0.983644321585,-0.255000159259
transformer,ETCUSDT,0,0,4341,2.31885436429e-05,0.203131642312,0.212906766961,0.954087299389,0.511402902557,0.978403593642,0.100661467954
transformer,ETCUSDT,0,1,4341,2.17415980808e-05,0.190456399187,0.205150855323,0.928372435434,0.508868924211,1.000691085,0.0943802772686
transformer,ETCUSDT,0,2,4341,-1.05203982668e-05,-0.0921586888174,0.207392525159,-0.444368420447,0.504952775858,0.987272517853,-0.0456690488763
transformer,ETCUSDT,0,3,4341,3.60684018985e-05,0.315959200631,0.212715421829,1.48536104206,0.516470859249,0.984450587422,0.156572932641
transformer,ETCUSDT,0,4,4341,3.83876649242e-05,0.336275944736,0.208357134428,1.61394014973,0.509790370882,0.980937571988,0.166640853436
transformer,ETCUSDT,0,5,4341,3.4392720104e-05,0.301280228111,0.210191081957,1.43336351526,0.50264915918,0.99072794287,0.149298797971
transformer,ETCUSDT,0,6,4341,3.02513910152e-05,0.265002185293,0.212627143445,1.24632340443,0.516240497581,0.973220456116,0.131321288397
transformer,ETCUSDT,0,7,4341,2.63302692926e-05,0.230653159003,0.20624192264,1.11836214505,0.508177839208,0.992455655379,0.114299698999
transformer,ETCUSDT,0,8,4341,4.62493425237e-05,0.405144240508,0.206419806363,1.96271979732,0.513015434232,0.987618060355,0.200768395895
transformer,ETCUSDT,0,9,4341,3.41041306094e-05,0.298752184138,0.209946284655,1.42299343201,0.513476157567,0.992455655379,0.148046030975
transformer,ETCUSDT,0,10,4341,1.46743433361e-05,0.128547247624,0.203885236797,0.630488257237,0.51002073255,0.978173231974,0.063701324422
transformer,ETCUSDT,0,11,4341,4.27319991236e-05,0.374332312323,0.205332378123,1.82305545645,0.507486754204,0.990094448284,0.185499608196
transformer,ETCUSDT,1,0,4341,-7.46518157213e-05,-0.653949905719,0.212928650673,-3.0712161264,0.486293480765,0.978403593642,-0.324063532046
transformer,ETCUSDT,1,1,4341,-7.83275104196e-05,-0.686148991276,0.20528158157,-3.34247712838,0.485832757429,1.000691085,-0.340019722731
transformer,ETCUSDT,1,2,4341,-0.000109247650052,-0.957009414457,0.207547727911,-4.61103296139,0.483298779083,0.987272517853,-0.474244048876
transformer,ETCUSDT,1,3,4341,-6.23766568437e-05,-0.546419513951,0.21287430495,-2.56686458274,0.494356139138,0.984450587422,-0.270777067359
transformer,ETCUSDT,1,4,4341,-5.97060922746e-05,-0.523025368326,0.208463654273,-2.50895231665,0.487214927436,0.980937571988,-0.259184146564
transformer,ETCUSDT,1,5,4341,-6.4680074183e-05,-0.566597449843,0.210306858886,-2.69414631955,0.482146970744,0.99072794287,-0.280776202029
transformer,ETCUSDT,1,6,4341,-6.70706545964e-05,-0.587538934264,0.212687914974,-2.76244625529,0.490670352453,0.973220456116,-0.291153711603
transformer,ETCUSDT,1,7,4341,-7.29152962453e-05,-0.638737995109,0.206294116898,-3.0962492034,0.480764800737,0.992455655379,-0.316525301001
transformer,ETCUSDT,1,8,4341,-5.25124635118e-05,-0.460009180363,0.20651986913,-2.22743304216,0.490900714121,0.987618060355,-0.227956604105
transformer,ETCUSDT,1,9,4341,-6.51414349285e-05,-0.570638969974,0.210048625923,-2.71669937123,0.486523842433,0.992455655379,-0.282778969025
transformer,ETCUSDT,1,10,4341,-8.31429798613e-05,-0.728332503585,0.203990119988,-3.57043029157,0.486293480765,0.978173231974,-0.360923675578
transformer,ETCUSDT,1,11,4341,-5.62774457048e-05,-0.492990424374,0.205508729398,-2.39887826575,0.48468094909,0.990094448284,-0.244300391804
transformer,ETHUSDT,0,0,4341,2.25539205055e-05,0.197572343628,0.212215996952,0.93099646806,0.508638562543,0.983183598249,0.0979065689142
transformer,ETHUSDT,0,1,4341,3.06392029447e-05,0.268399417795,0.206830773128,1.29767642279,0.511402902557,1.00581663211,0.133004779983
transformer,ETHUSDT,0,2,4341,-1.07030230968e-05,-0.0937584823281,0.203752739123,-0.460158144286,0.502418797512,0.993089149965,-0.0464618232633
transformer,ETHUSDT,0,3,4341,3.4829976745e-05,0.305110596286,0.20883733063,1.46099643855,0.515088689242,0.99130384704,0.15119692905
transformer,ETHUSDT,0,4,4341,4.52632683944e-05,0.396506231135,0.206242115946,1.92252794399,0.510942179221,0.98733010827,0.1964878481
transformer,ETHUSDT,0,5,4341,2.67853430605e-05,0.23463960521,0.210401639425,1.11519855954,0.507026030868,0.998387468325,0.116275174226
transformer,ETHUSDT,0,6,4341,3.17544735386e-05,0.278169188198,0.213688916486,1.30174832075,0.510942179221,0.984047454504,0.137846169631
transformer,ETHUSDT,0,7,4341,1.4453964489e-05,0.126616728923,0.206275172701,0.613824374815,0.504261690855,0.998387468325,0.0627446598466
transformer,ETHUSDT,0,8,4341,4.11489608365e-05,0.360464896928,0.20699866122,1.74138757615,0.513015434232,0.993549873301,0.178627638991
transformer,ETHUSDT,0,9,4341,4.51644271646e-05,0.395640381962,0.209615396143,1.88745859914,0.510711817554,0.999481686247,0.196058778321
transformer,ETHUSDT,0,10,4341,1.16724369636e-05,0.102250547801,0.205638585365,0.497234250176,0.509329647547,0.984508177839,0.050670048859
transformer,ETHUSDT,0,11,4341,4.7732923733e-05,0.418140411901,0.205589891628,2.03385686228,0.513015434232,0.994068187054,0.207208621925
transformer,ETHUSDT,1,0,4341,-7.57644393195e-05,-0.663696488439,0.212239489982,-3.12711121052,0.48468094909,0.983183598249,-0.328893431086
transformer,ETHUSDT,1,1,4341,-6.99424602666e-05,-0.612695951935,0.206941860949,-2.96071538705,0.484911310758,1.00581663211,-0.303620220017
transformer,ETHUSDT,1,2,4341,-0.000110011938093,-0.963704577698,0.203926708507,-4.72573987368,0.47938263073,0.993089149965,-0.477561823263
transformer,ETHUSDT,1,3,4341,-6.4300407959e-05,-0.563271573721,0.209001585204,-2.69505885887,0.48790601244,0.99130384704,-0.27912807095
transformer,ETHUSDT,1,4,4341,-5.34697424326e-05,-0.46839494371,0.206313052998,-2.27031172726,0.483298779083,0.98733010827,-0.2321121519
transformer,ETHUSDT,1,5,4341,-7.3053403772e-05,-0.639947817043,0.210507790112,-3.04001964347,0.485372034094,0.998387468325,-0.317124825774
transformer,ETHUSDT,1,6,4341,-6.66502719118e-05,-0.583856381947,0.21372625463,-2.731795319,0.487675650772,0.984047454504,-0.289328830369
transformer,ETHUSDT,1,7,4341,-8.53847823436e-05,-0.74797069333,0.206310404979,-3.62546277491,0.47938263073,0.998387468325,-0.370655340153
transformer,ETHUSDT,1,8,4341,-5.82060264936e-05,-0.509884792084,0.207068461914,-2.46239715778,0.48790601244,0.993549873301,-0.252672361009
transformer,ETHUSDT,1,9,4341,-5.47837414602e-05,-0.479905575191,0.209714165383,-2.28837939638,0.48997926745,0.999481686247,-0.237816221679
transformer,ETHUSDT,1,10,4341,-8.67783808203e-05,-0.760178615986,0.205814480835,-3.6935137552,0.483759502419,0.984508177839,-0.376704951141
transformer,ETHUSDT,1,11,4341,-5.16738949724e-05,-0.452663319958,0.205746441789,-2.20010278681,0.489748905782,0.994068187054,-0.224316378075
transformer,FILUSDT,0,0,4341,2.37226052226e-05,0.20781002175,0.202908710206,1.02415525455,0.507256392536,0.971147201106,0.102979829271
transformer,FILUSDT,0,1,4341,3.52022785325e-05,0.308371959945,0.19839270731,1.55435128703,0.509560009214,0.998502649159,0.15281309111
transformer,FILUSDT,0,2,4341,-3.04364534729e-06,-0.0266623332423,0.200548493643,-0.132947063117,0.507256392536,0.976618290716,-0.0132124644526
transformer,FILUSDT,0,3,4341,3.02567388739e-05,0.265049032535,0.204560243768,1.29570158724,0.513015434232,0.978691545727,0.131344503452
transformer,FILUSDT,0,4,4341,4.87657110845e-05,0.427187629101,0.200833991248,2.12706836351,0.511633264225,0.976099976964,0.211691951818
transformer,FILUSDT,0,5,4341,3.31215887573e-05,0.290145117514,0.202604289013,1.43207786433,0.50794747754,0.98807878369,0.143780816795
transformer,FILUSDT,0,6,4341,3.42445995961e-05,0.299982692462,0.204835128745,1.46450803776,0.516010135913,0.96993780235,0.148655806847
transformer,FILUSDT,0,7,4341,1.79053494717e-05,0.156850861372,0.19984873188,0.784847919206,0.510942179221,0.990612762036,0.0777271220565
transformer,FILUSDT,0,8,4341,3.82966452028e-05,0.335478611977,0.199297707923,1.6833039149,0.510942179221,0.97863395531,0.166245736826
transformer,FILUSDT,0,9,4341,2.14390644183e-05,0.187806204304,0.19974238612,0.94024211862,0.506795669201,0.984853720341,0.0930669786397
transformer,FILUSDT,0,10,4341,-2.54119554421e-06,-0.0222608729673,0.195939518982,-0.113610940166,0.506334945865,0.971953466943,-0.0110313298574
transformer,FILUSDT,0,11,4341,4.29293150399e-05,0.37606079975,0.196385056144,1.91491555994,0.508868924211,0.984277816171,0.186356156588
transformer,FILUSDT,1,0,4341,-7.33921148879e-05,-0.642914926418,0.202983203784,-3.16733066792,0.481686247408,0.971147201106,-0.318595170729
transformer,FILUSDT,1,1,4341,-6.46479863834e-05,-0.566316360718,0.198517127607,-2.85273299864,0.485141672426,0.998502649159,-0.28063690889
transformer,FILUSDT,1,2,4341,-0.000100705474419,-0.88217995591,0.200683314626,-4.39588093089,0.483529140751,0.976618290716,-0.437162464453
transformer,FILUSDT,1,3,4341,-6.76124156988e-05,-0.592284761521,0.204702889173,-2.89338740607,0.488597097443,0.978691545727,-0.293505496548
transformer,FILUSDT,1,4,4341,-4.88442866118e-05,-0.42787595072,0.200894954867,-2.12984915924,0.48468094909,0.976099976964,-0.212033048182
transformer,FILUSDT,1,5,4341,-6.56862896118e-05,-0.575411896999,0.202756839967,-2.83794074269,0.4867542041,0.98807878369,-0.285144183205
transformer,FILUSDT,1,6,4341,-6.27491806388e-05,-0.549682822396,0.204849537791,-2.6833490977,0.490209629118,0.96993780235,-0.272394193153
transformer,FILUSDT,1,7,4341,-8.1155926732e-05,-0.710925918172,0.199886709348,-3.5566442636,0.486063119097,0.990612762036,-0.352297877944
transformer,FILUSDT,1,8,4341,-5.95667503281e-05,-0.521804732875,0.199330327,-2.61778897737,0.486523842433,0.97863395531,-0.258579263174
transformer,FILUSDT,1,9,4341,-7.70463076158e-05,-0.674925654715,0.199820068473,-3.3776670175,0.483759502419,0.984853720341,-0.33445802136
transformer,FILUSDT,1,10,4341,-9.97365422385e-05,-0.873692110009,0.196035941433,-4.45679554281,0.479152269062,0.971953466943,-0.432956329857
transformer,FILUSDT,1,11,4341,-5.54984665772e-05,-0.486166567216,0.196554828303,-2.47343996285,0.485602395761,0.984277816171,-0.240918843412
transformer,LINKUSDT,0,0,4341,2.09252306224e-05,0.183305020252,0.214345141223,0.855186262707,0.507026030868,0.982204561161,0.0908364261317
transformer,LINKUSDT,0,1,4341,2.25685035375e-05,0.197700090988,0.205576994937,0.961683923092,0.506565307533,1.00627735545,0.0979698738561
transformer,LINKUSDT,0,2,4341,-1.48986476408e-05,-0.130512153333,0.207078751731,-0.630253718657,0.502879520848,0.99205252246,-0.0646750294087
transformer,LINKUSDT,0,3,4341,4.04920326464e-05,0.354710205983,0.21130150868,1.67869225449,0.518544114259,0.98940336328,0.175775913718
transformer,LINKUSDT,0,4,4341,4.30191942545e-05,0.376848141669,0.20885914282,1.80431718995,0.508638562543,0.982492513246,0.186746322259
transformer,LINKUSDT,0,5,4341,3.06047217233e-05,0.268097362296,0.210945329699,1.27093291271,0.50472241419,0.994528910389,0.132855097001
transformer,LINKUSDT,0,6,4341,3.69296211255e-05,0.32350348106,0.215398697787,1.50188225084,0.516240497581,0.976618290716,0.160311485306
transformer,LINKUSDT,0,7,4341,2.33661646405e-05,0.204687602251,0.206721886693,0.990159317554,0.506104584197,0.990843123704,0.101432520704
transformer,LINKUSDT,0,8,4341,3.13387458774e-05,0.274527413886,0.207864486293,1.32070378534,0.509329647547,0.988193964524,0.136041495854
transformer,LINKUSDT,0,9,4341,3.25426605534e-05,0.285073706448,0.208903818562,1.36461702046,0.509099285879,0.994816862474,0.141267689462
transformer,LINKUSDT,0,10,4341,1.04126232943e-05,0.0912145800583,0.20372752456,0.447728308953,0.506795669201,0.979440221147,0.0452011977207
transformer,LINKUSDT,0,11,4341,4.70627870644e-05,0.412270014684,0.206279662067,1.99859748922,0.508868924211,0.989576134531,0.204299558646
transformer,LINKUSDT,1,0,4341,-7.72952254937e-05,-0.677106175325,0.214344384553,-3.15896391098,0.482838055748,0.982204561161,-0.335538573868
transformer,LINKUSDT,1,1,4341,-7.80592320073e-05,-0.683798872384,0.205699962266,-3.32425375704,0.484220225754,1.00627735545,-0.338855126144
transformer,LINKUSDT,1,2,4341,-0.000114103899887,-0.999550163009,0.207213171496,-4.82377715563,0.478921907395,0.99205252246,-0.495325029409
transformer,LINKUSDT,1,3,4341,-5.84483036816e-05,-0.512007140251,0.211445145278,-2.4214655748,0.495047224142,0.98940336328,-0.253724086282
transformer,LINKUSDT,1,4,4341,-5.52300570701e-05,-0.483815299934,0.208952281966,-2.31543439191,0.483298779083,0.982492513246,-0.239753677741
transformer,LINKUSDT,1,5,4341,-6.88481693156e-05,-0.603109963205,0.211052935076,-2.85762414527,0.480995162405,0.994528910389,-0.298869902999
transformer,LINKUSDT,1,6,4341,-6.07322079461e-05,-0.532014141608,0.215426139844,-2.46958954003,0.491131075789,0.976618290716,-0.263638514694
transformer,LINKUSDT,1,7,4341,-7.57181477299e-05,-0.663290974114,0.206789766252,-3.20756189311,0.47938263073,0.990843123704,-0.328692479296
transformer,LINKUSDT,1,8,4341,-6.7480650575e-05,-0.591130499037,0.207941790284,-2.84276911452,0.487445289104,0.988193964524,-0.292933504146
transformer,LINKUSDT,1,9,4341,-6.6939025694e-05,-0.586385865079,0.208990907189,-2.80579606532,0.483529140751,0.994816862474,-0.290582310538
transformer,LINKUSDT,1,10,4341,-8.75313988204e-05,-0.766775053667,0.203882254617,-3.76087195576,0.483759502419,0.979440221147,-0.379973802279
transformer,LINKUSDT,1,11,4341,-5.18948263888e-05,-0.454598679166,0.20640915248,-2.20241531785,0.486984565768,0.989576134531,-0.225275441354
transformer,LTCUSDT,0,0,4341,2.31748645331e-05,0.20301181331,0.214467856131,0.946583870292,0.506795669201,0.976099976964,0.100602086938
transformer,LTCUSDT,0,1,4341,2.84175085038e-05,0.248937374494,0.205661689828,1.21042171103,0.509560009214,0.998214697074,0.123360404415
transformer,LTCUSDT,0,2,4341,-6.27273118296e-06,-0.0549491251627,0.20676199533,-0.265760277052,0.51002073255,0.984220225754,-0.0272299260652
transformer,LTCUSDT,0,3,4341,3.59697428504e-05,0.315094947369,0.211552854392,1.48943841138,0.513476157567,0.980188896568,0.156144653713
transformer,LTCUSDT,0,4,4341,4.62574700769e-05,0.405215437874,0.209952837589,1.93003077513,0.504031329187,0.977251785303,0.200803677604
transformer,LTCUSDT,0,5,4341,2.12090101772e-05,0.185790929152,0.210920077234,0.880859383271,0.505413499194,0.992225293711,0.0920683131791
transformer,LTCUSDT,0,6,4341,3.28905734546e-05,0.288121423462,0.214777858797,1.34148568701,0.517853029256,0.973623589035,0.142777979366
transformer,LTCUSDT,0,7,4341,1.86263118332e-05,0.163166491659,0.207427971333,0.786617593617,0.505643860862,0.988366735775,0.0808568196679
transformer,LTCUSDT,0,8,4341,4.03738431422e-05,0.353674865925,0.208471667917,1.69651286172,0.512324349228,0.983817092836,0.17526285308
transformer,LTCUSDT,0,9,4341,3.66793826615e-05,0.321311392115,0.209635135022,1.53271727127,0.510481455886,0.990555171619,0.159225200133
transformer,LTCUSDT,0,10,4341,7.77188422852e-06,0.0680817058419,0.203734787572,0.334168291303,0.510711817554,0.975466482377,0.033737749436
transformer,LTCUSDT,0,11,4341,3.63434898622e-05,0.318368971193,0.206136513938,1.54445694802,0.503800967519,0.986869384934,0.157767089492
transformer,LTCUSDT,1,0,4341,-7.44351331633e-05,-0.65205176651,0.214458432327,-3.04045758162,0.479612992398,0.976099976964,-0.323122913062
transformer,LTCUSDT,1,1,4341,-7.14039612036e-05,-0.625498700144,0.205765305616,-3.03986475403,0.488136374107,0.998214697074,-0.309964595585
transformer,LTCUSDT,1,2,4341,-0.000104694753758,-0.917126042924,0.206897301444,-4.43275981137,0.486984565768,0.984220225754,-0.454479926065
transformer,LTCUSDT,1,3,4341,-6.20491468064e-05,-0.543550526024,0.211694805641,-2.56761390237,0.485372034094,0.980188896568,-0.269355346287
transformer,LTCUSDT,1,4,4341,-5.14677084534e-05,-0.450857126052,0.21003625295,-2.14656812679,0.479843354066,0.977251785303,-0.223421322396
transformer,LTCUSDT,1,5,4341,-7.80135191939e-05,-0.683398428139,0.211053969943,-3.23802688157,0.482146970744,0.992225293711,-0.338656686821
transformer,LTCUSDT,1,6,4341,-6.44717854489e-05,-0.564772840532,0.214783490229,-2.62949838431,0.491822160792,0.973623589035,-0.279872020634
transformer,LTCUSDT,1,7,4341,-8.02103617443e-05,-0.70264276888,0.207494817118,-3.38631479398,0.481225524073,0.988366735775,-0.348193180332
transformer,LTCUSDT,1,8,4341,-5.80078661414e-05,-0.508148907399,0.208573431538,-2.43630698144,0.488366735775,0.983817092836,-0.25181214692
transformer,LTCUSDT,1,9,4341,-6.23761345005e-05,-0.546414938224,0.209759820954,-2.60495520896,0.487445289104,0.990555171619,-0.270774799867
transformer,LTCUSDT,1,10,4341,-8.97747640092e-05,-0.786426932721,0.203875459947,-3.85738888302,0.486063119097,0.975466482377,-0.389712250564
transformer,LTCUSDT,1,11,4341,-6.23434486313e-05,-0.54612861001,0.206300443902,-2.64724883612,0.47938263073,0.986869384934,-0.270632910508
transformer,NEARUSDT,0,0,4341,3.46854779138e-05,0.303844786525,0.202765147814,1.49850597995,0.501266989173,0.973162865699,0.150569659624
transformer,NEARUSDT,0,1,4341,3.49661454296e-05,0.306303433963,0.195334765424,1.56809482069,0.509329647547,0.991822160792,0.15178803731
transformer,NEARUSDT,0,2,4341,-1.10525913864e-05,-0.0968207005446,0.19503940468,-0.496416099627,0.499654457498,0.978115641557,-0.0479792992082
transformer,NEARUSDT,0,3,4341,4.78031328624e-05,0.418755443874,0.202544450152,2.06747429298,0.519465560931,0.984565768256,0.207513399756
transformer,NEARUSDT,0,4,4341,4.45508295191e-05,0.390265266587,0.197437756551,1.97664962064,0.510481455886,0.971780695692,0.193395150942
transformer,NEARUSDT,0,5,4341,4.92913793645e-05,0.431792483233,0.197750713289,2.18351921999,0.515549412578,0.989576134531,0.213973877821
transformer,NEARUSDT,0,6,4341,5.2738952568e-05,0.461993224495,0.203606045838,2.26905454892,0.514627965906,0.973393227367,0.228939793098
transformer,NEARUSDT,0,7,4341,2.55384458815e-05,0.223716785922,0.192817149573,1.16025356882,0.506334945865,0.989115411196,0.110862393572
transformer,NEARUSDT,0,8,4341,3.61852976146e-05,0.316983207104,0.19575853072,1.61925616186,0.509099285879,0.981743837825,0.157080376945
transformer,NEARUSDT,0,9,4341,2.1387832389e-05,0.187357411728,0.197423869104,0.949010940662,0.508638562543,0.989345772863,0.0928445804006
transformer,NEARUSDT,0,10,4341,8.45532280019e-06,0.0740686277297,0.192293470561,0.385185349838,0.505643860862,0.970571296936,0.0367045562756
transformer,NEARUSDT,0,11,4341,5.88121726372e-05,0.515194632302,0.194918196207,2.64313256703,0.514167242571,0.986639023267,0.255303641418
transformer,NEARUSDT,1,0,4341,-6.26308086561e-05,-0.548645883827,0.20280741988,-2.70525547907,0.479843354066,0.973162865699,-0.271880340376
transformer,NEARUSDT,1,1,4341,-6.42160706497e-05,-0.562532778891,0.195466574344,-2.8778975678,0.486293480765,0.991822160792,-0.27876196269
transformer,NEARUSDT,1,2,4341,-0.000108864155542,-0.953650002549,0.195231975804,-4.88470189692,0.476848652384,0.978115641557,-0.472579299208
transformer,NEARUSDT,1,3,4341,-5.06534439632e-05,-0.443724169118,0.202674258471,-2.18934645408,0.490209629118,0.984565768256,-0.219886600244
transformer,NEARUSDT,1,4,4341,-5.26272400502e-05,-0.461014622839,0.197550496134,-2.33365459394,0.480764800737,0.971780695692,-0.228454849058
transformer,NEARUSDT,1,5,4341,-4.96662340886e-05,-0.435076210616,0.197848293189,-2.19903949437,0.488597097443,0.989576134531,-0.215601122179
transformer,NEARUSDT,1,6,4341,-4.46003701687e-05,-0.390699242678,0.20364478218,-1.91853303824,0.487675650772,0.973393227367,-0.193610206902
transformer,NEARUSDT,1,7,4341,-7.3373095238e-05,-0.642748314285,0.192892728127,-3.33215420056,0.478461184059,0.989115411196,-0.318512606428
transformer,NEARUSDT,1,8,4341,-6.19890861679e-05,-0.543024394831,0.195868696417,-2.7723898957,0.483298779083,0.981743837825,-0.269094623055
transformer,NEARUSDT,1,9,4341,-7.75467448973e-05,-0.679309485301,0.197547642228,-3.43871218933,0.482146970744,0.989345772863,-0.336630419599
transformer,NEARUSDT,1,10,4341,-8.86018068934e-05,-0.776151828386,0.192426872116,-4.03348981278,0.478230822391,0.970571296936,-0.384620443724
transformer,NEARUSDT,1,11,4341,-3.98517296894e-05,-0.349101152079,0.195092897339,-1.78940984957,0.490439990786,0.986639023267,-0.172996358582
transformer,SOLUSDT,0,0,4341,2.07513676011e-05,0.181781980186,0.212007591005,0.857431468957,0.506334945865,0.97466021654,0.0900816867564
transformer,SOLUSDT,0,1,4341,2.99160999766e-05,0.262065035795,0.207687302384,1.26182502631,0.508868924211,0.997869154573,0.129865789999
transformer,SOLUSDT,0,2,4341,-1.56241112579e-05,-0.13686721462,0.205910469817,-0.664692838306,0.501958074176,0.984796129924,-0.0678242669707
transformer,SOLUSDT,0,3,4341,3.57286817221e-05,0.312983251885,0.212578266954,1.47232008413,0.520156645934,0.982665284497,0.155098207355
transformer,SOLUSDT,0,4,4341,4.61245147227e-05,0.404050748971,0.208649686232,1.936503027,0.509790370882,0.980592029486,0.200226518411
transformer,SOLUSDT,0,5,4341,2.307993194e-05,0.202180203794,0.212036225419,0.953517274678,0.505183137526,0.991188666206,0.100189984551
transformer,SOLUSDT,0,6,4341,3.12424846003e-05,0.273684165099,0.215416856958,1.27048629789,0.508638562543,0.972874913614,0.13562362565
transformer,SOLUSDT,0,7,4341,1.24649446829e-05,0.109192915422,0.206116183125,0.529763911629,0.50472241419,0.989230592029,0.0541103248685
transformer,SOLUSDT,0,8,4341,3.02310477078e-05,0.26482397792,0.207877890255,1.27394008856,0.507256392536,0.984623358673,0.131232978099
transformer,SOLUSDT,0,9,4341,3.81912765413e-05,0.334555582502,0.209492021528,1.5969848401,0.510251094218,0.991073485372,0.165788331466
transformer,SOLUSDT,0,10,4341,1.12198889218e-05,0.0982862269554,0.205270262437,0.478813763808,0.507026030868,0.976963833218,0.0487055378097
transformer,SOLUSDT,0,11,4341,4.13648269844e-05,0.362355884384,0.207249569649,1.74840355518,0.511863625893,0.987790831606,0.179564713939
transformer,SOLUSDT,1,0,4341,-7.67146540529e-05,-0.672020369503,0.212003023881,-3.1698621897,0.478000460723,0.97466021654,-0.333018313244
transformer,SOLUSDT,1,1,4341,-6.98708154806e-05,-0.61206834361,0.207816546876,-2.94523392296,0.481686247408,0.997869154573,-0.303309210001
transformer,SOLUSDT,1,2,4341,-0.00011410372425,-0.999548624433,0.206069423785,-4.85054311346,0.478461184059,0.984796129924,-0.495324266971
transformer,SOLUSDT,1,3,4341,-6.25378467276e-05,-0.547831537334,0.212713216738,-2.57544663061,0.493434692467,0.982665284497,-0.271476792645
transformer,SOLUSDT,1,4,4341,-5.1934688226e-05,-0.454947868859,0.208763841615,-2.17924648895,0.483989864087,0.980592029486,-0.225448481589
transformer,SOLUSDT,1,5,4341,-7.60389346806e-05,-0.666101067802,0.212157269092,-3.13965706032,0.479612992398,0.991188666206,-0.330085015449
transformer,SOLUSDT,1,6,4341,-6.60450067612e-05,-0.578554259228,0.215449467471,-2.68533622301,0.48790601244,0.972874913614,-0.28670137435
transformer,SOLUSDT,1,7,4341,-8.645811452e-05,-0.757373083196,0.206164887691,-3.6736278989,0.479152269062,0.989230592029,-0.375314675131
transformer,SOLUSDT,1,8,4341,-6.82312881595e-05,-0.597706084278,0.207959873271,-2.87414141428,0.481686247408,0.984623358673,-0.296192021901
transformer,SOLUSDT,1,9,4341,-6.09160719959e-05,-0.533624790684,0.209577641197,-2.54619141449,0.48468094909,0.991073485372,-0.264436668534
transformer,SOLUSDT,1,10,4341,-8.64764944e-05,-0.757534090944,0.205426381346,-3.68761833792,0.480534439069,0.976963833218,-0.37539446219
transformer,SOLUSDT,1,11,4341,-5.74142561761e-05,-0.502948884103,0.20739163784,-2.42511650586,0.488366735775,0.987790831606,-0.249235286061
transformer,TRXUSDT,0,0,4341,5.95222534408e-06,0.0521414940141,0.197794564081,0.26361439333,0.511172540889,0.995623128311,0.0258386102186
transformer,TRXUSDT,0,1,4341,1.90971294467e-05,0.167290853953,0.195756065354,0.854588355416,0.508408200875,1.01865929509,0.0829006389283
transformer,TRXUSDT,0,2,4341,-1.42388583631e-05,-0.12473239926,0.192668757206,-0.64739297159,0.501036627505,1.00558627044,-0.0618108841541
transformer,TRXUSDT,0,3,4341,3.76345763488e-05,0.329678888815,0.194481411133,1.69516915212,0.513476157567,1.0064501267,0.16337169593
transformer,TRXUSDT,0,4,4341,3.95476943745e-05,0.346437802721,0.195514563157,1.77192837775,0.506334945865,0.997235659986,0.17167654128
transformer,TRXUSDT,0,5,4341,2.26724541647e-05,0.198610698483,0.197729875959,1.00445467596,0.510251094218,1.00886892421,0.0984211235289
transformer,TRXUSDT,0,6,4341,2.10949848628e-05,0.184792067398,0.201109965369,0.918860818552,0.511863625893,0.986120709514,0.0915733292895
transformer,TRXUSDT,0,7,4341,9.18063841886e-06,0.0804223925492,0.193672771326,0.415248834405,0.50794747754,1.0129002534,0.0398531513763
transformer,TRXUSDT,0,8,4341,2.99346485917e-05,0.262227521663,0.194926917323,1.34526070214,0.508868924211,1.00478000461,0.129946309537
transformer,TRXUSDT,0,9,4341,3.64018676409e-05,0.318880360534,0.199601071353,1.59758842161,0.513706519235,1.01007832297,0.158020507429
transformer,TRXUSDT,0,10,4341,5.55973977345e-06,0.0487033204154,0.194521368719,0.250375168219,0.504031329187,0.995680718728,0.0241348303565
transformer,TRXUSDT,0,11,4341,4.28500764272e-05,0.375366669503,0.19324680175,1.94242112213,0.514167242571,1.00898410504,0.186012181771
transformer,TRXUSDT,1,0,4341,-9.36100874871e-05,-0.820024366387,0.197852495867,-4.14462482665,0.487445289104,0.995623128311,-0.406361389781
transformer,TRXUSDT,1,1,4341,-8.27688000626e-05,-0.725054688548,0.195839075301,-3.70229836631,0.483298779083,1.01865929509,-0.359299361072
transformer,TRXUSDT,1,2,4341,-0.000114797485408,-1.00562597217,0.192834205873,-5.21497712306,0.478000460723,1.00558627044,-0.498335884154
transformer,TRXUSDT,1,3,4341,-6.30104363211e-05,-0.551971422173,0.194580210695,-2.83672949166,0.488136374107,1.0064501267,-0.27352830407
transformer,TRXUSDT,1,4,4341,-6.01758716241e-05,-0.527140635427,0.195614440681,-2.69479407344,0.47938263073,0.997235659986,-0.26122345872
transformer,TRXUSDT,1,5,4341,-7.82144382564e-05,-0.685158479126,0.197859684515,-3.46285035683,0.483529140751,1.00886892421,-0.339528876471
transformer,TRXUSDT,1,6,4341,-7.75170860886e-05,-0.679049674136,0.201176286463,-3.37539620636,0.487675650772,0.986120709514,-0.336501670711
transformer,TRXUSDT,1,7,4341,-9.21093869209e-05,-0.806878229427,0.19377514481,-4.16399239551,0.481916609076,1.0129002534,-0.399846848624
transformer,TRXUSDT,1,8,4341,-7.0543351869e-05,-0.617959762373,0.194991940278,-3.16915540966,0.483759502419,1.00478000461,-0.306228690463
transformer,TRXUSDT,1,9,4341,-6.46059646558e-05,-0.565948250385,0.199723917253,-2.83365286527,0.485141672426,1.01007832297,-0.280454492571
transformer,TRXUSDT,1,10,4341,-9.40083320994e-05,-0.823512989191,0.194663119766,-4.23045202491,0.47523612071,0.995680718728,-0.408090169643
transformer,TRXUSDT,1,11,4341,-5.80483340773e-05,-0.508503406517,0.193390241564,-2.62941605742,0.489748905782,1.00898410504,-0.251987818229
transformer,XLMUSDT,0,0,4341,1.85128718539e-05,0.16217275744,0.20748383399,0.781616352085,0.504031329187,0.980995162405,0.0803643767178
transformer,XLMUSDT,0,1,4341,2.88299671568e-05,0.252550512293,0.199932958925,1.26317598485,0.507486754204,1.00167012209,0.125150887428
transformer,XLMUSDT,0,2,4341,-6.2638922473e-06,-0.0548716960863,0.200291795192,-0.273958781155,0.506565307533,0.987042156185,-0.0271915562455
transformer,XLMUSDT,0,3,4341,4.98677504958e-05,0.436841494343,0.209604506855,2.08412262169,0.514397604239,0.983874683253,0.216475904902
transformer,XLMUSDT,0,4,4341,4.18765186729e-05,0.366838303574,0.205320539523,1.78666150219,0.50794747754,0.979670582815,0.181785967559
transformer,XLMUSDT,0,5,4341,3.68590824527e-05,0.322885562286,0.206525586412,1.56341675574,0.507717115872,0.991591799125,0.160005276927
transformer,XLMUSDT,0,6,4341,2.70172371336e-05,0.23667099729,0.209198267412,1.13132388818,0.513476157567,0.97598479613,0.117281826397
transformer,XLMUSDT,0,7,4341,2.62702006501e-05,0.230126957695,0.200849040231,1.14577076112,0.504492052522,0.990843123704,0.114038941022
transformer,XLMUSDT,0,8,4341,5.43024976252e-05,0.475689879197,0.201503197126,2.36070636089,0.511633264225,0.987560469938,0.235727142191
transformer,XLMUSDT,0,9,4341,2.92042048634e-05,0.255828834603,0.203926589929,1.25451435584,0.512785072564,0.991879751209,0.126775453312
transformer,XLMUSDT,0,10,4341,1.74652530456e-05,0.15299561668,0.197502790573,0.774650404869,0.50472241419,0.977539737388,0.0758166634711
transformer,XLMUSDT,0,11,4341,3.52756104571e-05,0.309014347604,0.201252451061,1.53545631854,0.509099285879,0.990497581202,0.153131424994
transformer,XLMUSDT,1,0,4341,-7.95866443866e-05,-0.697179004827,0.207502317952,-3.35986128593,0.478000460723,0.980995162405,-0.345485623282
transformer,XLMUSDT,1,1,4341,-7.13370450524e-05,-0.624912514659,0.200076443168,-3.12336877227,0.484450587422,1.00167012209,-0.309674112572
transformer,XLMUSDT,1,2,4341,-0.000104968107866,-0.919520624905,0.200443368271,-4.5874335122,0.48260769408,0.987042156185,-0.455666556246
transformer,XLMUSDT,1,3,4341,-4.85197178295e-05,-0.425032728186,0.209749513683,-2.02638242503,0.488366735775,0.983874683253,-0.210624095098
transformer,XLMUSDT,1,4,4341,-5.60905396086e-05,-0.491353126972,0.205433594238,-2.39178567067,0.482146970744,0.979670582815,-0.243489032441
transformer,XLMUSDT,1,5,4341,-6.23000974597e-05,-0.545748853747,0.206650378185,-2.64092840545,0.486984565768,0.991591799125,-0.270444723073
transformer,XLMUSDT,1,6,4341,-7.05812424794e-05,-0.61829168412,0.209241878724,-2.95491365251,0.491361437457,0.97598479613,-0.306393173603
transformer,XLMUSDT,1,7,4341,-7.28141117204e-05,-0.63785161867,0.200926428422,-3.1745531122,0.478461184059,0.990843123704,-0.316086058978
transformer,XLMUSDT,1,8,4341,-4.44535493686e-05,-0.389413092469,0.201587499143,-1.93173234513,0.485372034094,0.987560469938,-0.192972857809
transformer,XLMUSDT,1,9,4341,-6.99837702576e-05,-0.613057827456,0.203994496907,-3.00526649862,0.483759502419,0.991879751209,-0.303799546688
transformer,XLMUSDT,1,10,4341,-8.02887206931e-05,-0.703329193272,0.197593112079,-3.55948234163,0.482377332412,0.977539737388,-0.348533336529
transformer,XLMUSDT,1,11,4341,-6.37741476631e-05,-0.558661533529,0.201408600862,-2.77377197963,0.485832757429,0.990497581202,-0.276843575006
transformer,XRPUSDT,0,0,4341,2.09517601422e-05,0.183537418845,0.212129991168,0.865212023228,0.503800967519,0.971550334024,0.0909515907771
transformer,XRPUSDT,0,1,4341,2.84595483596e-05,0.24930564363,0.207110123007,1.20373470891,0.509560009214,0.994068187054,0.123542899429
transformer,XRPUSDT,0,2,4341,-1.79770568077e-05,-0.157479017636,0.206776178446,-0.761591682462,0.501497350841,0.98393227367,-0.0780384036023
transformer,XRPUSDT,0,3,4341,3.2783559188e-05,0.287183978487,0.209187468091,1.37285460313,0.517622667588,0.981916609076,0.142313430435
transformer,XRPUSDT,0,4,4341,4.40348562024e-05,0.385745340333,0.207658298226,1.85759655948,0.508638562543,0.980361667818,0.191155310774
transformer,XRPUSDT,0,5,4341,2.40564820088e-05,0.210734782397,0.209312894218,1.00679312273,0.508408200875,0.985084082009,0.1044291884
transformer,XRPUSDT,0,6,4341,2.68417435558e-05,0.235133673548,0.214307300751,1.09717995012,0.513706519235,0.970974429855,0.116520008776
transformer,XRPUSDT,0,7,4341,1.60446649637e-05,0.140551265082,0.206258434236,0.681432813174,0.505643860862,0.984450587422,0.0696498906076
transformer,XRPUSDT,0,8,4341,3.55797835945e-05,0.311678904288,0.205853436513,1.5140816183,0.508408200875,0.982319741995,0.154451840584
transformer,XRPUSDT,0,9,4341,3.76984191561e-05,0.330238151808,0.208512616461,1.58378019236,0.511863625893,0.990843123704,0.163648837557
transformer,XRPUSDT,0,10,4341,1.5652483351e-05,0.137115754154,0.204552314535,0.670321205928,0.505874222529,0.97333563695,0.0679474302265
transformer,XRPUSDT,0,11,4341,4.03171330791e-05,0.353178085773,0.206433411535,1.71085718705,0.506104584197,0.984968901175,0.175016674696
transformer,XRPUSDT,1,0,4341,-7.62032732603e-05,-0.66754067376,0.21216355635,-3.14634937897,0.480995162405,0.971550334024,-0.330798409223
transformer,XRPUSDT,1,1,4341,-7.09472703457e-05,-0.621498088229,0.207213120647,-2.99931822024,0.484450587422,0.994068187054,-0.307982100571
transformer,XRPUSDT,1,2,4341,-0.000116370284175,-1.01940368937,0.206938465957,-4.92611987171,0.478921907395,0.98393227367,-0.505163403602
transformer,XRPUSDT,1,3,4341,-6.54081017196e-05,-0.572974971064,0.209325222614,-2.73724763747,0.487445289104,0.981916609076,-0.283936569565
transformer,XRPUSDT,1,4,4341,-5.40013105795e-05,-0.473051480676,0.20777844462,-2.27671104932,0.483989864087,0.980361667818,-0.234419689226
transformer,XRPUSDT,1,5,4341,-7.44519261921e-05,-0.652198873442,0.209437329996,-3.11405265458,0.483989864087,0.985084082009,-0.3231958116
transformer,XRPUSDT,1,6,4341,-7.02556994297e-05,-0.615439927004,0.214338200707,-2.87134969396,0.491822160792,0.970974429855,-0.304979991224
transformer,XRPUSDT,1,7,4341,-8.24003937785e-05,-0.7218274495,0.206360006281,-3.49790379691,0.480073715734,0.984450587422,-0.357700109392
transformer,XRPUSDT,1,8,4341,-6.2652190605e-05,-0.548833189699,0.205953062928,-2.66484596974,0.485372034094,0.982319741995,-0.271973159416
transformer,XRPUSDT,1,9,4341,-6.13858932143e-05,-0.537740424557,0.208622125723,-2.57758098616,0.488597097443,0.990843123704,-0.266476162443
transformer,XRPUSDT,1,10,4341,-8.1681080344e-05,-0.715526263814,0.204682979894,-3.49577802798,0.481916609076,0.97333563695,-0.354577569773
transformer,XRPUSDT,1,11,4341,-5.81797570384e-05,-0.509654671656,0.2065535659,-2.46742131725,0.483759502419,0.984968901175,-0.252558325304
